nuts3_code,province_name,year,indicator,inedemogR,ine,diff,period
ES111,A Coruna,1975,tfr,2.4312141652069417,2.4299999999999997,0.0012141652069419528,1975-2001
ES111,A Coruna,1975,mac,27.95318011592264,27.95,0.003180115922639004,1975-2001
ES111,A Coruna,1976,tfr,2.4571313190007955,2.46,-0.0028686809992044537,1975-2001
ES111,A Coruna,1976,mac,27.648710149976857,27.650000000000002,-0.0012898500231450782,1975-2001
ES111,A Coruna,1977,tfr,2.414594322396323,2.4099999999999997,0.0045943223963234026,1975-2001
ES111,A Coruna,1977,mac,27.580590731708266,27.58,5.907317082680663e-4,1975-2001
ES111,A Coruna,1978,tfr,2.409091268759381,2.4099999999999997,-9.087312406186321e-4,1975-2001
ES111,A Coruna,1978,mac,27.45868469705472,27.459999999999997,-0.0013153029452759313,1975-2001
ES111,A Coruna,1979,tfr,2.2120267353881142,2.21,0.0020267353881142647,1975-2001
ES111,A Coruna,1979,mac,27.33684117332901,27.34,-0.0031588266709903223,1975-2001
ES111,A Coruna,1980,tfr,2.0487428153270173,2.05,-0.0012571846729825253,1975-2001
ES111,A Coruna,1980,mac,27.285387969095353,27.279999999999998,0.005387969095355771,1975-2001
ES111,A Coruna,1981,tfr,1.9715228647884044,1.97,0.0015228647884044655,1975-2001
ES111,A Coruna,1981,mac,27.225302310228525,27.23,-0.004697689771475666,1975-2001
ES111,A Coruna,1982,tfr,1.853309174595666,1.85,0.0033091745956659313,1975-2001
ES111,A Coruna,1982,mac,27.360510373954384,27.36,5.103739543841357e-4,1975-2001
ES111,A Coruna,1983,tfr,1.7049232011864028,1.7,0.004923201186402881,1975-2001
ES111,A Coruna,1983,mac,27.4510462065252,27.45,0.001046206525199267,1975-2001
ES111,A Coruna,1984,tfr,1.6090144562714608,1.61,-9.855437285393176e-4,1975-2001
ES111,A Coruna,1984,mac,27.452911613957628,27.45,0.0029116139576288447,1975-2001
ES111,A Coruna,1985,tfr,1.4653323103114337,1.47,-0.0046676896885662345,1975-2001
ES111,A Coruna,1985,mac,27.427434375692517,27.43,-0.00256562430748275,1975-2001
ES111,A Coruna,1986,tfr,1.3240288574595334,1.32,0.004028857459533297,1975-2001
ES111,A Coruna,1986,mac,27.44813647553759,27.45,-0.001863524462407895,1975-2001
ES111,A Coruna,1987,tfr,1.3381631372575975,1.34,-0.0018368627424025785,1975-2001
ES111,A Coruna,1987,mac,27.668953464521604,27.67,-0.0010465354783981695,1975-2001
ES111,A Coruna,1988,tfr,1.2542990157039393,1.25,0.004299015703939313,1975-2001
ES111,A Coruna,1988,mac,27.598867158845017,27.6,-0.0011328411549840212,1975-2001
ES111,A Coruna,1989,tfr,1.182202848282947,1.1800000000000002,0.002202848282946812,1975-2001
ES111,A Coruna,1989,mac,27.83616985368073,27.84,-0.0038301463192702556,1975-2001
ES111,A Coruna,1990,tfr,1.1407299053578999,1.1400000000000001,7.299053578997405e-4,1975-2001
ES111,A Coruna,1990,mac,27.969613148647703,27.97,-3.8685135229599155e-4,1975-2001
ES111,A Coruna,1991,tfr,1.0908250841819513,1.09,8.250841819512633e-4,1975-2001
ES111,A Coruna,1991,mac,28.260248214547488,28.259999999999998,2.4821454749002214e-4,1975-2001
ES111,A Coruna,1992,tfr,1.0753214357287117,1.08,-0.004678564271288321,1975-2001
ES111,A Coruna,1992,mac,28.454127841929402,28.45,0.0041278419294030755,1975-2001
ES111,A Coruna,1993,tfr,1.0534660030535594,1.05,0.0034660030535593744,1975-2001
ES111,A Coruna,1993,mac,28.74438199392069,28.74,0.00438199392069194,1975-2001
ES111,A Coruna,1994,tfr,0.9486602554296337,0.9500000000000001,-0.0013397445703663413,1975-2001
ES111,A Coruna,1994,mac,29.13941796182668,29.14,-5.82038173320143e-4,1975-2001
ES111,A Coruna,1995,tfr,0.9080237811738789,0.91,-0.00197621882612109,1975-2001
ES111,A Coruna,1995,mac,29.458910666387276,29.459999999999997,-0.0010893336127217879,1975-2001
ES111,A Coruna,1996,tfr,0.8906980387569023,0.89,6.980387569023305e-4,1975-2001
ES111,A Coruna,1996,mac,29.68751884880661,29.69,-0.0024811511933897634,1975-2001
ES111,A Coruna,1997,tfr,0.9067948884573525,0.91,-0.0032051115426475763,1975-2001
ES111,A Coruna,1997,mac,29.998510426162227,30,-0.0014895738377731504,1975-2001
ES111,A Coruna,1998,tfr,0.902839916927962,0.9,0.0028399169279619274,1975-2001
ES111,A Coruna,1998,mac,30.279493362941096,30.279999999999998,-5.066370589013047e-4,1975-2001
ES111,A Coruna,1999,tfr,0.8997430167186585,0.9,-2.5698328134149406e-4,1975-2001
ES111,A Coruna,1999,mac,30.503140677458394,30.5,0.003140677458393526,1975-2001
ES111,A Coruna,2000,tfr,0.939641558792921,0.9400000000000001,-3.5844120707906324e-4,1975-2001
ES111,A Coruna,2000,mac,30.775837041499717,30.779999999999998,-0.004162958500280922,1975-2001
ES111,A Coruna,2001,tfr,0.9394511429938578,0.9400000000000001,-5.488570061422671e-4,1975-2001
ES111,A Coruna,2001,mac,30.92664425684255,30.93,-0.0033557431574493535,1975-2001
ES111,A Coruna,2002,tfr,0.9236231917261493,0.92,0.003623191726149222,2002-2024
ES111,A Coruna,2002,mac,31.087530135119216,31.09,-0.00246986488078349,2002-2024
ES111,A Coruna,2003,tfr,0.9723448030033296,0.97,0.0023448030033296208,2002-2024
ES111,A Coruna,2003,mac,31.205706327814553,31.21,-0.004293672185447406,2002-2024
ES111,A Coruna,2004,tfr,0.9921720354057466,0.99,0.0021720354057466196,2002-2024
ES111,A Coruna,2004,mac,31.31893591887597,31.32,-0.0010640811240314463,2002-2024
ES111,A Coruna,2005,tfr,1.0185199921820702,1.02,-0.0014800078179297849,2002-2024
ES111,A Coruna,2005,mac,31.458386417676397,31.459999999999997,-0.0016135823235998714,2002-2024
ES111,A Coruna,2006,tfr,1.0350976807922674,1.04,-0.004902319207732653,2002-2024
ES111,A Coruna,2006,mac,31.65506029518244,31.66,-0.004939704817559232,2002-2024
ES111,A Coruna,2007,tfr,1.03902607448796,1.04,-9.739255120400081e-4,2002-2024
ES111,A Coruna,2007,mac,31.63895816764253,31.64,-0.0010418323574690191,2002-2024
ES111,A Coruna,2008,tfr,1.1352665307281782,1.1400000000000001,-0.004733469271821944,2002-2024
ES111,A Coruna,2008,mac,31.69228573165201,31.69,0.002285731652008849,2002-2024
ES111,A Coruna,2009,tfr,1.1101295055442857,1.11,1.295055442855908e-4,2002-2024
ES111,A Coruna,2009,mac,31.840607862289396,31.84,6.078622893959107e-4,2002-2024
ES111,A Coruna,2010,tfr,1.098209979864475,1.1,-0.0017900201355249834,2002-2024
ES111,A Coruna,2010,mac,32.0357282134793,32.04,-0.004271786520696708,2002-2024
ES111,A Coruna,2011,tfr,1.0930259998196856,1.09,0.003025999819685543,2002-2024
ES111,A Coruna,2011,mac,32.44181889931901,32.44,0.001818899319012246,2002-2024
ES111,A Coruna,2012,tfr,1.0911291145994904,1.09,0.0011291145994902774,2002-2024
ES111,A Coruna,2012,mac,32.420683878211314,32.42,6.838782113121056e-4,2002-2024
ES111,A Coruna,2013,tfr,1.057784155541784,1.06,-0.0022158444582160985,2002-2024
ES111,A Coruna,2013,mac,32.52189427243019,32.52,0.00189427243018514,2002-2024
ES111,A Coruna,2014,tfr,1.0631901599974591,1.06,0.0031901599974590855,2002-2024
ES111,A Coruna,2014,mac,32.674880314514944,32.68,-0.005119685485055925,2002-2024
ES111,A Coruna,2015,tfr,1.1267554052060391,1.1300000000000001,-0.0032445947939609976,2002-2024
ES111,A Coruna,2015,mac,32.715477047294364,32.71,0.005477047294363047,2002-2024
ES111,A Coruna,2016,tfr,1.16507224588119,1.1700000000000002,-0.00492775411881019,2002-2024
ES111,A Coruna,2016,mac,32.719984536433195,32.720000000000006,-1.546356681103589e-5,2002-2024
ES111,A Coruna,2017,tfr,1.1136276156211824,1.12,-0.006372384378817708,2002-2024
ES111,A Coruna,2017,mac,32.98517711173243,32.98,0.005177111732436401,2002-2024
ES111,A Coruna,2018,tfr,1.0586238973723174,1.06,-0.0013761026276826183,2002-2024
ES111,A Coruna,2018,mac,33.04569063381,33.04,0.0056906338099977916,2002-2024
ES111,A Coruna,2019,tfr,1.0168606781374199,1.02,-0.0031393218625801467,2002-2024
ES111,A Coruna,2019,mac,33.018825230395464,33.02,-0.0011747696045389944,2002-2024
ES111,A Coruna,2020,tfr,1.0287891366579447,1.03,-0.001210863342055335,2002-2024
ES111,A Coruna,2020,mac,32.952501101610025,32.96,-0.00749889838997575,2002-2024
ES111,A Coruna,2021,tfr,1.0279524741443051,1.03,-0.0020475258556948983,2002-2024
ES111,A Coruna,2021,mac,33.32002551954919,33.32,2.5519549190278212e-5,2002-2024
ES111,A Coruna,2022,tfr,1.0203367872493483,1.02,3.367872493482693e-4,2002-2024
ES111,A Coruna,2022,mac,33.41455813176953,33.41,0.004558131769535123,2002-2024
ES111,A Coruna,2023,tfr,1.0084778015441724,1.01,-0.0015221984558275725,2002-2024
ES111,A Coruna,2023,mac,33.434616767088194,33.43,0.004616767088194251,2002-2024
ES111,A Coruna,2024,tfr,0.9830722660093911,0.98,0.0030722660093911447,2002-2024
ES111,A Coruna,2024,mac,33.47059325814232,33.47,5.932581423238048e-4,2002-2024
ES112,Lugo,1975,tfr,1.8763846327186529,1.8800000000000001,-0.0036153672813472593,1975-2001
ES112,Lugo,1975,mac,28.58955887263631,28.59,-4.411273636897306e-4,1975-2001
ES112,Lugo,1976,tfr,1.9256865759084525,1.93,-0.0043134240915474464,1975-2001
ES112,Lugo,1976,mac,28.195495299626035,28.19,0.0054952996260340115,1975-2001
ES112,Lugo,1977,tfr,1.9092883863646537,1.91,-7.116136353462199e-4,1975-2001
ES112,Lugo,1977,mac,27.821791301130865,27.82,0.0017913011308650084,1975-2001
ES112,Lugo,1978,tfr,1.9433397457711812,1.94,0.003339745771181235,1975-2001
ES112,Lugo,1978,mac,27.65374315761636,27.650000000000002,0.0037431576163591274,1975-2001
ES112,Lugo,1979,tfr,2.010347101517113,2.01,3.471015171130354e-4,1975-2001
ES112,Lugo,1979,mac,27.314162390508447,27.310000000000002,0.004162390508444247,1975-2001
ES112,Lugo,1980,tfr,1.9806394666450506,1.98,6.39466645050657e-4,1975-2001
ES112,Lugo,1980,mac,27.281196121228827,27.279999999999998,0.0011961212288298384,1975-2001
ES112,Lugo,1981,tfr,1.8705037808070863,1.87,5.037808070862404e-4,1975-2001
ES112,Lugo,1981,mac,27.337478444349692,27.34,-0.0025215556503077607,1975-2001
ES112,Lugo,1982,tfr,1.7077002921016124,1.71,-0.002299707898387515,1975-2001
ES112,Lugo,1982,mac,27.17222392515573,27.17,0.0022239251557287787,1975-2001
ES112,Lugo,1983,tfr,1.6695837407211869,1.6700000000000002,-4.162592788132802e-4,1975-2001
ES112,Lugo,1983,mac,27.20170433785952,27.2,0.0017043378595218428,1975-2001
ES112,Lugo,1984,tfr,1.5955768835808637,1.6,-0.004423116419136397,1975-2001
ES112,Lugo,1984,mac,27.5360473836211,27.54,-0.003952616378899876,1975-2001
ES112,Lugo,1985,tfr,1.4759998988849556,1.48,-0.004000101115044341,1975-2001
ES112,Lugo,1985,mac,27.281387241035453,27.279999999999998,0.001387241035455844,1975-2001
ES112,Lugo,1986,tfr,1.3843728897105707,1.3800000000000001,0.004372889710570593,1975-2001
ES112,Lugo,1986,mac,27.194238297830594,27.19,0.004238297830593041,1975-2001
ES112,Lugo,1987,tfr,1.338378499717267,1.34,-0.0016215002827331126,1975-2001
ES112,Lugo,1987,mac,27.350897166754983,27.35,8.971667549815265e-4,1975-2001
ES112,Lugo,1988,tfr,1.2514155154393676,1.25,0.0014155154393675762,1975-2001
ES112,Lugo,1988,mac,27.16264708645077,27.16,0.0026470864507714964,1975-2001
ES112,Lugo,1989,tfr,1.2176214849942475,1.22,-0.0023785150057524795,1975-2001
ES112,Lugo,1989,mac,27.050702862648432,27.05,7.02862648431335e-4,1975-2001
ES112,Lugo,1990,tfr,1.1646458455538573,1.1600000000000001,0.004645845553857164,1975-2001
ES112,Lugo,1990,mac,27.327642919105706,27.330000000000002,-0.002357080894295649,1975-2001
ES112,Lugo,1991,tfr,1.1264699547115296,1.1300000000000001,-0.0035300452884705624,1975-2001
ES112,Lugo,1991,mac,27.502659955725104,27.5,0.002659955725103913,1975-2001
ES112,Lugo,1992,tfr,1.0858987405539615,1.09,-0.004101259446038563,1975-2001
ES112,Lugo,1992,mac,27.78284405196222,27.779999999999998,0.002844051962220817,1975-2001
ES112,Lugo,1993,tfr,1.0492523578682924,1.05,-7.476421317076376e-4,1975-2001
ES112,Lugo,1993,mac,28.181016124783113,28.18,0.0010161247831135256,1975-2001
ES112,Lugo,1994,tfr,0.937663387653366,0.9400000000000001,-0.0023366123466340705,1975-2001
ES112,Lugo,1994,mac,28.21948566493526,28.22,-5.143350647394129e-4,1975-2001
ES112,Lugo,1995,tfr,0.8969728516061941,0.9,-0.003027148393805912,1975-2001
ES112,Lugo,1995,mac,28.843332068181702,28.84,0.0033320681817023967,1975-2001
ES112,Lugo,1996,tfr,0.8193725842288098,0.8200000000000001,-6.274157711902983e-4,1975-2001
ES112,Lugo,1996,mac,29.00712718663011,29.01,-0.0028728133698905367,1975-2001
ES112,Lugo,1997,tfr,0.835039947544987,0.8400000000000001,-0.004960052455013075,1975-2001
ES112,Lugo,1997,mac,29.331934848100634,29.330000000000002,0.0019348481006318252,1975-2001
ES112,Lugo,1998,tfr,0.8555260341284985,0.8600000000000001,-0.004473965871501617,1975-2001
ES112,Lugo,1998,mac,29.816983027341344,29.82,-0.003016972658656414,1975-2001
ES112,Lugo,1999,tfr,0.8175104687295107,0.8200000000000001,-0.0024895312704893424,1975-2001
ES112,Lugo,1999,mac,29.97760478107023,29.979999999999997,-0.002395218929766685,1975-2001
ES112,Lugo,2000,tfr,0.8718609741748317,0.8700000000000001,0.0018609741748315534,1975-2001
ES112,Lugo,2000,mac,30.388268723336378,30.39,-0.0017312766636230492,1975-2001
ES112,Lugo,2001,tfr,0.8068689904398565,0.81,-0.0031310095601435606,1975-2001
ES112,Lugo,2001,mac,30.360540205389807,30.36,5.402053898073689e-4,1975-2001
ES112,Lugo,2002,tfr,0.8116560983154167,0.81,0.0016560983154166875,2002-2024
ES112,Lugo,2002,mac,30.648559406534194,30.650000000000002,-0.001440593465808604,2002-2024
ES112,Lugo,2003,tfr,0.8692954139021759,0.8700000000000001,-7.045860978242002e-4,2002-2024
ES112,Lugo,2003,mac,30.626038619770625,30.62,0.006038619770624365,2002-2024
ES112,Lugo,2004,tfr,0.8546943444498899,0.8600000000000001,-0.0053056555501102,2002-2024
ES112,Lugo,2004,mac,31.166920496860193,31.16,0.006920496860193026,2002-2024
ES112,Lugo,2005,tfr,0.8871882387058619,0.89,-0.002811761294138071,2002-2024
ES112,Lugo,2005,mac,31.0907390099072,31.09,7.390099071997724e-4,2002-2024
ES112,Lugo,2006,tfr,0.8822706076035713,0.88,0.0022706076035713396,2002-2024
ES112,Lugo,2006,mac,31.214590573205328,31.21,0.004590573205327075,2002-2024
ES112,Lugo,2007,tfr,0.9440446267381853,0.9400000000000001,0.004044626738185286,2002-2024
ES112,Lugo,2007,mac,31.293557888211424,31.3,-0.0064421117885764545,2002-2024
ES112,Lugo,2008,tfr,0.9587892048952903,0.96,-0.0012107951047096721,2002-2024
ES112,Lugo,2008,mac,31.457636590226517,31.459999999999997,-0.0023634097734799298,2002-2024
ES112,Lugo,2009,tfr,0.9923818742004752,0.99,0.002381874200475198,2002-2024
ES112,Lugo,2009,mac,31.55526868930574,31.56,-0.004731310694257473,2002-2024
ES112,Lugo,2010,tfr,0.9899020947282716,0.99,-9.790527172837127e-5,2002-2024
ES112,Lugo,2010,mac,31.410525047020975,31.41,5.250470209752223e-4,2002-2024
ES112,Lugo,2011,tfr,0.9842554025768945,0.98,0.004255402576894496,2002-2024
ES112,Lugo,2011,mac,31.95265025646244,31.95,0.002650256462441547,2002-2024
ES112,Lugo,2012,tfr,1.034049374331307,1.03,0.004049374331307032,2002-2024
ES112,Lugo,2012,mac,31.91492716733708,31.91,0.004927167337079652,2002-2024
ES112,Lugo,2013,tfr,0.9839962744534246,0.99,-0.006003725546575356,2002-2024
ES112,Lugo,2013,mac,32.010904768953594,32.01,9.047689535961467e-4,2002-2024
ES112,Lugo,2014,tfr,1.0431192343074887,1.04,0.0031192343074886164,2002-2024
ES112,Lugo,2014,mac,32.20726045723241,32.21,-0.0027395427675926953,2002-2024
ES112,Lugo,2015,tfr,1.0959386040149734,1.1,-0.004061395985026639,2002-2024
ES112,Lugo,2015,mac,32.039070753854865,32.03,0.009070753854864222,2002-2024
ES112,Lugo,2016,tfr,1.086311590241517,1.09,-0.0036884097584830577,2002-2024
ES112,Lugo,2016,mac,32.25583934918779,32.260000000000005,-0.00416065081221717,2002-2024
ES112,Lugo,2017,tfr,1.113887133437143,1.11,0.0038871334371428645,2002-2024
ES112,Lugo,2017,mac,32.226309676784,32.220000000000006,0.006309676783992302,2002-2024
ES112,Lugo,2018,tfr,1.0892420614441063,1.09,-7.57938555893789e-4,2002-2024
ES112,Lugo,2018,mac,32.04433338963458,32.05,-0.005666610365416602,2002-2024
ES112,Lugo,2019,tfr,0.9778529957732577,0.98,-0.0021470042267422995,2002-2024
ES112,Lugo,2019,mac,32.18051429295155,32.190000000000005,-0.009485707048455083,2002-2024
ES112,Lugo,2020,tfr,0.9867450366995892,0.99,-0.0032549633004107514,2002-2024
ES112,Lugo,2020,mac,32.369648477785745,32.37,-3.5152221425249763e-4,2002-2024
ES112,Lugo,2021,tfr,0.9802567695379677,0.98,2.5676953796771596e-4,2002-2024
ES112,Lugo,2021,mac,32.54172822785604,32.54,0.001728227856041542,2002-2024
ES112,Lugo,2022,tfr,1.0624128314010253,1.06,0.002412831401025217,2002-2024
ES112,Lugo,2022,mac,32.818130336645645,32.82,-0.0018696633543555663,2002-2024
ES112,Lugo,2023,tfr,1.0658367715547044,1.07,-0.004163228445295708,2002-2024
ES112,Lugo,2023,mac,32.78979351629921,32.790000000000006,-2.0648370079356937e-4,2002-2024
ES112,Lugo,2024,tfr,1.030965972145586,1.03,9.659721455859138e-4,2002-2024
ES112,Lugo,2024,mac,32.40022410588177,32.4,2.2410588177024238e-4,2002-2024
ES113,Ourense,1975,tfr,1.5872709843236217,1.59,-0.002729015676378399,1975-2001
ES113,Ourense,1975,mac,28.373102494973683,28.37,0.0031024949736817575,1975-2001
ES113,Ourense,1976,tfr,1.6423608260029154,1.6400000000000001,0.002360826002915317,1975-2001
ES113,Ourense,1976,mac,28.02529814613092,28.02,0.005298146130918724,1975-2001
ES113,Ourense,1977,tfr,1.5843025534401782,1.58,0.0043025534401781584,1975-2001
ES113,Ourense,1977,mac,27.87033878601075,27.87,3.387860107473273e-4,1975-2001
ES113,Ourense,1978,tfr,1.621882945713751,1.62,0.0018829457137508054,1975-2001
ES113,Ourense,1978,mac,27.73939020164804,27.74,-6.097983519595118e-4,1975-2001
ES113,Ourense,1979,tfr,1.553853597507564,1.55,0.0038535975075639772,1975-2001
ES113,Ourense,1979,mac,27.418061635109947,27.419999999999998,-0.0019383648900515027,1975-2001
ES113,Ourense,1980,tfr,1.4700204371624068,1.47,2.0437162406850007e-5,1975-2001
ES113,Ourense,1980,mac,27.527696680186104,27.53,-0.002303319813897531,1975-2001
ES113,Ourense,1981,tfr,1.3719722233082094,1.37,0.001972223308209342,1975-2001
ES113,Ourense,1981,mac,27.261558423014755,27.259999999999998,0.0015584230147567268,1975-2001
ES113,Ourense,1982,tfr,1.2945249779718062,1.29,0.004524977971806177,1975-2001
ES113,Ourense,1982,mac,27.51811714543399,27.52,-0.0018828545660092288,1975-2001
ES113,Ourense,1983,tfr,1.3130883528475932,1.31,0.0030883528475931232,1975-2001
ES113,Ourense,1983,mac,27.253022782530763,27.25,0.0030227825307633793,1975-2001
ES113,Ourense,1984,tfr,1.2919378256557121,1.29,0.0019378256557120999,1975-2001
ES113,Ourense,1984,mac,27.560438592045266,27.56,4.3859204526697226e-4,1975-2001
ES113,Ourense,1985,tfr,1.2595950466594663,1.26,-4.04953340533698e-4,1975-2001
ES113,Ourense,1985,mac,27.34362729032814,27.34,0.0036272903281400204,1975-2001
ES113,Ourense,1986,tfr,1.1764220353510382,1.1800000000000002,-0.0035779646489619843,1975-2001
ES113,Ourense,1986,mac,27.34237095405024,27.34,0.002370954050238794,1975-2001
ES113,Ourense,1987,tfr,1.1493096416401443,1.1500000000000001,-6.903583598558694e-4,1975-2001
ES113,Ourense,1987,mac,27.50084107549604,27.5,8.41075496040844e-4,1975-2001
ES113,Ourense,1988,tfr,1.133504613108838,1.1300000000000001,0.003504613108837873,1975-2001
ES113,Ourense,1988,mac,27.277589223295685,27.279999999999998,-0.002410776704312667,1975-2001
ES113,Ourense,1989,tfr,1.0961069094992735,1.1,-0.0038930905007266148,1975-2001
ES113,Ourense,1989,mac,27.66100931515328,27.66,0.0010093151532792888,1975-2001
ES113,Ourense,1990,tfr,1.0971763034374948,1.1,-0.0028236965625052513,1975-2001
ES113,Ourense,1990,mac,27.772295884332255,27.77,0.002295884332255582,1975-2001
ES113,Ourense,1991,tfr,1.0661549291109804,1.07,-0.0038450708890196417,1975-2001
ES113,Ourense,1991,mac,27.93088074969472,27.93,8.807496947191851e-4,1975-2001
ES113,Ourense,1992,tfr,1.036223767512145,1.04,-0.003776232487854969,1975-2001
ES113,Ourense,1992,mac,28.33516626045164,28.34,-0.004833739548359972,1975-2001
ES113,Ourense,1993,tfr,1.0502710522146639,1.05,2.710522146638361e-4,1975-2001
ES113,Ourense,1993,mac,28.493276900821243,28.49,0.003276900821244766,1975-2001
ES113,Ourense,1994,tfr,0.9539384568852896,0.9500000000000001,0.0039384568852894875,1975-2001
ES113,Ourense,1994,mac,28.753710770622227,28.75,0.003710770622227244,1975-2001
ES113,Ourense,1995,tfr,0.9270365262339122,0.93,-0.002963473766087854,1975-2001
ES113,Ourense,1995,mac,29.251426328372503,29.25,0.0014263283725028941,1975-2001
ES113,Ourense,1996,tfr,0.8818854915807566,0.88,0.0018854915807565709,1975-2001
ES113,Ourense,1996,mac,29.413427737891777,29.41,0.0034277378917764167,1975-2001
ES113,Ourense,1997,tfr,0.8645989737250519,0.8600000000000001,0.004598973725051803,1975-2001
ES113,Ourense,1997,mac,29.46272216691523,29.459999999999997,0.00272216691523397,1975-2001
ES113,Ourense,1998,tfr,0.8170696933324187,0.8200000000000001,-0.002930306667581317,1975-2001
ES113,Ourense,1998,mac,29.85453607104635,29.85,0.004536071046349122,1975-2001
ES113,Ourense,1999,tfr,0.8254719743834439,0.8300000000000001,-0.004528025616556186,1975-2001
ES113,Ourense,1999,mac,29.93781168431319,29.939999999999998,-0.0021883156868085507,1975-2001
ES113,Ourense,2000,tfr,0.8267086366065809,0.8300000000000001,-0.0032913633934191777,1975-2001
ES113,Ourense,2000,mac,30.420382782968595,30.419999999999998,3.827829685967288e-4,1975-2001
ES113,Ourense,2001,tfr,0.8166218222687471,0.8200000000000001,-0.0033781777312529293,1975-2001
ES113,Ourense,2001,mac,30.53265100508964,30.53,0.0026510050896391135,1975-2001
ES113,Ourense,2002,tfr,0.8286036935512787,0.8300000000000001,-0.0013963064487213517,2002-2024
ES113,Ourense,2002,mac,30.418630121535106,30.419999999999998,-0.0013698784648923379,2002-2024
ES113,Ourense,2003,tfr,0.9304911486824641,0.93,4.911486824640265e-4,2002-2024
ES113,Ourense,2003,mac,30.620900956782272,30.62,9.009567822708675e-4,2002-2024
ES113,Ourense,2004,tfr,0.87282530200064,0.8700000000000001,0.0028253020006399066,2002-2024
ES113,Ourense,2004,mac,30.731408984758744,30.73,0.0014089847587435145,2002-2024
ES113,Ourense,2005,tfr,0.8819687633208416,0.88,0.0019687633208416155,2002-2024
ES113,Ourense,2005,mac,31.066820603003816,31.07,-0.0031793969961846358,2002-2024
ES113,Ourense,2006,tfr,0.9454801011703929,0.9500000000000001,-0.004519898829607127,2002-2024
ES113,Ourense,2006,mac,31.144703771192635,31.150000000000002,-0.0052962288073672426,2002-2024
ES113,Ourense,2007,tfr,0.967352371313425,0.97,-0.0026476286865749765,2002-2024
ES113,Ourense,2007,mac,31.41714100402663,31.419999999999998,-0.0028589959733693604,2002-2024
ES113,Ourense,2008,tfr,1.0238060537739118,1.02,0.003806053773911744,2002-2024
ES113,Ourense,2008,mac,31.2481468157375,31.25,-0.0018531842625009176,2002-2024
ES113,Ourense,2009,tfr,0.9825049733121093,0.98,0.0025049733121093043,2002-2024
ES113,Ourense,2009,mac,31.338074487410566,31.34,-0.0019255125894339642,2002-2024
ES113,Ourense,2010,tfr,0.9929013602587295,0.99,0.0029013602587295573,2002-2024
ES113,Ourense,2010,mac,31.58515373688954,31.58,0.005153736889543126,2002-2024
ES113,Ourense,2011,tfr,0.9721060370547755,0.97,0.0021060370547755225,2002-2024
ES113,Ourense,2011,mac,31.741334699828535,31.74,0.001334699828536401,2002-2024
ES113,Ourense,2012,tfr,0.9731670359190537,0.97,0.0031670359190537622,2002-2024
ES113,Ourense,2012,mac,31.923158737318065,31.919999999999998,0.0031587373180670397,2002-2024
ES113,Ourense,2013,tfr,0.9625400613313091,0.96,0.002540061331309129,2002-2024
ES113,Ourense,2013,mac,32.26078789701945,32.260000000000005,7.87897019442596e-4,2002-2024
ES113,Ourense,2014,tfr,0.9953206888642571,0.99,0.005320688864257073,2002-2024
ES113,Ourense,2014,mac,32.08154307760195,32.08,0.0015430776019513814,2002-2024
ES113,Ourense,2015,tfr,1.0256996722921348,1.03,-0.004300327707865259,2002-2024
ES113,Ourense,2015,mac,32.17752484413628,32.18,-0.0024751558637206017,2002-2024
ES113,Ourense,2016,tfr,1.030098099654867,1.03,9.80996548669566e-5,2002-2024
ES113,Ourense,2016,mac,32.35542204879094,32.36,-0.004577951209057574,2002-2024
ES113,Ourense,2017,tfr,1.0289728292408964,1.03,-0.001027170759103635,2002-2024
ES113,Ourense,2017,mac,32.377220901030604,32.379999999999995,-0.002779098969391214,2002-2024
ES113,Ourense,2018,tfr,0.922078448392391,0.92,0.002078448392390908,2002-2024
ES113,Ourense,2018,mac,32.45819221569058,32.47,-0.011807784309418423,2002-2024
ES113,Ourense,2019,tfr,0.9364978684205297,0.9400000000000001,-0.0035021315794703245,2002-2024
ES113,Ourense,2019,mac,32.50511787196343,32.5,0.005117871963427945,2002-2024
ES113,Ourense,2020,tfr,0.9496591184914951,0.9500000000000001,-3.4088150850497545e-4,2002-2024
ES113,Ourense,2020,mac,32.64208623172522,32.64,0.002086231725222376,2002-2024
ES113,Ourense,2021,tfr,0.9292073642904193,0.93,-7.92635709580769e-4,2002-2024
ES113,Ourense,2021,mac,33.002163654413486,33,0.0021636544134864266,2002-2024
ES113,Ourense,2022,tfr,0.9129844329490443,0.91,0.002984432949044269,2002-2024
ES113,Ourense,2022,mac,32.703196145989374,32.7,0.003196145989370791,2002-2024
ES113,Ourense,2023,tfr,0.9152750085244518,0.92,-0.004724991475548279,2002-2024
ES113,Ourense,2023,mac,33.04439605041917,33.04,0.004396050419167352,2002-2024
ES113,Ourense,2024,tfr,0.8810985647014611,0.88,0.00109856470146108,2002-2024
ES113,Ourense,2024,mac,32.87878681430239,32.879999999999995,-0.00121318569760831,2002-2024
ES114,Pontevedra,1975,tfr,2.7634819091580805,2.7600000000000002,0.003481909158080221,1975-2001
ES114,Pontevedra,1975,mac,28.087639976686294,28.09,-0.0023600233137059945,1975-2001
ES114,Pontevedra,1976,tfr,2.830905456569044,2.8299999999999996,9.054565690442828e-4,1975-2001
ES114,Pontevedra,1976,mac,27.73925344440182,27.74,-7.465555981767125e-4,1975-2001
ES114,Pontevedra,1977,tfr,2.7390212644283265,2.74,-9.787355716737167e-4,1975-2001
ES114,Pontevedra,1977,mac,27.53733528087202,27.54,-0.0026647191279778326,1975-2001
ES114,Pontevedra,1978,tfr,2.6929192487382974,2.69,0.0029192487382974086,1975-2001
ES114,Pontevedra,1978,mac,27.470163294083992,27.47,1.6329408399329282e-4,1975-2001
ES114,Pontevedra,1979,tfr,2.466374119914672,2.4699999999999998,-0.003625880085327715,1975-2001
ES114,Pontevedra,1979,mac,27.293060725872213,27.29,0.00306072587221351,1975-2001
ES114,Pontevedra,1980,tfr,2.3849943897233454,2.38,0.004994389723345538,1975-2001
ES114,Pontevedra,1980,mac,27.303302204700564,27.3,0.003302204700563749,1975-2001
ES114,Pontevedra,1981,tfr,2.08339377510526,2.08,0.003393775105259955,1975-2001
ES114,Pontevedra,1981,mac,27.41636204785235,27.419999999999998,-0.0036379521476490595,1975-2001
ES114,Pontevedra,1982,tfr,1.9622405817017776,1.96,0.0022405817017776553,1975-2001
ES114,Pontevedra,1982,mac,27.40338156518604,27.4,0.003381565186042934,1975-2001
ES114,Pontevedra,1983,tfr,1.784330170062466,1.78,0.004330170062466054,1975-2001
ES114,Pontevedra,1983,mac,27.4881516171638,27.49,-0.0018483828361972598,1975-2001
ES114,Pontevedra,1984,tfr,1.6891589699255536,1.6900000000000002,-8.410300744465804e-4,1975-2001
ES114,Pontevedra,1984,mac,27.528858390862624,27.53,-0.0011416091373774861,1975-2001
ES114,Pontevedra,1985,tfr,1.574890432789363,1.57,0.004890432789362853,1975-2001
ES114,Pontevedra,1985,mac,27.388030185299762,27.39,-0.0019698147002387145,1975-2001
ES114,Pontevedra,1986,tfr,1.4573050560515564,1.46,-0.0026949439484436066,1975-2001
ES114,Pontevedra,1986,mac,27.47559582225134,27.479999999999997,-0.004404177748657645,1975-2001
ES114,Pontevedra,1987,tfr,1.415373699572394,1.42,-0.004626300427605923,1975-2001
ES114,Pontevedra,1987,mac,27.60888312932402,27.610000000000003,-0.0011168706759825398,1975-2001
ES114,Pontevedra,1988,tfr,1.3544477558653727,1.35,0.004447755865372605,1975-2001
ES114,Pontevedra,1988,mac,27.632726250207597,27.630000000000003,0.0027262502075942052,1975-2001
ES114,Pontevedra,1989,tfr,1.3217473866548208,1.32,0.0017473866548207706,1975-2001
ES114,Pontevedra,1989,mac,27.700563296542896,27.7,5.63296542896552e-4,1975-2001
ES114,Pontevedra,1990,tfr,1.2298900723342174,1.23,-1.0992766578254987e-4,1975-2001
ES114,Pontevedra,1990,mac,27.89306632615842,27.89,0.0030663261584180646,1975-2001
ES114,Pontevedra,1991,tfr,1.218620124090552,1.22,-0.0013798759094478807,1975-2001
ES114,Pontevedra,1991,mac,28.10350972791817,28.1,0.0035097279181677266,1975-2001
ES114,Pontevedra,1992,tfr,1.1898096598851962,1.1900000000000002,-1.903401148040107e-4,1975-2001
ES114,Pontevedra,1992,mac,28.278120925208615,28.279999999999998,-0.0018790747913826067,1975-2001
ES114,Pontevedra,1993,tfr,1.1423925714555063,1.1400000000000001,0.0023925714555061983,1975-2001
ES114,Pontevedra,1993,mac,28.3227166473812,28.32,0.0027166473811988112,1975-2001
ES114,Pontevedra,1994,tfr,1.0871254373967234,1.09,-0.002874562603276676,1975-2001
ES114,Pontevedra,1994,mac,28.967856951617673,28.97,-0.0021430483823259294,1975-2001
ES114,Pontevedra,1995,tfr,1.009640568905896,1.01,-3.59431094103968e-4,1975-2001
ES114,Pontevedra,1995,mac,29.09181666211789,29.09,0.0018166621178892228,1975-2001
ES114,Pontevedra,1996,tfr,1.0222596707221978,1.02,0.002259670722197793,1975-2001
ES114,Pontevedra,1996,mac,29.277398292740436,29.279999999999998,-0.0026017072595614366,1975-2001
ES114,Pontevedra,1997,tfr,1.0018724197759448,1,0.001872419775944767,1975-2001
ES114,Pontevedra,1997,mac,29.576535549873512,29.58,-0.0034644501264864402,1975-2001
ES114,Pontevedra,1998,tfr,0.985674106841886,0.99,-0.004325893158113936,1975-2001
ES114,Pontevedra,1998,mac,29.996239947614622,30,-0.003760052385377577,1975-2001
ES114,Pontevedra,1999,tfr,1.0222020014083224,1.02,0.002202001408322385,1975-2001
ES114,Pontevedra,1999,mac,30.05037727518984,30.05,3.772751898409865e-4,1975-2001
ES114,Pontevedra,2000,tfr,1.0397022955774942,1.04,-2.9770442250587337e-4,1975-2001
ES114,Pontevedra,2000,mac,30.313778665271137,30.310000000000002,0.0037786652711346846,1975-2001
ES114,Pontevedra,2001,tfr,1.0534850084514449,1.05,0.0034850084514448376,1975-2001
ES114,Pontevedra,2001,mac,30.48861064180146,30.49,-0.0013893581985371384,1975-2001
ES114,Pontevedra,2002,tfr,1.0515112748562396,1.05,0.0015112748562395861,2002-2024
ES114,Pontevedra,2002,mac,30.763156477211155,30.759999999999998,0.0031564772111565276,2002-2024
ES114,Pontevedra,2003,tfr,1.0833091037887874,1.08,0.0033091037887873487,2002-2024
ES114,Pontevedra,2003,mac,30.817194654981854,30.82,-0.0028053450181459993,2002-2024
ES114,Pontevedra,2004,tfr,1.0954792083731353,1.1,-0.004520791626864806,2002-2024
ES114,Pontevedra,2004,mac,31.045439984494987,31.05,-0.004560015505013837,2002-2024
ES114,Pontevedra,2005,tfr,1.107644589606136,1.11,-0.0023554103938641102,2002-2024
ES114,Pontevedra,2005,mac,31.07820088307482,31.08,-0.0017991169251772021,2002-2024
ES114,Pontevedra,2006,tfr,1.1103563408525017,1.11,3.563408525015799e-4,2002-2024
ES114,Pontevedra,2006,mac,31.225380029800515,31.23,-0.004619970199485124,2002-2024
ES114,Pontevedra,2007,tfr,1.13145866359007,1.1300000000000001,0.001458663590069964,2002-2024
ES114,Pontevedra,2007,mac,31.272965474419358,31.279999999999998,-0.007034525580639439,2002-2024
ES114,Pontevedra,2008,tfr,1.2020063886722014,1.2,0.0020063886722014868,2002-2024
ES114,Pontevedra,2008,mac,31.356753539754823,31.36,-0.0032464602451760527,2002-2024
ES114,Pontevedra,2009,tfr,1.1652566149709098,1.1600000000000001,0.005256614970909679,2002-2024
ES114,Pontevedra,2009,mac,31.58350226560213,31.58,0.003502265602133292,2002-2024
ES114,Pontevedra,2010,tfr,1.1465933913308148,1.1500000000000001,-0.003406608669185296,2002-2024
ES114,Pontevedra,2010,mac,31.693820440411606,31.69,0.0038204404116051194,2002-2024
ES114,Pontevedra,2011,tfr,1.1313006134887158,1.1300000000000001,0.001300613488715685,2002-2024
ES114,Pontevedra,2011,mac,31.96922126171934,31.97,-7.78738280658331e-4,2002-2024
ES114,Pontevedra,2012,tfr,1.1252165087912458,1.1300000000000001,-0.00478349120875432,2002-2024
ES114,Pontevedra,2012,mac,31.979007736707,31.979999999999997,-9.922632929963981e-4,2002-2024
ES114,Pontevedra,2013,tfr,1.0690482452293564,1.07,-9.517547706436869e-4,2002-2024
ES114,Pontevedra,2013,mac,32.23405162595772,32.230000000000004,0.0040516259577145775,2002-2024
ES114,Pontevedra,2014,tfr,1.1093475667144765,1.11,-6.524332855235571e-4,2002-2024
ES114,Pontevedra,2014,mac,32.4206541873177,32.42,6.541873176999502e-4,2002-2024
ES114,Pontevedra,2015,tfr,1.08770594766777,1.09,-0.002294052332230123,2002-2024
ES114,Pontevedra,2015,mac,32.64661291661403,32.65,-0.003387083385966605,2002-2024
ES114,Pontevedra,2016,tfr,1.1041398931392854,1.11,-0.005860106860714698,2002-2024
ES114,Pontevedra,2016,mac,32.619681447074726,32.620000000000005,-3.1855292527893653e-4,2002-2024
ES114,Pontevedra,2017,tfr,1.1544829207823024,1.1600000000000001,-0.005517079217697729,2002-2024
ES114,Pontevedra,2017,mac,32.76082990305424,32.760000000000005,8.299030542318064e-4,2002-2024
ES114,Pontevedra,2018,tfr,1.038199943880728,1.04,-0.001800056119272142,2002-2024
ES114,Pontevedra,2018,mac,32.72367096905191,32.720000000000006,0.003670969051903228,2002-2024
ES114,Pontevedra,2019,tfr,1.0563137135240435,1.06,-0.0036862864759565905,2002-2024
ES114,Pontevedra,2019,mac,32.903957512708814,32.9,0.003957512708815614,2002-2024
ES114,Pontevedra,2020,tfr,1.0319613145883553,1.03,0.001961314588355245,2002-2024
ES114,Pontevedra,2020,mac,32.97910432963259,32.98,-8.956703674058986e-4,2002-2024
ES114,Pontevedra,2021,tfr,1.014410184529206,1.01,0.0044101845292059405,2002-2024
ES114,Pontevedra,2021,mac,33.381071565983824,33.379999999999995,0.0010715659838282932,2002-2024
ES114,Pontevedra,2022,tfr,1.0034972324668154,1,0.0034972324668154364,2002-2024
ES114,Pontevedra,2022,mac,33.46229103865263,33.46,0.0022910386526291404,2002-2024
ES114,Pontevedra,2023,tfr,0.9713569745722131,0.97,0.0013569745722131765,2002-2024
ES114,Pontevedra,2023,mac,33.364450565800034,33.36,0.004450565800034667,2002-2024
ES114,Pontevedra,2024,tfr,0.9304113197731922,0.93,4.1131977319219803e-4,2002-2024
ES114,Pontevedra,2024,mac,33.43677226551516,33.44,-0.0032277344848381517,2002-2024
ES120,Asturias,1975,tfr,2.333437586839543,2.3299999999999996,0.0034375868395435383,1975-2001
ES120,Asturias,1975,mac,27.815251366751802,27.82,-0.004748633248198075,1975-2001
ES120,Asturias,1976,tfr,2.3513319715303926,2.3499999999999996,0.0013319715303929947,1975-2001
ES120,Asturias,1976,mac,27.446382313079386,27.45,-0.003617686920613039,1975-2001
ES120,Asturias,1977,tfr,2.265932099243303,2.27,-0.0040679007566968295,1975-2001
ES120,Asturias,1977,mac,27.48300603316485,27.479999999999997,0.003006033164851374,1975-2001
ES120,Asturias,1978,tfr,2.038489602458103,2.04,-0.0015103975418968574,1975-2001
ES120,Asturias,1978,mac,27.41762121456067,27.419999999999998,-0.002378785439329789,1975-2001
ES120,Asturias,1979,tfr,1.9538370782577406,1.95,0.0038370782577406004,1975-2001
ES120,Asturias,1979,mac,27.30519743555987,27.3,0.005197435559868069,1975-2001
ES120,Asturias,1980,tfr,1.824148810207585,1.82,0.004148810207584841,1975-2001
ES120,Asturias,1980,mac,27.33844681387551,27.34,-0.001553186124489514,1975-2001
ES120,Asturias,1981,tfr,1.6669202944495358,1.6700000000000002,-0.003079705550464329,1975-2001
ES120,Asturias,1981,mac,27.351464724905213,27.35,0.0014647249052117672,1975-2001
ES120,Asturias,1982,tfr,1.5417348584680572,1.54,0.0017348584680572099,1975-2001
ES120,Asturias,1982,mac,27.442307450211104,27.439999999999998,0.002307450211105788,1975-2001
ES120,Asturias,1983,tfr,1.4663002935774632,1.47,-0.003699706422536808,1975-2001
ES120,Asturias,1983,mac,27.658762089934662,27.66,-0.0012379100653383546,1975-2001
ES120,Asturias,1984,tfr,1.3825677395648357,1.3800000000000001,0.0025677395648355805,1975-2001
ES120,Asturias,1984,mac,27.61920468636895,27.62,-7.953136310518971e-4,1975-2001
ES120,Asturias,1985,tfr,1.3066326762033726,1.31,-0.0033673237966274083,1975-2001
ES120,Asturias,1985,mac,27.476953000792896,27.479999999999997,-0.003046999207100498,1975-2001
ES120,Asturias,1986,tfr,1.2622021952708686,1.26,0.002202195270868623,1975-2001
ES120,Asturias,1986,mac,27.56695074391405,27.57,-0.003049256085951413,1975-2001
ES120,Asturias,1987,tfr,1.1657377100673576,1.1700000000000002,-0.004262289932642549,1975-2001
ES120,Asturias,1987,mac,27.604761560844125,27.6,0.00476156084412338,1975-2001
ES120,Asturias,1988,tfr,1.0614494630873665,1.06,0.001449463087366487,1975-2001
ES120,Asturias,1988,mac,27.639924540461635,27.64,-7.545953836540775e-5,1975-2001
ES120,Asturias,1989,tfr,0.9923211713043586,0.99,0.0023211713043586046,1975-2001
ES120,Asturias,1989,mac,27.84435217152808,27.84,0.004352171528079651,1975-2001
ES120,Asturias,1990,tfr,0.9737563850836449,0.97,0.003756385083644953,1975-2001
ES120,Asturias,1990,mac,28.071127463465007,28.07,0.0011274634650071391,1975-2001
ES120,Asturias,1991,tfr,0.9704528021980328,0.97,4.5280219803278676e-4,1975-2001
ES120,Asturias,1991,mac,28.356503095997827,28.36,-0.0034969040021728404,1975-2001
ES120,Asturias,1992,tfr,0.9403050454140202,0.9400000000000001,3.0504541402009977e-4,1975-2001
ES120,Asturias,1992,mac,28.625046954173932,28.630000000000003,-0.004953045826070479,1975-2001
ES120,Asturias,1993,tfr,0.8747601234762356,0.8700000000000001,0.004760123476235445,1975-2001
ES120,Asturias,1993,mac,28.95546574411655,28.959999999999997,-0.0045342558834455815,1975-2001
ES120,Asturias,1994,tfr,0.8333345837444514,0.8300000000000001,0.0033345837444512805,1975-2001
ES120,Asturias,1994,mac,29.169969864091797,29.17,-3.0135908204442785e-5,1975-2001
ES120,Asturias,1995,tfr,0.8252708814569522,0.8300000000000001,-0.004729118543047917,1975-2001
ES120,Asturias,1995,mac,29.539839613037504,29.54,-1.6038696249509599e-4,1975-2001
ES120,Asturias,1996,tfr,0.819973589482737,0.8200000000000001,-2.6410517263042443e-5,1975-2001
ES120,Asturias,1996,mac,29.85090653254576,29.85,9.0653254575912e-4,1975-2001
ES120,Asturias,1997,tfr,0.8189078842182126,0.8200000000000001,-0.0010921157817874727,1975-2001
ES120,Asturias,1997,mac,30.12130884501964,30.12,0.0013088450196399037,1975-2001
ES120,Asturias,1998,tfr,0.8000601402773575,0.8,6.014027735745664e-5,1975-2001
ES120,Asturias,1998,mac,30.26913308860444,30.27,-8.669113955583896e-4,1975-2001
ES120,Asturias,1999,tfr,0.8289491030441863,0.8300000000000001,-0.0010508969558137293,1975-2001
ES120,Asturias,1999,mac,30.522088735530108,30.52,0.0020887355301084654,1975-2001
ES120,Asturias,2000,tfr,0.8549840531728363,0.8500000000000001,0.004984053172836234,1975-2001
ES120,Asturias,2000,mac,30.76295813613696,30.759999999999998,0.0029581361369608317,1975-2001
ES120,Asturias,2001,tfr,0.8762712761506231,0.88,-0.003728723849376947,1975-2001
ES120,Asturias,2001,mac,30.84176842103395,30.84,0.0017684210339510287,1975-2001
ES120,Asturias,2002,tfr,0.8629179700463594,0.8600000000000001,0.0029179700463592972,2002-2024
ES120,Asturias,2002,mac,30.95275995472625,30.95,0.0027599547262511237,2002-2024
ES120,Asturias,2003,tfr,0.9146524104921459,0.91,0.00465241049214582,2002-2024
ES120,Asturias,2003,mac,31.013657683708008,31.02,-0.006342316291991779,2002-2024
ES120,Asturias,2004,tfr,0.9289715543296261,0.93,-0.0010284456703739675,2002-2024
ES120,Asturias,2004,mac,31.288651532772363,31.29,-0.001348467227636263,2002-2024
ES120,Asturias,2005,tfr,0.9635139977522407,0.96,0.003513997752240705,2002-2024
ES120,Asturias,2005,mac,31.37636302392957,31.38,-0.003636976070428233,2002-2024
ES120,Asturias,2006,tfr,0.9793007327060551,0.98,-6.992672939448719e-4,2002-2024
ES120,Asturias,2006,mac,31.442666963392156,31.439999999999998,0.00266696339215855,2002-2024
ES120,Asturias,2007,tfr,1.0206281536003212,1.02,6.281536003212018e-4,2002-2024
ES120,Asturias,2007,mac,31.27571610575887,31.279999999999998,-0.004283894241126518,2002-2024
ES120,Asturias,2008,tfr,1.0760301496692506,1.08,-0.00396985033074948,2002-2024
ES120,Asturias,2008,mac,31.263250791186884,31.259999999999998,0.003250791186886204,2002-2024
ES120,Asturias,2009,tfr,1.078460108926643,1.08,-0.001539891073357058,2002-2024
ES120,Asturias,2009,mac,31.617869444178485,31.62,-0.0021305558215161113,2002-2024
ES120,Asturias,2010,tfr,1.0370950590077694,1.04,-0.002904940992230598,2002-2024
ES120,Asturias,2010,mac,31.663647209084765,31.66,0.003647209084764569,2002-2024
ES120,Asturias,2011,tfr,1.0536034592123873,1.05,0.00360345921238725,2002-2024
ES120,Asturias,2011,mac,31.853828896695028,31.85,0.003828896695026174,2002-2024
ES120,Asturias,2012,tfr,1.059504614825933,1.06,-4.953851740669979e-4,2002-2024
ES120,Asturias,2012,mac,31.98369922116217,31.979999999999997,0.0036992211621722504,2002-2024
ES120,Asturias,2013,tfr,0.9625966472345352,0.96,0.002596647234535232,2002-2024
ES120,Asturias,2013,mac,31.971695189112364,31.97,0.001695189112364659,2002-2024
ES120,Asturias,2014,tfr,0.9915678307073853,0.99,0.0015678307073853093,2002-2024
ES120,Asturias,2014,mac,32.060540222098474,32.06,5.402220984720429e-4,2002-2024
ES120,Asturias,2015,tfr,1.0125782868662967,1.01,0.0025782868662966862,2002-2024
ES120,Asturias,2015,mac,32.15273804260086,32.15,0.002738042600860524,2002-2024
ES120,Asturias,2016,tfr,1.037431812387554,1.04,-0.002568187612445927,2002-2024
ES120,Asturias,2016,mac,32.275482675694704,32.27,0.005482675694700845,2002-2024
ES120,Asturias,2017,tfr,1.0277463219574539,1.03,-0.00225367804254617,2002-2024
ES120,Asturias,2017,mac,32.25252249052419,32.25,0.002522490524192733,2002-2024
ES120,Asturias,2018,tfr,1.0277252525220761,1.03,-0.0022747474779238885,2002-2024
ES120,Asturias,2018,mac,32.2764258176591,32.28,-0.0035741823408983464,2002-2024
ES120,Asturias,2019,tfr,0.9566737873909044,0.96,-0.0033262126090956023,2002-2024
ES120,Asturias,2019,mac,32.39425784936364,32.39,0.004257849363639821,2002-2024
ES120,Asturias,2020,tfr,0.9182049579178149,0.92,-0.001795042082185172,2002-2024
ES120,Asturias,2020,mac,32.4575340550597,32.46,-0.0024659449402975042,2002-2024
ES120,Asturias,2021,tfr,0.9490123073294672,0.9500000000000001,-9.876926705328914e-4,2002-2024
ES120,Asturias,2021,mac,32.71521812310015,32.720000000000006,-0.00478187689985532,2002-2024
ES120,Asturias,2022,tfr,0.9672194930053651,0.97,-0.002780506994634835,2002-2024
ES120,Asturias,2022,mac,32.776165362671314,32.78,-0.0038346373286870516,2002-2024
ES120,Asturias,2023,tfr,0.9402404555450493,0.9400000000000001,2.4045554504925626e-4,2002-2024
ES120,Asturias,2023,mac,32.814225855286246,32.809999999999995,0.004225855286250635,2002-2024
ES120,Asturias,2024,tfr,0.9452858705662011,0.9500000000000001,-0.004714129433799008,2002-2024
ES120,Asturias,2024,mac,32.73824502622857,32.74,-0.0017549737714332991,2002-2024
ES130,Cantabria,1975,tfr,2.634477240308634,2.63,0.004477240308633945,1975-2001
ES130,Cantabria,1975,mac,28.59158003820106,28.59,0.0015800382010588976,1975-2001
ES130,Cantabria,1976,tfr,2.6700003601095053,2.67,3.6010950532627817e-7,1975-2001
ES130,Cantabria,1976,mac,28.28140990476191,28.279999999999998,0.0014099047619140492,1975-2001
ES130,Cantabria,1977,tfr,2.5375924306605935,2.54,-0.0024075693394065567,1975-2001
ES130,Cantabria,1977,mac,28.084937777252378,28.08,0.00493777725237976,1975-2001
ES130,Cantabria,1978,tfr,2.463190551805774,2.46,0.003190551805773989,1975-2001
ES130,Cantabria,1978,mac,27.93239658954177,27.93,0.0023965895417710215,1975-2001
ES130,Cantabria,1979,tfr,2.272812137200405,2.27,0.0028121372004048517,1975-2001
ES130,Cantabria,1979,mac,27.98952660724448,27.99,-4.7339275552005233e-4,1975-2001
ES130,Cantabria,1980,tfr,2.1562708094679293,2.16,-0.0037291905320708807,1975-2001
ES130,Cantabria,1980,mac,27.9298867035139,27.93,-1.1329648609859078e-4,1975-2001
ES130,Cantabria,1981,tfr,2.017709716554382,2.02,-0.002290283445617991,1975-2001
ES130,Cantabria,1981,mac,28.051971773517653,28.05,0.001971773517652764,1975-2001
ES130,Cantabria,1982,tfr,1.8393586816044762,1.84,-6.413183955238377e-4,1975-2001
ES130,Cantabria,1982,mac,28.110029093171516,28.110000000000003,2.909317151278401e-5,1975-2001
ES130,Cantabria,1983,tfr,1.708882988809288,1.71,-0.0011170111907119473,1975-2001
ES130,Cantabria,1983,mac,28.28493174669099,28.29,-0.005068253309008952,1975-2001
ES130,Cantabria,1984,tfr,1.5781890299956505,1.58,-0.001810970004349599,1975-2001
ES130,Cantabria,1984,mac,28.368946650864046,28.37,-0.0010533491359545621,1975-2001
ES130,Cantabria,1985,tfr,1.4532463177171449,1.45,0.0032463177171448976,1975-2001
ES130,Cantabria,1985,mac,28.23599329949069,28.24,-0.004006700509307848,1975-2001
ES130,Cantabria,1986,tfr,1.3728222026041532,1.37,0.0028222026041531123,1975-2001
ES130,Cantabria,1986,mac,28.273635751460343,28.27,0.0036357514603437835,1975-2001
ES130,Cantabria,1987,tfr,1.315575094523964,1.32,-0.004424905476036134,1975-2001
ES130,Cantabria,1987,mac,28.53906090404466,28.54,-9.390959553385869e-4,1975-2001
ES130,Cantabria,1988,tfr,1.2607997955311667,1.26,7.997955311667138e-4,1975-2001
ES130,Cantabria,1988,mac,28.444944127136438,28.439999999999998,0.004944127136440102,1975-2001
ES130,Cantabria,1989,tfr,1.1620289659540668,1.1600000000000001,0.0020289659540666527,1975-2001
ES130,Cantabria,1989,mac,28.41772141824259,28.419999999999998,-0.002278581757408915,1975-2001
ES130,Cantabria,1990,tfr,1.151559894011607,1.1500000000000001,0.0015598940116068327,1975-2001
ES130,Cantabria,1990,mac,28.717247125791946,28.72,-0.0027528742080527024,1975-2001
ES130,Cantabria,1991,tfr,1.0885515451557117,1.09,-0.0014484548442883494,1975-2001
ES130,Cantabria,1991,mac,28.994482201117055,29,-0.005517798882944902,1975-2001
ES130,Cantabria,1992,tfr,1.074419087493883,1.07,0.004419087493882978,1975-2001
ES130,Cantabria,1992,mac,29.056839241027753,29.06,-0.0031607589722462137,1975-2001
ES130,Cantabria,1993,tfr,1.0203010897691005,1.02,3.0108976910048213e-4,1975-2001
ES130,Cantabria,1993,mac,29.34325048913958,29.34,0.0032504891395817026,1975-2001
ES130,Cantabria,1994,tfr,0.9374009100035817,0.9400000000000001,-0.0025990899964183356,1975-2001
ES130,Cantabria,1994,mac,29.740935265920253,29.74,9.352659202548352e-4,1975-2001
ES130,Cantabria,1995,tfr,0.914987571773373,0.92,-0.005012428226627064,1975-2001
ES130,Cantabria,1995,mac,30.017686744437434,30.02,-0.002313255562565786,1975-2001
ES130,Cantabria,1996,tfr,0.9410547040783165,0.9400000000000001,0.0010547040783164263,1975-2001
ES130,Cantabria,1996,mac,30.230648330854834,30.23,6.4833085483329e-4,1975-2001
ES130,Cantabria,1997,tfr,0.9478566099341328,0.9500000000000001,-0.002143390065867279,1975-2001
ES130,Cantabria,1997,mac,30.657931168962026,30.66,-0.0020688310379739505,1975-2001
ES130,Cantabria,1998,tfr,0.9297311305588297,0.93,-2.688694411703274e-4,1975-2001
ES130,Cantabria,1998,mac,30.84105432708003,30.84,0.0010543270800305038,1975-2001
ES130,Cantabria,1999,tfr,0.9726018037222761,0.97,0.0026018037222761414,1975-2001
ES130,Cantabria,1999,mac,30.989723559702078,30.99,-2.7644029792028846e-4,1975-2001
ES130,Cantabria,2000,tfr,1.0490994474568707,1.05,-9.005525431293737e-4,1975-2001
ES130,Cantabria,2000,mac,31.101015340988486,31.1,0.0010153409884843256,1975-2001
ES130,Cantabria,2001,tfr,1.0322556502043163,1.03,0.002255650204316284,1975-2001
ES130,Cantabria,2001,mac,31.173511001800584,31.17,0.0035110018005823918,1975-2001
ES130,Cantabria,2002,tfr,1.0912859974766556,1.09,0.001285997476655476,2002-2024
ES130,Cantabria,2002,mac,31.26082753928966,31.259999999999998,8.275392896628375e-4,2002-2024
ES130,Cantabria,2003,tfr,1.149055315696286,1.1500000000000001,-9.446843037141939e-4,2002-2024
ES130,Cantabria,2003,mac,31.36591006658982,31.37,-0.004089933410181601,2002-2024
ES130,Cantabria,2004,tfr,1.1753074982709677,1.1800000000000002,-0.004692501729032461,2002-2024
ES130,Cantabria,2004,mac,31.435774544867193,31.439999999999998,-0.004225455132804257,2002-2024
ES130,Cantabria,2005,tfr,1.2053750935688328,1.2,0.005375093568832812,2002-2024
ES130,Cantabria,2005,mac,31.576966477901028,31.58,-0.0030335220989705647,2002-2024
ES130,Cantabria,2006,tfr,1.1900449646846933,1.1900000000000002,4.496468469317172e-5,2002-2024
ES130,Cantabria,2006,mac,31.24188227357638,31.24,0.001882273576381266,2002-2024
ES130,Cantabria,2007,tfr,1.2145813027834658,1.22,-0.005418697216534207,2002-2024
ES130,Cantabria,2007,mac,31.313957186949462,31.32,-0.006042813050537887,2002-2024
ES130,Cantabria,2008,tfr,1.316444308105656,1.32,-0.0035556918943440152,2002-2024
ES130,Cantabria,2008,mac,31.497906226052145,31.5,-0.0020937739478554818,2002-2024
ES130,Cantabria,2009,tfr,1.2638444599584073,1.26,0.0038444599584073202,2002-2024
ES130,Cantabria,2009,mac,31.445084718594742,31.45,-0.004915281405256877,2002-2024
ES130,Cantabria,2010,tfr,1.262026003919078,1.26,0.0020260039190780343,2002-2024
ES130,Cantabria,2010,mac,31.833240809460737,31.830000000000002,0.003240809460734795,2002-2024
ES130,Cantabria,2011,tfr,1.2217931965729123,1.22,0.0017931965729123256,2002-2024
ES130,Cantabria,2011,mac,31.977966818012117,31.979999999999997,-0.0020331819878798285,2002-2024
ES130,Cantabria,2012,tfr,1.1876147170573892,1.1900000000000002,-0.002385282942610978,2002-2024
ES130,Cantabria,2012,mac,32.128418239452984,32.13,-0.0015817605470189733,2002-2024
ES130,Cantabria,2013,tfr,1.175160987904676,1.1800000000000002,-0.004839012095324113,2002-2024
ES130,Cantabria,2013,mac,32.15090973672518,32.15,9.097367251840183e-4,2002-2024
ES130,Cantabria,2014,tfr,1.1474877791017797,1.1500000000000001,-0.002512220898220452,2002-2024
ES130,Cantabria,2014,mac,32.29081420647685,32.290000000000006,8.142064768463797e-4,2002-2024
ES130,Cantabria,2015,tfr,1.1412199594438526,1.1400000000000001,0.0012199594438524475,2002-2024
ES130,Cantabria,2015,mac,32.405855042074656,32.4,0.005855042074657035,2002-2024
ES130,Cantabria,2016,tfr,1.1468964063559843,1.1500000000000001,-0.0031035936440158007,2002-2024
ES130,Cantabria,2016,mac,32.54030032305202,32.54,3.0032305202354337e-4,2002-2024
ES130,Cantabria,2017,tfr,1.1613477748612755,1.1600000000000001,0.0013477748612753526,2002-2024
ES130,Cantabria,2017,mac,32.51964466263714,32.52,-3.553373628619738e-4,2002-2024
ES130,Cantabria,2018,tfr,1.110393728767625,1.11,3.937287676250012e-4,2002-2024
ES130,Cantabria,2018,mac,32.59924523044483,32.6,-7.547695551721745e-4,2002-2024
ES130,Cantabria,2019,tfr,1.0637919181533375,1.06,0.003791918153337459,2002-2024
ES130,Cantabria,2019,mac,32.752102181821236,32.75,0.0021021818212361154,2002-2024
ES130,Cantabria,2020,tfr,1.0633310449101503,1.06,0.003331044910150238,2002-2024
ES130,Cantabria,2020,mac,32.45938548355038,32.46,-6.145164496231814e-4,2002-2024
ES130,Cantabria,2021,tfr,1.0304430125480413,1.03,4.430125480412439e-4,2002-2024
ES130,Cantabria,2021,mac,33.13392953282272,33.13,0.003929532822716908,2002-2024
ES130,Cantabria,2022,tfr,1.0320247036845769,1.03,0.0020247036845768562,2002-2024
ES130,Cantabria,2022,mac,33.12376458189478,33.120000000000005,0.0037645818947780185,2002-2024
ES130,Cantabria,2023,tfr,0.9712370189808087,0.97,0.0012370189808087462,2002-2024
ES130,Cantabria,2023,mac,33.06579808542515,33.07,-0.004201914574849752,2002-2024
ES130,Cantabria,2024,tfr,0.9932289842410132,0.99,0.003228984241013255,2002-2024
ES130,Cantabria,2024,mac,33.12107861870969,33.120000000000005,0.001078618709684065,2002-2024
ES211,Araba/Alava,1975,tfr,2.941418657694676,2.94,0.0014186576946761953,1975-2001
ES211,Araba/Alava,1975,mac,29.046891506870068,29.05,-0.0031084931299325547,1975-2001
ES211,Araba/Alava,1976,tfr,2.8258463705376795,2.8299999999999996,-0.004153629462320119,1975-2001
ES211,Araba/Alava,1976,mac,28.56545857730968,28.57,-0.004541422690319763,1975-2001
ES211,Araba/Alava,1977,tfr,2.6432699641156328,2.64,0.0032699641156326287,1975-2001
ES211,Araba/Alava,1977,mac,28.481730284711293,28.479999999999997,0.001730284711296548,1975-2001
ES211,Araba/Alava,1978,tfr,2.525602103746351,2.53,-0.004397896253648614,1975-2001
ES211,Araba/Alava,1978,mac,28.50461517718343,28.51,-0.005384822816569823,1975-2001
ES211,Araba/Alava,1979,tfr,2.23035926495781,2.23,3.5926495780991274e-4,1975-2001
ES211,Araba/Alava,1979,mac,28.414597869638705,28.419999999999998,-0.005402130361293445,1975-2001
ES211,Araba/Alava,1980,tfr,2.0364014176271197,2.04,-0.0035985823728803545,1975-2001
ES211,Araba/Alava,1980,mac,28.465446076275736,28.47,-0.004553923724262887,1975-2001
ES211,Araba/Alava,1981,tfr,1.8902358134238793,1.8900000000000001,2.3581342387912763e-4,1975-2001
ES211,Araba/Alava,1981,mac,28.501861893487572,28.5,0.0018618934875718196,1975-2001
ES211,Araba/Alava,1982,tfr,1.726567633427938,1.73,-0.003432366572061918,1975-2001
ES211,Araba/Alava,1982,mac,28.65325622497831,28.650000000000002,0.003256224978308353,1975-2001
ES211,Araba/Alava,1983,tfr,1.6689220791715693,1.6700000000000002,-0.001077920828430834,1975-2001
ES211,Araba/Alava,1983,mac,28.46437784677007,28.47,-0.005622153229928983,1975-2001
ES211,Araba/Alava,1984,tfr,1.522859753495744,1.52,0.0028597534957439663,1975-2001
ES211,Araba/Alava,1984,mac,28.819023051336508,28.82,-9.769486634922941e-4,1975-2001
ES211,Araba/Alava,1985,tfr,1.452605465488112,1.45,0.0026054654881120243,1975-2001
ES211,Araba/Alava,1985,mac,28.779895202998528,28.779999999999998,-1.0479700146959203e-4,1975-2001
ES211,Araba/Alava,1986,tfr,1.3029785501423514,1.3,0.002978550142351377,1975-2001
ES211,Araba/Alava,1986,mac,29.0192273163284,29.02,-7.726836715988838e-4,1975-2001
ES211,Araba/Alava,1987,tfr,1.2256866140666982,1.23,-0.004313385933301772,1975-2001
ES211,Araba/Alava,1987,mac,28.914638695653977,28.919999999999998,-0.005361304346021001,1975-2001
ES211,Araba/Alava,1988,tfr,1.2183598665158404,1.22,-0.0016401334841595894,1975-2001
ES211,Araba/Alava,1988,mac,29.047530648060615,29.05,-0.002469351939385689,1975-2001
ES211,Araba/Alava,1989,tfr,1.1092074194758381,1.11,-7.925805241619788e-4,1975-2001
ES211,Araba/Alava,1989,mac,29.165021791378823,29.17,-0.0049782086211784815,1975-2001
ES211,Araba/Alava,1990,tfr,1.0538194824582459,1.05,0.0038194824582458153,1975-2001
ES211,Araba/Alava,1990,mac,29.43132868892512,29.43,0.0013286889251205025,1975-2001
ES211,Araba/Alava,1991,tfr,1.0288875539529623,1.03,-0.0011124460470377517,1975-2001
ES211,Araba/Alava,1991,mac,29.73819838822764,29.74,-0.001801611772357603,1975-2001
ES211,Araba/Alava,1992,tfr,0.9970507082511217,1,-0.0029492917488782577,1975-2001
ES211,Araba/Alava,1992,mac,30.017771607917076,30.02,-0.0022283920829231363,1975-2001
ES211,Araba/Alava,1993,tfr,0.9942682356844428,0.99,0.004268235684442789,1975-2001
ES211,Araba/Alava,1993,mac,30.207847922788954,30.21,-0.002152077211047043,1975-2001
ES211,Araba/Alava,1994,tfr,0.883344272224816,0.88,0.003344272224816036,1975-2001
ES211,Araba/Alava,1994,mac,30.629423689656356,30.630000000000003,-5.763103436464689e-4,1975-2001
ES211,Araba/Alava,1995,tfr,0.9024072401377622,0.9,0.0024072401377621677,1975-2001
ES211,Araba/Alava,1995,mac,30.86668414351862,30.87,-0.00331585648138244,1975-2001
ES211,Araba/Alava,1996,tfr,0.9684865982956129,0.97,-0.001513401704387074,1975-2001
ES211,Araba/Alava,1996,mac,31.357627521169487,31.36,-0.0023724788305123923,1975-2001
ES211,Araba/Alava,1997,tfr,0.9532815692025927,0.9500000000000001,0.0032815692025925935,1975-2001
ES211,Araba/Alava,1997,mac,31.53549956077523,31.54,-0.004500439224770503,1975-2001
ES211,Araba/Alava,1998,tfr,0.9591698525266105,0.96,-8.301474733894976e-4,1975-2001
ES211,Araba/Alava,1998,mac,31.62500751583958,31.630000000000003,-0.00499248416042164,1975-2001
ES211,Araba/Alava,1999,tfr,0.9841680549850407,0.98,0.004168054985040692,1975-2001
ES211,Araba/Alava,1999,mac,31.904852860853236,31.91,-0.005147139146764346,1975-2001
ES211,Araba/Alava,2000,tfr,1.0522423608436928,1.05,0.002242360843692781,1975-2001
ES211,Araba/Alava,2000,mac,32.120647620647,32.120000000000005,6.476206469940848e-4,1975-2001
ES211,Araba/Alava,2001,tfr,1.0286951175781525,1.03,-0.001304882421847564,1975-2001
ES211,Araba/Alava,2001,mac,32.18757138843615,32.190000000000005,-0.00242861156385743,1975-2001
ES211,Araba/Alava,2002,tfr,1.049809433077418,1.05,-1.9056692258212493e-4,2002-2024
ES211,Araba/Alava,2002,mac,32.09072287155161,32.09,7.228715516092166e-4,2002-2024
ES211,Araba/Alava,2003,tfr,1.1217543028179322,1.12,0.0017543028179320963,2002-2024
ES211,Araba/Alava,2003,mac,32.32425504230862,32.33,-0.00574495769137684,2002-2024
ES211,Araba/Alava,2004,tfr,1.1621005496268892,1.1600000000000001,0.0021005496268891033,2002-2024
ES211,Araba/Alava,2004,mac,32.23596366235561,32.24,-0.004036337644393484,2002-2024
ES211,Araba/Alava,2005,tfr,1.14310302064783,1.1400000000000001,0.0031030206478299682,2002-2024
ES211,Araba/Alava,2005,mac,32.27388103969841,32.27,0.0038810396984061413,2002-2024
ES211,Araba/Alava,2006,tfr,1.20156577017945,1.2,0.0015657701794500323,2002-2024
ES211,Araba/Alava,2006,mac,31.99995707511076,32,-4.2924889239515096e-5,2002-2024
ES211,Araba/Alava,2007,tfr,1.2473507112068303,1.25,-0.002649288793169724,2002-2024
ES211,Araba/Alava,2007,mac,31.804978118632594,31.810000000000002,-0.005021881367408554,2002-2024
ES211,Araba/Alava,2008,tfr,1.3275726141272015,1.33,-0.0024273858727985598,2002-2024
ES211,Araba/Alava,2008,mac,31.93847721101774,31.939999999999998,-0.001522788982256884,2002-2024
ES211,Araba/Alava,2009,tfr,1.3344060837527736,1.33,0.004406083752773515,2002-2024
ES211,Araba/Alava,2009,mac,31.752387254778586,31.759999999999998,-0.007612745221411643,2002-2024
ES211,Araba/Alava,2010,tfr,1.390030711099898,1.3900000000000001,3.071109989782883e-5,2002-2024
ES211,Araba/Alava,2010,mac,32.17682289193717,32.18,-0.003177108062828893,2002-2024
ES211,Araba/Alava,2011,tfr,1.445856124585046,1.44,0.005856124585046141,2002-2024
ES211,Araba/Alava,2011,mac,32.07393069374688,32.07,0.00393069374688082,2002-2024
ES211,Araba/Alava,2012,tfr,1.4168669044690172,1.42,-0.0031330955309827324,2002-2024
ES211,Araba/Alava,2012,mac,32.321066285543615,32.32,0.0010662855436152086,2002-2024
ES211,Araba/Alava,2013,tfr,1.370204775517119,1.37,2.0477551711883812e-4,2002-2024
ES211,Araba/Alava,2013,mac,32.38958451873311,32.39,-4.154812668915042e-4,2002-2024
ES211,Araba/Alava,2014,tfr,1.498537956045307,1.5,-0.0014620439546930708,2002-2024
ES211,Araba/Alava,2014,mac,32.31772345068413,32.32,-0.0022765493158729555,2002-2024
ES211,Araba/Alava,2015,tfr,1.475923971729337,1.48,-0.00407602827066289,2002-2024
ES211,Araba/Alava,2015,mac,32.55159615816396,32.55,0.0015961581639629685,2002-2024
ES211,Araba/Alava,2016,tfr,1.47996495208524,1.48,-3.504791475994473e-5,2002-2024
ES211,Araba/Alava,2016,mac,32.527327337857336,32.53,-0.0026726621426647057,2002-2024
ES211,Araba/Alava,2017,tfr,1.4669236138403106,1.47,-0.003076386159689415,2002-2024
ES211,Araba/Alava,2017,mac,32.464693090148764,32.46,0.004693090148762735,2002-2024
ES211,Araba/Alava,2018,tfr,1.3500863885599572,1.35,8.638855995712902e-5,2002-2024
ES211,Araba/Alava,2018,mac,32.717703247382076,32.720000000000006,-0.0022967526179300535,2002-2024
ES211,Araba/Alava,2019,tfr,1.3345355772719096,1.34,-0.005464422728090446,2002-2024
ES211,Araba/Alava,2019,mac,32.421352861706936,32.41,0.011352861706939166,2002-2024
ES211,Araba/Alava,2020,tfr,1.2614074864960139,1.26,0.0014074864960138544,2002-2024
ES211,Araba/Alava,2020,mac,32.74432593190737,32.75,-0.005674068092631046,2002-2024
ES211,Araba/Alava,2021,tfr,1.2743929370647555,1.27,0.00439293706475552,2002-2024
ES211,Araba/Alava,2021,mac,33.08228097618448,33.08,0.002280976184479755,2002-2024
ES211,Araba/Alava,2022,tfr,1.2511466613282103,1.25,0.0011466613282102855,2002-2024
ES211,Araba/Alava,2022,mac,32.848547233571026,32.849999999999994,-0.0014527664289687436,2002-2024
ES211,Araba/Alava,2023,tfr,1.2294612692849447,1.23,-5.3873071505528e-4,2002-2024
ES211,Araba/Alava,2023,mac,33.018549282089516,33.02,-0.0014507179104867873,2002-2024
ES211,Araba/Alava,2024,tfr,1.1685203114066511,1.1700000000000002,-0.0014796885933490156,2002-2024
ES211,Araba/Alava,2024,mac,32.85179282176689,32.849999999999994,0.0017928217668981006,2002-2024
ES212,Gipuzkoa,1975,tfr,2.673500270988127,2.67,0.0035002709881268856,1975-2001
ES212,Gipuzkoa,1975,mac,28.84499952792854,28.84,0.004999527928539749,1975-2001
ES212,Gipuzkoa,1976,tfr,2.778014972281898,2.7800000000000002,-0.0019850277181023834,1975-2001
ES212,Gipuzkoa,1976,mac,28.477293766963687,28.479999999999997,-0.002706233036310124,1975-2001
ES212,Gipuzkoa,1977,tfr,2.5620250659859307,2.56,0.002025065985930663,1975-2001
ES212,Gipuzkoa,1977,mac,28.486520537574787,28.49,-0.003479462425211466,1975-2001
ES212,Gipuzkoa,1978,tfr,2.269189908854277,2.27,-8.100911457229465e-4,1975-2001
ES212,Gipuzkoa,1978,mac,28.5728255082046,28.57,0.0028255082045980373,1975-2001
ES212,Gipuzkoa,1979,tfr,1.8833342982050179,1.8800000000000001,0.0033342982050177383,1975-2001
ES212,Gipuzkoa,1979,mac,28.57745574442101,28.58,-0.0025442555789894072,1975-2001
ES212,Gipuzkoa,1980,tfr,1.6676597662443047,1.6700000000000002,-0.0023402337556954755,1975-2001
ES212,Gipuzkoa,1980,mac,28.68832584635145,28.69,-0.0016741536485511688,1975-2001
ES212,Gipuzkoa,1981,tfr,1.6091694469807813,1.61,-8.305530192187494e-4,1975-2001
ES212,Gipuzkoa,1981,mac,28.627003801495423,28.630000000000003,-0.0029961985045794393,1975-2001
ES212,Gipuzkoa,1982,tfr,1.592081729233317,1.59,0.0020817292333168425,1975-2001
ES212,Gipuzkoa,1982,mac,28.763849116177475,28.759999999999998,0.0038491161774771854,1975-2001
ES212,Gipuzkoa,1983,tfr,1.457502349243543,1.46,-0.002497650756456915,1975-2001
ES212,Gipuzkoa,1983,mac,28.88924339464435,28.89,-7.566053556509189e-4,1975-2001
ES212,Gipuzkoa,1984,tfr,1.3376873637119677,1.34,-0.0023126362880323548,1975-2001
ES212,Gipuzkoa,1984,mac,29.049812678778384,29.05,-1.8732122161679854e-4,1975-2001
ES212,Gipuzkoa,1985,tfr,1.2331216668033294,1.23,0.0031216668033293704,1975-2001
ES212,Gipuzkoa,1985,mac,29.12722832251339,29.130000000000003,-0.002771677486613555,1975-2001
ES212,Gipuzkoa,1986,tfr,1.248268141305436,1.25,-0.001731858694564048,1975-2001
ES212,Gipuzkoa,1986,mac,29.54933159384645,29.55,-6.684061535509045e-4,1975-2001
ES212,Gipuzkoa,1987,tfr,1.1295261355312127,1.1300000000000001,-4.738644687873883e-4,1975-2001
ES212,Gipuzkoa,1987,mac,29.410113647926767,29.41,1.1364792676715751e-4,1975-2001
ES212,Gipuzkoa,1988,tfr,1.0987899635916087,1.1,-0.0012100364083913462,1975-2001
ES212,Gipuzkoa,1988,mac,29.57466414796937,29.57,0.004664147969368315,1975-2001
ES212,Gipuzkoa,1989,tfr,1.0753347161263644,1.08,-0.004665283873635628,1975-2001
ES212,Gipuzkoa,1989,mac,29.87085094892746,29.87,8.509489274572957e-4,1975-2001
ES212,Gipuzkoa,1990,tfr,1.019473917141219,1.02,-5.26082858780974e-4,1975-2001
ES212,Gipuzkoa,1990,mac,30.00909127178715,30.01,-9.087282128525942e-4,1975-2001
ES212,Gipuzkoa,1991,tfr,1.0225029020835632,1.02,0.0025029020835631854,1975-2001
ES212,Gipuzkoa,1991,mac,30.255480390446692,30.259999999999998,-0.00451960955330577,1975-2001
ES212,Gipuzkoa,1992,tfr,1.0272881741484188,1.03,-0.002711825851581251,1975-2001
ES212,Gipuzkoa,1992,mac,30.457956848785862,30.459999999999997,-0.0020431512141350083,1975-2001
ES212,Gipuzkoa,1993,tfr,1.006921686041381,1.01,-0.0030783139586190167,1975-2001
ES212,Gipuzkoa,1993,mac,30.858783136328224,30.86,-0.0012168636717753145,1975-2001
ES212,Gipuzkoa,1994,tfr,0.9758746228259652,0.98,-0.004125377174034828,1975-2001
ES212,Gipuzkoa,1994,mac,30.970183611715573,30.97,1.836117155740169e-4,1975-2001
ES212,Gipuzkoa,1995,tfr,0.9938168716216211,0.99,0.003816871621621143,1975-2001
ES212,Gipuzkoa,1995,mac,31.297162789867397,31.3,-0.0028372101326041843,1975-2001
ES212,Gipuzkoa,1996,tfr,1.0333031940242663,1.03,0.003303194024266265,1975-2001
ES212,Gipuzkoa,1996,mac,31.590107614058144,31.59,1.0761405814463387e-4,1975-2001
ES212,Gipuzkoa,1997,tfr,1.0654802586587513,1.07,-0.004519741341248773,1975-2001
ES212,Gipuzkoa,1997,mac,31.635608418894552,31.64,-0.004391581105448239,1975-2001
ES212,Gipuzkoa,1998,tfr,1.0447119928801172,1.04,0.004711992880117144,1975-2001
ES212,Gipuzkoa,1998,mac,31.95216732143873,31.95,0.0021673214387298856,1975-2001
ES212,Gipuzkoa,1999,tfr,1.0888781889080388,1.09,-0.0011218110919613,1975-2001
ES212,Gipuzkoa,1999,mac,32.060877213329235,32.06,8.772133292325179e-4,1975-2001
ES212,Gipuzkoa,2000,tfr,1.120630595615075,1.12,6.30595615074947e-4,1975-2001
ES212,Gipuzkoa,2000,mac,32.22619392591005,32.230000000000004,-0.0038060740899510392,1975-2001
ES212,Gipuzkoa,2001,tfr,1.1554165007620396,1.1600000000000001,-0.004583499237960531,1975-2001
ES212,Gipuzkoa,2001,mac,32.266623517145035,32.27,-0.0033764828549678327,1975-2001
ES212,Gipuzkoa,2002,tfr,1.177324366765214,1.1800000000000002,-0.0026756332347861456,2002-2024
ES212,Gipuzkoa,2002,mac,32.28170589416988,32.28,0.0017058941698806507,2002-2024
ES212,Gipuzkoa,2003,tfr,1.2690815439472436,1.27,-9.184560527564223e-4,2002-2024
ES212,Gipuzkoa,2003,mac,32.40427485833377,32.4,0.004274858333772613,2002-2024
ES212,Gipuzkoa,2004,tfr,1.269932405778546,1.27,-6.759422145408145e-5,2002-2024
ES212,Gipuzkoa,2004,mac,32.444598009484864,32.44,0.004598009484865884,2002-2024
ES212,Gipuzkoa,2005,tfr,1.2711601465804785,1.27,0.0011601465804784716,2002-2024
ES212,Gipuzkoa,2005,mac,32.40115111296286,32.4,0.0011511129628587469,2002-2024
ES212,Gipuzkoa,2006,tfr,1.3184304841380294,1.32,-0.0015695158619706273,2002-2024
ES212,Gipuzkoa,2006,mac,32.463752039937354,32.46,0.003752039937353402,2002-2024
ES212,Gipuzkoa,2007,tfr,1.3468766181420329,1.35,-0.0031233818579672334,2002-2024
ES212,Gipuzkoa,2007,mac,32.32793717055806,32.33,-0.0020628294419395843,2002-2024
ES212,Gipuzkoa,2008,tfr,1.377310199029196,1.3800000000000001,-0.002689800970804068,2002-2024
ES212,Gipuzkoa,2008,mac,32.29300523221692,32.290000000000006,0.0030052322169140666,2002-2024
ES212,Gipuzkoa,2009,tfr,1.3767699638196276,1.3800000000000001,-0.003230036180372542,2002-2024
ES212,Gipuzkoa,2009,mac,32.27538430441908,32.27,0.005384304419074226,2002-2024
ES212,Gipuzkoa,2010,tfr,1.4160715427245572,1.42,-0.003928457275442776,2002-2024
ES212,Gipuzkoa,2010,mac,32.43419415672607,32.43,0.004194156726072151,2002-2024
ES212,Gipuzkoa,2011,tfr,1.4128937607129846,1.41,0.0028937607129846388,2002-2024
ES212,Gipuzkoa,2011,mac,32.54978526949504,32.55,-2.1473050495757207e-4,2002-2024
ES212,Gipuzkoa,2012,tfr,1.4208889437491483,1.42,8.889437491483854e-4,2002-2024
ES212,Gipuzkoa,2012,mac,32.65580028827816,32.660000000000004,-0.004199711721845745,2002-2024
ES212,Gipuzkoa,2013,tfr,1.33289550158261,1.33,0.002895501582609983,2002-2024
ES212,Gipuzkoa,2013,mac,32.77718422452972,32.77,0.007184224529716232,2002-2024
ES212,Gipuzkoa,2014,tfr,1.4117262107079493,1.41,0.001726210707949427,2002-2024
ES212,Gipuzkoa,2014,mac,32.63878694716591,32.63,0.008786947165908998,2002-2024
ES212,Gipuzkoa,2015,tfr,1.4547680071062603,1.46,-0.0052319928937396565,2002-2024
ES212,Gipuzkoa,2015,mac,32.775207125192296,32.77,0.005207125192292494,2002-2024
ES212,Gipuzkoa,2016,tfr,1.4227141937868866,1.42,0.002714193786886643,2002-2024
ES212,Gipuzkoa,2016,mac,32.785248151681955,32.790000000000006,-0.004751848318051088,2002-2024
ES212,Gipuzkoa,2017,tfr,1.3532334480113763,1.36,-0.006766551988623748,2002-2024
ES212,Gipuzkoa,2017,mac,33.00455246441991,33,0.004552464419909086,2002-2024
ES212,Gipuzkoa,2018,tfr,1.3591336125827527,1.36,-8.663874172474273e-4,2002-2024
ES212,Gipuzkoa,2018,mac,32.97428004859634,32.97,0.004280048596342567,2002-2024
ES212,Gipuzkoa,2019,tfr,1.2967410450716446,1.3,-0.003258954928355484,2002-2024
ES212,Gipuzkoa,2019,mac,32.91678741680867,32.92,-0.0032125831913347724,2002-2024
ES212,Gipuzkoa,2020,tfr,1.288018268215433,1.29,-0.0019817317845669535,2002-2024
ES212,Gipuzkoa,2020,mac,33.03673352192195,33.04,-0.0032664780780464753,2002-2024
ES212,Gipuzkoa,2021,tfr,1.2859564788143685,1.29,-0.00404352118563156,2002-2024
ES212,Gipuzkoa,2021,mac,33.30962104867867,33.309999999999995,-3.789513213234841e-4,2002-2024
ES212,Gipuzkoa,2022,tfr,1.1839155759336866,1.1800000000000002,0.0039155759336864104,2002-2024
ES212,Gipuzkoa,2022,mac,33.418160942684125,33.42,-0.0018390573158768575,2002-2024
ES212,Gipuzkoa,2023,tfr,1.201745033742816,1.2,0.0017450337428159823,2002-2024
ES212,Gipuzkoa,2023,mac,33.390089606008395,33.39,8.960600839458266e-5,2002-2024
ES212,Gipuzkoa,2024,tfr,1.161546271854066,1.1600000000000001,0.0015462718540657505,2002-2024
ES212,Gipuzkoa,2024,mac,33.67423238621497,33.67,0.0042323862149658,2002-2024
ES213,Bizkaia,1975,tfr,2.81962547589544,2.82,-3.745241045596259e-4,1975-2001
ES213,Bizkaia,1975,mac,28.72871330478181,28.73,-0.0012866952181909141,1975-2001
ES213,Bizkaia,1976,tfr,2.8867952615209975,2.8899999999999997,-0.003204738479002156,1975-2001
ES213,Bizkaia,1976,mac,28.399611250177344,28.4,-3.8874982265468816e-4,1975-2001
ES213,Bizkaia,1977,tfr,2.695437012661689,2.7,-0.004562987338311064,1975-2001
ES213,Bizkaia,1977,mac,28.363943915426454,28.36,0.003943915426454225,1975-2001
ES213,Bizkaia,1978,tfr,2.4334070349694805,2.4299999999999997,0.0034070349694808044,1975-2001
ES213,Bizkaia,1978,mac,28.400524438792264,28.4,5.244387922651583e-4,1975-2001
ES213,Bizkaia,1979,tfr,2.187779437418928,2.19,-0.002220562581071839,1975-2001
ES213,Bizkaia,1979,mac,28.39482968418622,28.4,-0.005170315813778359,1975-2001
ES213,Bizkaia,1980,tfr,1.9380793423448504,1.94,-0.0019206576551495935,1975-2001
ES213,Bizkaia,1980,mac,28.50282758195586,28.5,0.002827581955859415,1975-2001
ES213,Bizkaia,1981,tfr,1.7751690728682923,1.77,0.005169072868292268,1975-2001
ES213,Bizkaia,1981,mac,28.529068693807915,28.53,-9.313061920863674e-4,1975-2001
ES213,Bizkaia,1982,tfr,1.6145207447394534,1.61,0.004520744739453297,1975-2001
ES213,Bizkaia,1982,mac,28.770416140966578,28.77,4.161409665783822e-4,1975-2001
ES213,Bizkaia,1983,tfr,1.479062981123093,1.48,-9.370188769068921e-4,1975-2001
ES213,Bizkaia,1983,mac,28.774685756076295,28.77,0.004685756076295178,1975-2001
ES213,Bizkaia,1984,tfr,1.3925121951556443,1.3900000000000001,0.002512195155644159,1975-2001
ES213,Bizkaia,1984,mac,28.90868061149882,28.91,-0.0013193885011801854,1975-2001
ES213,Bizkaia,1985,tfr,1.2870653659793296,1.29,-0.0029346340206704014,1975-2001
ES213,Bizkaia,1985,mac,29.003195867237604,29,0.003195867237604233,1975-2001
ES213,Bizkaia,1986,tfr,1.223389694436791,1.22,0.0033896944367910464,1975-2001
ES213,Bizkaia,1986,mac,29.29726499589325,29.3,-0.002735004106749983,1975-2001
ES213,Bizkaia,1987,tfr,1.1201469893609957,1.12,1.4698936099555304e-4,1975-2001
ES213,Bizkaia,1987,mac,29.19757050052944,29.2,-0.0024294994705584827,1975-2001
ES213,Bizkaia,1988,tfr,1.0658974663799856,1.07,-0.004102533620014448,1975-2001
ES213,Bizkaia,1988,mac,29.2738874951297,29.27,0.0038874951296996585,1975-2001
ES213,Bizkaia,1989,tfr,0.9849105663497845,0.98,0.004910566349784484,1975-2001
ES213,Bizkaia,1989,mac,29.544583528504184,29.54,0.004583528504184642,1975-2001
ES213,Bizkaia,1990,tfr,0.9494899512775166,0.9500000000000001,-5.100487224835026e-4,1975-2001
ES213,Bizkaia,1990,mac,29.640305781974554,29.64,3.0578197455355394e-4,1975-2001
ES213,Bizkaia,1991,tfr,0.9296194618781928,0.93,-3.805381218072723e-4,1975-2001
ES213,Bizkaia,1991,mac,30.0728304133691,30.07,0.002830413369100171,1975-2001
ES213,Bizkaia,1992,tfr,0.9275501777910851,0.93,-0.002449822208914987,1975-2001
ES213,Bizkaia,1992,mac,30.243522784017635,30.24,0.0035227840176368375,1975-2001
ES213,Bizkaia,1993,tfr,0.8816385560867,0.88,0.0016385560867000493,1975-2001
ES213,Bizkaia,1993,mac,30.506687765941567,30.51,-0.0033122340584341714,1975-2001
ES213,Bizkaia,1994,tfr,0.8546259304502789,0.8500000000000001,0.0046259304502788146,1975-2001
ES213,Bizkaia,1994,mac,30.78068723875122,30.779999999999998,6.87238751222452e-4,1975-2001
ES213,Bizkaia,1995,tfr,0.8438796257319686,0.8400000000000001,0.003879625731968539,1975-2001
ES213,Bizkaia,1995,mac,31.10296666997641,31.1,0.002966669976409264,1975-2001
ES213,Bizkaia,1996,tfr,0.8740426140045934,0.8700000000000001,0.00404261400459327,1975-2001
ES213,Bizkaia,1996,mac,31.455640465340466,31.459999999999997,-0.004359534659531761,1975-2001
ES213,Bizkaia,1997,tfr,0.8975776535875981,0.9,-0.00242234641240191,1975-2001
ES213,Bizkaia,1997,mac,31.65505169679484,31.650000000000002,0.005051696794836857,1975-2001
ES213,Bizkaia,1998,tfr,0.8895787298487042,0.89,-4.212701512957828e-4,1975-2001
ES213,Bizkaia,1998,mac,31.8351740298022,31.830000000000002,0.005174029802198277,1975-2001
ES213,Bizkaia,1999,tfr,0.9383247941788418,0.9400000000000001,-0.00167520582115821,1975-2001
ES213,Bizkaia,1999,mac,32.13481307619724,32.13,0.004813076197237365,1975-2001
ES213,Bizkaia,2000,tfr,0.9696522706155221,0.97,-3.477293844779128e-4,1975-2001
ES213,Bizkaia,2000,mac,32.0941689628976,32.09,0.004168962897594497,1975-2001
ES213,Bizkaia,2001,tfr,1.0022518992033809,1,0.0022518992033808694,1975-2001
ES213,Bizkaia,2001,mac,32.38735848834327,32.39,-0.0026415116567335417,1975-2001
ES213,Bizkaia,2002,tfr,1.0478118492565138,1.05,-0.002188150743486217,2002-2024
ES213,Bizkaia,2002,mac,32.34302991313217,32.339999999999996,0.0030299131321740447,2002-2024
ES213,Bizkaia,2003,tfr,1.1008672712253083,1.1,8.672712253081638e-4,2002-2024
ES213,Bizkaia,2003,mac,32.44765918565706,32.449999999999996,-0.002340814342936426,2002-2024
ES213,Bizkaia,2004,tfr,1.122921378091639,1.12,0.0029213780916388377,2002-2024
ES213,Bizkaia,2004,mac,32.453186458413214,32.449999999999996,0.003186458413217963,2002-2024
ES213,Bizkaia,2005,tfr,1.1403319399703467,1.1400000000000001,3.3193997034652867e-4,2002-2024
ES213,Bizkaia,2005,mac,32.53381281550129,32.53,0.003812815501291311,2002-2024
ES213,Bizkaia,2006,tfr,1.138999472934714,1.1400000000000001,-0.0010005270652861942,2002-2024
ES213,Bizkaia,2006,mac,32.40044959751676,32.4,4.495975167628785e-4,2002-2024
ES213,Bizkaia,2007,tfr,1.1872344809082107,1.1900000000000002,-0.002765519091789459,2002-2024
ES213,Bizkaia,2007,mac,32.2574372907062,32.260000000000005,-0.0025627092938051987,2002-2024
ES213,Bizkaia,2008,tfr,1.2519045338481398,1.25,0.0019045338481398222,2002-2024
ES213,Bizkaia,2008,mac,32.23752398197612,32.24,-0.0024760180238843077,2002-2024
ES213,Bizkaia,2009,tfr,1.2251498576887705,1.22,0.0051498576887705205,2002-2024
ES213,Bizkaia,2009,mac,32.32321878816826,32.32,0.0032187881682617103,2002-2024
ES213,Bizkaia,2010,tfr,1.254801383393045,1.25,0.004801383393044922,2002-2024
ES213,Bizkaia,2010,mac,32.44634603803545,32.449999999999996,-0.0036539619645452603,2002-2024
ES213,Bizkaia,2011,tfr,1.2882878045976383,1.29,-0.0017121954023617825,2002-2024
ES213,Bizkaia,2011,mac,32.61383874215932,32.61,0.003838742159317121,2002-2024
ES213,Bizkaia,2012,tfr,1.28478466591528,1.28,0.004784665915279929,2002-2024
ES213,Bizkaia,2012,mac,32.6665026725194,32.67,-0.0034973274806020527,2002-2024
ES213,Bizkaia,2013,tfr,1.2523784920852485,1.25,0.0023784920852485403,2002-2024
ES213,Bizkaia,2013,mac,32.80993379001173,32.809999999999995,-6.620998826178948e-5,2002-2024
ES213,Bizkaia,2014,tfr,1.3087891854402243,1.31,-0.0012108145597757858,2002-2024
ES213,Bizkaia,2014,mac,32.737137545129656,32.730000000000004,0.007137545129651812,2002-2024
ES213,Bizkaia,2015,tfr,1.2918354267002186,1.29,0.0018354267002185232,2002-2024
ES213,Bizkaia,2015,mac,32.95941649842065,32.96,-5.835015793493881e-4,2002-2024
ES213,Bizkaia,2016,tfr,1.3117428055621048,1.31,0.00174280556210471,2002-2024
ES213,Bizkaia,2016,mac,32.98704560628411,32.99,-0.0029543937158891254,2002-2024
ES213,Bizkaia,2017,tfr,1.258323033182471,1.26,-0.0016769668175289354,2002-2024
ES213,Bizkaia,2017,mac,33.039448565695096,33.04,-5.51434304902898e-4,2002-2024
ES213,Bizkaia,2018,tfr,1.2025235891308448,1.2,0.0025235891308448277,2002-2024
ES213,Bizkaia,2018,mac,33.115125646433796,33.11,0.00512564643379676,2002-2024
ES213,Bizkaia,2019,tfr,1.1955943282051351,1.2,-0.0044056717948648405,2002-2024
ES213,Bizkaia,2019,mac,33.03315637863646,33.03,0.0031563786364614543,2002-2024
ES213,Bizkaia,2020,tfr,1.1490636308765816,1.1500000000000001,-9.363691234185456e-4,2002-2024
ES213,Bizkaia,2020,mac,33.10094844275621,33.1,9.484427562114206e-4,2002-2024
ES213,Bizkaia,2021,tfr,1.116821847251931,1.12,-0.0031781527480692073,2002-2024
ES213,Bizkaia,2021,mac,33.36538051929829,33.37,-0.004619480701705925,2002-2024
ES213,Bizkaia,2022,tfr,1.1163240332398223,1.12,-0.0036759667601777846,2002-2024
ES213,Bizkaia,2022,mac,33.54506602679457,33.55,-0.004933973205424991,2002-2024
ES213,Bizkaia,2023,tfr,1.0933277800867318,1.09,0.0033277800867317353,2002-2024
ES213,Bizkaia,2023,mac,33.393378733234876,33.39,0.003378733234875142,2002-2024
ES213,Bizkaia,2024,tfr,1.051629679457112,1.05,0.00162967945711201,2002-2024
ES213,Bizkaia,2024,mac,33.42963435238122,33.43,-3.656476187785529e-4,2002-2024
ES220,Navarra,1975,tfr,2.626732994433517,2.63,-0.003267005566482961,1975-2001
ES220,Navarra,1975,mac,29.765506392548552,29.77,-0.0044936074514474456,1975-2001
ES220,Navarra,1976,tfr,2.5854267727278284,2.59,-0.004573227272171465,1975-2001
ES220,Navarra,1976,mac,29.41873479149634,29.419999999999998,-0.0012652085036570782,1975-2001
ES220,Navarra,1977,tfr,2.470114861655416,2.4699999999999998,1.1486165541629845e-4,1975-2001
ES220,Navarra,1977,mac,29.384844373931585,29.38,0.004844373931586432,1975-2001
ES220,Navarra,1978,tfr,2.296722979042799,2.3,-0.003277020957200616,1975-2001
ES220,Navarra,1978,mac,29.241737501651087,29.24,0.0017375016510889907,1975-2001
ES220,Navarra,1979,tfr,2.1348742095638813,2.13,0.004874209563881404,1975-2001
ES220,Navarra,1979,mac,29.280505770288038,29.279999999999998,5.057702880399972e-4,1975-2001
ES220,Navarra,1980,tfr,2.002285804637961,2,0.0022858046379607977,1975-2001
ES220,Navarra,1980,mac,29.279403043313714,29.279999999999998,-5.969566862837894e-4,1975-2001
ES220,Navarra,1981,tfr,1.8801852457839923,1.8800000000000001,1.8524578399214953e-4,1975-2001
ES220,Navarra,1981,mac,29.32887300654009,29.330000000000002,-0.0011269934599127396,1975-2001
ES220,Navarra,1982,tfr,1.734214614742188,1.73,0.004214614742187983,1975-2001
ES220,Navarra,1982,mac,29.449793013617317,29.45,-2.069863826825724e-4,1975-2001
ES220,Navarra,1983,tfr,1.6067950088233278,1.61,-0.0032049911766722783,1975-2001
ES220,Navarra,1983,mac,29.426719068799432,29.43,-0.003280931200567494,1975-2001
ES220,Navarra,1984,tfr,1.5377109278579675,1.54,-0.0022890721420325555,1975-2001
ES220,Navarra,1984,mac,29.552393038698003,29.55,0.0023930386980026697,1975-2001
ES220,Navarra,1985,tfr,1.4249244155626675,1.42,0.004924415562667539,1975-2001
ES220,Navarra,1985,mac,29.624462103758834,29.62,0.004462103758832825,1975-2001
ES220,Navarra,1986,tfr,1.365992597761446,1.37,-0.004007402238554114,1975-2001
ES220,Navarra,1986,mac,29.463123290207154,29.459999999999997,0.003123290207156515,1975-2001
ES220,Navarra,1987,tfr,1.2596317041081562,1.26,-3.682958918438395e-4,1975-2001
ES220,Navarra,1987,mac,29.64583220815513,29.650000000000002,-0.00416779184487126,1975-2001
ES220,Navarra,1988,tfr,1.28276520267235,1.28,0.00276520267234992,1975-2001
ES220,Navarra,1988,mac,29.73760098779569,29.74,-0.0023990122043073825,1975-2001
ES220,Navarra,1989,tfr,1.252258770937075,1.25,0.0022587709370749387,1975-2001
ES220,Navarra,1989,mac,29.762330639200172,29.759999999999998,0.0023306392001742893,1975-2001
ES220,Navarra,1990,tfr,1.232285551219875,1.23,0.0022855512198749484,1975-2001
ES220,Navarra,1990,mac,29.94288591328655,29.939999999999998,0.0028859132865513004,1975-2001
ES220,Navarra,1991,tfr,1.214680513748365,1.22,-0.0053194862516350305,1975-2001
ES220,Navarra,1991,mac,30.209496238229274,30.21,-5.037617707266406e-4,1975-2001
ES220,Navarra,1992,tfr,1.1364320936889991,1.1400000000000001,-0.0035679063110010123,1975-2001
ES220,Navarra,1992,mac,30.223419194702526,30.22,0.003419194702527051,1975-2001
ES220,Navarra,1993,tfr,1.15585597532413,1.1600000000000001,-0.0041440246758701615,1975-2001
ES220,Navarra,1993,mac,30.478164005298495,30.479999999999997,-0.00183599470150142,1975-2001
ES220,Navarra,1994,tfr,1.1318423955594057,1.1300000000000001,0.001842395559405574,1975-2001
ES220,Navarra,1994,mac,30.87826014349944,30.88,-0.0017398565005599664,1975-2001
ES220,Navarra,1995,tfr,1.1114341533589802,1.11,0.001434153358980117,1975-2001
ES220,Navarra,1995,mac,31.04594083025358,31.05,-0.0040591697464194,1975-2001
ES220,Navarra,1996,tfr,1.1463697308320298,1.1500000000000001,-0.003630269167970379,1975-2001
ES220,Navarra,1996,mac,31.258561773710362,31.259999999999998,-0.0014382262896361908,1975-2001
ES220,Navarra,1997,tfr,1.1667072432486814,1.1700000000000002,-0.0032927567513187928,1975-2001
ES220,Navarra,1997,mac,31.4864804769106,31.49,-0.003519523089398291,1975-2001
ES220,Navarra,1998,tfr,1.1504288474900801,1.1500000000000001,4.2884749007998657e-4,1975-2001
ES220,Navarra,1998,mac,31.650488821210075,31.650000000000002,4.888212100730982e-4,1975-2001
ES220,Navarra,1999,tfr,1.180377351071239,1.1800000000000002,3.773510712388184e-4,1975-2001
ES220,Navarra,1999,mac,31.828433682523624,31.830000000000002,-0.0015663174763780319,1975-2001
ES220,Navarra,2000,tfr,1.2036852167867502,1.2,0.003685216786750267,1975-2001
ES220,Navarra,2000,mac,31.711913934427294,31.71,0.0019139344272929293,1975-2001
ES220,Navarra,2001,tfr,1.2965614316902911,1.3,-0.0034385683097089004,1975-2001
ES220,Navarra,2001,mac,31.795699245876634,31.79,0.005699245876634507,1975-2001
ES220,Navarra,2002,tfr,1.3041082874352414,1.3,0.004108287435241387,2002-2024
ES220,Navarra,2002,mac,31.828141963748507,31.830000000000002,-0.0018580362514946103,2002-2024
ES220,Navarra,2003,tfr,1.3731848471318369,1.37,0.0031848471318367544,2002-2024
ES220,Navarra,2003,mac,31.67820462106655,31.68,-0.0017953789334512749,2002-2024
ES220,Navarra,2004,tfr,1.3813306278050363,1.3800000000000001,0.001330627805036233,2002-2024
ES220,Navarra,2004,mac,31.734340419532707,31.73,0.004340419532706363,2002-2024
ES220,Navarra,2005,tfr,1.3308108838221553,1.33,8.108838221552173e-4,2002-2024
ES220,Navarra,2005,mac,31.797590227947346,31.8,-0.0024097720526548017,2002-2024
ES220,Navarra,2006,tfr,1.4139992401375496,1.42,-0.0060007598624503,2002-2024
ES220,Navarra,2006,mac,31.515112927046914,31.52,-0.004887072953085436,2002-2024
ES220,Navarra,2007,tfr,1.4065789870359646,1.41,-0.003421012964035297,2002-2024
ES220,Navarra,2007,mac,31.480036451295707,31.479999999999997,3.6451295709838405e-5,2002-2024
ES220,Navarra,2008,tfr,1.4857073115867816,1.49,-0.004292688413218393,2002-2024
ES220,Navarra,2008,mac,31.452199389990405,31.45,0.002199389990405365,2002-2024
ES220,Navarra,2009,tfr,1.4384735514314224,1.44,-0.001526448568577532,2002-2024
ES220,Navarra,2009,mac,31.634853092772918,31.630000000000003,0.004853092772915346,2002-2024
ES220,Navarra,2010,tfr,1.4402485433570793,1.44,2.4854335707935604e-4,2002-2024
ES220,Navarra,2010,mac,31.604866213227528,31.610000000000003,-0.005133786772475446,2002-2024
ES220,Navarra,2011,tfr,1.4333245079292478,1.43,0.0033245079292478774,2002-2024
ES220,Navarra,2011,mac,32.11817377193677,32.120000000000005,-0.0018262280632370675,2002-2024
ES220,Navarra,2012,tfr,1.4614374818468219,1.46,0.0014374818468219086,2002-2024
ES220,Navarra,2012,mac,32.210748655019664,32.21,7.48655019663147e-4,2002-2024
ES220,Navarra,2013,tfr,1.3580063823773227,1.36,-0.001993617622677357,2002-2024
ES220,Navarra,2013,mac,32.33848277790113,32.339999999999996,-0.0015172220988688423,2002-2024
ES220,Navarra,2014,tfr,1.4339652183809524,1.44,-0.00603478161904758,2002-2024
ES220,Navarra,2014,mac,32.348765956258205,32.339999999999996,0.008765956258208973,2002-2024
ES220,Navarra,2015,tfr,1.4375773966632532,1.44,-0.0024226033367467092,2002-2024
ES220,Navarra,2015,mac,32.42561173562642,32.42,0.005611735626416703,2002-2024
ES220,Navarra,2016,tfr,1.451601144408683,1.45,0.0016011444086829751,2002-2024
ES220,Navarra,2016,mac,32.47117302668001,32.47,0.0011730266800142886,2002-2024
ES220,Navarra,2017,tfr,1.446333545918456,1.45,-0.0036664540815438684,2002-2024
ES220,Navarra,2017,mac,32.4729958862426,32.47,0.0029958862426013866,2002-2024
ES220,Navarra,2018,tfr,1.377881951216475,1.3800000000000001,-0.0021180487835250617,2002-2024
ES220,Navarra,2018,mac,32.52792756337811,32.52,0.007927563378103741,2002-2024
ES220,Navarra,2019,tfr,1.3835954529484438,1.3900000000000001,-0.006404547051556353,2002-2024
ES220,Navarra,2019,mac,32.61976725570476,32.620000000000005,-2.3274429524633433e-4,2002-2024
ES220,Navarra,2020,tfr,1.3123015249202705,1.31,0.00230152492027047,2002-2024
ES220,Navarra,2020,mac,32.697558616904246,32.7,-0.0024413830957570326,2002-2024
ES220,Navarra,2021,tfr,1.3502469242609374,1.35,2.46924260937309e-4,2002-2024
ES220,Navarra,2021,mac,33.026767939596645,33.03,-0.0032320604033557743,2002-2024
ES220,Navarra,2022,tfr,1.2670299535546727,1.27,-0.002970046445327279,2002-2024
ES220,Navarra,2022,mac,33.03923537583673,33.04,-7.646241632670581e-4,2002-2024
ES220,Navarra,2023,tfr,1.1897483428587254,1.1900000000000002,-2.516571412747304e-4,2002-2024
ES220,Navarra,2023,mac,32.965537897847696,32.97,-0.004462102152302805,2002-2024
ES220,Navarra,2024,tfr,1.2049212530141007,1.2,0.004921253014100735,2002-2024
ES220,Navarra,2024,mac,33.050278916997364,33.05,2.7891699736670716e-4,2002-2024
ES230,La Rioja,1975,tfr,2.3899137645646746,2.3899999999999997,-8.623543532504385e-5,1975-2001
ES230,La Rioja,1975,mac,29.166709952130702,29.17,-0.0032900478692994284,1975-2001
ES230,La Rioja,1976,tfr,2.6146684578534733,2.61,0.004668457853473473,1975-2001
ES230,La Rioja,1976,mac,29.010749247705228,29.01,7.492477052259972e-4,1975-2001
ES230,La Rioja,1977,tfr,2.294441229112593,2.29,0.004441229112592815,1975-2001
ES230,La Rioja,1977,mac,28.72610812248377,28.73,-0.0038918775162315455,1975-2001
ES230,La Rioja,1978,tfr,2.308385564728101,2.3099999999999996,-0.0016144352718985289,1975-2001
ES230,La Rioja,1978,mac,28.738000076188282,28.74,-0.001999923811716542,1975-2001
ES230,La Rioja,1979,tfr,2.1757214392780138,2.18,-0.004278560721986402,1975-2001
ES230,La Rioja,1979,mac,28.428444645970348,28.43,-0.0015553540296515678,1975-2001
ES230,La Rioja,1980,tfr,2.0574662467428193,2.06,-0.0025337532571807486,1975-2001
ES230,La Rioja,1980,mac,28.50025458555158,28.5,2.5458555158053287e-4,1975-2001
ES230,La Rioja,1981,tfr,1.8535989574599474,1.85,0.003598957459947316,1975-2001
ES230,La Rioja,1981,mac,28.631057006021326,28.630000000000003,0.0010570060213233035,1975-2001
ES230,La Rioja,1982,tfr,1.800758345454193,1.8,7.583454541930656e-4,1975-2001
ES230,La Rioja,1982,mac,28.59893341908656,28.6,-0.0010665809134415838,1975-2001
ES230,La Rioja,1983,tfr,1.6532716497096591,1.6500000000000001,0.003271649709658986,1975-2001
ES230,La Rioja,1983,mac,28.589251526388683,28.59,-7.484736113170243e-4,1975-2001
ES230,La Rioja,1984,tfr,1.5525930106329442,1.55,0.0025930106329441482,1975-2001
ES230,La Rioja,1984,mac,28.7516942582991,28.75,0.001694258299099971,1975-2001
ES230,La Rioja,1985,tfr,1.4948416665668647,1.49,0.0048416665668646885,1975-2001
ES230,La Rioja,1985,mac,28.496494773219766,28.5,-0.0035052267802342385,1975-2001
ES230,La Rioja,1986,tfr,1.324610133437011,1.32,0.004610133437010999,1975-2001
ES230,La Rioja,1986,mac,28.643162217150895,28.64,0.0031622171508942643,1975-2001
ES230,La Rioja,1987,tfr,1.3195097730572218,1.32,-4.902269427782269e-4,1975-2001
ES230,La Rioja,1987,mac,29.106306829921998,29.110000000000003,-0.0036931700780051813,1975-2001
ES230,La Rioja,1988,tfr,1.3041012475470675,1.3,0.0041012475470674215,1975-2001
ES230,La Rioja,1988,mac,28.908395831164263,28.91,-0.0016041688357368855,1975-2001
ES230,La Rioja,1989,tfr,1.2518599280505414,1.25,0.0018599280505413596,1975-2001
ES230,La Rioja,1989,mac,29.160864294666656,29.16,8.642946666554963e-4,1975-2001
ES230,La Rioja,1990,tfr,1.2050083344096094,1.2,0.005008334409609461,1975-2001
ES230,La Rioja,1990,mac,29.20225304898627,29.2,0.0022530489862724323,1975-2001
ES230,La Rioja,1991,tfr,1.1440416511638745,1.1400000000000001,0.004041651163874338,1975-2001
ES230,La Rioja,1991,mac,29.57105196610267,29.57,0.0010519661026684446,1975-2001
ES230,La Rioja,1992,tfr,1.1023791645155232,1.1,0.0023791645155231134,1975-2001
ES230,La Rioja,1992,mac,29.75396113419523,29.75,0.0039611341952294765,1975-2001
ES230,La Rioja,1993,tfr,1.081523495327975,1.08,0.0015234953279750219,1975-2001
ES230,La Rioja,1993,mac,30.099770625696504,30.1,-2.2937430349756482e-4,1975-2001
ES230,La Rioja,1994,tfr,1.0822415259370164,1.08,0.00224152593701632,1975-2001
ES230,La Rioja,1994,mac,30.128198827038904,30.130000000000003,-0.001801172961098274,1975-2001
ES230,La Rioja,1995,tfr,1.01704911499761,1.02,-0.002950885002390047,1975-2001
ES230,La Rioja,1995,mac,30.549495191125395,30.55,-5.048088746057999e-4,1975-2001
ES230,La Rioja,1996,tfr,1.0299074493605176,1.03,-9.255063948243603e-5,1975-2001
ES230,La Rioja,1996,mac,30.79289162276972,30.79,0.0028916227697202146,1975-2001
ES230,La Rioja,1997,tfr,1.056838199624168,1.06,-0.0031618003758320246,1975-2001
ES230,La Rioja,1997,mac,30.912691853593905,30.91,0.0026918535939053356,1975-2001
ES230,La Rioja,1998,tfr,1.0643574313844562,1.06,0.004357431384456101,1975-2001
ES230,La Rioja,1998,mac,31.12142957730524,31.12,0.0014295773052381833,1975-2001
ES230,La Rioja,1999,tfr,1.093443340209711,1.09,0.0034433402097109322,1975-2001
ES230,La Rioja,1999,mac,31.178362219926953,31.18,-0.001637780073046713,1975-2001
ES230,La Rioja,2000,tfr,1.1200477908062476,1.12,4.77908062475052e-5,1975-2001
ES230,La Rioja,2000,mac,31.29000134326867,31.29,1.3432686714054398e-6,1975-2001
ES230,La Rioja,2001,tfr,1.1451901467182115,1.1500000000000001,-0.004809853281788623,1975-2001
ES230,La Rioja,2001,mac,31.241147088655552,31.24,0.0011470886555535742,1975-2001
ES230,La Rioja,2002,tfr,1.2020103916741993,1.2,0.0020103916741993633,2002-2024
ES230,La Rioja,2002,mac,31.154316603552115,31.150000000000002,0.004316603552112497,2002-2024
ES230,La Rioja,2003,tfr,1.3086573890629425,1.31,-0.0013426109370575645,2002-2024
ES230,La Rioja,2003,mac,31.183099553153856,31.18,0.003099553153855794,2002-2024
ES230,La Rioja,2004,tfr,1.3014026563312746,1.3,0.0014026563312745655,2002-2024
ES230,La Rioja,2004,mac,31.281452362239058,31.279999999999998,0.001452362239060534,2002-2024
ES230,La Rioja,2005,tfr,1.3321425719732582,1.33,0.0021425719732581783,2002-2024
ES230,La Rioja,2005,mac,30.99162273490247,30.99,0.0016227349024724447,2002-2024
ES230,La Rioja,2006,tfr,1.3295241000586584,1.33,-4.7589994134167313e-4,2002-2024
ES230,La Rioja,2006,mac,31.073731614649724,31.07,0.0037316146497232694,2002-2024
ES230,La Rioja,2007,tfr,1.4064409340474802,1.41,-0.0035590659525197577,2002-2024
ES230,La Rioja,2007,mac,30.81715964402963,30.82,-0.0028403559703704673,2002-2024
ES230,La Rioja,2008,tfr,1.4922662747245217,1.49,0.0022662747245216774,2002-2024
ES230,La Rioja,2008,mac,30.728397660428456,30.74,-0.01160233957154233,2002-2024
ES230,La Rioja,2009,tfr,1.4116370597731018,1.41,0.001637059773101912,2002-2024
ES230,La Rioja,2009,mac,31.081770334782018,31.08,0.0017703347820194892,2002-2024
ES230,La Rioja,2010,tfr,1.4430835418297396,1.44,0.003083541829739689,2002-2024
ES230,La Rioja,2010,mac,31.363717145752606,31.36,0.003717145752606399,2002-2024
ES230,La Rioja,2011,tfr,1.3735080334021281,1.37,0.003508033402128019,2002-2024
ES230,La Rioja,2011,mac,31.51971904001895,31.52,-2.8095998105115427e-4,2002-2024
ES230,La Rioja,2012,tfr,1.406182664403683,1.41,-0.0038173355963169175,2002-2024
ES230,La Rioja,2012,mac,31.750886252204882,31.759999999999998,-0.009113747795115756,2002-2024
ES230,La Rioja,2013,tfr,1.3274323939701909,1.33,-0.0025676060298092107,2002-2024
ES230,La Rioja,2013,mac,31.846374857569675,31.85,-0.0036251424303266333,2002-2024
ES230,La Rioja,2014,tfr,1.3422011629775468,1.34,0.002201162977546689,2002-2024
ES230,La Rioja,2014,mac,31.890916193603374,31.89,9.161936033734719e-4,2002-2024
ES230,La Rioja,2015,tfr,1.3317071396738462,1.33,0.0017071396738461697,2002-2024
ES230,La Rioja,2015,mac,32.159942599647216,32.160000000000004,-5.7400352787340125e-5,2002-2024
ES230,La Rioja,2016,tfr,1.35282839546932,1.35,0.002828395469320011,2002-2024
ES230,La Rioja,2016,mac,31.938956655114154,31.939999999999998,-0.0010433448858435668,2002-2024
ES230,La Rioja,2017,tfr,1.3393388376598174,1.34,-6.611623401826527e-4,2002-2024
ES230,La Rioja,2017,mac,32.14572745656101,32.15,-0.004272543438986531,2002-2024
ES230,La Rioja,2018,tfr,1.233756907830452,1.24,-0.006243092169547992,2002-2024
ES230,La Rioja,2018,mac,32.44137146835438,32.44,0.0013714683543852857,2002-2024
ES230,La Rioja,2019,tfr,1.3017157988067691,1.3,0.0017157988067690866,2002-2024
ES230,La Rioja,2019,mac,32.30420088299172,32.3,0.004200882991725052,2002-2024
ES230,La Rioja,2020,tfr,1.2701486214429352,1.27,1.4862144293514845e-4,2002-2024
ES230,La Rioja,2020,mac,32.483734256749244,32.49,-0.006265743250757794,2002-2024
ES230,La Rioja,2021,tfr,1.2205021105318397,1.22,5.021105318396835e-4,2002-2024
ES230,La Rioja,2021,mac,32.73609643306583,32.74,-0.003903566934170044,2002-2024
ES230,La Rioja,2022,tfr,1.241637041716949,1.24,0.001637041716949117,2002-2024
ES230,La Rioja,2022,mac,32.50919875071597,32.51,-8.012492840308028e-4,2002-2024
ES230,La Rioja,2023,tfr,1.1323327405289279,1.1300000000000001,0.0023327405289277348,2002-2024
ES230,La Rioja,2023,mac,32.798896222054566,32.8,-0.0011037779454312613,2002-2024
ES230,La Rioja,2024,tfr,1.1641316330341691,1.1600000000000001,0.004131633034168969,2002-2024
ES230,La Rioja,2024,mac,32.59516616903693,32.6,-0.0048338309630722165,2002-2024
ES241,Huesca,1975,tfr,2.182709434145278,2.18,0.0027094341452778004,1975-2001
ES241,Huesca,1975,mac,29.23012643604158,29.23,1.2643604157958066e-4,1975-2001
ES241,Huesca,1976,tfr,2.1940848038464926,2.19,0.0040848038464926795,1975-2001
ES241,Huesca,1976,mac,28.934859075468626,28.93,0.004859075468626628,1975-2001
ES241,Huesca,1977,tfr,2.166456742441629,2.17,-0.003543257558371149,1975-2001
ES241,Huesca,1977,mac,28.769693165821778,28.77,-3.0683417822174874e-4,1975-2001
ES241,Huesca,1978,tfr,2.0968836172670327,2.1,-0.0031163827329674376,1975-2001
ES241,Huesca,1978,mac,28.790566612628314,28.79,5.66612628315255e-4,1975-2001
ES241,Huesca,1979,tfr,2.0146721687585303,2.01,0.004672168758530493,1975-2001
ES241,Huesca,1979,mac,28.741072991357832,28.74,0.0010729913578337857,1975-2001
ES241,Huesca,1980,tfr,2.050389954004698,2.05,3.8995400469810093e-4,1975-2001
ES241,Huesca,1980,mac,28.627267449243355,28.62,0.007267449243354207,1975-2001
ES241,Huesca,1981,tfr,1.7583910918634305,1.76,-0.0016089081365695534,1975-2001
ES241,Huesca,1981,mac,28.688811628783615,28.69,-0.0011883712163864857,1975-2001
ES241,Huesca,1982,tfr,1.7123022691228853,1.71,0.0023022691228853365,1975-2001
ES241,Huesca,1982,mac,28.72495422455719,28.72,0.004954224557192077,1975-2001
ES241,Huesca,1983,tfr,1.54577370401485,1.55,-0.004226295985150008,1975-2001
ES241,Huesca,1983,mac,28.91469784895708,28.91,0.004697848957079032,1975-2001
ES241,Huesca,1984,tfr,1.472789009384505,1.47,0.0027890093845051034,1975-2001
ES241,Huesca,1984,mac,28.760852392531266,28.759999999999998,8.523925312680092e-4,1975-2001
ES241,Huesca,1985,tfr,1.4168190562798102,1.42,-0.003180943720189733,1975-2001
ES241,Huesca,1985,mac,28.803221471012304,28.8,0.0032214710123028567,1975-2001
ES241,Huesca,1986,tfr,1.3836219489310848,1.3800000000000001,0.0036219489310846953,1975-2001
ES241,Huesca,1986,mac,28.96923506518641,28.97,-7.649348135885248e-4,1975-2001
ES241,Huesca,1987,tfr,1.293493579772296,1.29,0.0034935797722959183,1975-2001
ES241,Huesca,1987,mac,28.967560927475787,28.97,-0.002439072524211383,1975-2001
ES241,Huesca,1988,tfr,1.2089346011792663,1.21,-0.001065398820733643,1975-2001
ES241,Huesca,1988,mac,29.01310410593072,29.01,0.0031041059307170826,1975-2001
ES241,Huesca,1989,tfr,1.1765363496127645,1.1800000000000002,-0.0034636503872356172,1975-2001
ES241,Huesca,1989,mac,29.1187547590457,29.12,-0.0012452409543008969,1975-2001
ES241,Huesca,1990,tfr,1.1517947171377982,1.1500000000000001,0.0017947171377981075,1975-2001
ES241,Huesca,1990,mac,29.097112032864747,29.1,-0.002887967135254854,1975-2001
ES241,Huesca,1991,tfr,1.1753744056241293,1.1800000000000002,-0.004625594375870845,1975-2001
ES241,Huesca,1991,mac,29.58825730875107,29.59,-0.0017426912489284518,1975-2001
ES241,Huesca,1992,tfr,1.199252891262072,1.2,-7.471087379280483e-4,1975-2001
ES241,Huesca,1992,mac,29.799924033970193,29.8,-7.596602980797229e-5,1975-2001
ES241,Huesca,1993,tfr,1.0354727146294218,1.04,-0.004527285370578227,1975-2001
ES241,Huesca,1993,mac,29.87838677419354,29.88,-0.001613225806458729,1975-2001
ES241,Huesca,1994,tfr,1.133856688944,1.1300000000000001,0.003856688943999931,1975-2001
ES241,Huesca,1994,mac,30.114643499713733,30.110000000000003,0.004643499713729682,1975-2001
ES241,Huesca,1995,tfr,1.0797128420027955,1.08,-2.87157997204579e-4,1975-2001
ES241,Huesca,1995,mac,30.47903647535397,30.479999999999997,-9.635246460284463e-4,1975-2001
ES241,Huesca,1996,tfr,1.1017847230707691,1.1,0.0017847230707690453,1975-2001
ES241,Huesca,1996,mac,30.796378567787123,30.8,-0.0036214322128778065,1975-2001
ES241,Huesca,1997,tfr,1.070301242176584,1.07,3.0124217658400454e-4,1975-2001
ES241,Huesca,1997,mac,31.093177724423704,31.09,0.0031777244237041202,1975-2001
ES241,Huesca,1998,tfr,1.069670177953262,1.07,-3.298220467380375e-4,1975-2001
ES241,Huesca,1998,mac,30.976820045832255,30.979999999999997,-0.0031799541677415277,1975-2001
ES241,Huesca,1999,tfr,1.1017901276593254,1.1,0.0017901276593252913,1975-2001
ES241,Huesca,1999,mac,31.07213893820337,31.07,0.0021389382033696336,1975-2001
ES241,Huesca,2000,tfr,1.0947076244656448,1.09,0.004707624465644766,1975-2001
ES241,Huesca,2000,mac,31.52718632476602,31.53,-0.0028136752339804616,1975-2001
ES241,Huesca,2001,tfr,1.1552225296745475,1.1500000000000001,0.005222529674547394,1975-2001
ES241,Huesca,2001,mac,31.345070882290887,31.34,0.0050708822908873685,1975-2001
ES241,Huesca,2002,tfr,1.135687908160102,1.1400000000000001,-0.004312091839898224,2002-2024
ES241,Huesca,2002,mac,31.290924489549337,31.29,9.244895493374372e-4,2002-2024
ES241,Huesca,2003,tfr,1.147683264260372,1.1500000000000001,-0.002316735739628095,2002-2024
ES241,Huesca,2003,mac,30.936495552824805,30.939999999999998,-0.0035044471751923822,2002-2024
ES241,Huesca,2004,tfr,1.2579710907644346,1.26,-0.0020289092355654237,2002-2024
ES241,Huesca,2004,mac,31.31857162942532,31.310000000000002,0.00857162942531886,2002-2024
ES241,Huesca,2005,tfr,1.2111757097641729,1.21,0.0011757097641729164,2002-2024
ES241,Huesca,2005,mac,31.295037689902564,31.3,-0.004962310097436529,2002-2024
ES241,Huesca,2006,tfr,1.2549261882894387,1.26,-0.005073811710561316,2002-2024
ES241,Huesca,2006,mac,31.426203949603497,31.419999999999998,0.006203949603499126,2002-2024
ES241,Huesca,2007,tfr,1.2791871204050351,1.28,-8.128795949648993e-4,2002-2024
ES241,Huesca,2007,mac,31.05101285941265,31.05,0.001012859412650613,2002-2024
ES241,Huesca,2008,tfr,1.400299942216786,1.4,2.999422167861976e-4,2002-2024
ES241,Huesca,2008,mac,30.78350460769663,30.79,-0.0064953923033677086,2002-2024
ES241,Huesca,2009,tfr,1.359958088381272,1.36,-4.191161872801885e-5,2002-2024
ES241,Huesca,2009,mac,30.968657437311652,30.97,-0.00134256268834676,2002-2024
ES241,Huesca,2010,tfr,1.3271848756664244,1.33,-0.0028151243335756693,2002-2024
ES241,Huesca,2010,mac,31.159414335316114,31.16,-5.856646838857671e-4,2002-2024
ES241,Huesca,2011,tfr,1.3015419698440718,1.3,0.0015419698440717333,2002-2024
ES241,Huesca,2011,mac,31.38957749302207,31.39,-4.2250697793022596e-4,2002-2024
ES241,Huesca,2012,tfr,1.294365249785067,1.3,-0.005634750214932982,2002-2024
ES241,Huesca,2012,mac,31.92520293597158,31.93,-0.00479706402841984,2002-2024
ES241,Huesca,2013,tfr,1.3566582919927805,1.36,-0.003341708007219557,2002-2024
ES241,Huesca,2013,mac,31.77001778374063,31.77,1.778374063121646e-5,2002-2024
ES241,Huesca,2014,tfr,1.2736405097576102,1.27,0.003640509757610211,2002-2024
ES241,Huesca,2014,mac,31.481373509950146,31.479999999999997,0.0013735099501488435,2002-2024
ES241,Huesca,2015,tfr,1.400191011735829,1.4,1.9101173582902753e-4,2002-2024
ES241,Huesca,2015,mac,31.89422614549656,31.89,0.004226145496559752,2002-2024
ES241,Huesca,2016,tfr,1.326714915361711,1.33,-0.0032850846382890264,2002-2024
ES241,Huesca,2016,mac,31.98446910313075,31.99,-0.0055308968692493465,2002-2024
ES241,Huesca,2017,tfr,1.3573050444479489,1.36,-0.002694955552051237,2002-2024
ES241,Huesca,2017,mac,32.23937002265942,32.230000000000004,0.009370022659417998,2002-2024
ES241,Huesca,2018,tfr,1.3289201127796277,1.33,-0.001079887220372333,2002-2024
ES241,Huesca,2018,mac,32.20508237183011,32.21,-0.004917628169891941,2002-2024
ES241,Huesca,2019,tfr,1.2868223848438651,1.29,-0.0031776151561349053,2002-2024
ES241,Huesca,2019,mac,32.2961348337621,32.290000000000006,0.006134833762097003,2002-2024
ES241,Huesca,2020,tfr,1.2149259353153754,1.22,-0.0050740646846245685,2002-2024
ES241,Huesca,2020,mac,32.434460188887606,32.44,-0.005539811112392101,2002-2024
ES241,Huesca,2021,tfr,1.297439769441268,1.3,-0.0025602305587320018,2002-2024
ES241,Huesca,2021,mac,32.77590369580392,32.78,-0.004096304196082201,2002-2024
ES241,Huesca,2022,tfr,1.254142359635022,1.25,0.004142359635022075,2002-2024
ES241,Huesca,2022,mac,32.60721364411081,32.61,-0.0027863558891922935,2002-2024
ES241,Huesca,2023,tfr,1.1585485181940494,1.1600000000000001,-0.0014514818059507828,2002-2024
ES241,Huesca,2023,mac,32.575296027368935,32.58,-0.004703972631062925,2002-2024
ES241,Huesca,2024,tfr,1.2557680570635534,1.26,-0.0042319429364465755,2002-2024
ES241,Huesca,2024,mac,32.3226070502894,32.32,0.0026070502893986713,2002-2024
ES242,Teruel,1975,tfr,1.9830981421217182,1.98,0.003098142121718217,1975-2001
ES242,Teruel,1975,mac,29.387703615244476,29.39,-0.0022963847555246275,1975-2001
ES242,Teruel,1976,tfr,2.0435475661413562,2.04,0.0035475661413562065,1975-2001
ES242,Teruel,1976,mac,29.30979745673865,29.310000000000002,-2.025432613521616e-4,1975-2001
ES242,Teruel,1977,tfr,2.1259023940335853,2.12,0.005902394033585168,1975-2001
ES242,Teruel,1977,mac,28.748568477621344,28.75,-0.0014315223786560693,1975-2001
ES242,Teruel,1978,tfr,2.110262504665381,2.11,2.6250466538124684e-4,1975-2001
ES242,Teruel,1978,mac,28.731692629835333,28.73,0.001692629835332582,1975-2001
ES242,Teruel,1979,tfr,2.170869002508069,2.17,8.690025080690944e-4,1975-2001
ES242,Teruel,1979,mac,28.28092365796567,28.279999999999998,9.236579656715094e-4,1975-2001
ES242,Teruel,1980,tfr,2.0682606427404813,2.07,-0.0017393572595185702,1975-2001
ES242,Teruel,1980,mac,28.411514559520278,28.41,0.0015145595202774587,1975-2001
ES242,Teruel,1981,tfr,1.9479128006541233,1.95,-0.0020871993458766447,1975-2001
ES242,Teruel,1981,mac,28.517677020133867,28.52,-0.002322979866132613,1975-2001
ES242,Teruel,1982,tfr,1.832642497923692,1.83,0.0026424979236918666,1975-2001
ES242,Teruel,1982,mac,28.710523707833023,28.71,5.237078330218026e-4,1975-2001
ES242,Teruel,1983,tfr,1.73208224602715,1.73,0.0020822460271501253,1975-2001
ES242,Teruel,1983,mac,28.96879631829386,28.97,-0.0012036817061371607,1975-2001
ES242,Teruel,1984,tfr,1.6935830773266973,1.6900000000000002,0.0035830773266971594,1975-2001
ES242,Teruel,1984,mac,29.029724090473817,29.03,-2.7590952618439246e-4,1975-2001
ES242,Teruel,1985,tfr,1.6134092430780242,1.61,0.003409243078024149,1975-2001
ES242,Teruel,1985,mac,28.986373353375086,28.99,-0.0036266466249124107,1975-2001
ES242,Teruel,1986,tfr,1.5963527891194567,1.6,-0.003647210880543428,1975-2001
ES242,Teruel,1986,mac,28.833667665208583,28.830000000000002,0.0036676652085816386,1975-2001
ES242,Teruel,1987,tfr,1.489993560169778,1.49,-6.4398302219714765e-6,1975-2001
ES242,Teruel,1987,mac,28.705738041685276,28.7,0.005738041685276585,1975-2001
ES242,Teruel,1988,tfr,1.4621999804294197,1.46,0.0021999804294197123,1975-2001
ES242,Teruel,1988,mac,29.11911226778789,29.12,-8.877322121101372e-4,1975-2001
ES242,Teruel,1989,tfr,1.3462530274873465,1.35,-0.003746972512653546,1975-2001
ES242,Teruel,1989,mac,28.716062038819985,28.71,0.006062038819983684,1975-2001
ES242,Teruel,1990,tfr,1.3934126001217755,1.3900000000000001,0.0034126001217753554,1975-2001
ES242,Teruel,1990,mac,29.050199894028186,29.05,1.9989402818509916e-4,1975-2001
ES242,Teruel,1991,tfr,1.2687267564862978,1.27,-0.0012732435137021714,1975-2001
ES242,Teruel,1991,mac,29.239495520906416,29.24,-5.044790935819776e-4,1975-2001
ES242,Teruel,1992,tfr,1.2621046129467268,1.26,0.0021046129467268138,1975-2001
ES242,Teruel,1992,mac,29.54118967306537,29.54,0.001189673065372432,1975-2001
ES242,Teruel,1993,tfr,1.2381933945553032,1.24,-0.001806605444696796,1975-2001
ES242,Teruel,1993,mac,29.869417798556018,29.87,-5.822014439829104e-4,1975-2001
ES242,Teruel,1994,tfr,1.2317497001048012,1.23,0.001749700104801244,1975-2001
ES242,Teruel,1994,mac,30.271137954246164,30.27,0.0011379542461646963,1975-2001
ES242,Teruel,1995,tfr,1.0974762939861626,1.1,-0.0025237060138374456,1975-2001
ES242,Teruel,1995,mac,30.011692724774083,30.01,0.0016927247740810003,1975-2001
ES242,Teruel,1996,tfr,1.0798582931786747,1.08,-1.417068213254158e-4,1975-2001
ES242,Teruel,1996,mac,30.415318725071124,30.419999999999998,-0.004681274928874046,1975-2001
ES242,Teruel,1997,tfr,1.1541007302394841,1.1500000000000001,0.004100730239483985,1975-2001
ES242,Teruel,1997,mac,30.694738531821532,30.69,0.0047385318215305006,1975-2001
ES242,Teruel,1998,tfr,1.0841622609915018,1.08,0.004162260991501743,1975-2001
ES242,Teruel,1998,mac,30.907420685590893,30.91,-0.002579314409107525,1975-2001
ES242,Teruel,1999,tfr,1.03130342210734,1.03,0.0013034221073400243,1975-2001
ES242,Teruel,1999,mac,31.293329556160874,31.29,0.0033295561608746027,1975-2001
ES242,Teruel,2000,tfr,1.2000493518899402,1.2,4.9351889940263405e-5,1975-2001
ES242,Teruel,2000,mac,31.373282086573024,31.37,0.00328208657302298,1975-2001
ES242,Teruel,2001,tfr,1.1489840454899132,1.1500000000000001,-0.0010159545100869583,1975-2001
ES242,Teruel,2001,mac,31.295863422682675,31.29,0.005863422682676145,1975-2001
ES242,Teruel,2002,tfr,1.0404384310983479,1.04,4.3843109834784677e-4,2002-2024
ES242,Teruel,2002,mac,31.442895666210738,31.439999999999998,0.002895666210740444,2002-2024
ES242,Teruel,2003,tfr,1.136668802004824,1.1400000000000001,-0.003331197995176227,2002-2024
ES242,Teruel,2003,mac,31.349359003567265,31.35,-6.40996432736074e-4,2002-2024
ES242,Teruel,2004,tfr,1.2252870656815225,1.23,-0.004712934318477524,2002-2024
ES242,Teruel,2004,mac,31.610366747081613,31.6,0.010366747081612004,2002-2024
ES242,Teruel,2005,tfr,1.262640320708744,1.26,0.0026403207087439817,2002-2024
ES242,Teruel,2005,mac,31.182584508408436,31.18,0.002584508408435937,2002-2024
ES242,Teruel,2006,tfr,1.267527244049243,1.27,-0.002472755950756911,2002-2024
ES242,Teruel,2006,mac,31.364845525192273,31.37,-0.005154474807728349,2002-2024
ES242,Teruel,2007,tfr,1.3531338907742605,1.35,0.003133890774260406,2002-2024
ES242,Teruel,2007,mac,31.175344132067412,31.19,-0.014655867932589217,2002-2024
ES242,Teruel,2008,tfr,1.3556116499171558,1.35,0.005611649917155681,2002-2024
ES242,Teruel,2008,mac,31.233761276448575,31.24,-0.006238723551422964,2002-2024
ES242,Teruel,2009,tfr,1.3656395195932722,1.36,0.005639519593272135,2002-2024
ES242,Teruel,2009,mac,31.27995757568451,31.279999999999998,-4.242431548817649e-5,2002-2024
ES242,Teruel,2010,tfr,1.3164992296729852,1.32,-0.0035007703270149015,2002-2024
ES242,Teruel,2010,mac,31.299388415729922,31.3,-6.1158427007868e-4,2002-2024
ES242,Teruel,2011,tfr,1.3548442127684297,1.36,-0.005155787231570397,2002-2024
ES242,Teruel,2011,mac,31.781818968948922,31.779999999999998,0.0018189689489247485,2002-2024
ES242,Teruel,2012,tfr,1.3264204966905606,1.33,-0.003579503309439458,2002-2024
ES242,Teruel,2012,mac,31.52078537682235,31.53,-0.00921462317765176,2002-2024
ES242,Teruel,2013,tfr,1.3528816638778676,1.35,0.0028816638778674797,2002-2024
ES242,Teruel,2013,mac,31.537135043422378,31.55,-0.012864956577622877,2002-2024
ES242,Teruel,2014,tfr,1.3712312090584302,1.37,0.001231209058430105,2002-2024
ES242,Teruel,2014,mac,31.977533174481515,31.97,0.007533174481515914,2002-2024
ES242,Teruel,2015,tfr,1.2521674616954201,1.26,-0.007832538304579861,2002-2024
ES242,Teruel,2015,mac,32.04280531966778,32.05,-0.00719468033221915,2002-2024
ES242,Teruel,2016,tfr,1.3799504123814186,1.3800000000000001,-4.958761858153693e-5,2002-2024
ES242,Teruel,2016,mac,32.07977472483414,32.08,-2.252751658602392e-4,2002-2024
ES242,Teruel,2017,tfr,1.2555661528084483,1.26,-0.00443384719155171,2002-2024
ES242,Teruel,2017,mac,32.377899482919055,32.39,-0.012100517080945394,2002-2024
ES242,Teruel,2018,tfr,1.2826687664927068,1.29,-0.0073312335072932555,2002-2024
ES242,Teruel,2018,mac,32.54818598136771,32.56,-0.011814018632293255,2002-2024
ES242,Teruel,2019,tfr,1.3438659323214752,1.35,-0.006134067678524868,2002-2024
ES242,Teruel,2019,mac,32.39592881728385,32.4,-0.004071182716145927,2002-2024
ES242,Teruel,2020,tfr,1.2803761158645874,1.28,3.7611586458741186e-4,2002-2024
ES242,Teruel,2020,mac,32.27350108119269,32.260000000000005,0.013501081192686115,2002-2024
ES242,Teruel,2021,tfr,1.2754795533505008,1.28,-0.0045204466494992435,2002-2024
ES242,Teruel,2021,mac,32.91075511589169,32.91,7.55115891692526e-4,2002-2024
ES242,Teruel,2022,tfr,1.332863758073467,1.33,0.0028637580734669488,2002-2024
ES242,Teruel,2022,mac,32.78289599991527,32.78,0.0028959999152675664,2002-2024
ES242,Teruel,2023,tfr,1.2023300986045462,1.2,0.002330098604546249,2002-2024
ES242,Teruel,2023,mac,32.692741522260675,32.690000000000005,0.0027415222606705925,2002-2024
ES242,Teruel,2024,tfr,1.2326583552199408,1.23,0.0026583552199408444,2002-2024
ES242,Teruel,2024,mac,32.92767024252117,32.93,-0.0023297574788330166,2002-2024
ES243,Zaragoza,1975,tfr,2.5010911125836097,2.5,0.0010911125836097213,1975-2001
ES243,Zaragoza,1975,mac,29.107236593954504,29.110000000000003,-0.002763406045499295,1975-2001
ES243,Zaragoza,1976,tfr,2.475080116479959,2.48,-0.004919883520040802,1975-2001
ES243,Zaragoza,1976,mac,28.746836990671596,28.75,-0.003163009328403632,1975-2001
ES243,Zaragoza,1977,tfr,2.342882706896918,2.34,0.0028827068969179415,1975-2001
ES243,Zaragoza,1977,mac,28.65264282675108,28.650000000000002,0.0026428267510780756,1975-2001
ES243,Zaragoza,1978,tfr,2.2212413385848397,2.22,0.0012413385848395464,1975-2001
ES243,Zaragoza,1978,mac,28.632121454793566,28.630000000000003,0.0021214547935635153,1975-2001
ES243,Zaragoza,1979,tfr,2.053082457250587,2.05,0.0030824572505872005,1975-2001
ES243,Zaragoza,1979,mac,28.632345489161033,28.630000000000003,0.0023454891610299455,1975-2001
ES243,Zaragoza,1980,tfr,1.9218829031459053,1.92,0.0018829031459053347,1975-2001
ES243,Zaragoza,1980,mac,28.596687331543084,28.6,-0.003312668456917578,1975-2001
ES243,Zaragoza,1981,tfr,1.7777071001780151,1.78,-0.002292899821984884,1975-2001
ES243,Zaragoza,1981,mac,28.714605023752974,28.72,-0.00539497624702534,1975-2001
ES243,Zaragoza,1982,tfr,1.6880777356563743,1.6900000000000002,-0.0019222643436258569,1975-2001
ES243,Zaragoza,1982,mac,28.938245556414536,28.939999999999998,-0.001754443585461729,1975-2001
ES243,Zaragoza,1983,tfr,1.5175939158728151,1.52,-0.0024060841271849043,1975-2001
ES243,Zaragoza,1983,mac,28.81493366987695,28.82,-0.005066330123050022,1975-2001
ES243,Zaragoza,1984,tfr,1.4985001637907505,1.5,-0.0014998362092495388,1975-2001
ES243,Zaragoza,1984,mac,28.902308026659746,28.9,0.0023080266597474974,1975-2001
ES243,Zaragoza,1985,tfr,1.4168277292430627,1.42,-0.0031722707569372677,1975-2001
ES243,Zaragoza,1985,mac,29.022327370957434,29.02,0.002327370957434738,1975-2001
ES243,Zaragoza,1986,tfr,1.32117008921983,1.32,0.0011700892198298618,1975-2001
ES243,Zaragoza,1986,mac,29.10071064815168,29.1,7.106481516778729e-4,1975-2001
ES243,Zaragoza,1987,tfr,1.276460974163842,1.28,-0.0035390258361580607,1975-2001
ES243,Zaragoza,1987,mac,29.18716988179998,29.19,-0.002830118200019882,1975-2001
ES243,Zaragoza,1988,tfr,1.2717553708680185,1.27,0.0017553708680184688,1975-2001
ES243,Zaragoza,1988,mac,29.20923362504813,29.21,-7.663749518691532e-4,1975-2001
ES243,Zaragoza,1989,tfr,1.2200644563384342,1.22,6.445633843421561e-5,1975-2001
ES243,Zaragoza,1989,mac,29.346936832419498,29.35,-0.00306316758050329,1975-2001
ES243,Zaragoza,1990,tfr,1.1285892625169582,1.1300000000000001,-0.0014107374830418795,1975-2001
ES243,Zaragoza,1990,mac,29.56418957662859,29.56,0.00418957662859043,1975-2001
ES243,Zaragoza,1991,tfr,1.1323293992708845,1.1300000000000001,0.0023293992708843803,1975-2001
ES243,Zaragoza,1991,mac,29.663891788753375,29.66,0.003891788753374925,1975-2001
ES243,Zaragoza,1992,tfr,1.1552710621938789,1.1600000000000001,-0.0047289378061212695,1975-2001
ES243,Zaragoza,1992,mac,29.904241821538243,29.9,0.004241821538244039,1975-2001
ES243,Zaragoza,1993,tfr,1.100805307849606,1.1,8.05307849605974e-4,1975-2001
ES243,Zaragoza,1993,mac,30.077733945253165,30.08,-0.0022660547468333903,1975-2001
ES243,Zaragoza,1994,tfr,1.0812024174336645,1.08,0.0012024174336644489,1975-2001
ES243,Zaragoza,1994,mac,30.43261350492731,30.43,0.002613504927310828,1975-2001
ES243,Zaragoza,1995,tfr,1.0568378013067472,1.06,-0.003162198693252849,1975-2001
ES243,Zaragoza,1995,mac,30.759704025912665,30.759999999999998,-2.9597408733295083e-4,1975-2001
ES243,Zaragoza,1996,tfr,1.0387942030212505,1.04,-0.0012057969787495626,1975-2001
ES243,Zaragoza,1996,mac,30.97815318328184,30.979999999999997,-0.0018468167181566741,1975-2001
ES243,Zaragoza,1997,tfr,1.0486144928235355,1.05,-0.0013855071764645732,1975-2001
ES243,Zaragoza,1997,mac,31.0946704808912,31.09,0.004670480891199702,1975-2001
ES243,Zaragoza,1998,tfr,1.018670744223951,1.02,-0.001329255776048921,1975-2001
ES243,Zaragoza,1998,mac,31.4363527385986,31.439999999999998,-0.0036472614013973725,1975-2001
ES243,Zaragoza,1999,tfr,1.0809712015290205,1.08,9.712015290204157e-4,1975-2001
ES243,Zaragoza,1999,mac,31.40561336235719,31.41,-0.0043866376428098874,1975-2001
ES243,Zaragoza,2000,tfr,1.1118666259464558,1.11,0.0018666259464557022,1975-2001
ES243,Zaragoza,2000,mac,31.48198285308035,31.479999999999997,0.001982853080352953,1975-2001
ES243,Zaragoza,2001,tfr,1.169404836772398,1.1800000000000002,-0.010595163227602233,1975-2001
ES243,Zaragoza,2001,mac,31.480695912623904,31.479999999999997,6.959126239074465e-4,1975-2001
ES243,Zaragoza,2002,tfr,1.1738163392534247,1.1700000000000002,0.0038163392534245055,2002-2024
ES243,Zaragoza,2002,mac,31.4866648493505,31.49,-0.0033351506494980754,2002-2024
ES243,Zaragoza,2003,tfr,1.2347382516152479,1.24,-0.00526174838475213,2002-2024
ES243,Zaragoza,2003,mac,31.475221229893027,31.47,0.005221229893027868,2002-2024
ES243,Zaragoza,2004,tfr,1.246428698642712,1.25,-0.0035713013572880037,2002-2024
ES243,Zaragoza,2004,mac,31.63899131409331,31.64,-0.001008685906690232,2002-2024
ES243,Zaragoza,2005,tfr,1.2509593597517208,1.25,9.593597517207897e-4,2002-2024
ES243,Zaragoza,2005,mac,31.576599527599214,31.58,-0.003400472400784338,2002-2024
ES243,Zaragoza,2006,tfr,1.315715290155648,1.32,-0.004284709844352141,2002-2024
ES243,Zaragoza,2006,mac,31.3964438937235,31.4,-0.003556106276498383,2002-2024
ES243,Zaragoza,2007,tfr,1.3577011126501422,1.36,-0.0022988873498579476,2002-2024
ES243,Zaragoza,2007,mac,31.307632357880816,31.310000000000002,-0.002367642119185831,2002-2024
ES243,Zaragoza,2008,tfr,1.430435383952907,1.43,4.3538395290698695e-4,2002-2024
ES243,Zaragoza,2008,mac,31.10849824692748,31.110000000000003,-0.0015017530725245365,2002-2024
ES243,Zaragoza,2009,tfr,1.3509168753593277,1.35,9.168753593276069e-4,2002-2024
ES243,Zaragoza,2009,mac,31.36537254422017,31.37,-0.004627455779832701,2002-2024
ES243,Zaragoza,2010,tfr,1.373167159126156,1.37,0.0031671591261559495,2002-2024
ES243,Zaragoza,2010,mac,31.409402214771465,31.41,-5.977852285354857e-4,2002-2024
ES243,Zaragoza,2011,tfr,1.3440142643248059,1.34,0.004014264324805783,2002-2024
ES243,Zaragoza,2011,mac,31.80469632293633,31.810000000000002,-0.005303677063672296,2002-2024
ES243,Zaragoza,2012,tfr,1.2925079630667513,1.29,0.002507963066751273,2002-2024
ES243,Zaragoza,2012,mac,31.962969200344872,31.959999999999997,0.0029692003448751336,2002-2024
ES243,Zaragoza,2013,tfr,1.2796303661233628,1.28,-3.696338766372431e-4,2002-2024
ES243,Zaragoza,2013,mac,32.04476633142239,32.04,0.004766331422388248,2002-2024
ES243,Zaragoza,2014,tfr,1.3466445234207582,1.35,-0.003355476579241845,2002-2024
ES243,Zaragoza,2014,mac,32.105369089445965,32.1,0.005369089445963482,2002-2024
ES243,Zaragoza,2015,tfr,1.352605946120524,1.35,0.0026059461205238943,2002-2024
ES243,Zaragoza,2015,mac,32.17638157884621,32.18,-0.0036184211537886313,2002-2024
ES243,Zaragoza,2016,tfr,1.3386558143019727,1.34,-0.0013441856980274114,2002-2024
ES243,Zaragoza,2016,mac,32.31630319354617,32.32,-0.003696806453831414,2002-2024
ES243,Zaragoza,2017,tfr,1.3292531973921533,1.32,0.009253197392153245,2002-2024
ES243,Zaragoza,2017,mac,32.42822946117996,32.43,-0.0017705388200397465,2002-2024
ES243,Zaragoza,2018,tfr,1.2755147247886842,1.28,-0.004485275211315809,2002-2024
ES243,Zaragoza,2018,mac,32.43147177757195,32.43,0.0014717775719503834,2002-2024
ES243,Zaragoza,2019,tfr,1.2338745044445343,1.24,-0.00612549555546571,2002-2024
ES243,Zaragoza,2019,mac,32.50495148242987,32.5,0.004951482429866871,2002-2024
ES243,Zaragoza,2020,tfr,1.1781025621337016,1.1800000000000002,-0.0018974378662985902,2002-2024
ES243,Zaragoza,2020,mac,32.57902937949269,32.58,-9.70620507310116e-4,2002-2024
ES243,Zaragoza,2021,tfr,1.2562842345924123,1.26,-0.003715765407587668,2002-2024
ES243,Zaragoza,2021,mac,32.776744137560804,32.78,-0.003255862439196733,2002-2024
ES243,Zaragoza,2022,tfr,1.1872219679096785,1.1900000000000002,-0.0027780320903216804,2002-2024
ES243,Zaragoza,2022,mac,32.89476621884212,32.89,0.004766218842121361,2002-2024
ES243,Zaragoza,2023,tfr,1.1637419311861432,1.1600000000000001,0.003741931186143077,2002-2024
ES243,Zaragoza,2023,mac,32.78255981509682,32.78,0.0025598150968164646,2002-2024
ES243,Zaragoza,2024,tfr,1.1229774313513465,1.12,0.0029774313513464268,2002-2024
ES243,Zaragoza,2024,mac,32.94026408593695,32.94,2.6408593695492755e-4,2002-2024
ES300,Madrid,1975,tfr,2.9093728132354153,2.9099999999999997,-6.271867645843976e-4,1975-2001
ES300,Madrid,1975,mac,28.889213818178547,28.89,-7.861818214536243e-4,1975-2001
ES300,Madrid,1976,tfr,2.927135937953189,2.9299999999999997,-0.002864062046810556,1975-2001
ES300,Madrid,1976,mac,28.6159669377677,28.62,-0.004033062232302598,1975-2001
ES300,Madrid,1977,tfr,2.7272294435162996,2.73,-0.0027705564837003926,1975-2001
ES300,Madrid,1977,mac,28.567353292151914,28.57,-0.0026467078480862938,1975-2001
ES300,Madrid,1978,tfr,2.5511466126132847,2.55,0.0011466126132848586,1975-2001
ES300,Madrid,1978,mac,28.55098971002133,28.55,9.897100213294152e-4,1975-2001
ES300,Madrid,1979,tfr,2.3391386872447844,2.34,-8.613127552155042e-4,1975-2001
ES300,Madrid,1979,mac,28.46058467555519,28.459999999999997,5.84675555192149e-4,1975-2001
ES300,Madrid,1980,tfr,2.0954308198681204,2.1,-0.00456918013187968,1975-2001
ES300,Madrid,1980,mac,28.45215450883028,28.45,0.002154508830280122,1975-2001
ES300,Madrid,1981,tfr,1.947519695207481,1.95,-0.002480304792519039,1975-2001
ES300,Madrid,1981,mac,28.545416685944456,28.55,-0.004583314055544463,1975-2001
ES300,Madrid,1982,tfr,1.831297584755637,1.83,0.0012975847556369047,1975-2001
ES300,Madrid,1982,mac,28.63203865585199,28.630000000000003,0.0020386558519867037,1975-2001
ES300,Madrid,1983,tfr,1.6783033356540769,1.6800000000000002,-0.0016966643459233044,1975-2001
ES300,Madrid,1983,mac,28.674102765555105,28.67,0.00410276555510336,1975-2001
ES300,Madrid,1984,tfr,1.628147111032249,1.6300000000000001,-0.001852888967751154,1975-2001
ES300,Madrid,1984,mac,28.81276937456641,28.810000000000002,0.0027693745664088,1975-2001
ES300,Madrid,1985,tfr,1.5376715687390548,1.54,-0.002328431260945285,1975-2001
ES300,Madrid,1985,mac,28.906909761136664,28.91,-0.003090238863336481,1975-2001
ES300,Madrid,1986,tfr,1.459412358095776,1.46,-5.876419042238901e-4,1975-2001
ES300,Madrid,1986,mac,28.995490151178483,29,-0.0045098488215167265,1975-2001
ES300,Madrid,1987,tfr,1.4089329004858149,1.41,-0.0010670995141850437,1975-2001
ES300,Madrid,1987,mac,29.080740570591885,29.08,7.405705918870353e-4,1975-2001
ES300,Madrid,1988,tfr,1.343692809450682,1.34,0.0036928094506818443,1975-2001
ES300,Madrid,1988,mac,29.144410481328503,29.14,0.004410481328502414,1975-2001
ES300,Madrid,1989,tfr,1.313244449005928,1.31,0.0032444490059280184,1975-2001
ES300,Madrid,1989,mac,29.325179271016125,29.330000000000002,-0.004820728983876421,1975-2001
ES300,Madrid,1990,tfr,1.2724957211310783,1.27,0.002495721131078321,1975-2001
ES300,Madrid,1990,mac,29.534790067544414,29.53,0.0047900675444125795,1975-2001
ES300,Madrid,1991,tfr,1.236750119845894,1.24,-0.0032498801541060995,1975-2001
ES300,Madrid,1991,mac,29.71411773673775,29.71,0.004117736737750732,1975-2001
ES300,Madrid,1992,tfr,1.247004406941768,1.25,-0.002995593058231938,1975-2001
ES300,Madrid,1992,mac,29.967191127588805,29.97,-0.0028088724111938745,1975-2001
ES300,Madrid,1993,tfr,1.195510195293376,1.2,-0.004489804706623968,1975-2001
ES300,Madrid,1993,mac,30.201414799328802,30.2,0.0014147993288027294,1975-2001
ES300,Madrid,1994,tfr,1.1278839243037835,1.1300000000000001,-0.002116075696216635,1975-2001
ES300,Madrid,1994,mac,30.521604642832745,30.52,0.0016046428327456397,1975-2001
ES300,Madrid,1995,tfr,1.0936084678504958,1.09,0.0036084678504957335,1975-2001
ES300,Madrid,1995,mac,30.81685158815499,30.82,-0.003148411845010912,1975-2001
ES300,Madrid,1996,tfr,1.0819678973348368,1.08,0.00196789733483671,1975-2001
ES300,Madrid,1996,mac,31.052498359551,31.05,0.002498359550997975,1975-2001
ES300,Madrid,1997,tfr,1.0897482514443884,1.09,-2.517485556117194e-4,1975-2001
ES300,Madrid,1997,mac,31.236498007878946,31.24,-0.0035019921210519556,1975-2001
ES300,Madrid,1998,tfr,1.074223074988543,1.07,0.0042230749885430185,1975-2001
ES300,Madrid,1998,mac,31.475613033028765,31.479999999999997,-0.004386966971232198,1975-2001
ES300,Madrid,1999,tfr,1.1236896801641478,1.12,0.003689680164147724,1975-2001
ES300,Madrid,1999,mac,31.529255413738092,31.53,-7.445862619093191e-4,1975-2001
ES300,Madrid,2000,tfr,1.2049976804218925,1.21,-0.005002319578107484,1975-2001
ES300,Madrid,2000,mac,31.521481408131194,31.52,0.0014814081311946836,1975-2001
ES300,Madrid,2001,tfr,1.2477006992043842,1.26,-0.012299300795615808,1975-2001
ES300,Madrid,2001,mac,31.475423657249713,31.47,0.0054236572497146085,1975-2001
ES300,Madrid,2002,tfr,1.2816484022114165,1.28,0.0016484022114164887,2002-2024
ES300,Madrid,2002,mac,31.369299995845886,31.37,-7.000041541154189e-4,2002-2024
ES300,Madrid,2003,tfr,1.3205865414513374,1.32,5.865414513372968e-4,2002-2024
ES300,Madrid,2003,mac,31.39097186346768,31.39,9.718634676794125e-4,2002-2024
ES300,Madrid,2004,tfr,1.3331744411996609,1.34,-0.006825558800339193,2002-2024
ES300,Madrid,2004,mac,31.42527355898853,31.419999999999998,0.00527355898853088,2002-2024
ES300,Madrid,2005,tfr,1.3229573437156186,1.32,0.00295734371561851,2002-2024
ES300,Madrid,2005,mac,31.461641561383253,31.459999999999997,0.001641561383255663,2002-2024
ES300,Madrid,2006,tfr,1.3586813805166698,1.36,-0.001318619483330341,2002-2024
ES300,Madrid,2006,mac,31.38332595379229,31.38,0.003325953792291614,2002-2024
ES300,Madrid,2007,tfr,1.3962377963841666,1.4,-0.0037622036158333483,2002-2024
ES300,Madrid,2007,mac,31.303149265927196,31.310000000000002,-0.0068507340728061195,2002-2024
ES300,Madrid,2008,tfr,1.455321578910253,1.45,0.005321578910252978,2002-2024
ES300,Madrid,2008,mac,31.278181662463385,31.279999999999998,-0.0018183375366120913,2002-2024
ES300,Madrid,2009,tfr,1.39694767043147,1.4,-0.0030523295685298546,2002-2024
ES300,Madrid,2009,mac,31.56564589674239,31.57,-0.004354103257611541,2002-2024
ES300,Madrid,2010,tfr,1.3661386992761326,1.37,-0.003861300723867478,2002-2024
ES300,Madrid,2010,mac,31.80068498707563,31.8,6.84987075629806e-4,2002-2024
ES300,Madrid,2011,tfr,1.3472336797631776,1.35,-0.0027663202368224393,2002-2024
ES300,Madrid,2011,mac,32.003715007086,32,0.00371500708600081,2002-2024
ES300,Madrid,2012,tfr,1.3289706230330203,1.33,-0.0010293769669798003,2002-2024
ES300,Madrid,2012,mac,32.095909846590686,32.09,0.005909846590682832,2002-2024
ES300,Madrid,2013,tfr,1.2939383504977275,1.3,-0.006061649502272504,2002-2024
ES300,Madrid,2013,mac,32.237858596349355,32.230000000000004,0.007858596349350933,2002-2024
ES300,Madrid,2014,tfr,1.3442547151693918,1.35,-0.0057452848306083215,2002-2024
ES300,Madrid,2014,mac,32.363868365609356,32.36,0.003868365609356772,2002-2024
ES300,Madrid,2015,tfr,1.3654266087751594,1.37,-0.004573391224840684,2002-2024
ES300,Madrid,2015,mac,32.50839791114047,32.5,0.008397911140470171,2002-2024
ES300,Madrid,2016,tfr,1.3540990255799916,1.36,-0.005900974420008476,2002-2024
ES300,Madrid,2016,mac,32.656100746679,32.65,0.006100746679003066,2002-2024
ES300,Madrid,2017,tfr,1.319405912856165,1.32,-5.940871438350204e-4,2002-2024
ES300,Madrid,2017,mac,32.747289180028595,32.74,0.007289180028593023,2002-2024
ES300,Madrid,2018,tfr,1.2608474796688598,1.26,8.474796688597852e-4,2002-2024
ES300,Madrid,2018,mac,32.87886999484479,32.87,0.008869994844793894,2002-2024
ES300,Madrid,2019,tfr,1.219559297791481,1.22,-4.4070220851888386e-4,2002-2024
ES300,Madrid,2019,mac,32.97506024721742,32.96,0.015060247217419942,2002-2024
ES300,Madrid,2020,tfr,1.152569552061227,1.1500000000000001,0.0025695520612267764,2002-2024
ES300,Madrid,2020,mac,33.01770959380545,33.02,-0.0022904061945538956,2002-2024
ES300,Madrid,2021,tfr,1.143460147126346,1.1400000000000001,0.0034601471263457917,2002-2024
ES300,Madrid,2021,mac,33.33802444715677,33.339999999999996,-0.0019755528432270353,2002-2024
ES300,Madrid,2022,tfr,1.136037851925955,1.1400000000000001,-0.0039621480740450465,2002-2024
ES300,Madrid,2022,mac,33.297409750960576,33.3,-0.0025902490394216215,2002-2024
ES300,Madrid,2023,tfr,1.1006620295869896,1.1,6.620295869894655e-4,2002-2024
ES300,Madrid,2023,mac,33.27587833886915,33.28,-0.004121661130852772,2002-2024
ES300,Madrid,2024,tfr,1.0917797452258704,1.09,0.0017797452258703217,2002-2024
ES300,Madrid,2024,mac,33.30817906188569,33.309999999999995,-0.001820938114306614,2002-2024
ES411,Avila,1975,tfr,2.038566961042266,2.04,-0.0014330389577339453,1975-2001
ES411,Avila,1975,mac,30.675022495427243,30.68,-0.004977504572757141,1975-2001
ES411,Avila,1976,tfr,1.8867121683215917,1.8800000000000001,0.006712168321591605,1975-2001
ES411,Avila,1976,mac,30.262485068330378,30.259999999999998,0.0024850683303796473,1975-2001
ES411,Avila,1977,tfr,1.968809118731653,1.97,-0.0011908812683469883,1975-2001
ES411,Avila,1977,mac,29.99437920961162,29.99,0.004379209611620638,1975-2001
ES411,Avila,1978,tfr,2.028240487180717,2.03,-0.0017595128192828824,1975-2001
ES411,Avila,1978,mac,29.850951369618617,29.85,9.513696186154164e-4,1975-2001
ES411,Avila,1979,tfr,2.0241469347167222,2.02,0.004146934716722228,1975-2001
ES411,Avila,1979,mac,29.248566795218697,29.24,0.008566795218698076,1975-2001
ES411,Avila,1980,tfr,2.113750977112585,2.11,0.0037509771125852076,1975-2001
ES411,Avila,1980,mac,28.969018553328873,28.959999999999997,0.009018553328875356,1975-2001
ES411,Avila,1981,tfr,1.9504649138412502,1.96,-0.009535086158749762,1975-2001
ES411,Avila,1981,mac,29.18328454110961,29.19,-0.00671545889039038,1975-2001
ES411,Avila,1982,tfr,1.900549730956591,1.9,5.497309565911657e-4,1975-2001
ES411,Avila,1982,mac,29.404989580760805,29.41,-0.005010419239194874,1975-2001
ES411,Avila,1983,tfr,1.7194232269062746,1.72,-5.767730937253912e-4,1975-2001
ES411,Avila,1983,mac,29.01456541096523,29.02,-0.005434589034770454,1975-2001
ES411,Avila,1984,tfr,1.7311888493880974,1.73,0.0011888493880973794,1975-2001
ES411,Avila,1984,mac,29.250811535123738,29.25,8.115351237378832e-4,1975-2001
ES411,Avila,1985,tfr,1.6688181764532015,1.6700000000000002,-0.0011818235467986327,1975-2001
ES411,Avila,1985,mac,29.20527601397966,29.2,0.005276013979660377,1975-2001
ES411,Avila,1986,tfr,1.5888122100495945,1.59,-0.0011877899504055822,1975-2001
ES411,Avila,1986,mac,29.192889721151065,29.19,0.0028897211510638954,1975-2001
ES411,Avila,1987,tfr,1.4872378413156004,1.49,-0.0027621586843995516,1975-2001
ES411,Avila,1987,mac,28.772673035356277,28.77,0.002673035356277609,1975-2001
ES411,Avila,1988,tfr,1.3753080316422226,1.37,0.005308031642222488,1975-2001
ES411,Avila,1988,mac,28.647888919850097,28.650000000000002,-0.0021110801499055754,1975-2001
ES411,Avila,1989,tfr,1.3782998118128855,1.3800000000000001,-0.001700188187114593,1975-2001
ES411,Avila,1989,mac,29.17282882339816,29.17,0.0028288233981577093,1975-2001
ES411,Avila,1990,tfr,1.3834333780325687,1.3800000000000001,0.0034333780325686014,1975-2001
ES411,Avila,1990,mac,29.52250180819735,29.52,0.0025018081973513517,1975-2001
ES411,Avila,1991,tfr,1.200828326562483,1.2,8.28326562483106e-4,1975-2001
ES411,Avila,1991,mac,29.327157208204934,29.330000000000002,-0.002842791795067967,1975-2001
ES411,Avila,1992,tfr,1.096022866804787,1.1,-0.0039771331952129785,1975-2001
ES411,Avila,1992,mac,29.65348417155129,29.650000000000002,0.003484171551288995,1975-2001
ES411,Avila,1993,tfr,1.1508144059797751,1.1500000000000001,8.144059797750014e-4,1975-2001
ES411,Avila,1993,mac,30.036725279598354,30.04,-0.003274720401645226,1975-2001
ES411,Avila,1994,tfr,1.1170083346428998,1.12,-0.0029916653571002705,1975-2001
ES411,Avila,1994,mac,30.071356589489113,30.07,0.0013565894891129915,1975-2001
ES411,Avila,1995,tfr,1.1412735747212557,1.1400000000000001,0.0012735747212555548,1975-2001
ES411,Avila,1995,mac,30.221277219784763,30.22,0.0012772197847645828,1975-2001
ES411,Avila,1996,tfr,1.083875596967329,1.08,0.003875596967328976,1975-2001
ES411,Avila,1996,mac,30.26891529978878,30.27,-0.0010847002112193138,1975-2001
ES411,Avila,1997,tfr,1.049871892877,1.05,-1.2810712300015403e-4,1975-2001
ES411,Avila,1997,mac,30.48654039035022,30.49,-0.0034596096497772066,1975-2001
ES411,Avila,1998,tfr,0.9950969275535589,0.99,0.00509692755355895,1975-2001
ES411,Avila,1998,mac,30.805319954048834,30.8,0.005319954048832898,1975-2001
ES411,Avila,1999,tfr,1.0457430492502244,1.05,-0.004256950749775612,1975-2001
ES411,Avila,1999,mac,30.88485225592648,30.88,0.004852255926479643,1975-2001
ES411,Avila,2000,tfr,1.0565978700606482,1.06,-0.00340212993935185,1975-2001
ES411,Avila,2000,mac,30.803272873472906,30.8,0.003272873472905502,1975-2001
ES411,Avila,2001,tfr,1.0468449521154763,1.05,-0.0031550478845236984,1975-2001
ES411,Avila,2001,mac,31.109304149878263,31.110000000000003,-6.958501217404489e-4,1975-2001
ES411,Avila,2002,tfr,1.0524994544546409,1.05,0.002499454454640837,2002-2024
ES411,Avila,2002,mac,31.418052885637564,31.41,0.008052885637564344,2002-2024
ES411,Avila,2003,tfr,1.0898791862666513,1.09,-1.208137333488235e-4,2002-2024
ES411,Avila,2003,mac,31.01248841044727,31.01,0.0024884104472668866,2002-2024
ES411,Avila,2004,tfr,1.1269526380532917,1.1300000000000001,-0.0030473619467084045,2002-2024
ES411,Avila,2004,mac,31.346670534144035,31.35,-0.0033294658559661627,2002-2024
ES411,Avila,2005,tfr,1.2168139827965123,1.22,-0.0031860172034876566,2002-2024
ES411,Avila,2005,mac,31.345330008149702,31.34,0.005330008149702081,2002-2024
ES411,Avila,2006,tfr,1.241290939747703,1.24,0.0012909397477030016,2002-2024
ES411,Avila,2006,mac,31.02525766494618,31.02,0.005257664946181961,2002-2024
ES411,Avila,2007,tfr,1.2153428220707367,1.21,0.005342822070736775,2002-2024
ES411,Avila,2007,mac,30.799689590378257,30.810000000000002,-0.01031040962174501,2002-2024
ES411,Avila,2008,tfr,1.376705099062662,1.3800000000000001,-0.0032949009373381966,2002-2024
ES411,Avila,2008,mac,30.93948387312092,30.939999999999998,-5.161268790772056e-4,2002-2024
ES411,Avila,2009,tfr,1.327161862017997,1.33,-0.002838137982003053,2002-2024
ES411,Avila,2009,mac,31.110121891821212,31.110000000000003,1.2189182120891928e-4,2002-2024
ES411,Avila,2010,tfr,1.3027497853611312,1.3,0.0027497853611311296,2002-2024
ES411,Avila,2010,mac,31.29806124736618,31.29,0.0080612473661823,2002-2024
ES411,Avila,2011,tfr,1.2696808778306887,1.27,-3.191221693112922e-4,2002-2024
ES411,Avila,2011,mac,31.505345135106,31.5,0.005345135106001209,2002-2024
ES411,Avila,2012,tfr,1.2178928195193952,1.22,-0.0021071804806047645,2002-2024
ES411,Avila,2012,mac,31.693066995401082,31.68,0.013066995401082693,2002-2024
ES411,Avila,2013,tfr,1.1588322888471039,1.1600000000000001,-0.001167711152896267,2002-2024
ES411,Avila,2013,mac,31.93000929590865,31.919999999999998,0.010009295908652405,2002-2024
ES411,Avila,2014,tfr,1.2804307205103447,1.28,4.30720510344651e-4,2002-2024
ES411,Avila,2014,mac,32.401092859463326,32.41,-0.008907140536670966,2002-2024
ES411,Avila,2015,tfr,1.1937263989577773,1.1900000000000002,0.003726398957777155,2002-2024
ES411,Avila,2015,mac,31.98207003425176,31.979999999999997,0.0020700342517621095,2002-2024
ES411,Avila,2016,tfr,1.2565897060270523,1.25,0.006589706027052333,2002-2024
ES411,Avila,2016,mac,32.44225803447251,32.449999999999996,-0.007741965527486627,2002-2024
ES411,Avila,2017,tfr,1.2379337891776048,1.24,-0.0020662108223952202,2002-2024
ES411,Avila,2017,mac,32.31037781267818,32.3,0.01037781267818616,2002-2024
ES411,Avila,2018,tfr,1.15924968639029,1.1600000000000001,-7.503136097102292e-4,2002-2024
ES411,Avila,2018,mac,32.63705672475632,32.63,0.007056724756317578,2002-2024
ES411,Avila,2019,tfr,1.1617996776453632,1.1600000000000001,0.0017996776453630403,2002-2024
ES411,Avila,2019,mac,32.416445868304,32.42,-0.003554131695999274,2002-2024
ES411,Avila,2020,tfr,1.0980057709840467,1.1,-0.0019942290159533638,2002-2024
ES411,Avila,2020,mac,32.37750089553467,32.39,-0.012499104465327093,2002-2024
ES411,Avila,2021,tfr,1.100267639462917,1.1,2.676394629168577e-4,2002-2024
ES411,Avila,2021,mac,32.61382468351044,32.61,0.00382468351043741,2002-2024
ES411,Avila,2022,tfr,1.1506244073692813,1.1500000000000001,6.244073692811547e-4,2002-2024
ES411,Avila,2022,mac,32.75289197204469,32.75,0.002891972044686497,2002-2024
ES411,Avila,2023,tfr,1.0673030398366106,1.07,-0.0026969601633894946,2002-2024
ES411,Avila,2023,mac,32.72503285310207,32.730000000000004,-0.0049671468979326505,2002-2024
ES411,Avila,2024,tfr,1.100312571084366,1.1,3.125710843658869e-4,2002-2024
ES411,Avila,2024,mac,32.6037130497386,32.6,0.003713049738600205,2002-2024
ES412,Burgos,1975,tfr,2.480625380088256,2.48,6.253800882558558e-4,1975-2001
ES412,Burgos,1975,mac,29.68997815624795,29.69,-2.1843752051609044e-5,1975-2001
ES412,Burgos,1976,tfr,2.508142089529099,2.51,-0.00185791047090067,1975-2001
ES412,Burgos,1976,mac,29.173478818232688,29.17,0.003478818232686365,1975-2001
ES412,Burgos,1977,tfr,2.3407887239387275,2.34,7.887239387276423e-4,1975-2001
ES412,Burgos,1977,mac,29.272750707137334,29.27,0.002750707137334274,1975-2001
ES412,Burgos,1978,tfr,2.194288859213113,2.19,0.00428885921311295,1975-2001
ES412,Burgos,1978,mac,29.182181602436057,29.18,0.0021816024360568065,1975-2001
ES412,Burgos,1979,tfr,1.99866552133265,2,-0.0013344786673499254,1975-2001
ES412,Burgos,1979,mac,29.074013328574836,29.07,0.004013328574835384,1975-2001
ES412,Burgos,1980,tfr,1.893527760126618,1.8900000000000001,0.0035277601266179293,1975-2001
ES412,Burgos,1980,mac,29.192594382949682,29.19,0.002594382949681062,1975-2001
ES412,Burgos,1981,tfr,1.7970805162852077,1.8,-0.002919483714792337,1975-2001
ES412,Burgos,1981,mac,29.05487846751385,29.06,-0.005121532486150215,1975-2001
ES412,Burgos,1982,tfr,1.7002915230826805,1.7,2.9152308268054483e-4,1975-2001
ES412,Burgos,1982,mac,29.326813897041333,29.330000000000002,-0.003186102958668613,1975-2001
ES412,Burgos,1983,tfr,1.6288076131410951,1.6300000000000001,-0.0011923868589049924,1975-2001
ES412,Burgos,1983,mac,29.17598533439532,29.18,-0.004014665604678669,1975-2001
ES412,Burgos,1984,tfr,1.4298423369249857,1.43,-1.5766307501419163e-4,1975-2001
ES412,Burgos,1984,mac,29.45088775206154,29.45,8.877520615406809e-4,1975-2001
ES412,Burgos,1985,tfr,1.4130684323126803,1.41,0.0030684323126803914,1975-2001
ES412,Burgos,1985,mac,29.445505262664728,29.45,-0.004494737335271282,1975-2001
ES412,Burgos,1986,tfr,1.3662525140085107,1.37,-0.003747485991489441,1975-2001
ES412,Burgos,1986,mac,29.273416847175568,29.27,0.0034168471755684493,1975-2001
ES412,Burgos,1987,tfr,1.2930401498415234,1.29,0.003040149841523343,1975-2001
ES412,Burgos,1987,mac,29.36273147649276,29.36,0.002731476492758844,1975-2001
ES412,Burgos,1988,tfr,1.2945992058472295,1.29,0.004599205847229504,1975-2001
ES412,Burgos,1988,mac,29.360273457147446,29.36,2.73457147446976e-4,1975-2001
ES412,Burgos,1989,tfr,1.2408910407286913,1.24,8.910407286912836e-4,1975-2001
ES412,Burgos,1989,mac,29.51760577599957,29.52,-0.0023942240004295456,1975-2001
ES412,Burgos,1990,tfr,1.1834070164684742,1.1800000000000002,0.003407016468474078,1975-2001
ES412,Burgos,1990,mac,29.834427145479694,29.830000000000002,0.0044271454796920295,1975-2001
ES412,Burgos,1991,tfr,1.121391670131525,1.12,0.001391670131524858,1975-2001
ES412,Burgos,1991,mac,29.990598787248608,29.99,5.987872486095114e-4,1975-2001
ES412,Burgos,1992,tfr,1.116773845916195,1.12,-0.0032261540838049996,1975-2001
ES412,Burgos,1992,mac,30.18103964939275,30.18,0.0010396493927515849,1975-2001
ES412,Burgos,1993,tfr,1.0935868329828138,1.09,0.0035868329828137036,1975-2001
ES412,Burgos,1993,mac,30.373839775816283,30.37,0.0038397758162815876,1975-2001
ES412,Burgos,1994,tfr,1.0084818152220845,1.01,-0.0015181847779155433,1975-2001
ES412,Burgos,1994,mac,30.661117036429737,30.66,0.0011170364297363733,1975-2001
ES412,Burgos,1995,tfr,0.939362970439963,0.9400000000000001,-6.370295600370834e-4,1975-2001
ES412,Burgos,1995,mac,30.820335900526207,30.82,3.3590052620624533e-4,1975-2001
ES412,Burgos,1996,tfr,0.9801569001497584,0.98,1.5690014975844324e-4,1975-2001
ES412,Burgos,1996,mac,31.01141762071189,31.01,0.0014176207118872242,1975-2001
ES412,Burgos,1997,tfr,1.0075797510208182,1.01,-0.002420248979181805,1975-2001
ES412,Burgos,1997,mac,31.30134753428375,31.3,0.0013475342837487858,1975-2001
ES412,Burgos,1998,tfr,0.9597922878020734,0.96,-2.0771219792659057e-4,1975-2001
ES412,Burgos,1998,mac,31.466842349434415,31.47,-0.003157650565583481,1975-2001
ES412,Burgos,1999,tfr,1.0206107169073915,1.02,6.107169073914509e-4,1975-2001
ES412,Burgos,1999,mac,31.82936899172085,31.830000000000002,-6.310082791500804e-4,1975-2001
ES412,Burgos,2000,tfr,1.0746653893486469,1.07,0.004665389348646798,1975-2001
ES412,Burgos,2000,mac,31.932937058324256,31.93,0.002937058324256725,1975-2001
ES412,Burgos,2001,tfr,1.040427530354882,1.04,4.2753035488196645e-4,1975-2001
ES412,Burgos,2001,mac,31.884305898642125,31.88,0.004305898642126493,1975-2001
ES412,Burgos,2002,tfr,1.0941960358645406,1.09,0.004196035864540537,2002-2024
ES412,Burgos,2002,mac,31.833401262709273,31.830000000000002,0.0034012627092714354,2002-2024
ES412,Burgos,2003,tfr,1.1024720653414841,1.1,0.002472065341484031,2002-2024
ES412,Burgos,2003,mac,31.935635885450303,31.939999999999998,-0.004364114549694875,2002-2024
ES412,Burgos,2004,tfr,1.1551731011029394,1.1600000000000001,-0.004826898897060783,2002-2024
ES412,Burgos,2004,mac,31.83852044912764,31.84,-0.0014795508723608464,2002-2024
ES412,Burgos,2005,tfr,1.1841208575190987,1.1800000000000002,0.00412085751909852,2002-2024
ES412,Burgos,2005,mac,32.16145243835198,32.160000000000004,0.0014524383519756157,2002-2024
ES412,Burgos,2006,tfr,1.2081449624803684,1.21,-0.0018550375196315638,2002-2024
ES412,Burgos,2006,mac,31.92080895266915,31.919999999999998,8.089526691534843e-4,2002-2024
ES412,Burgos,2007,tfr,1.2501112212466143,1.25,1.1122124661433475e-4,2002-2024
ES412,Burgos,2007,mac,31.701071255591465,31.71,-0.00892874440853575,2002-2024
ES412,Burgos,2008,tfr,1.356110570019768,1.36,-0.0038894299802321175,2002-2024
ES412,Burgos,2008,mac,31.582213585812468,31.59,-0.007786414187531676,2002-2024
ES412,Burgos,2009,tfr,1.2873436313004343,1.29,-0.0026563686995657587,2002-2024
ES412,Burgos,2009,mac,31.660432854410555,31.66,4.328544105547394e-4,2002-2024
ES412,Burgos,2010,tfr,1.3366653056656994,1.34,-0.0033346943343006696,2002-2024
ES412,Burgos,2010,mac,31.674818765172844,31.67,0.004818765172842632,2002-2024
ES412,Burgos,2011,tfr,1.3205580503561807,1.32,5.580503561806172e-4,2002-2024
ES412,Burgos,2011,mac,32.379950562821286,32.379999999999995,-4.943717870986575e-5,2002-2024
ES412,Burgos,2012,tfr,1.2883157256605169,1.29,-0.0016842743394831494,2002-2024
ES412,Burgos,2012,mac,32.345224920248704,32.349999999999994,-0.004775079751290434,2002-2024
ES412,Burgos,2013,tfr,1.284119710381181,1.28,0.004119710381180974,2002-2024
ES412,Burgos,2013,mac,32.31717662784003,32.32,-0.002823372159973303,2002-2024
ES412,Burgos,2014,tfr,1.2361238401926002,1.24,-0.0038761598073997483,2002-2024
ES412,Burgos,2014,mac,32.87531633502227,32.87,0.005316335022271801,2002-2024
ES412,Burgos,2015,tfr,1.2686694939429102,1.27,-0.001330506057089842,2002-2024
ES412,Burgos,2015,mac,32.552641370965496,32.55,0.0026413709654988793,2002-2024
ES412,Burgos,2016,tfr,1.2605811222484897,1.26,5.811222484897183e-4,2002-2024
ES412,Burgos,2016,mac,32.900262346019744,32.9,2.623460197455074e-4,2002-2024
ES412,Burgos,2017,tfr,1.2100557654190995,1.21,5.5765419099573776e-5,2002-2024
ES412,Burgos,2017,mac,32.83315063137441,32.83,0.0031506313744102954,2002-2024
ES412,Burgos,2018,tfr,1.1942219041336062,1.2,-0.005778095866393773,2002-2024
ES412,Burgos,2018,mac,32.8786914861669,32.879999999999995,-0.0013085138330950485,2002-2024
ES412,Burgos,2019,tfr,1.2704293594093286,1.27,4.2935940932853356e-4,2002-2024
ES412,Burgos,2019,mac,32.56817936615663,32.56,0.008179366156625179,2002-2024
ES412,Burgos,2020,tfr,1.156176506033227,1.1500000000000001,0.006176506033226836,2002-2024
ES412,Burgos,2020,mac,32.999989499382096,33,-1.050061790408563e-5,2002-2024
ES412,Burgos,2021,tfr,1.1465084187550854,1.1500000000000001,-0.0034915812449147765,2002-2024
ES412,Burgos,2021,mac,33.09805696778064,33.1,-0.0019430322193585425,2002-2024
ES412,Burgos,2022,tfr,1.181228541510462,1.1800000000000002,0.0012285415104618114,2002-2024
ES412,Burgos,2022,mac,33.20683017515511,33.21,-0.0031698248448890354,2002-2024
ES412,Burgos,2023,tfr,1.109076317882163,1.11,-9.236821178371102e-4,2002-2024
ES412,Burgos,2023,mac,33.13634766763859,33.14,-0.0036523323614119363,2002-2024
ES412,Burgos,2024,tfr,1.1301176973816194,1.1300000000000001,1.1769738161926391e-4,2002-2024
ES412,Burgos,2024,mac,32.96329937789565,32.96,0.0032993778956509345,2002-2024
ES413,Leon,1975,tfr,2.029580984763356,2.03,-4.1901523664389373e-4,1975-2001
ES413,Leon,1975,mac,29.211477503236832,29.21,0.001477503236831268,1975-2001
ES413,Leon,1976,tfr,2.1212504950992797,2.12,0.0012504950992795472,1975-2001
ES413,Leon,1976,mac,28.748161061278275,28.75,-0.0018389387217254693,1975-2001
ES413,Leon,1977,tfr,2.080943144039652,2.08,9.431440396521218e-4,1975-2001
ES413,Leon,1977,mac,28.507658233737246,28.51,-0.00234176626275584,1975-2001
ES413,Leon,1978,tfr,2.1209575605095203,2.12,9.575605095202278e-4,1975-2001
ES413,Leon,1978,mac,28.388167375520204,28.38,0.008167375520205411,1975-2001
ES413,Leon,1979,tfr,2.070862045653313,2.07,8.620456533132703e-4,1975-2001
ES413,Leon,1979,mac,28.29961661872121,28.29,0.009616618721210557,1975-2001
ES413,Leon,1980,tfr,1.9958816636832057,2,-0.004118336316794258,1975-2001
ES413,Leon,1980,mac,28.02141953102427,28.02,0.0014195310242719472,1975-2001
ES413,Leon,1981,tfr,1.9195847994284152,1.93,-0.010415200571584737,1975-2001
ES413,Leon,1981,mac,28.004907841475124,28.01,-0.005092158524877988,1975-2001
ES413,Leon,1982,tfr,1.8438254415422364,1.84,0.0038254415422362964,1975-2001
ES413,Leon,1982,mac,28.14693221566459,28.150000000000002,-0.0030677843354105505,1975-2001
ES413,Leon,1983,tfr,1.7209997522033855,1.72,9.99752203385551e-4,1975-2001
ES413,Leon,1983,mac,28.285167849694545,28.29,-0.004832150305453808,1975-2001
ES413,Leon,1984,tfr,1.661737896849251,1.6600000000000001,0.0017378968492509639,1975-2001
ES413,Leon,1984,mac,28.075181166677236,28.07,0.005181166677235893,1975-2001
ES413,Leon,1985,tfr,1.5116393405877289,1.51,0.0016393405877288547,1975-2001
ES413,Leon,1985,mac,27.993933637938976,27.99,0.003933637938978052,1975-2001
ES413,Leon,1986,tfr,1.4137414942848974,1.41,0.003741494284897451,1975-2001
ES413,Leon,1986,mac,28.168590644631855,28.17,-0.0014093553681462367,1975-2001
ES413,Leon,1987,tfr,1.290971764773454,1.29,9.717647734539536e-4,1975-2001
ES413,Leon,1987,mac,28.09193848931045,28.09,0.0019384893104508194,1975-2001
ES413,Leon,1988,tfr,1.2110725880220206,1.21,0.001072588022020593,1975-2001
ES413,Leon,1988,mac,28.085559222767614,28.08,0.005559222767615779,1975-2001
ES413,Leon,1989,tfr,1.1598728537441352,1.1600000000000001,-1.2714625586496275e-4,1975-2001
ES413,Leon,1989,mac,28.423678902265536,28.419999999999998,0.003678902265537687,1975-2001
ES413,Leon,1990,tfr,1.0981594225601965,1.1,-0.0018405774398035923,1975-2001
ES413,Leon,1990,mac,28.43616924072986,28.43,0.006169240729860803,1975-2001
ES413,Leon,1991,tfr,1.0723398434648497,1.07,0.0023398434648496114,1975-2001
ES413,Leon,1991,mac,28.630752160009024,28.630000000000003,7.52160009021452e-4,1975-2001
ES413,Leon,1992,tfr,1.0153700869808644,1.02,-0.004629913019135623,1975-2001
ES413,Leon,1992,mac,28.990430175156444,28.99,4.301751564455003e-4,1975-2001
ES413,Leon,1993,tfr,0.9508036956436318,0.9500000000000001,8.036956436316967e-4,1975-2001
ES413,Leon,1993,mac,29.119977115995514,29.12,-2.2884004486911635e-5,1975-2001
ES413,Leon,1994,tfr,0.9043121988195387,0.9,0.004312198819538704,1975-2001
ES413,Leon,1994,mac,29.52291614535039,29.52,0.002916145350390309,1975-2001
ES413,Leon,1995,tfr,0.8859195395193251,0.89,-0.004080460480674897,1975-2001
ES413,Leon,1995,mac,29.78447367334297,29.779999999999998,0.004473673342971551,1975-2001
ES413,Leon,1996,tfr,0.8752037351990072,0.88,-0.004796264800992822,1975-2001
ES413,Leon,1996,mac,30.01023879727722,30.01,2.3879727721975996e-4,1975-2001
ES413,Leon,1997,tfr,0.91846915651240435,0.92,-0.00153084348759569,1975-2001
ES413,Leon,1997,mac,30.122327316552752,30.12,0.002327316552751313,1975-2001
ES413,Leon,1998,tfr,0.8927327718662915,0.89,0.0027327718662915057,1975-2001
ES413,Leon,1998,mac,30.345172844238785,30.34,0.005172844238785501,1975-2001
ES413,Leon,1999,tfr,0.8850562640138168,0.89,-0.004943735986183251,1975-2001
ES413,Leon,1999,mac,30.59970459916511,30.6,-2.954008348901027e-4,1975-2001
ES413,Leon,2000,tfr,0.9119208351688851,0.91,0.0019208351688850822,1975-2001
ES413,Leon,2000,mac,30.826218608731416,30.830000000000002,-0.0037813912685855655,1975-2001
ES413,Leon,2001,tfr,0.9260925854311353,0.92,0.006092585431135222,1975-2001
ES413,Leon,2001,mac,30.967898902029503,30.97,-0.0021010979704954025,1975-2001
ES413,Leon,2002,tfr,0.935725201833294,0.9400000000000001,-0.004274798166706062,2002-2024
ES413,Leon,2002,mac,31.15784321868492,31.16,-0.00215678131507957,2002-2024
ES413,Leon,2003,tfr,0.95863966723263,0.96,-0.0013603327673699095,2002-2024
ES413,Leon,2003,mac,31.17673687564487,31.18,-0.003263124355129321,2002-2024
ES413,Leon,2004,tfr,0.9860113505293577,0.99,-0.003988649470642258,2002-2024
ES413,Leon,2004,mac,31.223827608037826,31.22,0.0038276080378274457,2002-2024
ES413,Leon,2005,tfr,0.9927524386351707,0.99,0.0027524386351707175,2002-2024
ES413,Leon,2005,mac,31.296326927451325,31.3,-0.003673072548675549,2002-2024
ES413,Leon,2006,tfr,0.9884844161411922,0.99,-0.0015155838588077897,2002-2024
ES413,Leon,2006,mac,31.41326767201739,31.41,0.0032676720173903107,2002-2024
ES413,Leon,2007,tfr,1.0619851099985964,1.06,0.001985109998596357,2002-2024
ES413,Leon,2007,mac,31.182016263728087,31.19,-0.007983736271913955,2002-2024
ES413,Leon,2008,tfr,1.0635852043826137,1.06,0.0035852043826136715,2002-2024
ES413,Leon,2008,mac,31.3663562888708,31.37,-0.0036437111292002555,2002-2024
ES413,Leon,2009,tfr,1.061654339599088,1.06,0.001654339599088006,2002-2024
ES413,Leon,2009,mac,31.62105665958311,31.62,0.0010566595831100756,2002-2024
ES413,Leon,2010,tfr,1.058544416284317,1.06,-0.0014555837156831064,2002-2024
ES413,Leon,2010,mac,31.838409372739477,31.84,-0.0015906272605228367,2002-2024
ES413,Leon,2011,tfr,1.050163837438129,1.05,1.6383743812897755e-4,2002-2024
ES413,Leon,2011,mac,31.78324508504274,31.779999999999998,0.003245085042742346,2002-2024
ES413,Leon,2012,tfr,1.027652586652735,1.03,-0.0023474133472649594,2002-2024
ES413,Leon,2012,mac,32.00465269249046,32,0.004652692490459742,2002-2024
ES413,Leon,2013,tfr,1.004675609291416,1,0.004675609291415972,2002-2024
ES413,Leon,2013,mac,32.20684528788577,32.21,-0.0031547121142310175,2002-2024
ES413,Leon,2014,tfr,1.0379701133343504,1.04,-0.0020298866656496273,2002-2024
ES413,Leon,2014,mac,32.31894611285335,32.32,-0.0010538871466536648,2002-2024
ES413,Leon,2015,tfr,1.077543272138248,1.08,-0.002456727861751995,2002-2024
ES413,Leon,2015,mac,32.27865861949415,32.28,-0.001341380505849088,2002-2024
ES413,Leon,2016,tfr,1.0597797507514695,1.06,-2.202492485305907e-4,2002-2024
ES413,Leon,2016,mac,32.53695432262815,32.54,-0.003045677371851241,2002-2024
ES413,Leon,2017,tfr,1.0179515537756327,1.02,-0.002048446224367284,2002-2024
ES413,Leon,2017,mac,32.419446875539194,32.42,-5.531244608079078e-4,2002-2024
ES413,Leon,2018,tfr,1.0537794146539874,1.06,-0.006220585346012664,2002-2024
ES413,Leon,2018,mac,32.57633666759395,32.57,0.00633666759394913,2002-2024
ES413,Leon,2019,tfr,0.9798626956885992,0.98,-1.373043114007988e-4,2002-2024
ES413,Leon,2019,mac,32.84758147500404,32.839999999999996,0.007581475004045046,2002-2024
ES413,Leon,2020,tfr,0.9868581363387486,0.99,-0.003141863661251354,2002-2024
ES413,Leon,2020,mac,32.53449046580452,32.53,0.004490465804515509,2002-2024
ES413,Leon,2021,tfr,1.013459594634549,1.01,0.0034595946345490347,2002-2024
ES413,Leon,2021,mac,33.22915623656697,33.230000000000004,-8.43763433032052e-4,2002-2024
ES413,Leon,2022,tfr,0.9872151178698673,0.99,-0.0027848821301327265,2002-2024
ES413,Leon,2022,mac,32.96576276015173,32.97,-0.004237239848265517,2002-2024
ES413,Leon,2023,tfr,0.9898506682352485,0.99,-1.4933176475151466e-4,2002-2024
ES413,Leon,2023,mac,32.85583994619834,32.86,-0.0041600538016624,2002-2024
ES413,Leon,2024,tfr,0.9467865588125515,0.9500000000000001,-0.0032134411874485957,2002-2024
ES413,Leon,2024,mac,33.110453611259054,33.11,4.5361125905429844e-4,2002-2024
ES414,Palencia,1975,tfr,2.0836810723787322,2.08,0.003681072378732164,1975-2001
ES414,Palencia,1975,mac,30.102599694678588,30.1,0.0025996946785866726,1975-2001
ES414,Palencia,1976,tfr,2.045807111577151,2.04,0.00580711157715097,1975-2001
ES414,Palencia,1976,mac,29.749890682399112,29.75,-1.0931760088794817e-4,1975-2001
ES414,Palencia,1977,tfr,1.9884369535652022,1.99,-0.0015630464347977657,1975-2001
ES414,Palencia,1977,mac,29.496401457820372,29.5,-0.0035985421796276285,1975-2001
ES414,Palencia,1978,tfr,2.0954547878429115,2.09,0.005454787842911646,1975-2001
ES414,Palencia,1978,mac,29.586800081546656,29.58,0.006800081546657566,1975-2001
ES414,Palencia,1979,tfr,2.0434389532252473,2.04,0.003438953225247232,1975-2001
ES414,Palencia,1979,mac,29.019665949237734,29.01,0.009665949237732008,1975-2001
ES414,Palencia,1980,tfr,2.0461410520269623,2.05,-0.003858947973037541,1975-2001
ES414,Palencia,1980,mac,29.070345361680552,29.06,0.010345361680553111,1975-2001
ES414,Palencia,1981,tfr,1.9795959643661103,1.98,-4.040356338896878e-4,1975-2001
ES414,Palencia,1981,mac,29.243500430425712,29.25,-0.006499569574287989,1975-2001
ES414,Palencia,1982,tfr,1.8345778861595694,1.83,0.004577886159569333,1975-2001
ES414,Palencia,1982,mac,28.88236794764404,28.88,0.0023679476440392477,1975-2001
ES414,Palencia,1983,tfr,1.6996670842864015,1.7,-3.329157135985028e-4,1975-2001
ES414,Palencia,1983,mac,29.02786293261634,29.03,-0.002137067383660707,1975-2001
ES414,Palencia,1984,tfr,1.745100213197952,1.74,0.005100213197952064,1975-2001
ES414,Palencia,1984,mac,29.17748687106576,29.18,-0.0025131289342397167,1975-2001
ES414,Palencia,1985,tfr,1.5626532733634193,1.56,0.0026532733634192507,1975-2001
ES414,Palencia,1985,mac,28.934119902626403,28.93,0.00411990262640316,1975-2001
ES414,Palencia,1986,tfr,1.4661449375442424,1.47,-0.0038550624557576185,1975-2001
ES414,Palencia,1986,mac,28.8511441934989,28.85,0.0011441934988987157,1975-2001
ES414,Palencia,1987,tfr,1.3810924539806206,1.3800000000000001,0.0010924539806205225,1975-2001
ES414,Palencia,1987,mac,29.104645088069724,29.1,0.004645088069722192,1975-2001
ES414,Palencia,1988,tfr,1.2291022236590647,1.23,-8.977763409352413e-4,1975-2001
ES414,Palencia,1988,mac,29.022728505540453,29.02,0.002728505540453341,1975-2001
ES414,Palencia,1989,tfr,1.215200628184413,1.22,-0.0047993718155869836,1975-2001
ES414,Palencia,1989,mac,29.293072535044132,29.29,0.0030725350441329624,1975-2001
ES414,Palencia,1990,tfr,1.1570099993734875,1.1600000000000001,-0.0029900006265126677,1975-2001
ES414,Palencia,1990,mac,29.279484535493197,29.279999999999998,-5.154645068010666e-4,1975-2001
ES414,Palencia,1991,tfr,1.092826750362481,1.09,0.002826750362480812,1975-2001
ES414,Palencia,1991,mac,29.246425285502152,29.25,-0.003574714497847964,1975-2001
ES414,Palencia,1992,tfr,1.0680237982084952,1.07,-0.001976201791504817,1975-2001
ES414,Palencia,1992,mac,29.599277771701107,29.6,-7.222282988941231e-4,1975-2001
ES414,Palencia,1993,tfr,1.021003985982487,1.02,0.0010039859824870767,1975-2001
ES414,Palencia,1993,mac,29.735956565785116,29.74,-0.004043434214882069,1975-2001
ES414,Palencia,1994,tfr,1.015231785580731,1.01,0.005231785580730897,1975-2001
ES414,Palencia,1994,mac,30.080119004111094,30.08,1.1900411109522224e-4,1975-2001
ES414,Palencia,1995,tfr,0.975528727881427,0.98,-0.004471272118573011,1975-2001
ES414,Palencia,1995,mac,30.45880740104304,30.459999999999997,-0.001192598956958335,1975-2001
ES414,Palencia,1996,tfr,1.015250239608483,1.02,-0.004749760391516977,1975-2001
ES414,Palencia,1996,mac,30.332995108484553,30.330000000000002,0.002995108484551423,1975-2001
ES414,Palencia,1997,tfr,0.9543159778279888,0.9500000000000001,0.0043159778279887595,1975-2001
ES414,Palencia,1997,mac,30.69165092143083,30.69,0.0016509214308300102,1975-2001
ES414,Palencia,1998,tfr,0.8639358746842257,0.8600000000000001,0.0039358746842256265,1975-2001
ES414,Palencia,1998,mac,31.016103124773753,31.02,-0.003896875226246266,1975-2001
ES414,Palencia,1999,tfr,0.9562418240112395,0.96,-0.0037581759887604926,1975-2001
ES414,Palencia,1999,mac,31.223922204853952,31.22,0.003922204853953559,1975-2001
ES414,Palencia,2000,tfr,0.9240978031052406,0.92,0.0040978031052405495,1975-2001
ES414,Palencia,2000,mac,31.39112734628801,31.39,0.0011273462880083684,1975-2001
ES414,Palencia,2001,tfr,0.9513716054752255,0.9500000000000001,0.0013716054752254125,1975-2001
ES414,Palencia,2001,mac,31.523455318450303,31.52,0.003455318450303224,1975-2001
ES414,Palencia,2002,tfr,0.992215948664763,0.99,0.0022159486647630455,2002-2024
ES414,Palencia,2002,mac,31.679618159872952,31.68,-3.818401270478944e-4,2002-2024
ES414,Palencia,2003,tfr,1.0157420868697955,1.02,-0.004257913130204516,2002-2024
ES414,Palencia,2003,mac,31.6513330398093,31.650000000000002,0.0013330398092961104,2002-2024
ES414,Palencia,2004,tfr,0.9854295510960849,0.98,0.005429551096084895,2002-2024
ES414,Palencia,2004,mac,31.85067222658553,31.85,6.722265855287901e-4,2002-2024
ES414,Palencia,2005,tfr,1.0488201787579319,1.05,-0.0011798212420681686,2002-2024
ES414,Palencia,2005,mac,32.06614544332014,32.07,-0.003854556679861787,2002-2024
ES414,Palencia,2006,tfr,1.0832855278096845,1.08,0.0032855278096843854,2002-2024
ES414,Palencia,2006,mac,31.63532290544101,31.64,-0.0046770945589891255,2002-2024
ES414,Palencia,2007,tfr,1.0545473651245683,1.05,0.0045473651245682145,2002-2024
ES414,Palencia,2007,mac,32.098104687780605,32.1,-0.0018953122193963168,2002-2024
ES414,Palencia,2008,tfr,1.1260337934112268,1.1300000000000001,-0.0039662065887733355,2002-2024
ES414,Palencia,2008,mac,31.792272557809472,31.79,0.002272557809472886,2002-2024
ES414,Palencia,2009,tfr,1.0958927586678688,1.09,0.005892758667868758,2002-2024
ES414,Palencia,2009,mac,32.05707838084628,32.06,-0.002921619153724464,2002-2024
ES414,Palencia,2010,tfr,1.0825137019424138,1.08,0.0025137019424137375,2002-2024
ES414,Palencia,2010,mac,31.686348127165676,31.69,-0.0036518728343253315,2002-2024
ES414,Palencia,2011,tfr,1.1232122460061957,1.12,0.0032122460061956293,2002-2024
ES414,Palencia,2011,mac,32.58161157946593,32.58,0.0016115794659299354,2002-2024
ES414,Palencia,2012,tfr,1.1016165363828123,1.1,0.0016165363828122281,2002-2024
ES414,Palencia,2012,mac,32.23339511417136,32.230000000000004,0.0033951141713544075,2002-2024
ES414,Palencia,2013,tfr,1.1173019203759793,1.12,-0.0026980796240207994,2002-2024
ES414,Palencia,2013,mac,32.311798268652204,32.309999999999995,0.0017982686522088898,2002-2024
ES414,Palencia,2014,tfr,1.1887071859870197,1.1900000000000002,-0.0012928140129804255,2002-2024
ES414,Palencia,2014,mac,32.22787414551772,32.220000000000006,0.007874145517710929,2002-2024
ES414,Palencia,2015,tfr,1.1969027949366817,1.2,-0.0030972050633182313,2002-2024
ES414,Palencia,2015,mac,32.53684945643865,32.54,-0.003150543561346808,2002-2024
ES414,Palencia,2016,tfr,1.1311967144080726,1.1300000000000001,0.0011967144080724523,2002-2024
ES414,Palencia,2016,mac,32.00757370740246,32.01,-0.00242629259754068,2002-2024
ES414,Palencia,2017,tfr,1.1896266500343846,1.1900000000000002,-3.733499656155548e-4,2002-2024
ES414,Palencia,2017,mac,32.42466464453855,32.43,-0.005335355461447477,2002-2024
ES414,Palencia,2018,tfr,1.1305579308393414,1.1300000000000001,5.579308393413029e-4,2002-2024
ES414,Palencia,2018,mac,32.309037581657456,32.32,-0.010962418342543856,2002-2024
ES414,Palencia,2019,tfr,1.082125998235415,1.08,0.0021259982354149276,2002-2024
ES414,Palencia,2019,mac,32.94565355244415,32.949999999999996,-0.0043464475558465665,2002-2024
ES414,Palencia,2020,tfr,1.1365670782565844,1.1300000000000001,0.006567078256584313,2002-2024
ES414,Palencia,2020,mac,32.752306145568085,32.75,0.0023061455680846166,2002-2024
ES414,Palencia,2021,tfr,1.048401961617685,1.05,-0.0015980383823150923,2002-2024
ES414,Palencia,2021,mac,32.73605716468571,32.74,-0.00394283531429096,2002-2024
ES414,Palencia,2022,tfr,1.0961186796087277,1.1,-0.003881320391272425,2002-2024
ES414,Palencia,2022,mac,32.942160147426364,32.94,0.0021601474263661657,2002-2024
ES414,Palencia,2023,tfr,1.0348148266262218,1.03,0.004814826626221791,2002-2024
ES414,Palencia,2023,mac,32.496655767295444,32.5,-0.0033442327045563047,2002-2024
ES414,Palencia,2024,tfr,1.0842627936260885,1.08,0.00426279362608839,2002-2024
ES414,Palencia,2024,mac,32.88496091148516,32.879999999999995,0.004960911485163422,2002-2024
ES415,Salamanca,1975,tfr,2.0987849808519443,2.1,-0.0012150191480557737,1975-2001
ES415,Salamanca,1975,mac,30.190635559884182,30.19,6.355598841807364e-4,1975-2001
ES415,Salamanca,1976,tfr,2.1155069844884657,2.11,0.005506984488465871,1975-2001
ES415,Salamanca,1976,mac,29.623457447540385,29.62,0.0034574475403843508,1975-2001
ES415,Salamanca,1977,tfr,2.0278027162842345,2.03,-0.00219728371576533,1975-2001
ES415,Salamanca,1977,mac,29.525711234924607,29.52,0.005711234924607567,1975-2001
ES415,Salamanca,1978,tfr,2.0812272540079655,2.08,0.001227254007965417,1975-2001
ES415,Salamanca,1978,mac,29.206103641176487,29.2,0.006103641176487429,1975-2001
ES415,Salamanca,1979,tfr,2.0337101780941733,2.03,0.0037101780941735107,1975-2001
ES415,Salamanca,1979,mac,29.012849573004175,29.01,0.0028495730041733225,1975-2001
ES415,Salamanca,1980,tfr,2.0535686039914274,2.05,0.0035686039914275547,1975-2001
ES415,Salamanca,1980,mac,28.909682180181395,28.9,0.00968218018139666,1975-2001
ES415,Salamanca,1981,tfr,1.9636102524881405,1.97,-0.0063897475118595,1975-2001
ES415,Salamanca,1981,mac,28.99459845350027,29,-0.005401546499729903,1975-2001
ES415,Salamanca,1982,tfr,1.9062200340579223,1.91,-0.0037799659420776344,1975-2001
ES415,Salamanca,1982,mac,28.98565734599494,28.99,-0.004342654005057511,1975-2001
ES415,Salamanca,1983,tfr,1.800743312108486,1.8,7.433121084858829e-4,1975-2001
ES415,Salamanca,1983,mac,29.21551365438093,29.22,-0.004486345619067578,1975-2001
ES415,Salamanca,1984,tfr,1.6290767062672238,1.6300000000000001,-9.232937327763313e-4,1975-2001
ES415,Salamanca,1984,mac,28.967166797363973,28.97,-0.0028332026360260443,1975-2001
ES415,Salamanca,1985,tfr,1.5559368328241399,1.56,-0.004063167175860194,1975-2001
ES415,Salamanca,1985,mac,28.976127556082776,28.979999999999997,-0.003872443917220636,1975-2001
ES415,Salamanca,1986,tfr,1.4567122978496643,1.46,-0.003287702150335692,1975-2001
ES415,Salamanca,1986,mac,29.072929061508834,29.07,0.0029290615088335414,1975-2001
ES415,Salamanca,1987,tfr,1.3785537720555354,1.3800000000000001,-0.0014462279444646953,1975-2001
ES415,Salamanca,1987,mac,28.807243558008096,28.810000000000002,-0.0027564419919059446,1975-2001
ES415,Salamanca,1988,tfr,1.2834154415279493,1.28,0.003415441527949259,1975-2001
ES415,Salamanca,1988,mac,28.923052324983402,28.919999999999998,0.00305232498340402,1975-2001
ES415,Salamanca,1989,tfr,1.2325364443073232,1.23,0.002536444307323249,1975-2001
ES415,Salamanca,1989,mac,29.117027105060206,29.110000000000003,0.007027105060203098,1975-2001
ES415,Salamanca,1990,tfr,1.176070155253,1.1800000000000002,-0.0039298447470002,1975-2001
ES415,Salamanca,1990,mac,29.191966846460527,29.19,0.0019668464605260283,1975-2001
ES415,Salamanca,1991,tfr,1.1850325808543007,1.1900000000000002,-0.0049674191456994254,1975-2001
ES415,Salamanca,1991,mac,29.50443530409294,29.51,-0.005564695907061434,1975-2001
ES415,Salamanca,1992,tfr,1.1315883580053867,1.1300000000000001,0.001588358005386592,1975-2001
ES415,Salamanca,1992,mac,29.553682148546333,29.55,0.003682148546332087,1975-2001
ES415,Salamanca,1993,tfr,1.103662573518952,1.1,0.0036625735189519393,1975-2001
ES415,Salamanca,1993,mac,29.97517052601032,29.979999999999997,-0.0048294739896768135,1975-2001
ES415,Salamanca,1994,tfr,1.0114030088945674,1.01,0.001403008894567348,1975-2001
ES415,Salamanca,1994,mac,30.074068104682134,30.07,0.004068104682133367,1975-2001
ES415,Salamanca,1995,tfr,0.986487824841481,0.99,-0.003512175158518982,1975-2001
ES415,Salamanca,1995,mac,30.1137393651196,30.110000000000003,0.003739365119596272,1975-2001
ES415,Salamanca,1996,tfr,0.9276758515492214,0.93,-0.0023241484507786625,1975-2001
ES415,Salamanca,1996,mac,30.551848682928796,30.55,0.0018486829287951423,1975-2001
ES415,Salamanca,1997,tfr,0.9842662896763984,0.98,0.004266289676398416,1975-2001
ES415,Salamanca,1997,mac,30.770113811956822,30.77,1.138119568224738e-4,1975-2001
ES415,Salamanca,1998,tfr,0.9412281905921972,0.9400000000000001,0.0012281905921971425,1975-2001
ES415,Salamanca,1998,mac,30.929663022696893,30.93,-3.36977303106778e-4,1975-2001
ES415,Salamanca,1999,tfr,0.9433794137287286,0.9400000000000001,0.0033794137287285198,1975-2001
ES415,Salamanca,1999,mac,31.052975483474576,31.05,0.0029754834745752134,1975-2001
ES415,Salamanca,2000,tfr,0.9905775424279312,0.99,5.775424279311769e-4,1975-2001
ES415,Salamanca,2000,mac,31.21813225523105,31.22,-0.0018677447689476878,1975-2001
ES415,Salamanca,2001,tfr,0.9718133048984795,0.97,0.0018133048984795286,1975-2001
ES415,Salamanca,2001,mac,31.32820281601469,31.330000000000002,-0.0017971839853103688,1975-2001
ES415,Salamanca,2002,tfr,0.9996919714018108,1,-3.080285981892361e-4,2002-2024
ES415,Salamanca,2002,mac,31.501061166725513,31.51,-0.00893883327448819,2002-2024
ES415,Salamanca,2003,tfr,1.0433215067880521,1.04,0.0033215067880520976,2002-2024
ES415,Salamanca,2003,mac,31.41537265788536,31.419999999999998,-0.004627342114638111,2002-2024
ES415,Salamanca,2004,tfr,1.0838790201521016,1.08,0.003879020152101509,2002-2024
ES415,Salamanca,2004,mac,31.558533585896466,31.56,-0.0014664141035325429,2002-2024
ES415,Salamanca,2005,tfr,1.0780090643432698,1.08,-0.0019909356567302527,2002-2024
ES415,Salamanca,2005,mac,31.59572581646018,31.59,0.005725816460181221,2002-2024
ES415,Salamanca,2006,tfr,1.0868999976701865,1.09,-0.003100002329813556,2002-2024
ES415,Salamanca,2006,mac,31.68418804277897,31.68,0.004188042778970669,2002-2024
ES415,Salamanca,2007,tfr,1.158427915480133,1.1600000000000001,-0.001572084519867234,2002-2024
ES415,Salamanca,2007,mac,31.574841581739488,31.57,0.004841581739487566,2002-2024
ES415,Salamanca,2008,tfr,1.2239216229456906,1.22,0.00392162294569065,2002-2024
ES415,Salamanca,2008,mac,31.58202477719309,31.59,-0.007975222806908988,2002-2024
ES415,Salamanca,2009,tfr,1.1375911239899688,1.1400000000000001,-0.002408876010031369,2002-2024
ES415,Salamanca,2009,mac,31.739934817211317,31.74,-6.518278868128391e-5,2002-2024
ES415,Salamanca,2010,tfr,1.1343528607504436,1.1300000000000001,0.004352860750443499,2002-2024
ES415,Salamanca,2010,mac,31.91102581347784,31.91,0.0010258134778382555,2002-2024
ES415,Salamanca,2011,tfr,1.1731416028495287,1.1700000000000002,0.0031416028495285797,2002-2024
ES415,Salamanca,2011,mac,31.976407410181167,31.979999999999997,-0.0035925898188295946,2002-2024
ES415,Salamanca,2012,tfr,1.1402635475634586,1.1400000000000001,2.635475634584772e-4,2002-2024
ES415,Salamanca,2012,mac,32.12493442134897,32.13,-0.005065578651034741,2002-2024
ES415,Salamanca,2013,tfr,1.0613042996418085,1.06,0.0013042996418084485,2002-2024
ES415,Salamanca,2013,mac,32.22661959686361,32.220000000000006,0.006619596863600918,2002-2024
ES415,Salamanca,2014,tfr,1.1363539260651663,1.1400000000000001,-0.003646073934833849,2002-2024
ES415,Salamanca,2014,mac,32.07990270049563,32.08,-9.7299504368209e-5,2002-2024
ES415,Salamanca,2015,tfr,1.1690504122929033,1.1700000000000002,-9.49587707096855e-4,2002-2024
ES415,Salamanca,2015,mac,32.52389635383196,32.52,0.0038963538319549684,2002-2024
ES415,Salamanca,2016,tfr,1.1634407261293072,1.1600000000000001,0.0034407261293070146,2002-2024
ES415,Salamanca,2016,mac,32.46664756519167,32.46,0.006647565191670424,2002-2024
ES415,Salamanca,2017,tfr,1.0901515371681212,1.09,1.515371681211075e-4,2002-2024
ES415,Salamanca,2017,mac,32.55410407877391,32.55,0.0041040787739135,2002-2024
ES415,Salamanca,2018,tfr,1.1364800751471562,1.1400000000000001,-0.003519924852843914,2002-2024
ES415,Salamanca,2018,mac,33.03076272946546,33.03,7.627294654568573e-4,2002-2024
ES415,Salamanca,2019,tfr,1.1037928996542374,1.1,0.003792899654237347,2002-2024
ES415,Salamanca,2019,mac,32.34702732548544,32.339999999999996,0.007027325485445601,2002-2024
ES415,Salamanca,2020,tfr,1.0512597547837814,1.05,0.001259754783781375,2002-2024
ES415,Salamanca,2020,mac,32.59117785399892,32.59,0.0011778539989180103,2002-2024
ES415,Salamanca,2021,tfr,1.038363210711182,1.04,-0.0016367892888180524,2002-2024
ES415,Salamanca,2021,mac,33.11922241604672,33.120000000000005,-7.775839532868645e-4,2002-2024
ES415,Salamanca,2022,tfr,1.0508826407321021,1.05,8.826407321020913e-4,2002-2024
ES415,Salamanca,2022,mac,32.94084495809375,32.94,8.449580937508472e-4,2002-2024
ES415,Salamanca,2023,tfr,1.0241024665606944,1.02,0.004102466560694351,2002-2024
ES415,Salamanca,2023,mac,32.83355356564931,32.83,0.003553565649312418,2002-2024
ES415,Salamanca,2024,tfr,1.0170082825664948,1.02,-0.0029917174335052366,2002-2024
ES415,Salamanca,2024,mac,33.04052422296129,33.04,5.24222961288956e-4,2002-2024
ES416,Segovia,1975,tfr,2.610350337772997,2.61,3.5033777299720015e-4,1975-2001
ES416,Segovia,1975,mac,29.95399608109205,29.959999999999997,-0.006003918907946826,1975-2001
ES416,Segovia,1976,tfr,2.5986978846322266,2.6,-0.001302115367773471,1975-2001
ES416,Segovia,1976,mac,29.458785600932792,29.459999999999997,-0.0012143990672051075,1975-2001
ES416,Segovia,1977,tfr,2.4687795176173557,2.4699999999999998,-0.0012204823826440503,1975-2001
ES416,Segovia,1977,mac,29.30762780909111,29.310000000000002,-0.0023721909088934012,1975-2001
ES416,Segovia,1978,tfr,2.338117913089444,2.34,-0.0018820869105558025,1975-2001
ES416,Segovia,1978,mac,29.237134652842208,29.24,-0.00286534715779041,1975-2001
ES416,Segovia,1979,tfr,2.391687746949501,2.3899999999999997,0.0016877469495013564,1975-2001
ES416,Segovia,1979,mac,28.844654754663512,28.84,0.004654754663512506,1975-2001
ES416,Segovia,1980,tfr,2.215618278750984,2.21,0.005618278750984196,1975-2001
ES416,Segovia,1980,mac,29.178325737187567,29.18,-0.0016742628124326586,1975-2001
ES416,Segovia,1981,tfr,2.138210192299229,2.14,-0.0017898077007711954,1975-2001
ES416,Segovia,1981,mac,28.97249788032414,28.97,0.002497880324142443,1975-2001
ES416,Segovia,1982,tfr,2.0267336712542736,2.03,-0.003266328745726188,1975-2001
ES416,Segovia,1982,mac,29.282747361864537,29.279999999999998,0.0027473618645394993,1975-2001
ES416,Segovia,1983,tfr,1.8786105942319917,1.8800000000000001,-0.0013894057680083893,1975-2001
ES416,Segovia,1983,mac,29.2728425145632,29.27,0.0028425145632020588,1975-2001
ES416,Segovia,1984,tfr,1.717380940028395,1.72,-0.0026190599716049423,1975-2001
ES416,Segovia,1984,mac,29.304203527462906,29.3,0.004203527462905754,1975-2001
ES416,Segovia,1985,tfr,1.7234653350310616,1.72,0.0034653350310616116,1975-2001
ES416,Segovia,1985,mac,29.322660972017943,29.32,0.0026609720179422425,1975-2001
ES416,Segovia,1986,tfr,1.4683702055393315,1.47,-0.0016297944606684656,1975-2001
ES416,Segovia,1986,mac,29.142088790174366,29.14,0.0020887901743655846,1975-2001
ES416,Segovia,1987,tfr,1.3822930335281804,1.3800000000000001,0.0022930335281803327,1975-2001
ES416,Segovia,1987,mac,29.313895282053394,29.310000000000002,0.0038952820533921795,1975-2001
ES416,Segovia,1988,tfr,1.3392855233678338,1.34,-7.144766321662832e-4,1975-2001
ES416,Segovia,1988,mac,29.206372800960022,29.2,0.006372800960022573,1975-2001
ES416,Segovia,1989,tfr,1.350619173244546,1.35,6.191732445459674e-4,1975-2001
ES416,Segovia,1989,mac,29.50393377539458,29.5,0.003933775394578731,1975-2001
ES416,Segovia,1990,tfr,1.314608801744658,1.31,0.004608801744657942,1975-2001
ES416,Segovia,1990,mac,29.41189904439563,29.41,0.0018990443956283798,1975-2001
ES416,Segovia,1991,tfr,1.2881378372757308,1.29,-0.0018621627242692007,1975-2001
ES416,Segovia,1991,mac,29.538971964487825,29.54,-0.0010280355121743412,1975-2001
ES416,Segovia,1992,tfr,1.2473696869769049,1.25,-0.002630313023095132,1975-2001
ES416,Segovia,1992,mac,30.049344385948924,30.05,-6.55614051076725e-4,1975-2001
ES416,Segovia,1993,tfr,1.1544385352784499,1.1500000000000001,0.004438535278449729,1975-2001
ES416,Segovia,1993,mac,30.008438930356856,30.01,-0.0015610696431451743,1975-2001
ES416,Segovia,1994,tfr,1.1322966346221732,1.1300000000000001,0.0022966346221731104,1975-2001
ES416,Segovia,1994,mac,30.376861503322008,30.38,-0.003138496677991043,1975-2001
ES416,Segovia,1995,tfr,1.1462213079017491,1.1500000000000001,-0.003778692098250991,1975-2001
ES416,Segovia,1995,mac,30.163816011476104,30.16,0.0038160114761041086,1975-2001
ES416,Segovia,1996,tfr,1.1358747497814745,1.1400000000000001,-0.004125250218525611,1975-2001
ES416,Segovia,1996,mac,30.80293249066065,30.8,0.002932490660647602,1975-2001
ES416,Segovia,1997,tfr,1.1850092017339828,1.1900000000000002,-0.004990798266017338,1975-2001
ES416,Segovia,1997,mac,30.795841768246802,30.8,-0.004158231753198294,1975-2001
ES416,Segovia,1998,tfr,1.0645860286404383,1.06,0.004586028640438222,1975-2001
ES416,Segovia,1998,mac,31.111271461121365,31.110000000000003,0.0012714611213624494,1975-2001
ES416,Segovia,1999,tfr,1.086222459707098,1.09,-0.003777540292902115,1975-2001
ES416,Segovia,1999,mac,31.133325857018765,31.130000000000003,0.0033258570187619796,1975-2001
ES416,Segovia,2000,tfr,1.1128994543827107,1.11,0.0028994543827105534,1975-2001
ES416,Segovia,2000,mac,31.178234267628195,31.18,-0.0017657323718047735,1975-2001
ES416,Segovia,2001,tfr,1.1674723880419975,1.1700000000000002,-0.0025276119580026624,1975-2001
ES416,Segovia,2001,mac,31.602361845748,31.610000000000003,-0.007638154252003204,1975-2001
ES416,Segovia,2002,tfr,1.1900389868435497,1.1900000000000002,3.898684354952664e-5,2002-2024
ES416,Segovia,2002,mac,31.54661456549917,31.55,-0.003385434500831508,2002-2024
ES416,Segovia,2003,tfr,1.2465854458477055,1.25,-0.0034145541522945244,2002-2024
ES416,Segovia,2003,mac,31.30721251792577,31.310000000000002,-0.002787482074232628,2002-2024
ES416,Segovia,2004,tfr,1.225632071718448,1.23,-0.00436792828155208,2002-2024
ES416,Segovia,2004,mac,31.271121765623665,31.27,0.0011217656236652829,2002-2024
ES416,Segovia,2005,tfr,1.3140146487249773,1.31,0.0040146487249772544,2002-2024
ES416,Segovia,2005,mac,31.27007645759273,31.279999999999998,-0.009923542407268116,2002-2024
ES416,Segovia,2006,tfr,1.3069406069433436,1.31,-0.0030593930566564786,2002-2024
ES416,Segovia,2006,mac,31.243303952496635,31.25,-0.0066960475033646105,2002-2024
ES416,Segovia,2007,tfr,1.2840839175597911,1.28,0.004083917559791095,2002-2024
ES416,Segovia,2007,mac,31.187733780226026,31.2,-0.012266219773973575,2002-2024
ES416,Segovia,2008,tfr,1.3823265598710026,1.3800000000000001,0.002326559871002498,2002-2024
ES416,Segovia,2008,mac,30.85427697973727,30.86,-0.005723020262728085,2002-2024
ES416,Segovia,2009,tfr,1.3257920271416839,1.33,-0.0042079728583162,2002-2024
ES416,Segovia,2009,mac,31.407430824885463,31.41,-0.0025691751145373587,2002-2024
ES416,Segovia,2010,tfr,1.341465165324711,1.34,0.0014651653247108598,2002-2024
ES416,Segovia,2010,mac,31.291089198997767,31.29,0.0010891989977679373,2002-2024
ES416,Segovia,2011,tfr,1.3381529044011187,1.34,-0.0018470955988814097,2002-2024
ES416,Segovia,2011,mac,31.45705141596692,31.45,0.00705141596692016,2002-2024
ES416,Segovia,2012,tfr,1.2713854751248608,1.27,0.0013854751248607577,2002-2024
ES416,Segovia,2012,mac,31.93064277337319,31.939999999999998,-0.009357226626807602,2002-2024
ES416,Segovia,2013,tfr,1.188088898918331,1.1900000000000002,-0.001911101081669253,2002-2024
ES416,Segovia,2013,mac,32.002375450791405,32,0.0023754507914048872,2002-2024
ES416,Segovia,2014,tfr,1.3426714483257844,1.34,0.0026714483257843646,2002-2024
ES416,Segovia,2014,mac,31.936842185091706,31.939999999999998,-0.0031578149082918117,2002-2024
ES416,Segovia,2015,tfr,1.2966443580418012,1.3,-0.0033556419581988184,2002-2024
ES416,Segovia,2015,mac,32.182207563361914,32.18,0.0022075633619138557,2002-2024
ES416,Segovia,2016,tfr,1.2706648580692934,1.27,6.648580692933947e-4,2002-2024
ES416,Segovia,2016,mac,32.52482150345557,32.54,-0.015178496544429265,2002-2024
ES416,Segovia,2017,tfr,1.2478212379429803,1.25,-0.002178762057019723,2002-2024
ES416,Segovia,2017,mac,32.32818757154491,32.33,-0.0018124284550893321,2002-2024
ES416,Segovia,2018,tfr,1.2507816600016877,1.25,7.816600016876674e-4,2002-2024
ES416,Segovia,2018,mac,32.624093650278724,32.620000000000005,0.0040936502787189966,2002-2024
ES416,Segovia,2019,tfr,1.227750511463379,1.23,-0.0022494885366208806,2002-2024
ES416,Segovia,2019,mac,32.78707104199275,32.790000000000006,-0.002928958007252902,2002-2024
ES416,Segovia,2020,tfr,1.1628718048826248,1.1700000000000002,-0.007128195117375391,2002-2024
ES416,Segovia,2020,mac,32.580662870351,32.59,-0.009337129649004794,2002-2024
ES416,Segovia,2021,tfr,1.1994378066356528,1.2,-5.621933643471522e-4,2002-2024
ES416,Segovia,2021,mac,32.924577736299945,32.92,0.004577736299943069,2002-2024
ES416,Segovia,2022,tfr,1.146410603550263,1.1500000000000001,-0.0035893964497371034,2002-2024
ES416,Segovia,2022,mac,32.98544218951952,32.99,-0.0045578104804846475,2002-2024
ES416,Segovia,2023,tfr,1.136737709847734,1.1400000000000001,-0.0032622901522660896,2002-2024
ES416,Segovia,2023,mac,32.78220956867006,32.78,0.0022095686700609463,2002-2024
ES416,Segovia,2024,tfr,1.149186484630181,1.1500000000000001,-8.135153698192177e-4,2002-2024
ES416,Segovia,2024,mac,32.55874629882733,32.56,-0.0012537011726720948,2002-2024
ES417,Soria,1975,tfr,1.8461288923694656,1.84,0.006128892369465566,1975-2001
ES417,Soria,1975,mac,30.337762542111413,30.34,-0.002237457888586647,1975-2001
ES417,Soria,1976,tfr,1.996972693690443,2,-0.003027306309556943,1975-2001
ES417,Soria,1976,mac,29.991939611943806,29.99,0.001939611943807762,1975-2001
ES417,Soria,1977,tfr,2.0431919642993392,2.04,0.0031919642993392117,1975-2001
ES417,Soria,1977,mac,30.177013405122757,30.18,-0.00298659487724251,1975-2001
ES417,Soria,1978,tfr,1.965774500089605,1.96,0.005774500089605006,1975-2001
ES417,Soria,1978,mac,29.55859018569497,29.55,0.008590185694970387,1975-2001
ES417,Soria,1979,tfr,1.9137791005112648,1.91,0.0037791005112648435,1975-2001
ES417,Soria,1979,mac,29.583055720977793,29.58,0.003055720977794607,1975-2001
ES417,Soria,1980,tfr,1.7940899574084677,1.79,0.004089957408467626,1975-2001
ES417,Soria,1980,mac,29.714994928974118,29.71,0.00499492897411713,1975-2001
ES417,Soria,1981,tfr,1.7930024506327487,1.8,-0.006997549367251388,1975-2001
ES417,Soria,1981,mac,29.783882917113907,29.79,-0.006117082886092362,1975-2001
ES417,Soria,1982,tfr,1.7328963745807764,1.73,0.0028963745807764063,1975-2001
ES417,Soria,1982,mac,29.847324997077575,29.85,-0.002675002922426728,1975-2001
ES417,Soria,1983,tfr,1.6371231709825287,1.6400000000000001,-0.0028768290174714384,1975-2001
ES417,Soria,1983,mac,29.691018170336022,29.69,0.0010181703360210292,1975-2001
ES417,Soria,1984,tfr,1.538354704431582,1.54,-0.0016452955684180814,1975-2001
ES417,Soria,1984,mac,29.540417646433152,29.54,4.176464331528962e-4,1975-2001
ES417,Soria,1985,tfr,1.5339863244768586,1.53,0.003986324476858538,1975-2001
ES417,Soria,1985,mac,29.678555340723516,29.68,-0.0014446592764834065,1975-2001
ES417,Soria,1986,tfr,1.5049114254587501,1.5,0.004911425458750118,1975-2001
ES417,Soria,1986,mac,29.674705173903252,29.67,0.004705173903250426,1975-2001
ES417,Soria,1987,tfr,1.3858719077494317,1.3900000000000001,-0.004128092250568427,1975-2001
ES417,Soria,1987,mac,29.490419067031468,29.49,4.190670314692113e-4,1975-2001
ES417,Soria,1988,tfr,1.3036945673393039,1.3,0.0036945673393038447,1975-2001
ES417,Soria,1988,mac,29.610792555780613,29.610000000000003,7.925557806096606e-4,1975-2001
ES417,Soria,1989,tfr,1.2727057492794565,1.27,0.0027057492794564375,1975-2001
ES417,Soria,1989,mac,29.356975080581748,29.35,0.00697508058174634,1975-2001
ES417,Soria,1990,tfr,1.2182682774021967,1.22,-0.001731722597803298,1975-2001
ES417,Soria,1990,mac,29.84514550500254,29.84,0.005145505002541739,1975-2001
ES417,Soria,1991,tfr,1.1546608227309278,1.1600000000000001,-0.005339177269072293,1975-2001
ES417,Soria,1991,mac,29.98443479771422,29.979999999999997,0.004434797714221617,1975-2001
ES417,Soria,1992,tfr,1.1233995829861787,1.12,0.0033995829861785953,1975-2001
ES417,Soria,1992,mac,30.15974896445147,30.16,-2.5103554852989873e-4,1975-2001
ES417,Soria,1993,tfr,1.1458988160830545,1.1500000000000001,-0.004101183916945583,1975-2001
ES417,Soria,1993,mac,29.90921954163961,29.91,-7.804583603885362e-4,1975-2001
ES417,Soria,1994,tfr,1.0237054582930183,1.02,0.003705458293018271,1975-2001
ES417,Soria,1994,mac,30.520614638242908,30.52,6.146382429079722e-4,1975-2001
ES417,Soria,1995,tfr,1.0973600028673378,1.1,-0.002639997132662275,1975-2001
ES417,Soria,1995,mac,30.93260084727944,30.93,0.002600847279438767,1975-2001
ES417,Soria,1996,tfr,1.0172848113251252,1.02,-0.0027151886748748577,1975-2001
ES417,Soria,1996,mac,31.372798432253788,31.37,0.0027984322537868422,1975-2001
ES417,Soria,1997,tfr,0.9640333194318588,0.96,0.004033319431858806,1975-2001
ES417,Soria,1997,mac,31.174058816743404,31.17,0.00405881674340236,1975-2001
ES417,Soria,1998,tfr,1.0935616535749364,1.09,0.0035616535749363187,1975-2001
ES417,Soria,1998,mac,31.51890779818665,31.52,-0.0010922018133499023,1975-2001
ES417,Soria,1999,tfr,0.9851698921586347,0.99,-0.004830107841365283,1975-2001
ES417,Soria,1999,mac,31.318322003094295,31.32,-0.00167799690570547,1975-2001
ES417,Soria,2000,tfr,1.165932127805107,1.1700000000000002,-0.004067872194893241,1975-2001
ES417,Soria,2000,mac,31.676365269194726,31.68,-0.003634730805273989,1975-2001
ES417,Soria,2001,tfr,1.1013781284944977,1.1,0.001378128494497588,1975-2001
ES417,Soria,2001,mac,31.703953839305832,31.7,0.003953839305832929,1975-2001
ES417,Soria,2002,tfr,1.0742104733643596,1.08,-0.005789526635640474,2002-2024
ES417,Soria,2002,mac,31.914329407353044,31.919999999999998,-0.00567059264695402,2002-2024
ES417,Soria,2003,tfr,1.2195515500454068,1.22,-4.484499545931442e-4,2002-2024
ES417,Soria,2003,mac,31.643433995516464,31.650000000000002,-0.006566004483538279,2002-2024
ES417,Soria,2004,tfr,1.189242587314864,1.1900000000000002,-7.574126851361829e-4,2002-2024
ES417,Soria,2004,mac,31.677811789267672,31.67,0.007811789267670122,2002-2024
ES417,Soria,2005,tfr,1.2073527774361577,1.21,-0.002647222563842311,2002-2024
ES417,Soria,2005,mac,31.67324068352559,31.68,-0.006759316474408195,2002-2024
ES417,Soria,2006,tfr,1.1937921853932643,1.1900000000000002,0.0037921853932640914,2002-2024
ES417,Soria,2006,mac,31.604082503747073,31.59,0.01408250374707265,2002-2024
ES417,Soria,2007,tfr,1.1452721968972086,1.1500000000000001,-0.004727803102791528,2002-2024
ES417,Soria,2007,mac,32.00156161726714,32,0.0015616172671428785,2002-2024
ES417,Soria,2008,tfr,1.2968748475819996,1.29,0.006874847581999521,2002-2024
ES417,Soria,2008,mac,31.142450981652647,31.130000000000003,0.0124509816526448,2002-2024
ES417,Soria,2009,tfr,1.241136983426264,1.24,0.0011369834262640044,2002-2024
ES417,Soria,2009,mac,31.60042257501727,31.59,0.010422575017269509,2002-2024
ES417,Soria,2010,tfr,1.2741501110354758,1.28,-0.005849888964524208,2002-2024
ES417,Soria,2010,mac,31.612633785889074,31.610000000000003,0.0026337858890705945,2002-2024
ES417,Soria,2011,tfr,1.2103599265585003,1.21,3.599265585003675e-4,2002-2024
ES417,Soria,2011,mac,32.34137022352616,32.339999999999996,0.0013702235261661144,2002-2024
ES417,Soria,2012,tfr,1.2526360282837605,1.25,0.0026360282837605276,2002-2024
ES417,Soria,2012,mac,32.09720972746148,32.1,-0.002790272538518934,2002-2024
ES417,Soria,2013,tfr,1.2085062656000722,1.21,-0.0014937343999277264,2002-2024
ES417,Soria,2013,mac,32.34606938748494,32.349999999999994,-0.003930612515055998,2002-2024
ES417,Soria,2014,tfr,1.1961903280938437,1.2,-0.00380967190615622,2002-2024
ES417,Soria,2014,mac,32.74210232408634,32.75,-0.007897675913660862,2002-2024
ES417,Soria,2015,tfr,1.2319815066845305,1.23,0.001981506684530565,2002-2024
ES417,Soria,2015,mac,32.49834932414334,32.5,-0.0016506758566592339,2002-2024
ES417,Soria,2016,tfr,1.2471292082608911,1.25,-0.002870791739108869,2002-2024
ES417,Soria,2016,mac,32.712318699043436,32.71,0.0023186990434354016,2002-2024
ES417,Soria,2017,tfr,1.211400462036647,1.21,0.00140046203664701,2002-2024
ES417,Soria,2017,mac,32.716923106591146,32.71,0.006923106591145256,2002-2024
ES417,Soria,2018,tfr,1.2617573345777586,1.27,-0.008242665422241391,2002-2024
ES417,Soria,2018,mac,33.04879198765366,33.06,-0.011208012346344276,2002-2024
ES417,Soria,2019,tfr,1.2300140455687767,1.23,1.4045568776710482e-5,2002-2024
ES417,Soria,2019,mac,32.870889891111325,32.879999999999995,-0.009110108888670254,2002-2024
ES417,Soria,2020,tfr,1.273709605794728,1.28,-0.00629039420527211,2002-2024
ES417,Soria,2020,mac,33.06816252993996,33.06,0.008162529939959029,2002-2024
ES417,Soria,2021,tfr,1.1677676935038168,1.1700000000000002,-0.002232306496183334,2002-2024
ES417,Soria,2021,mac,33.061241540068764,33.06,0.0012415400687615374,2002-2024
ES417,Soria,2022,tfr,1.1810218177732066,1.1800000000000002,0.0010218177732064238,2002-2024
ES417,Soria,2022,mac,33.29544931077944,33.3,-0.004550689220558013,2002-2024
ES417,Soria,2023,tfr,1.097819672870192,1.1,-0.0021803271298079796,2002-2024
ES417,Soria,2023,mac,32.915370027538046,32.92,-0.004629972461955845,2002-2024
ES417,Soria,2024,tfr,1.0484880612240242,1.05,-0.001511938775975885,2002-2024
ES417,Soria,2024,mac,32.99550762627393,33,-0.00449237372607314,2002-2024
ES418,Valladolid,1975,tfr,2.645322549878113,2.64,0.00532254987811287,1975-2001
ES418,Valladolid,1975,mac,29.172458677193227,29.17,0.0024586771932249007,1975-2001
ES418,Valladolid,1976,tfr,2.796994636718862,2.8,-0.003005363281137985,1975-2001
ES418,Valladolid,1976,mac,28.78033782877724,28.779999999999998,3.378287772406452e-4,1975-2001
ES418,Valladolid,1977,tfr,2.596258678993709,2.6,-0.0037413210062910984,1975-2001
ES418,Valladolid,1977,mac,28.660717689756755,28.66,7.176897567546803e-4,1975-2001
ES418,Valladolid,1978,tfr,2.5339409621071973,2.53,0.003940962107197521,1975-2001
ES418,Valladolid,1978,mac,28.506838222022342,28.51,-0.0031617779776595967,1975-2001
ES418,Valladolid,1979,tfr,2.2884740579922016,2.29,-0.001525942007798431,1975-2001
ES418,Valladolid,1979,mac,28.38189424309558,28.38,0.0018942430955810607,1975-2001
ES418,Valladolid,1980,tfr,2.1438854158247893,2.14,0.0038854158247891846,1975-2001
ES418,Valladolid,1980,mac,28.498494395326123,28.5,-0.001505604673877059,1975-2001
ES418,Valladolid,1981,tfr,1.9124649510028742,1.91,0.0024649510028742494,1975-2001
ES418,Valladolid,1981,mac,28.582773367047366,28.58,0.0027733670473679695,1975-2001
ES418,Valladolid,1982,tfr,1.8063716839937245,1.81,-0.003628316006275556,1975-2001
ES418,Valladolid,1982,mac,28.598231108541896,28.6,-0.0017688914581057702,1975-2001
ES418,Valladolid,1983,tfr,1.6032045939743627,1.6,0.0032045939743625684,1975-2001
ES418,Valladolid,1983,mac,28.809514812179565,28.810000000000002,-4.851878204377158e-4,1975-2001
ES418,Valladolid,1984,tfr,1.5554812301927363,1.56,-0.004518769807263734,1975-2001
ES418,Valladolid,1984,mac,28.697347129458098,28.7,-0.002652870541901109,1975-2001
ES418,Valladolid,1985,tfr,1.4118012358907637,1.41,0.0018012358907637527,1975-2001
ES418,Valladolid,1985,mac,28.726201061697132,28.73,-0.003798938302868038,1975-2001
ES418,Valladolid,1986,tfr,1.28661916644263,1.29,-0.0033808335573699555,1975-2001
ES418,Valladolid,1986,mac,28.91366421913996,28.91,0.0036642191399600677,1975-2001
ES418,Valladolid,1987,tfr,1.2584229400708333,1.26,-0.0015770599291666798,1975-2001
ES418,Valladolid,1987,mac,28.970561283979528,28.97,5.61283979529037e-4,1975-2001
ES418,Valladolid,1988,tfr,1.1818921317006303,1.1800000000000002,0.001892131700630184,1975-2001
ES418,Valladolid,1988,mac,29.096010263749864,29.1,-0.003989736250137099,1975-2001
ES418,Valladolid,1989,tfr,1.1429480211615235,1.1400000000000001,0.002948021161523373,1975-2001
ES418,Valladolid,1989,mac,29.116244984347503,29.12,-0.0037550156524979172,1975-2001
ES418,Valladolid,1990,tfr,1.0833102770349439,1.08,0.003310277034943798,1975-2001
ES418,Valladolid,1990,mac,29.315977015920343,29.32,-0.004022984079657732,1975-2001
ES418,Valladolid,1991,tfr,1.0659596032323244,1.07,-0.004040396767675647,1975-2001
ES418,Valladolid,1991,mac,29.46250108244827,29.459999999999997,0.00250108244827274,1975-2001
ES418,Valladolid,1992,tfr,1.0408592360290496,1.04,8.592360290495815e-4,1975-2001
ES418,Valladolid,1992,mac,29.7985734919334,29.8,-0.001426508066600718,1975-2001
ES418,Valladolid,1993,tfr,1.00762752520033,1.01,-0.0023724747996700657,1975-2001
ES418,Valladolid,1993,mac,30.04196435046051,30.04,0.001964350460511355,1975-2001
ES418,Valladolid,1994,tfr,0.9795769928841965,0.98,-4.230071158034532e-4,1975-2001
ES418,Valladolid,1994,mac,30.37305571953423,30.37,0.0030557195342275634,1975-2001
ES418,Valladolid,1995,tfr,0.9272381792503871,0.93,-0.002761820749612953,1975-2001
ES418,Valladolid,1995,mac,30.657465116974926,30.66,-0.0025348830250742083,1975-2001
ES418,Valladolid,1996,tfr,0.9270878672032952,0.93,-0.0029121327967048805,1975-2001
ES418,Valladolid,1996,mac,30.95037531765585,30.95,3.7531765585185894e-4,1975-2001
ES418,Valladolid,1997,tfr,0.9476112754999338,0.9500000000000001,-0.0023887245000662194,1975-2001
ES418,Valladolid,1997,mac,31.245608464769578,31.25,-0.004391535230421795,1975-2001
ES418,Valladolid,1998,tfr,0.8881410410822518,0.89,-0.0018589589177482324,1975-2001
ES418,Valladolid,1998,mac,31.511635847487867,31.51,0.0016358474878650497,1975-2001
ES418,Valladolid,1999,tfr,0.9279369639799159,0.93,-0.0020630360200841746,1975-2001
ES418,Valladolid,1999,mac,31.834112051152488,31.830000000000002,0.004112051152485918,1975-2001
ES418,Valladolid,2000,tfr,0.9659672604186392,0.97,-0.004032739581360745,1975-2001
ES418,Valladolid,2000,mac,31.798428504013128,31.8,-0.001571495986873117,1975-2001
ES418,Valladolid,2001,tfr,0.9767915427761819,0.98,-0.0032084572238181286,1975-2001
ES418,Valladolid,2001,mac,31.99982254619887,32,-1.7745380112899056e-4,1975-2001
ES418,Valladolid,2002,tfr,1.0273778126814126,1.03,-0.0026221873185874323,2002-2024
ES418,Valladolid,2002,mac,32.00964609149785,32.01,-3.5390850214866987e-4,2002-2024
ES418,Valladolid,2003,tfr,1.0662461397711869,1.07,-0.0037538602288131884,2002-2024
ES418,Valladolid,2003,mac,31.982715379996367,31.979999999999997,0.002715379996370615,2002-2024
ES418,Valladolid,2004,tfr,1.0835142427426452,1.09,-0.006485757257354896,2002-2024
ES418,Valladolid,2004,mac,31.839732979065563,31.84,-2.67020934437312e-4,2002-2024
ES418,Valladolid,2005,tfr,1.1195228747264676,1.12,-4.771252735324971e-4,2002-2024
ES418,Valladolid,2005,mac,31.96338892606516,31.959999999999997,0.003388926065163389,2002-2024
ES418,Valladolid,2006,tfr,1.1747199836659927,1.1800000000000002,-0.005280016334007431,2002-2024
ES418,Valladolid,2006,mac,31.928225230788264,31.93,-0.0017747692117353608,2002-2024
ES418,Valladolid,2007,tfr,1.1592559506411448,1.1600000000000001,-7.440493588553032e-4,2002-2024
ES418,Valladolid,2007,mac,31.91328392548937,31.919999999999998,-0.006716074510627834,2002-2024
ES418,Valladolid,2008,tfr,1.2495819434020095,1.25,-4.1805659799054595e-4,2002-2024
ES418,Valladolid,2008,mac,31.69385409148336,31.7,-0.006145908516639764,2002-2024
ES418,Valladolid,2009,tfr,1.2248327741687266,1.22,0.004832774168726628,2002-2024
ES418,Valladolid,2009,mac,31.88162692991008,31.89,-0.008373070089920276,2002-2024
ES418,Valladolid,2010,tfr,1.2818868347086296,1.28,0.0018868347086296033,2002-2024
ES418,Valladolid,2010,mac,32.18873357919249,32.190000000000005,-0.0012664208075179317,2002-2024
ES418,Valladolid,2011,tfr,1.2188696969602268,1.22,-0.0011303030397731284,2002-2024
ES418,Valladolid,2011,mac,32.23218203047153,32.230000000000004,0.002182030471523433,2002-2024
ES418,Valladolid,2012,tfr,1.2227715059111237,1.22,0.0027715059111237395,2002-2024
ES418,Valladolid,2012,mac,32.34596115536579,32.339999999999996,0.005961155365795889,2002-2024
ES418,Valladolid,2013,tfr,1.1798260969282857,1.1800000000000002,-1.7390307171449848e-4,2002-2024
ES418,Valladolid,2013,mac,32.33755822979945,32.339999999999996,-0.0024417702005479214,2002-2024
ES418,Valladolid,2014,tfr,1.2198369847393942,1.22,-1.630152606058033e-4,2002-2024
ES418,Valladolid,2014,mac,32.51222179204464,32.51,0.002221792044643678,2002-2024
ES418,Valladolid,2015,tfr,1.2311721473556871,1.23,0.0011721473556871587,2002-2024
ES418,Valladolid,2015,mac,32.63873733739198,32.64,-0.0012626626080205483,2002-2024
ES418,Valladolid,2016,tfr,1.240430580586509,1.24,4.3058058650902176e-4,2002-2024
ES418,Valladolid,2016,mac,32.60558253976518,32.61,-0.004417460234819259,2002-2024
ES418,Valladolid,2017,tfr,1.186178727102192,1.1900000000000002,-0.0038212728978082033,2002-2024
ES418,Valladolid,2017,mac,32.65464422924221,32.65,0.004644229242209974,2002-2024
ES418,Valladolid,2018,tfr,1.1713862169687197,1.1700000000000002,0.0013862169687195447,2002-2024
ES418,Valladolid,2018,mac,32.48786657600776,32.49,-0.0021334239922410347,2002-2024
ES418,Valladolid,2019,tfr,1.152203471163213,1.1500000000000001,0.0022034711632128445,2002-2024
ES418,Valladolid,2019,mac,32.56667266347703,32.57,-0.003327336522971791,2002-2024
ES418,Valladolid,2020,tfr,1.161319589460386,1.1600000000000001,0.001319589460385906,2002-2024
ES418,Valladolid,2020,mac,32.8532065182043,32.849999999999994,0.003206518204308395,2002-2024
ES418,Valladolid,2021,tfr,1.1139877149614104,1.11,0.00398771496141026,2002-2024
ES418,Valladolid,2021,mac,32.86475612498518,32.86,0.0047561249851781895,2002-2024
ES418,Valladolid,2022,tfr,1.1876594328894932,1.1900000000000002,-0.002340567110507008,2002-2024
ES418,Valladolid,2022,mac,32.88385864275965,32.879999999999995,0.003858642759652753,2002-2024
ES418,Valladolid,2023,tfr,1.1275295010651216,1.1300000000000001,-0.0024704989348784956,2002-2024
ES418,Valladolid,2023,mac,32.909183052791526,32.91,-8.169472084702534e-4,2002-2024
ES418,Valladolid,2024,tfr,1.1511378300058437,1.1500000000000001,0.0011378300058435542,2002-2024
ES418,Valladolid,2024,mac,33.001241062629305,33,0.001241062629304679,2002-2024
ES419,Zamora,1975,tfr,1.872712877249489,1.87,0.0027128772494888764,1975-2001
ES419,Zamora,1975,mac,29.959214136690065,29.959999999999997,-7.858633099324663e-4,1975-2001
ES419,Zamora,1976,tfr,1.945605859272476,1.94,0.005605859272476144,1975-2001
ES419,Zamora,1976,mac,29.497977960677957,29.5,-0.0020220393220427013,1975-2001
ES419,Zamora,1977,tfr,1.9829743784673428,1.98,0.002974378467342831,1975-2001
ES419,Zamora,1977,mac,29.38073868503613,29.38,7.386850361292829e-4,1975-2001
ES419,Zamora,1978,tfr,1.980523547963967,1.98,5.235479639669194e-4,1975-2001
ES419,Zamora,1978,mac,29.078819015446058,29.07,0.008819015446057676,1975-2001
ES419,Zamora,1979,tfr,1.8955556354597063,1.9,-0.004444364540293622,1975-2001
ES419,Zamora,1979,mac,28.694971568754383,28.69,0.00497156875438165,1975-2001
ES419,Zamora,1980,tfr,1.9676084212757563,1.97,-0.0023915787242436704,1975-2001
ES419,Zamora,1980,mac,28.66754695810741,28.66,0.0075469581074081304,1975-2001
ES419,Zamora,1981,tfr,1.8011993029933977,1.81,-0.008800697006602354,1975-2001
ES419,Zamora,1981,mac,28.507831994734822,28.51,-0.0021680052651795734,1975-2001
ES419,Zamora,1982,tfr,1.823071549673477,1.82,0.003071549673477003,1975-2001
ES419,Zamora,1982,mac,28.805057500963716,28.810000000000002,-0.004942499036285852,1975-2001
ES419,Zamora,1983,tfr,1.6807205613190015,1.6800000000000002,7.205613190013338e-4,1975-2001
ES419,Zamora,1983,mac,28.61552055900351,28.610000000000003,0.0055205590035072305,1975-2001
ES419,Zamora,1984,tfr,1.5965777456998211,1.6,-0.0034222543001789507,1975-2001
ES419,Zamora,1984,mac,28.66352739107616,28.66,0.0035273910761581817,1975-2001
ES419,Zamora,1985,tfr,1.5205274519860452,1.52,5.27451986045202e-4,1975-2001
ES419,Zamora,1985,mac,28.43768830031918,28.439999999999998,-0.0023116996808170143,1975-2001
ES419,Zamora,1986,tfr,1.4456674312831943,1.45,-0.0043325687168056515,1975-2001
ES419,Zamora,1986,mac,28.576034946820418,28.57,0.006034946820417275,1975-2001
ES419,Zamora,1987,tfr,1.4213453084952585,1.42,0.0013453084952586014,1975-2001
ES419,Zamora,1987,mac,28.323361989625656,28.32,0.0033619896256560367,1975-2001
ES419,Zamora,1988,tfr,1.32321777020534,1.32,0.003217770205339976,1975-2001
ES419,Zamora,1988,mac,28.605247224744577,28.6,0.005247224744575618,1975-2001
ES419,Zamora,1989,tfr,1.3072117794461637,1.31,-0.002788220553836318,1975-2001
ES419,Zamora,1989,mac,28.706149333762266,28.7,0.006149333762266451,1975-2001
ES419,Zamora,1990,tfr,1.3001891991953891,1.3,1.8919919538906704e-4,1975-2001
ES419,Zamora,1990,mac,28.59396920264796,28.59,0.003969202647958525,1975-2001
ES419,Zamora,1991,tfr,1.1957965014986505,1.2,-0.00420349850134949,1975-2001
ES419,Zamora,1991,mac,29.12743659675867,29.130000000000003,-0.002563403241332196,1975-2001
ES419,Zamora,1992,tfr,1.1655931694094082,1.1700000000000002,-0.0044068305905919924,1975-2001
ES419,Zamora,1992,mac,28.999856724481536,29,-1.4327551846449182e-4,1975-2001
ES419,Zamora,1993,tfr,1.069022059058131,1.07,-9.779409418690932e-4,1975-2001
ES419,Zamora,1993,mac,29.25143125657619,29.25,0.00143125657618981,1975-2001
ES419,Zamora,1994,tfr,0.983834295836324,0.98,0.0038342958363239976,1975-2001
ES419,Zamora,1994,mac,29.308197996028444,29.310000000000002,-0.0018020039715587188,1975-2001
ES419,Zamora,1995,tfr,1.001373594739042,1,0.0013735947390420833,1975-2001
ES419,Zamora,1995,mac,29.657234078749163,29.66,-0.002765921250837522,1975-2001
ES419,Zamora,1996,tfr,0.9783475084042736,0.98,-0.0016524915957263353,1975-2001
ES419,Zamora,1996,mac,29.953727448680073,29.95,0.003727448680074019,1975-2001
ES419,Zamora,1997,tfr,1.0036415594422434,1,0.003641559442243425,1975-2001
ES419,Zamora,1997,mac,29.880785128449464,29.88,7.85128449464878e-4,1975-2001
ES419,Zamora,1998,tfr,0.9660852201008877,0.97,-0.003914779899112264,1975-2001
ES419,Zamora,1998,mac,30.364906675020446,30.36,0.004906675020446727,1975-2001
ES419,Zamora,1999,tfr,0.8914241212214659,0.89,0.001424121221465846,1975-2001
ES419,Zamora,1999,mac,30.537865607251856,30.54,-0.002134392748143199,1975-2001
ES419,Zamora,2000,tfr,0.9579048040467391,0.96,-0.002095195953260909,1975-2001
ES419,Zamora,2000,mac,30.75188738189307,30.75,0.0018873818930700281,1975-2001
ES419,Zamora,2001,tfr,0.8854007793609574,0.88,0.005400779360957397,1975-2001
ES419,Zamora,2001,mac,31.082633004100952,31.08,0.002633004100953684,1975-2001
ES419,Zamora,2002,tfr,0.9875313827308203,0.99,-0.002468617269179685,2002-2024
ES419,Zamora,2002,mac,31.15296732585644,31.150000000000002,0.002967325856438663,2002-2024
ES419,Zamora,2003,tfr,0.9868041559078347,0.99,-0.003195844092165334,2002-2024
ES419,Zamora,2003,mac,31.427920757410764,31.43,-0.0020792425892359745,2002-2024
ES419,Zamora,2004,tfr,0.9424989606550555,0.9400000000000001,0.0024989606550553933,2002-2024
ES419,Zamora,2004,mac,31.318095217358085,31.32,-0.0019047826419154035,2002-2024
ES419,Zamora,2005,tfr,0.9540079066062551,0.9500000000000001,0.004007906606255052,2002-2024
ES419,Zamora,2005,mac,31.752504752986553,31.759999999999998,-0.007495247013444839,2002-2024
ES419,Zamora,2006,tfr,0.9885757831763109,0.99,-0.001424216823689095,2002-2024
ES419,Zamora,2006,mac,31.446590110558425,31.45,-0.0034098894415741654,2002-2024
ES419,Zamora,2007,tfr,0.9610491914367815,0.96,0.0010491914367815047,2002-2024
ES419,Zamora,2007,mac,31.374130897772886,31.37,0.0041308977728853336,2002-2024
ES419,Zamora,2008,tfr,1.0371549385752945,1.04,-0.0028450614247055306,2002-2024
ES419,Zamora,2008,mac,31.34250616303838,31.34,0.002506163038379583,2002-2024
ES419,Zamora,2009,tfr,0.9941097271419647,0.99,0.00410972714196467,2002-2024
ES419,Zamora,2009,mac,31.548012552483,31.54,0.008012552483002366,2002-2024
ES419,Zamora,2010,tfr,1.0378019422049725,1.04,-0.002198057795027575,2002-2024
ES419,Zamora,2010,mac,31.731516782106837,31.73,0.0015167821068367005,2002-2024
ES419,Zamora,2011,tfr,1.009400597311443,1.01,-5.994026885569603e-4,2002-2024
ES419,Zamora,2011,mac,31.56474696604329,31.57,-0.005253033956709174,2002-2024
ES419,Zamora,2012,tfr,1.0240072487873926,1.02,0.004007248787392559,2002-2024
ES419,Zamora,2012,mac,32.11241370820815,32.11,0.002413708208152343,2002-2024
ES419,Zamora,2013,tfr,0.9877314982249896,0.99,-0.0022685017750103675,2002-2024
ES419,Zamora,2013,mac,32.359334895851944,32.36,-6.651041480552067e-4,2002-2024
ES419,Zamora,2014,tfr,1.0092762325188398,1.01,-7.237674811602091e-4,2002-2024
ES419,Zamora,2014,mac,32.28610995158188,32.290000000000006,-0.0038900484181283446,2002-2024
ES419,Zamora,2015,tfr,0.9882522985031105,0.99,-0.00174770149688952,2002-2024
ES419,Zamora,2015,mac,32.208953630973326,32.2,0.008953630973323357,2002-2024
ES419,Zamora,2016,tfr,0.98861226398457,0.99,-0.0013877360154299634,2002-2024
ES419,Zamora,2016,mac,32.30792294650689,32.3,0.007922946506894846,2002-2024
ES419,Zamora,2017,tfr,1.0056648647717716,1.01,-0.004335135228228371,2002-2024
ES419,Zamora,2017,mac,32.22500499715514,32.220000000000006,0.00500499715513314,2002-2024
ES419,Zamora,2018,tfr,1.0346573247766135,1.04,-0.005342675223386495,2002-2024
ES419,Zamora,2018,mac,32.54652362146515,32.55,-0.003476378534848834,2002-2024
ES419,Zamora,2019,tfr,1.0031208404510568,1,0.003120840451056761,2002-2024
ES419,Zamora,2019,mac,32.66666961513754,32.660000000000004,0.0066696151375396084,2002-2024
ES419,Zamora,2020,tfr,0.9814346280434457,0.98,0.0014346280434457404,2002-2024
ES419,Zamora,2020,mac,32.57601159799846,32.58,-0.003988402001539271,2002-2024
ES419,Zamora,2021,tfr,0.8960832724948274,0.9,-0.003916727505172579,2002-2024
ES419,Zamora,2021,mac,33.05098253776047,33.05,9.825377604713026e-4,2002-2024
ES419,Zamora,2022,tfr,0.9386246981597807,0.9400000000000001,-0.0013753018402193895,2002-2024
ES419,Zamora,2022,mac,32.61943076064337,32.620000000000005,-5.692393566363307e-4,2002-2024
ES419,Zamora,2023,tfr,0.9257074933051019,0.93,-0.004292506694898113,2002-2024
ES419,Zamora,2023,mac,33.0266653046778,33.03,-0.003334695322202208,2002-2024
ES419,Zamora,2024,tfr,0.9575475270401591,0.96,-0.0024524729598408568,2002-2024
ES419,Zamora,2024,mac,32.672595515967835,32.67,0.0025955159678332507,2002-2024
ES421,Albacete,1975,tfr,2.8761322378466536,2.8699999999999997,0.006132237846653954,1975-2001
ES421,Albacete,1975,mac,29.965022859168673,29.97,-0.0049771408313254994,1975-2001
ES421,Albacete,1976,tfr,2.9491553005855025,2.9499999999999997,-8.446994144972741e-4,1975-2001
ES421,Albacete,1976,mac,29.626296636237207,29.630000000000003,-0.003703363762795675,1975-2001
ES421,Albacete,1977,tfr,2.7892812037415204,2.79,-7.187962584795926e-4,1975-2001
ES421,Albacete,1977,mac,29.5996253350489,29.6,-3.746649511029432e-4,1975-2001
ES421,Albacete,1978,tfr,2.8694478821705225,2.8699999999999997,-5.521178294771723e-4,1975-2001
ES421,Albacete,1978,mac,29.208086316518948,29.21,-0.0019136834810531411,1975-2001
ES421,Albacete,1979,tfr,2.676050474080346,2.68,-0.003949525919654029,1975-2001
ES421,Albacete,1979,mac,29.180310329031627,29.18,3.10329031627532e-4,1975-2001
ES421,Albacete,1980,tfr,2.5386132625527673,2.54,-0.001386737447232722,1975-2001
ES421,Albacete,1980,mac,28.98172590292572,28.979999999999997,0.0017259029257239433,1975-2001
ES421,Albacete,1981,tfr,2.432057936381837,2.44,-0.007942063618163075,1975-2001
ES421,Albacete,1981,mac,28.84254820085157,28.84,0.0025482008515709254,1975-2001
ES421,Albacete,1982,tfr,2.4258659099626083,2.4299999999999997,-0.0041340900373914025,1975-2001
ES421,Albacete,1982,mac,29.09595317731862,29.1,-0.004046822681381457,1975-2001
ES421,Albacete,1983,tfr,2.216091518564794,2.22,-0.00390848143520639,1975-2001
ES421,Albacete,1983,mac,29.136678566380073,29.14,-0.0033214336199272054,1975-2001
ES421,Albacete,1984,tfr,2.1242061370820777,2.12,0.004206137082077621,1975-2001
ES421,Albacete,1984,mac,29.143591412310627,29.14,0.0035914123106266516,1975-2001
ES421,Albacete,1985,tfr,1.9085447264664523,1.91,-0.0014552735335475742,1975-2001
ES421,Albacete,1985,mac,29.015695775260912,29.02,-0.0043042247390872035,1975-2001
ES421,Albacete,1986,tfr,1.863524911694093,1.86,0.0035249116940929692,1975-2001
ES421,Albacete,1986,mac,29.15203156851021,29.150000000000002,0.002031568510208359,1975-2001
ES421,Albacete,1987,tfr,1.846581107099012,1.85,-0.0034188929009881797,1975-2001
ES421,Albacete,1987,mac,29.08435019208965,29.08,0.004350192089653149,1975-2001
ES421,Albacete,1988,tfr,1.6962299396384881,1.7,-0.00377006036151184,1975-2001
ES421,Albacete,1988,mac,29.001154881204595,29,0.0011548812045951706,1975-2001
ES421,Albacete,1989,tfr,1.7084740959808395,1.71,-0.0015259040191604178,1975-2001
ES421,Albacete,1989,mac,29.099960291969573,29.1,-3.970803042818716e-5,1975-2001
ES421,Albacete,1990,tfr,1.71301763054729,1.71,0.0030176305472899845,1975-2001
ES421,Albacete,1990,mac,29.279939923362353,29.279999999999998,-6.0076637645067876e-5,1975-2001
ES421,Albacete,1991,tfr,1.581691633045103,1.58,0.0016916330451028916,1975-2001
ES421,Albacete,1991,mac,29.284206469153073,29.279999999999998,0.004206469153075432,1975-2001
ES421,Albacete,1992,tfr,1.5774301157548054,1.58,-0.0025698842451946646,1975-2001
ES421,Albacete,1992,mac,29.2730255442634,29.27,0.003025544263401514,1975-2001
ES421,Albacete,1993,tfr,1.4473349342001087,1.45,-0.002665065799891231,1975-2001
ES421,Albacete,1993,mac,29.408041630072585,29.41,-0.001958369927415049,1975-2001
ES421,Albacete,1994,tfr,1.4402857175194312,1.44,2.857175194312944e-4,1975-2001
ES421,Albacete,1994,mac,29.646278971424174,29.650000000000002,-0.0037210285758284556,1975-2001
ES421,Albacete,1995,tfr,1.4041092328691456,1.4,0.0041092328691456625,1975-2001
ES421,Albacete,1995,mac,30.024603825338648,30.02,0.0046038253386484485,1975-2001
ES421,Albacete,1996,tfr,1.354742471583411,1.35,0.004742471583411012,1975-2001
ES421,Albacete,1996,mac,30.29268534929148,30.29,0.002685349291482453,1975-2001
ES421,Albacete,1997,tfr,1.3111052504878706,1.31,0.0011052504878705793,1975-2001
ES421,Albacete,1997,mac,30.37645412129631,30.38,-0.003545878703690164,1975-2001
ES421,Albacete,1998,tfr,1.29762834621182,1.3,-0.0023716537881799393,1975-2001
ES421,Albacete,1998,mac,30.596562058234976,30.6,-0.0034379417650249877,1975-2001
ES421,Albacete,1999,tfr,1.2836783797331006,1.28,0.0036783797331005896,1975-2001
ES421,Albacete,1999,mac,30.594555078043513,30.59,0.00455507804351285,1975-2001
ES421,Albacete,2000,tfr,1.2807759756652217,1.28,7.759756652216954e-4,1975-2001
ES421,Albacete,2000,mac,30.743124798683287,30.74,0.003124798683288077,1975-2001
ES421,Albacete,2001,tfr,1.2756657524495096,1.28,-0.004334247550490389,1975-2001
ES421,Albacete,2001,mac,30.602887312390877,30.6,0.002887312390875252,1975-2001
ES421,Albacete,2002,tfr,1.2890726939379427,1.29,-9.273060620573759e-4,2002-2024
ES421,Albacete,2002,mac,30.804204334043007,30.8,0.0042043340430062415,2002-2024
ES421,Albacete,2003,tfr,1.320794544520819,1.32,7.945445208188406e-4,2002-2024
ES421,Albacete,2003,mac,30.8566681258874,30.86,-0.003331874112600275,2002-2024
ES421,Albacete,2004,tfr,1.255771112707502,1.26,-0.00422888729249804,2002-2024
ES421,Albacete,2004,mac,31.04020007647068,31.04,2.0007647067998846e-4,2002-2024
ES421,Albacete,2005,tfr,1.2871873654952504,1.29,-0.002812634504749667,2002-2024
ES421,Albacete,2005,mac,30.82014442048564,30.82,1.444204856397846e-4,2002-2024
ES421,Albacete,2006,tfr,1.3678680437419715,1.37,-0.0021319562580286444,2002-2024
ES421,Albacete,2006,mac,30.93338316141984,30.93,0.003383161419840519,2002-2024
ES421,Albacete,2007,tfr,1.2495167631350586,1.25,-4.832368649414498e-4,2002-2024
ES421,Albacete,2007,mac,31.018946616196843,31.02,-0.0010533838031570042,2002-2024
ES421,Albacete,2008,tfr,1.3898624312959973,1.3900000000000001,-1.3756870400283283e-4,2002-2024
ES421,Albacete,2008,mac,30.92876542029326,30.93,-0.0012345797067396802,2002-2024
ES421,Albacete,2009,tfr,1.4162556418333825,1.42,-0.0037443581666174452,2002-2024
ES421,Albacete,2009,mac,31.077150696670646,31.08,-0.002849303329352182,2002-2024
ES421,Albacete,2010,tfr,1.3906412162786705,1.3900000000000001,6.412162786704201e-4,2002-2024
ES421,Albacete,2010,mac,31.311602656322016,31.310000000000002,0.001602656322013729,2002-2024
ES421,Albacete,2011,tfr,1.3682264221870077,1.37,-0.0017735778129923663,2002-2024
ES421,Albacete,2011,mac,31.65524199283673,31.650000000000002,0.005241992836726439,2002-2024
ES421,Albacete,2012,tfr,1.3090515038425097,1.31,-9.48496157490375e-4,2002-2024
ES421,Albacete,2012,mac,31.72001229506763,31.72,1.2295067630674339e-5,2002-2024
ES421,Albacete,2013,tfr,1.311937870708228,1.31,0.00193787070822804,2002-2024
ES421,Albacete,2013,mac,31.806129541716064,31.8,0.006129541716063613,2002-2024
ES421,Albacete,2014,tfr,1.3412479879687194,1.34,0.0012479879687192774,2002-2024
ES421,Albacete,2014,mac,31.958169783616324,31.959999999999997,-0.001830216383673644,2002-2024
ES421,Albacete,2015,tfr,1.3433013026280378,1.34,0.003301302628037739,2002-2024
ES421,Albacete,2015,mac,32.03094211577054,32.03,9.421157705418182e-4,2002-2024
ES421,Albacete,2016,tfr,1.3399359157402295,1.34,-6.40842597705582e-5,2002-2024
ES421,Albacete,2016,mac,32.05279667346948,32.05,0.0027966734694828688,2002-2024
ES421,Albacete,2017,tfr,1.321633443755091,1.32,0.001633443755090891,2002-2024
ES421,Albacete,2017,mac,32.07013051422388,32.07,1.3051422387633238e-4,2002-2024
ES421,Albacete,2018,tfr,1.2798075572707188,1.28,-1.9244272928120587e-4,2002-2024
ES421,Albacete,2018,mac,32.23543254199085,32.230000000000004,0.0054325419908494155,2002-2024
ES421,Albacete,2019,tfr,1.2368398250756039,1.24,-0.003160174924396131,2002-2024
ES421,Albacete,2019,mac,32.28410851106571,32.290000000000006,-0.005891488934295808,2002-2024
ES421,Albacete,2020,tfr,1.216188738215193,1.22,-0.003811261784806952,2002-2024
ES421,Albacete,2020,mac,32.29313845407975,32.290000000000006,0.0031384540797461113,2002-2024
ES421,Albacete,2021,tfr,1.2517753705214778,1.25,0.0017753705214778037,2002-2024
ES421,Albacete,2021,mac,32.33158505808312,32.33,0.0015850580831227035,2002-2024
ES421,Albacete,2022,tfr,1.223657449248871,1.22,0.003657449248871014,2002-2024
ES421,Albacete,2022,mac,32.66341624312413,32.660000000000004,0.0034162431241284708,2002-2024
ES421,Albacete,2023,tfr,1.1784538896588943,1.1800000000000002,-0.0015461103411058552,2002-2024
ES421,Albacete,2023,mac,32.242285359162864,32.24,0.0022853591628617664,2002-2024
ES421,Albacete,2024,tfr,1.1781475888038595,1.1800000000000002,-0.0018524111961406575,2002-2024
ES421,Albacete,2024,mac,32.375559632824455,32.379999999999995,-0.004440367175540416,2002-2024
ES422,Ciudad Real,1975,tfr,2.539108608312406,2.54,-8.913916875941119e-4,1975-2001
ES422,Ciudad Real,1975,mac,29.746797360483292,29.75,-0.0032026395167079613,1975-2001
ES422,Ciudad Real,1976,tfr,2.5239555080338145,2.52,0.003955508033814503,1975-2001
ES422,Ciudad Real,1976,mac,29.553512091336795,29.55,0.0035120913367947537,1975-2001
ES422,Ciudad Real,1977,tfr,2.447386693106963,2.4499999999999997,-0.0026133068930365155,1975-2001
ES422,Ciudad Real,1977,mac,29.314673713444204,29.310000000000002,0.004673713444201866,1975-2001
ES422,Ciudad Real,1978,tfr,2.4705719174652923,2.4699999999999998,5.719174652925041e-4,1975-2001
ES422,Ciudad Real,1978,mac,29.006164135392076,29,0.006164135392076275,1975-2001
ES422,Ciudad Real,1979,tfr,2.4564893023575958,2.46,-0.0035106976424041925,1975-2001
ES422,Ciudad Real,1979,mac,29.006439751969683,29,0.006439751969683272,1975-2001
ES422,Ciudad Real,1980,tfr,2.3847889149663515,2.38,0.004788914966351587,1975-2001
ES422,Ciudad Real,1980,mac,28.867434634999903,28.86,0.007434634999903267,1975-2001
ES422,Ciudad Real,1981,tfr,2.330571257689602,2.34,-0.009428742310397809,1975-2001
ES422,Ciudad Real,1981,mac,28.85149051633025,28.85,0.0014905163302501023,1975-2001
ES422,Ciudad Real,1982,tfr,2.2325355249450816,2.23,0.0025355249450815798,1975-2001
ES422,Ciudad Real,1982,mac,28.86434543437026,28.87,-0.005654565629740205,1975-2001
ES422,Ciudad Real,1983,tfr,2.1312137573076244,2.13,0.001213757307624519,1975-2001
ES422,Ciudad Real,1983,mac,28.784648329355168,28.79,-0.00535167064483133,1975-2001
ES422,Ciudad Real,1984,tfr,2.033277952421388,2.03,0.003277952421388175,1975-2001
ES422,Ciudad Real,1984,mac,28.879369354060703,28.88,-6.306459392959596e-4,1975-2001
ES422,Ciudad Real,1985,tfr,1.9268048404238785,1.93,-0.003195159576121487,1975-2001
ES422,Ciudad Real,1985,mac,28.86207678169431,28.86,0.002076781694309915,1975-2001
ES422,Ciudad Real,1986,tfr,1.8549631330561422,1.85,0.004963133056142155,1975-2001
ES422,Ciudad Real,1986,mac,28.85985734749951,28.86,-1.4265250048950406e-4,1975-2001
ES422,Ciudad Real,1987,tfr,1.795074080197997,1.79,0.005074080197996933,1975-2001
ES422,Ciudad Real,1987,mac,28.886634900261072,28.89,-0.003365099738928734,1975-2001
ES422,Ciudad Real,1988,tfr,1.775059159435492,1.77,0.005059159435492067,1975-2001
ES422,Ciudad Real,1988,mac,28.882925930228385,28.88,0.0029259302283861643,1975-2001
ES422,Ciudad Real,1989,tfr,1.7458097350466477,1.75,-0.004190264953352285,1975-2001
ES422,Ciudad Real,1989,mac,28.840040308800425,28.84,4.0308800425492564e-5,1975-2001
ES422,Ciudad Real,1990,tfr,1.6954480182408918,1.7,-0.0045519817591082035,1975-2001
ES422,Ciudad Real,1990,mac,29.023469127158194,29.02,0.0034691271581941407,1975-2001
ES422,Ciudad Real,1991,tfr,1.6668160578685103,1.6700000000000002,-0.0031839421314898697,1975-2001
ES422,Ciudad Real,1991,mac,29.16549469286046,29.17,-0.004505307139542225,1975-2001
ES422,Ciudad Real,1992,tfr,1.6080068157472358,1.61,-0.0019931842527642907,1975-2001
ES422,Ciudad Real,1992,mac,29.064584754320936,29.06,0.004584754320937634,1975-2001
ES422,Ciudad Real,1993,tfr,1.5479254071056858,1.55,-0.00207459289431422,1975-2001
ES422,Ciudad Real,1993,mac,29.181275795535438,29.18,0.0012757955354381068,1975-2001
ES422,Ciudad Real,1994,tfr,1.4921386260862384,1.49,0.002138626086238382,1975-2001
ES422,Ciudad Real,1994,mac,29.395314382823567,29.4,-0.004685617176431123,1975-2001
ES422,Ciudad Real,1995,tfr,1.4146613245433917,1.41,0.004661324543391743,1975-2001
ES422,Ciudad Real,1995,mac,29.640577071081253,29.64,5.770710812527113e-4,1975-2001
ES422,Ciudad Real,1996,tfr,1.3242802467986143,1.32,0.004280246798614273,1975-2001
ES422,Ciudad Real,1996,mac,29.695551466014187,29.7,-0.00444853398581202,1975-2001
ES422,Ciudad Real,1997,tfr,1.3181800837692594,1.32,-0.0018199162307406258,1975-2001
ES422,Ciudad Real,1997,mac,29.90002832640444,29.9,2.8326404439837916e-5,1975-2001
ES422,Ciudad Real,1998,tfr,1.2698541471602904,1.27,-1.4585283970958152e-4,1975-2001
ES422,Ciudad Real,1998,mac,30.086896179234586,30.09,-0.003103820765414156,1975-2001
ES422,Ciudad Real,1999,tfr,1.2668998550325228,1.27,-0.0031001449674772363,1975-2001
ES422,Ciudad Real,1999,mac,30.23927788608469,30.24,-7.221139153088529e-4,1975-2001
ES422,Ciudad Real,2000,tfr,1.253300997242379,1.25,0.003300997242378978,1975-2001
ES422,Ciudad Real,2000,mac,30.38258230264952,30.38,0.0025823026495217505,1975-2001
ES422,Ciudad Real,2001,tfr,1.2591938135202108,1.26,-8.061864797892504e-4,1975-2001
ES422,Ciudad Real,2001,mac,30.465399916873533,30.47,-0.004600083126465648,1975-2001
ES422,Ciudad Real,2002,tfr,1.2436085572115014,1.24,0.0036085572115014397,2002-2024
ES422,Ciudad Real,2002,mac,30.39434096331726,30.4,-0.005659036682740037,2002-2024
ES422,Ciudad Real,2003,tfr,1.2747194866350793,1.28,-0.005280513364920747,2002-2024
ES422,Ciudad Real,2003,mac,30.65012324678347,30.650000000000002,1.2324678346686824e-4,2002-2024
ES422,Ciudad Real,2004,tfr,1.3240551343786846,1.33,-0.005944865621315465,2002-2024
ES422,Ciudad Real,2004,mac,30.59634963178044,30.59,0.006349631780441456,2002-2024
ES422,Ciudad Real,2005,tfr,1.3560305633587468,1.35,0.006030563358746743,2002-2024
ES422,Ciudad Real,2005,mac,30.56591507603745,30.57,-0.0040849239625515565,2002-2024
ES422,Ciudad Real,2006,tfr,1.4027349780265255,1.4,0.0027349780265255585,2002-2024
ES422,Ciudad Real,2006,mac,30.624755712505287,30.62,0.004755712505286169,2002-2024
ES422,Ciudad Real,2007,tfr,1.3696280938939127,1.37,-3.7190610608739405e-4,2002-2024
ES422,Ciudad Real,2007,mac,30.58771362753783,30.59,-0.0022863724621693393,2002-2024
ES422,Ciudad Real,2008,tfr,1.5033638579849293,1.5,0.0033638579849293304,2002-2024
ES422,Ciudad Real,2008,mac,30.553184479702274,30.56,-0.0068155202977244755,2002-2024
ES422,Ciudad Real,2009,tfr,1.4107087346930973,1.41,7.087346930974014e-4,2002-2024
ES422,Ciudad Real,2009,mac,30.789706735401985,30.79,-2.9326459801382043e-4,2002-2024
ES422,Ciudad Real,2010,tfr,1.3929924688346607,1.3900000000000001,0.0029924688346605333,2002-2024
ES422,Ciudad Real,2010,mac,30.984461451840634,30.979999999999997,0.004461451840636954,2002-2024
ES422,Ciudad Real,2011,tfr,1.3678269121111504,1.37,-0.002173087888849734,2002-2024
ES422,Ciudad Real,2011,mac,31.344899871403776,31.34,0.004899871403775791,2002-2024
ES422,Ciudad Real,2012,tfr,1.3488355382133588,1.35,-0.0011644617866413132,2002-2024
ES422,Ciudad Real,2012,mac,31.401772630602217,31.4,0.001772630602218328,2002-2024
ES422,Ciudad Real,2013,tfr,1.2956952202080565,1.29,0.005695220208056462,2002-2024
ES422,Ciudad Real,2013,mac,31.636565136927466,31.630000000000003,0.0065651369274633,2002-2024
ES422,Ciudad Real,2014,tfr,1.2336809879386805,1.23,0.0036809879386805466,2002-2024
ES422,Ciudad Real,2014,mac,31.620919189612884,31.62,9.191896128832866e-4,2002-2024
ES422,Ciudad Real,2015,tfr,1.2945494055777955,1.29,0.0045494055777954845,2002-2024
ES422,Ciudad Real,2015,mac,31.755750126665568,31.759999999999998,-0.004249873334430276,2002-2024
ES422,Ciudad Real,2016,tfr,1.3129138350140854,1.31,0.0029138350140853753,2002-2024
ES422,Ciudad Real,2016,mac,31.96019532913595,31.959999999999997,1.9532913595199375e-4,2002-2024
ES422,Ciudad Real,2017,tfr,1.28643279765815,1.29,-0.00356720234185004,2002-2024
ES422,Ciudad Real,2017,mac,31.732491987669963,31.74,-0.007508012330035285,2002-2024
ES422,Ciudad Real,2018,tfr,1.2134331362499824,1.22,-0.006566863750017582,2002-2024
ES422,Ciudad Real,2018,mac,32.07340942740326,32.07,0.003409427403262555,2002-2024
ES422,Ciudad Real,2019,tfr,1.209043372952143,1.21,-9.566270478569283e-4,2002-2024
ES422,Ciudad Real,2019,mac,32.13202750674848,32.13,0.002027506748476071,2002-2024
ES422,Ciudad Real,2020,tfr,1.1783323787710944,1.1800000000000002,-0.0016676212289057357,2002-2024
ES422,Ciudad Real,2020,mac,32.012603028448126,32.01,0.0026030284481279864,2002-2024
ES422,Ciudad Real,2021,tfr,1.2235717443526963,1.22,0.00357174435269636,2002-2024
ES422,Ciudad Real,2021,mac,32.32765385893979,32.33,-0.00234614106020814,2002-2024
ES422,Ciudad Real,2022,tfr,1.1886427900084235,1.1900000000000002,-0.0013572099915766245,2002-2024
ES422,Ciudad Real,2022,mac,32.34976581759231,32.349999999999994,-2.3418240768080523e-4,2002-2024
ES422,Ciudad Real,2023,tfr,1.1583138989176613,1.1600000000000001,-0.0016861010823387979,2002-2024
ES422,Ciudad Real,2023,mac,32.40991314253697,32.41,-8.685746302461439e-5,2002-2024
ES422,Ciudad Real,2024,tfr,1.1683711190634114,1.1700000000000002,-0.0016288809365887502,2002-2024
ES422,Ciudad Real,2024,mac,32.40485205746266,32.4,0.004852057462663595,2002-2024
ES423,Cuenca,1975,tfr,2.132786080255769,2.13,0.0027860802557690967,1975-2001
ES423,Cuenca,1975,mac,30.29446213323892,30.3,-0.005537866761081034,1975-2001
ES423,Cuenca,1976,tfr,2.199897108077533,2.2,-1.0289192246704104e-4,1975-2001
ES423,Cuenca,1976,mac,29.64691174719607,29.650000000000002,-0.003088252803930658,1975-2001
ES423,Cuenca,1977,tfr,2.1084674827576837,2.11,-0.0015325172423161781,1975-2001
ES423,Cuenca,1977,mac,29.696167327218454,29.69,0.006167327218452812,1975-2001
ES423,Cuenca,1978,tfr,2.165193790906089,2.16,0.0051937909060888465,1975-2001
ES423,Cuenca,1978,mac,29.570322465706507,29.57,3.2246570650684703e-4,1975-2001
ES423,Cuenca,1979,tfr,2.1101238830714197,2.11,1.2388307141986132e-4,1975-2001
ES423,Cuenca,1979,mac,29.114573524698212,29.110000000000003,0.004573524698209042,1975-2001
ES423,Cuenca,1980,tfr,2.166847211314146,2.17,-0.003152788685854002,1975-2001
ES423,Cuenca,1980,mac,28.936714485415276,28.93,0.006714485415276528,1975-2001
ES423,Cuenca,1981,tfr,2.1729727916161017,2.18,-0.007027208383898476,1975-2001
ES423,Cuenca,1981,mac,28.967493066613393,28.97,-0.002506933386605681,1975-2001
ES423,Cuenca,1982,tfr,2.03262952825167,2.03,0.002629528251670177,1975-2001
ES423,Cuenca,1982,mac,29.054089908283142,29.06,-0.005910091716856414,1975-2001
ES423,Cuenca,1983,tfr,1.905723389488702,1.9,0.005723389488702102,1975-2001
ES423,Cuenca,1983,mac,28.950229086765148,28.95,2.2908676514887816e-4,1975-2001
ES423,Cuenca,1984,tfr,1.8014328596079385,1.8,0.0014328596079384859,1975-2001
ES423,Cuenca,1984,mac,28.99947327535195,29,-5.267246480507026e-4,1975-2001
ES423,Cuenca,1985,tfr,1.7325737837263147,1.73,0.0025737837263146712,1975-2001
ES423,Cuenca,1985,mac,29.188915761669413,29.19,-0.0010842383305877945,1975-2001
ES423,Cuenca,1986,tfr,1.645913032468922,1.6500000000000001,-0.004086967531078178,1975-2001
ES423,Cuenca,1986,mac,29.181140179352905,29.18,0.001140179352905335,1975-2001
ES423,Cuenca,1987,tfr,1.623208445874461,1.62,0.0032084458744607858,1975-2001
ES423,Cuenca,1987,mac,29.014112826732223,29.01,0.004112826732221464,1975-2001
ES423,Cuenca,1988,tfr,1.4867261273740149,1.49,-0.003273872625985108,1975-2001
ES423,Cuenca,1988,mac,29.01949949665499,29.02,-5.005033450089513e-4,1975-2001
ES423,Cuenca,1989,tfr,1.5425638063283673,1.54,0.0025638063283672796,1975-2001
ES423,Cuenca,1989,mac,29.057674395423795,29.06,-0.002325604576203233,1975-2001
ES423,Cuenca,1990,tfr,1.5125764134471675,1.51,0.002576413447167525,1975-2001
ES423,Cuenca,1990,mac,29.040936470201785,29.04,9.364702017862214e-4,1975-2001
ES423,Cuenca,1991,tfr,1.4689612699437868,1.47,-0.001038730056213133,1975-2001
ES423,Cuenca,1991,mac,29.257066531701007,29.259999999999998,-0.0029334682989912153,1975-2001
ES423,Cuenca,1992,tfr,1.4341120179578237,1.43,0.004112017957823788,1975-2001
ES423,Cuenca,1992,mac,29.400565040199304,29.4,5.650401993051446e-4,1975-2001
ES423,Cuenca,1993,tfr,1.3245884007142512,1.32,0.004588400714251151,1975-2001
ES423,Cuenca,1993,mac,29.574750582165958,29.57,0.004750582165957695,1975-2001
ES423,Cuenca,1994,tfr,1.2367395780806822,1.24,-0.0032604219193177464,1975-2001
ES423,Cuenca,1994,mac,29.746188082103814,29.75,-0.003811917896186401,1975-2001
ES423,Cuenca,1995,tfr,1.2212756403709757,1.22,0.001275640370975717,1975-2001
ES423,Cuenca,1995,mac,30.000053499260606,30,5.349926060560506e-5,1975-2001
ES423,Cuenca,1996,tfr,1.186198686509471,1.1900000000000002,-0.0038013134905292567,1975-2001
ES423,Cuenca,1996,mac,30.290863387258277,30.29,8.633872582777258e-4,1975-2001
ES423,Cuenca,1997,tfr,1.1798428471314175,1.1800000000000002,-1.57152868582644e-4,1975-2001
ES423,Cuenca,1997,mac,30.258979178401976,30.259999999999998,-0.0010208215980220814,1975-2001
ES423,Cuenca,1998,tfr,1.0927583818442912,1.09,0.0027583818442911134,1975-2001
ES423,Cuenca,1998,mac,30.468344398784645,30.47,-0.001655601215354352,1975-2001
ES423,Cuenca,1999,tfr,1.1714231323202007,1.1700000000000002,0.0014231323202005264,1975-2001
ES423,Cuenca,1999,mac,30.576889605547795,30.58,-0.0031103944522037352,1975-2001
ES423,Cuenca,2000,tfr,1.1835403940570919,1.1800000000000002,0.0035403940570917225,1975-2001
ES423,Cuenca,2000,mac,30.77421300982534,30.77,0.004213009825338787,1975-2001
ES423,Cuenca,2001,tfr,1.2135995990103827,1.21,0.003599599010382759,1975-2001
ES423,Cuenca,2001,mac,30.749011150313954,30.75,-9.88849686045512e-4,1975-2001
ES423,Cuenca,2002,tfr,1.2613262887685366,1.26,0.0013262887685365765,2002-2024
ES423,Cuenca,2002,mac,30.76999833869047,30.77,-1.6613095290551882e-06,2002-2024
ES423,Cuenca,2003,tfr,1.2595225811900181,1.26,-4.774188099818666e-4,2002-2024
ES423,Cuenca,2003,mac,30.650448670415404,30.650000000000002,4.486704154018639e-4,2002-2024
ES423,Cuenca,2004,tfr,1.22425882672898,1.23,-0.0057411732710199725,2002-2024
ES423,Cuenca,2004,mac,30.777321906140497,30.77,0.007321906140496992,2002-2024
ES423,Cuenca,2005,tfr,1.1619585558915,1.1600000000000001,0.001958555891499847,2002-2024
ES423,Cuenca,2005,mac,30.753125854224162,30.759999999999998,-0.006874145775835672,2002-2024
ES423,Cuenca,2006,tfr,1.2445571263682205,1.25,-0.005442873631779532,2002-2024
ES423,Cuenca,2006,mac,30.771585119354903,30.77,0.0015851193549032416,2002-2024
ES423,Cuenca,2007,tfr,1.1895688531498858,1.1900000000000002,-4.3114685011436116e-4,2002-2024
ES423,Cuenca,2007,mac,30.673348441637874,30.68,-0.006651558362126053,2002-2024
ES423,Cuenca,2008,tfr,1.3225545377087584,1.33,-0.007445462291241656,2002-2024
ES423,Cuenca,2008,mac,30.706768510881666,30.71,-0.003231489118334707,2002-2024
ES423,Cuenca,2009,tfr,1.2798038941766823,1.28,-1.9610582331774928e-4,2002-2024
ES423,Cuenca,2009,mac,30.734021497884413,30.74,-0.005978502115585371,2002-2024
ES423,Cuenca,2010,tfr,1.275662279802982,1.28,-0.004337720197018058,2002-2024
ES423,Cuenca,2010,mac,31.242110999306597,31.23,0.012110999306596426,2002-2024
ES423,Cuenca,2011,tfr,1.2551224748391814,1.26,-0.00487752516081863,2002-2024
ES423,Cuenca,2011,mac,31.57648491002288,31.58,-0.0035150899771174693,2002-2024
ES423,Cuenca,2012,tfr,1.1864423906565855,1.1900000000000002,-0.003557609343414647,2002-2024
ES423,Cuenca,2012,mac,31.45623581084349,31.459999999999997,-0.0037641891565058927,2002-2024
ES423,Cuenca,2013,tfr,1.1701998603540071,1.1700000000000002,1.9986035400698654e-4,2002-2024
ES423,Cuenca,2013,mac,31.788473374577574,31.79,-0.0015266254224250986,2002-2024
ES423,Cuenca,2014,tfr,1.2250536272060837,1.22,0.005053627206083711,2002-2024
ES423,Cuenca,2014,mac,31.99526338332657,31.99,0.0052633833265716135,2002-2024
ES423,Cuenca,2015,tfr,1.2466452231197112,1.25,-0.0033547768802888456,2002-2024
ES423,Cuenca,2015,mac,31.784014011908972,31.779999999999998,0.004014011908974879,2002-2024
ES423,Cuenca,2016,tfr,1.2715799312578147,1.27,0.0015799312578146374,2002-2024
ES423,Cuenca,2016,mac,32.055613765788536,32.05,0.005613765788538672,2002-2024
ES423,Cuenca,2017,tfr,1.217142225360943,1.22,-0.002857774639057009,2002-2024
ES423,Cuenca,2017,mac,32.260081928550235,32.260000000000005,8.192855023025913e-5,2002-2024
ES423,Cuenca,2018,tfr,1.1613412085266588,1.1600000000000001,0.0013412085266586438,2002-2024
ES423,Cuenca,2018,mac,31.909408921671314,31.91,-5.910783286857679e-4,2002-2024
ES423,Cuenca,2019,tfr,1.2534126779619037,1.26,-0.0065873220380963105,2002-2024
ES423,Cuenca,2019,mac,31.990169219146964,31.99,1.6921914696510498e-4,2002-2024
ES423,Cuenca,2020,tfr,1.0845980317721722,1.09,-0.005401968227827902,2002-2024
ES423,Cuenca,2020,mac,32.25708326123517,32.260000000000005,-0.0029167387648385557,2002-2024
ES423,Cuenca,2021,tfr,1.1888898332753954,1.1900000000000002,-0.001110166724604733,2002-2024
ES423,Cuenca,2021,mac,32.44685255995006,32.449999999999996,-0.0031474400499362787,2002-2024
ES423,Cuenca,2022,tfr,1.1922365983717504,1.1900000000000002,0.0022365983717502758,2002-2024
ES423,Cuenca,2022,mac,32.59624995913366,32.6,-0.0037500408663433404,2002-2024
ES423,Cuenca,2023,tfr,1.144551882115084,1.1400000000000001,0.0045518821150838384,2002-2024
ES423,Cuenca,2023,mac,32.1752142362763,32.18,-0.004785763723702985,2002-2024
ES423,Cuenca,2024,tfr,1.218371473509831,1.22,-0.00162852649016898,2002-2024
ES423,Cuenca,2024,mac,32.362120685357056,32.36,0.002120685357056118,2002-2024
ES424,Guadalajara,1975,tfr,2.2653842494533296,2.2600000000000002,0.005384249453329382,1975-2001
ES424,Guadalajara,1975,mac,30.082990007756912,30.08,0.002990007756913826,1975-2001
ES424,Guadalajara,1976,tfr,2.3719088355705296,2.3699999999999997,0.0019088355705298987,1975-2001
ES424,Guadalajara,1976,mac,29.88411850595705,29.88,0.004118505957052321,1975-2001
ES424,Guadalajara,1977,tfr,2.3226119919334,2.32,0.002611991933400226,1975-2001
ES424,Guadalajara,1977,mac,29.467938259510948,29.47,-0.002061740489050834,1975-2001
ES424,Guadalajara,1978,tfr,2.268716652198024,2.27,-0.0012833478019760314,1975-2001
ES424,Guadalajara,1978,mac,29.491955405813204,29.49,0.001955405813205857,1975-2001
ES424,Guadalajara,1979,tfr,2.220871501651349,2.22,8.715016513489715e-4,1975-2001
ES424,Guadalajara,1979,mac,29.098395335670702,29.1,-0.00160466432929951,1975-2001
ES424,Guadalajara,1980,tfr,2.1491073369634535,2.15,-8.926630365464483e-4,1975-2001
ES424,Guadalajara,1980,mac,28.861525484541293,28.86,0.0015254845412933093,1975-2001
ES424,Guadalajara,1981,tfr,2.0161956671834638,2.02,-0.003804332816536249,1975-2001
ES424,Guadalajara,1981,mac,29.010027014460984,29.01,2.701446098285487e-5,1975-2001
ES424,Guadalajara,1982,tfr,1.9317889112854678,1.93,0.0017889112854678757,1975-2001
ES424,Guadalajara,1982,mac,29.137851752945718,29.14,-0.002148247054282848,1975-2001
ES424,Guadalajara,1983,tfr,1.9444827066077426,1.94,0.004482706607742637,1975-2001
ES424,Guadalajara,1983,mac,29.166964053642097,29.17,-0.0030359463579046064,1975-2001
ES424,Guadalajara,1984,tfr,1.6660816612290372,1.6700000000000002,-0.003918338770962926,1975-2001
ES424,Guadalajara,1984,mac,29.233004559087554,29.23,0.0030045590875538153,1975-2001
ES424,Guadalajara,1985,tfr,1.534032470156762,1.53,0.0040324701567620025,1975-2001
ES424,Guadalajara,1985,mac,28.934241990558352,28.93,0.004241990558352171,1975-2001
ES424,Guadalajara,1986,tfr,1.600089360703212,1.6,8.936070321197143e-5,1975-2001
ES424,Guadalajara,1986,mac,29.066698192772787,29.07,-0.0033018072272135157,1975-2001
ES424,Guadalajara,1987,tfr,1.4912659621642312,1.49,0.001265962164231249,1975-2001
ES424,Guadalajara,1987,mac,29.465756550211122,29.47,-0.0042434497888770295,1975-2001
ES424,Guadalajara,1988,tfr,1.491140218078208,1.49,0.0011402180782080773,1975-2001
ES424,Guadalajara,1988,mac,28.830434889610256,28.830000000000002,4.348896102541744e-4,1975-2001
ES424,Guadalajara,1989,tfr,1.317014939714766,1.32,-0.0029850602852341535,1975-2001
ES424,Guadalajara,1989,mac,29.4611835612816,29.459999999999997,0.0011835612816035734,1975-2001
ES424,Guadalajara,1990,tfr,1.273087643482025,1.27,0.0030876434820250598,1975-2001
ES424,Guadalajara,1990,mac,29.366092637499396,29.37,-0.003907362500605416,1975-2001
ES424,Guadalajara,1991,tfr,1.2861041810259906,1.29,-0.0038958189740094795,1975-2001
ES424,Guadalajara,1991,mac,29.370772154968726,29.37,7.721549687254026e-4,1975-2001
ES424,Guadalajara,1992,tfr,1.3312131604663417,1.33,0.0012131604663416784,1975-2001
ES424,Guadalajara,1992,mac,29.67071597862131,29.67,7.15978621308011e-4,1975-2001
ES424,Guadalajara,1993,tfr,1.2290954400094078,1.23,-9.045599905921353e-4,1975-2001
ES424,Guadalajara,1993,mac,29.766001983644337,29.77,-0.00399801635566277,1975-2001
ES424,Guadalajara,1994,tfr,1.1732704840107626,1.1700000000000002,0.0032704840107624644,1975-2001
ES424,Guadalajara,1994,mac,30.16328764522142,30.16,0.003287645221419666,1975-2001
ES424,Guadalajara,1995,tfr,1.1864655638384307,1.1900000000000002,-0.003534436161569454,1975-2001
ES424,Guadalajara,1995,mac,30.237149152125394,30.24,-0.002850847874604767,1975-2001
ES424,Guadalajara,1996,tfr,1.1660235722570866,1.1700000000000002,-0.003976427742913513,1975-2001
ES424,Guadalajara,1996,mac,30.391168470048896,30.39,0.0011684700488956423,1975-2001
ES424,Guadalajara,1997,tfr,1.1592775796774175,1.1600000000000001,-7.224203225826287e-4,1975-2001
ES424,Guadalajara,1997,mac,30.660422162615227,30.66,4.221626152265401e-4,1975-2001
ES424,Guadalajara,1998,tfr,1.1497291485794408,1.1500000000000001,-2.708514205593815e-4,1975-2001
ES424,Guadalajara,1998,mac,30.990859670305184,30.99,8.596703051857446e-4,1975-2001
ES424,Guadalajara,1999,tfr,1.2185643517625824,1.22,-0.0014356482374175972,1975-2001
ES424,Guadalajara,1999,mac,30.90191105814887,30.9,0.0019110581488703815,1975-2001
ES424,Guadalajara,2000,tfr,1.3377670120983978,1.34,-0.0022329879016023124,1975-2001
ES424,Guadalajara,2000,mac,31.056790679735684,31.06,-0.0032093202643146412,1975-2001
ES424,Guadalajara,2001,tfr,1.286732458526163,1.29,-0.00326754147383701,1975-2001
ES424,Guadalajara,2001,mac,31.21619994400801,31.21,0.00619994400801005,1975-2001
ES424,Guadalajara,2002,tfr,1.358593309692291,1.36,-0.0014066903077090132,2002-2024
ES424,Guadalajara,2002,mac,31.12810487032289,31.130000000000003,-0.0018951296771128057,2002-2024
ES424,Guadalajara,2003,tfr,1.4449211452781576,1.45,-0.00507885472184233,2002-2024
ES424,Guadalajara,2003,mac,31.015746474289834,31.02,-0.004253525710165462,2002-2024
ES424,Guadalajara,2004,tfr,1.4135505736435434,1.42,-0.006449426356456511,2002-2024
ES424,Guadalajara,2004,mac,31.02902756008875,31.03,-9.724399112513993e-4,2002-2024
ES424,Guadalajara,2005,tfr,1.383225214927814,1.3800000000000001,0.003225214927813802,2002-2024
ES424,Guadalajara,2005,mac,31.24819518256061,31.24,0.00819518256061258,2002-2024
ES424,Guadalajara,2006,tfr,1.5151589529528686,1.52,-0.004841047047131397,2002-2024
ES424,Guadalajara,2006,mac,30.924684908107505,30.919999999999998,0.004684908107506658,2002-2024
ES424,Guadalajara,2007,tfr,1.5100878467489987,1.5,0.010087846748998652,2002-2024
ES424,Guadalajara,2007,mac,30.72605354743034,30.74,-0.013946452569658874,2002-2024
ES424,Guadalajara,2008,tfr,1.5957616186882944,1.59,0.005761618688294279,2002-2024
ES424,Guadalajara,2008,mac,30.7701366222973,30.77,1.3662229730115882e-4,2002-2024
ES424,Guadalajara,2009,tfr,1.5461621924479454,1.54,0.006162192447945358,2002-2024
ES424,Guadalajara,2009,mac,30.91267499611258,30.919999999999998,-0.007325003887416415,2002-2024
ES424,Guadalajara,2010,tfr,1.524544416442102,1.52,0.004544416442102017,2002-2024
ES424,Guadalajara,2010,mac,30.9462630695257,30.939999999999998,0.006263069525701326,2002-2024
ES424,Guadalajara,2011,tfr,1.4521317420133728,1.45,0.0021317420133728504,2002-2024
ES424,Guadalajara,2011,mac,31.303998327040386,31.32,-0.01600167295961441,2002-2024
ES424,Guadalajara,2012,tfr,1.4025416423727037,1.4,0.002541642372703823,2002-2024
ES424,Guadalajara,2012,mac,31.522816326632547,31.53,-0.007183673367453736,2002-2024
ES424,Guadalajara,2013,tfr,1.308481011178325,1.31,-0.0015189888216751157,2002-2024
ES424,Guadalajara,2013,mac,31.843450384936194,31.85,-0.006549615063807579,2002-2024
ES424,Guadalajara,2014,tfr,1.285889142814347,1.29,-0.004110857185652961,2002-2024
ES424,Guadalajara,2014,mac,32.071045787134,32.07,0.0010457871339966118,2002-2024
ES424,Guadalajara,2015,tfr,1.3465968155450392,1.35,-0.003403184454960906,2002-2024
ES424,Guadalajara,2015,mac,31.971933365483373,31.97,0.0019333654833744163,2002-2024
ES424,Guadalajara,2016,tfr,1.3372705395779612,1.34,-0.0027294604220389207,2002-2024
ES424,Guadalajara,2016,mac,32.12154173500551,32.120000000000005,0.001541735005503142,2002-2024
ES424,Guadalajara,2017,tfr,1.2857571899013835,1.29,-0.00424281009861649,2002-2024
ES424,Guadalajara,2017,mac,31.982995197430103,31.979999999999997,0.0029951974301063444,2002-2024
ES424,Guadalajara,2018,tfr,1.2731014758939216,1.28,-0.006898524106078385,2002-2024
ES424,Guadalajara,2018,mac,32.14275551078525,32.15,-0.007244489214748739,2002-2024
ES424,Guadalajara,2019,tfr,1.2714516334247021,1.27,0.0014516334247021145,2002-2024
ES424,Guadalajara,2019,mac,32.126943666712336,32.13,-0.003056333287666746,2002-2024
ES424,Guadalajara,2020,tfr,1.2098695825337376,1.21,-1.3041746626241135e-4,2002-2024
ES424,Guadalajara,2020,mac,32.100229265285876,32.1,2.292652858741917e-4,2002-2024
ES424,Guadalajara,2021,tfr,1.1768919864624356,1.1800000000000002,-0.0031080135375645135,2002-2024
ES424,Guadalajara,2021,mac,32.4179016115921,32.42,-0.0020983884079015525,2002-2024
ES424,Guadalajara,2022,tfr,1.1939922538744348,1.1900000000000002,0.0039922538744345815,2002-2024
ES424,Guadalajara,2022,mac,32.540614558577026,32.54,6.14558577026969e-4,2002-2024
ES424,Guadalajara,2023,tfr,1.141201342695618,1.1400000000000001,0.0012013426956178908,2002-2024
ES424,Guadalajara,2023,mac,32.45770764617832,32.46,-0.0022923538216801376,2002-2024
ES424,Guadalajara,2024,tfr,1.1217938769873386,1.12,0.0017938769873384608,2002-2024
ES424,Guadalajara,2024,mac,32.73624596461571,32.74,-0.0037540353842899776,2002-2024
ES425,Toledo,1975,tfr,2.5648717101323992,2.56,0.004871710132399176,1975-2001
ES425,Toledo,1975,mac,29.725703904448682,29.73,-0.0042960955513180465,1975-2001
ES425,Toledo,1976,tfr,2.656775884390933,2.66,-0.003224115609067102,1975-2001
ES425,Toledo,1976,mac,29.281373765293193,29.279999999999998,0.001373765293195106,1975-2001
ES425,Toledo,1977,tfr,2.522258503719903,2.52,0.0022585037199029934,1975-2001
ES425,Toledo,1977,mac,29.19283565899143,29.19,0.0028356589914295682,1975-2001
ES425,Toledo,1978,tfr,2.568694927848529,2.57,-0.0013050721514709096,1975-2001
ES425,Toledo,1978,mac,29.05305706979503,29.05,0.003057069795030287,1975-2001
ES425,Toledo,1979,tfr,2.4296044006947914,2.4299999999999997,-3.955993052082718e-4,1975-2001
ES425,Toledo,1979,mac,28.9025381948076,28.9,0.002538194807602423,1975-2001
ES425,Toledo,1980,tfr,2.401322962576549,2.4,0.0013229625765491804,1975-2001
ES425,Toledo,1980,mac,28.71143682139906,28.71,0.0014368213990607615,1975-2001
ES425,Toledo,1981,tfr,2.341211217008183,2.3499999999999996,-0.008788782991816735,1975-2001
ES425,Toledo,1981,mac,28.536643642711987,28.54,-0.0033563572880126458,1975-2001
ES425,Toledo,1982,tfr,2.2344200490074604,2.23,0.004420049007460403,1975-2001
ES425,Toledo,1982,mac,28.752155976180113,28.75,0.002155976180112873,1975-2001
ES425,Toledo,1983,tfr,2.0071492615276254,2.01,-0.002850738472374381,1975-2001
ES425,Toledo,1983,mac,28.801450605447005,28.8,0.0014506054470047047,1975-2001
ES425,Toledo,1984,tfr,1.9819260120022524,1.98,0.0019260120022523974,1975-2001
ES425,Toledo,1984,mac,28.647364679575983,28.650000000000002,-0.0026353204240194827,1975-2001
ES425,Toledo,1985,tfr,1.8590344649901458,1.86,-9.655350098543014e-4,1975-2001
ES425,Toledo,1985,mac,28.77125717462411,28.77,0.0012571746241114568,1975-2001
ES425,Toledo,1986,tfr,1.7813641143658934,1.78,0.001364114365893343,1975-2001
ES425,Toledo,1986,mac,28.760338703753746,28.759999999999998,3.387037537478932e-4,1975-2001
ES425,Toledo,1987,tfr,1.6870159508236064,1.6900000000000002,-0.0029840491763937216,1975-2001
ES425,Toledo,1987,mac,28.78731544024593,28.79,-0.0026845597540692268,1975-2001
ES425,Toledo,1988,tfr,1.6683857807396625,1.6700000000000002,-0.0016142192603376682,1975-2001
ES425,Toledo,1988,mac,28.816772228984853,28.82,-0.003227771015147596,1975-2001
ES425,Toledo,1989,tfr,1.671757261525585,1.6700000000000002,0.0017572615255847523,1975-2001
ES425,Toledo,1989,mac,28.752868659437414,28.75,0.0028686594374143226,1975-2001
ES425,Toledo,1990,tfr,1.582309604597103,1.58,0.0023096045971029433,1975-2001
ES425,Toledo,1990,mac,28.984365499300246,28.979999999999997,0.004365499300249098,1975-2001
ES425,Toledo,1991,tfr,1.5344970185126499,1.54,-0.005502981487350178,1975-2001
ES425,Toledo,1991,mac,28.837825886338294,28.84,-0.0021741136617059453,1975-2001
ES425,Toledo,1992,tfr,1.5271124157804719,1.53,-0.002887584219528172,1975-2001
ES425,Toledo,1992,mac,29.130180663301662,29.130000000000003,1.8066330165922295e-4,1975-2001
ES425,Toledo,1993,tfr,1.4652373045014397,1.47,-0.004762695498560232,1975-2001
ES425,Toledo,1993,mac,29.32382028593149,29.32,0.003820285931489309,1975-2001
ES425,Toledo,1994,tfr,1.4044734659622207,1.4,0.004473465962220757,1975-2001
ES425,Toledo,1994,mac,29.66911041456465,29.67,-8.895854353525579e-4,1975-2001
ES425,Toledo,1995,tfr,1.3479282835011548,1.35,-0.0020717164988452996,1975-2001
ES425,Toledo,1995,mac,29.723986738183818,29.72,0.003986738183819227,1975-2001
ES425,Toledo,1996,tfr,1.2963321946867132,1.3,-0.0036678053132868094,1975-2001
ES425,Toledo,1996,mac,30.013931786224255,30.01,0.003931786224253386,1975-2001
ES425,Toledo,1997,tfr,1.3120926193091167,1.31,0.002092619309116639,1975-2001
ES425,Toledo,1997,mac,30.091092579499822,30.09,0.0010925794998222216,1975-2001
ES425,Toledo,1998,tfr,1.2591001844407794,1.26,-8.998155592205848e-4,1975-2001
ES425,Toledo,1998,mac,30.27656577627891,30.279999999999998,-0.0034342237210864823,1975-2001
ES425,Toledo,1999,tfr,1.3256591548562562,1.33,-0.004340845143743888,1975-2001
ES425,Toledo,1999,mac,30.434717972303744,30.439999999999998,-0.005282027696253522,1975-2001
ES425,Toledo,2000,tfr,1.2812361742677352,1.28,0.0012361742677351462,1975-2001
ES425,Toledo,2000,mac,30.460605700381695,30.459999999999997,6.057003816977158e-4,1975-2001
ES425,Toledo,2001,tfr,1.307592015300841,1.31,-0.002407984699159149,1975-2001
ES425,Toledo,2001,mac,30.421014958599972,30.419999999999998,0.0010149585999741362,1975-2001
ES425,Toledo,2002,tfr,1.3107752175689118,1.31,7.752175689117458e-4,2002-2024
ES425,Toledo,2002,mac,30.593322319717196,30.59,0.0033223197171956542,2002-2024
ES425,Toledo,2003,tfr,1.369766488301555,1.37,-2.3351169844509911e-4,2002-2024
ES425,Toledo,2003,mac,30.56627637706058,30.56,0.006276377060579819,2002-2024
ES425,Toledo,2004,tfr,1.3994779023207213,1.4,-5.22097679278577e-4,2002-2024
ES425,Toledo,2004,mac,30.412130886191708,30.41,0.0021308861917077593,2002-2024
ES425,Toledo,2005,tfr,1.38717256164854,1.3900000000000001,-0.002827438351460154,2002-2024
ES425,Toledo,2005,mac,30.5286377611921,30.53,-0.0013622388078999847,2002-2024
ES425,Toledo,2006,tfr,1.4069178895560266,1.41,-0.0030821104439733293,2002-2024
ES425,Toledo,2006,mac,30.60834315295158,30.610000000000003,-0.0016568470484230602,2002-2024
ES425,Toledo,2007,tfr,1.4988436676786605,1.5,-0.0011563323213394927,2002-2024
ES425,Toledo,2007,mac,30.496708299683608,30.5,-0.0032917003163923653,2002-2024
ES425,Toledo,2008,tfr,1.5831294315177125,1.58,0.003129431517712389,2002-2024
ES425,Toledo,2008,mac,30.524254424270197,30.52,0.004254424270197177,2002-2024
ES425,Toledo,2009,tfr,1.4937193193856326,1.49,0.0037193193856326356,2002-2024
ES425,Toledo,2009,mac,30.655985432875422,30.66,-0.00401456712457815,2002-2024
ES425,Toledo,2010,tfr,1.4791725138920826,1.48,-8.274861079173856e-4,2002-2024
ES425,Toledo,2010,mac,30.72407714704264,30.73,-0.005922852957361613,2002-2024
ES425,Toledo,2011,tfr,1.437979446340813,1.44,-0.0020205536591868523,2002-2024
ES425,Toledo,2011,mac,31.053158180043535,31.05,0.003158180043534742,2002-2024
ES425,Toledo,2012,tfr,1.406735819736198,1.41,-0.003264180263801819,2002-2024
ES425,Toledo,2012,mac,31.08121988514443,31.08,0.0012198851444331638,2002-2024
ES425,Toledo,2013,tfr,1.3335758887111255,1.33,0.0035758887111254634,2002-2024
ES425,Toledo,2013,mac,31.257637320505744,31.259999999999998,-0.002362679494254394,2002-2024
ES425,Toledo,2014,tfr,1.3354281089958555,1.34,-0.004571891004144568,2002-2024
ES425,Toledo,2014,mac,31.593029996124283,31.6,-0.006970003875718334,2002-2024
ES425,Toledo,2015,tfr,1.352125745951211,1.35,0.0021257459512109556,2002-2024
ES425,Toledo,2015,mac,31.683977858638738,31.68,0.003977858638737786,2002-2024
ES425,Toledo,2016,tfr,1.3622684908382219,1.36,0.0022684908382217817,2002-2024
ES425,Toledo,2016,mac,31.920782042582506,31.919999999999998,7.820425825073585e-4,2002-2024
ES425,Toledo,2017,tfr,1.3510655436287862,1.36,-0.008934456371213928,2002-2024
ES425,Toledo,2017,mac,31.8720447618628,31.87,0.002044761862798339,2002-2024
ES425,Toledo,2018,tfr,1.3125694363436247,1.31,0.0025694363436246093,2002-2024
ES425,Toledo,2018,mac,31.88804912948552,31.89,-0.0019508705144808403,2002-2024
ES425,Toledo,2019,tfr,1.26219405351197,1.26,0.0021940535119699955,2002-2024
ES425,Toledo,2019,mac,31.753755806475112,31.759999999999998,-0.006244193524885588,2002-2024
ES425,Toledo,2020,tfr,1.272419597069055,1.27,0.002419597069055035,2002-2024
ES425,Toledo,2020,mac,31.968494056138688,31.97,-0.0015059438613107545,2002-2024
ES425,Toledo,2021,tfr,1.201835054822918,1.2,0.0018350548229180141,2002-2024
ES425,Toledo,2021,mac,32.17075001644493,32.17,7.500164449254498e-4,2002-2024
ES425,Toledo,2022,tfr,1.2510628828177173,1.25,0.00106288281771727,2002-2024
ES425,Toledo,2022,mac,31.989582452943147,31.99,-4.1754705685193017e-4,2002-2024
ES425,Toledo,2023,tfr,1.2304632571072156,1.23,4.6325710721561997e-4,2002-2024
ES425,Toledo,2023,mac,31.972543386529725,31.97,0.0025433865297266323,2002-2024
ES425,Toledo,2024,tfr,1.234791490205925,1.23,0.004791490205924953,2002-2024
ES425,Toledo,2024,mac,32.12875936620299,32.13,-0.0012406337970105596,2002-2024
ES431,Badajoz,1975,tfr,2.566051148798455,2.56,0.0060511487984551415,1975-2001
ES431,Badajoz,1975,mac,30.0143819401599,30.02,-0.005618059840099221,1975-2001
ES431,Badajoz,1976,tfr,2.574135274648267,2.57,0.004135274648267018,1975-2001
ES431,Badajoz,1976,mac,29.641763101819098,29.64,0.0017631018190975567,1975-2001
ES431,Badajoz,1977,tfr,2.4948003972027166,2.4899999999999998,0.004800397202716855,1975-2001
ES431,Badajoz,1977,mac,29.44060640692887,29.439999999999998,6.06406928874037e-4,1975-2001
ES431,Badajoz,1978,tfr,2.5600675739494148,2.56,6.757394941470096e-5,1975-2001
ES431,Badajoz,1978,mac,29.09872832045284,29.1,-0.001271679547162563,1975-2001
ES431,Badajoz,1979,tfr,2.541006221793222,2.54,0.001006221793221851,1975-2001
ES431,Badajoz,1979,mac,28.86726195997063,28.86,0.007261959970630727,1975-2001
ES431,Badajoz,1980,tfr,2.5770186868664307,2.58,-0.0029813131335694187,1975-2001
ES431,Badajoz,1980,mac,28.683175198902997,28.68,0.003175198902997778,1975-2001
ES431,Badajoz,1981,tfr,2.487347691518184,2.5,-0.012652308481816199,1975-2001
ES431,Badajoz,1981,mac,28.73310655979988,28.73,0.0031065597998782835,1975-2001
ES431,Badajoz,1982,tfr,2.475576185983481,2.4699999999999998,0.005576185983481086,1975-2001
ES431,Badajoz,1982,mac,28.816028974392133,28.82,-0.003971025607867773,1975-2001
ES431,Badajoz,1983,tfr,2.3124138770034532,2.3099999999999996,0.002413877003453635,1975-2001
ES431,Badajoz,1983,mac,28.800080571108303,28.8,8.057110830250735e-5,1975-2001
ES431,Badajoz,1984,tfr,2.195332778653848,2.19,0.00533277865384818,1975-2001
ES431,Badajoz,1984,mac,28.938321276262297,28.939999999999998,-0.001678723737700949,1975-2001
ES431,Badajoz,1985,tfr,2.024532011499623,2.02,0.00453201149962279,1975-2001
ES431,Badajoz,1985,mac,28.9330627727999,28.93,0.003062772799900415,1975-2001
ES431,Badajoz,1986,tfr,1.9823786349409063,1.98,0.002378634940906288,1975-2001
ES431,Badajoz,1986,mac,28.769323196959615,28.77,-6.768030403847547e-4,1975-2001
ES431,Badajoz,1987,tfr,1.9410747184090527,1.94,0.0010747184090527107,1975-2001
ES431,Badajoz,1987,mac,28.70002703263321,28.7,2.7032633209245205e-5,1975-2001
ES431,Badajoz,1988,tfr,1.8911869711238514,1.8900000000000001,0.0011869711238512437,1975-2001
ES431,Badajoz,1988,mac,28.669046461759766,28.67,-9.535382402354742e-4,1975-2001
ES431,Badajoz,1989,tfr,1.8081013940371837,1.81,-0.0018986059628163243,1975-2001
ES431,Badajoz,1989,mac,28.729786311671454,28.73,-2.13688328546624e-4,1975-2001
ES431,Badajoz,1990,tfr,1.7205008269564235,1.72,5.008269564235057e-4,1975-2001
ES431,Badajoz,1990,mac,28.86785661949059,28.87,-0.0021433805094126512,1975-2001
ES431,Badajoz,1991,tfr,1.7099433189742945,1.71,-5.6681025705440646e-5,1975-2001
ES431,Badajoz,1991,mac,28.91931820337,28.919999999999998,-6.817966299976774e-4,1975-2001
ES431,Badajoz,1992,tfr,1.6505926869403516,1.6500000000000001,5.926869403514168e-4,1975-2001
ES431,Badajoz,1992,mac,28.941858088668013,28.939999999999998,0.0018580886680155118,1975-2001
ES431,Badajoz,1993,tfr,1.5613039292239146,1.56,0.001303929223914535,1975-2001
ES431,Badajoz,1993,mac,29.068336291700742,29.07,-0.0016637082992581043,1975-2001
ES431,Badajoz,1994,tfr,1.4796825475393949,1.48,-3.1745246060510546e-4,1975-2001
ES431,Badajoz,1994,mac,29.3452387672095,29.35,-0.004761232790500003,1975-2001
ES431,Badajoz,1995,tfr,1.407100479590044,1.41,-0.0028995204099560024,1975-2001
ES431,Badajoz,1995,mac,29.46614956648741,29.47,-0.003850433512589291,1975-2001
ES431,Badajoz,1996,tfr,1.3602962104563747,1.36,2.9621045637462373e-4,1975-2001
ES431,Badajoz,1996,mac,29.584440994170798,29.58,0.004440994170799684,1975-2001
ES431,Badajoz,1997,tfr,1.330699788718696,1.33,6.997887186959151e-4,1975-2001
ES431,Badajoz,1997,mac,29.815594596039762,29.82,-0.004405403960237919,1975-2001
ES431,Badajoz,1998,tfr,1.2850801888001944,1.29,-0.004919811199805668,1975-2001
ES431,Badajoz,1998,mac,29.920966124371418,29.919999999999998,9.66124371419852e-4,1975-2001
ES431,Badajoz,1999,tfr,1.308942565079441,1.31,-0.0010574349205589861,1975-2001
ES431,Badajoz,1999,mac,30.131778224422252,30.130000000000003,0.001778224422249508,1975-2001
ES431,Badajoz,2000,tfr,1.3006079792002043,1.3,6.079792002042783e-4,1975-2001
ES431,Badajoz,2000,mac,30.1935349864675,30.19,0.0035349864674998344,1975-2001
ES431,Badajoz,2001,tfr,1.3044503970885037,1.3,0.004450397088503699,1975-2001
ES431,Badajoz,2001,mac,30.29780617973851,30.3,-0.0021938202614890656,1975-2001
ES431,Badajoz,2002,tfr,1.2949851284273055,1.3,-0.005014871572694535,2002-2024
ES431,Badajoz,2002,mac,30.584447739873312,30.58,0.004447739873313594,2002-2024
ES431,Badajoz,2003,tfr,1.3313391586283279,1.33,0.0013391586283277856,2002-2024
ES431,Badajoz,2003,mac,30.757247870662006,30.759999999999998,-0.00275212933799196,2002-2024
ES431,Badajoz,2004,tfr,1.2987701276500105,1.3,-0.0012298723499895026,2002-2024
ES431,Badajoz,2004,mac,30.861836813558668,30.86,0.001836813558668382,2002-2024
ES431,Badajoz,2005,tfr,1.3193738761279272,1.32,-6.261238720728368e-4,2002-2024
ES431,Badajoz,2005,mac,30.834931289425278,30.84,-0.005068710574722246,2002-2024
ES431,Badajoz,2006,tfr,1.3559065500835084,1.35,0.005906550083508266,2002-2024
ES431,Badajoz,2006,mac,31.026721028371597,31.03,-0.0032789716284042925,2002-2024
ES431,Badajoz,2007,tfr,1.3245024631544418,1.32,0.004502463154441694,2002-2024
ES431,Badajoz,2007,mac,31.015617562013652,31.02,-0.004382437986347298,2002-2024
ES431,Badajoz,2008,tfr,1.453174840450535,1.45,0.0031748404505349548,2002-2024
ES431,Badajoz,2008,mac,30.902385715598257,30.9,0.0023857155982582867,2002-2024
ES431,Badajoz,2009,tfr,1.406706047031864,1.41,-0.003293952968135949,2002-2024
ES431,Badajoz,2009,mac,31.0722159312342,31.07,0.0022159312342004966,2002-2024
ES431,Badajoz,2010,tfr,1.38797668242669,1.3900000000000001,-0.0020233175733102016,2002-2024
ES431,Badajoz,2010,mac,31.242050471753192,31.24,0.0020504717531935057,2002-2024
ES431,Badajoz,2011,tfr,1.3609385780618273,1.36,9.385780618271777e-4,2002-2024
ES431,Badajoz,2011,mac,31.408032941672126,31.41,-0.0019670583278745823,2002-2024
ES431,Badajoz,2012,tfr,1.3476242174243744,1.35,-0.002375782575625651,2002-2024
ES431,Badajoz,2012,mac,31.48436500579805,31.479999999999997,0.004365005798053545,2002-2024
ES431,Badajoz,2013,tfr,1.2591775067397608,1.26,-8.224932602391988e-4,2002-2024
ES431,Badajoz,2013,mac,31.66147910795576,31.66,0.0014791079557596731,2002-2024
ES431,Badajoz,2014,tfr,1.3327965192573934,1.33,0.002796519257393326,2002-2024
ES431,Badajoz,2014,mac,31.692684002314564,31.7,-0.007315997685434894,2002-2024
ES431,Badajoz,2015,tfr,1.313557886015504,1.31,0.003557886015503886,2002-2024
ES431,Badajoz,2015,mac,31.661223507772117,31.66,0.001223507772117216,2002-2024
ES431,Badajoz,2016,tfr,1.3330144966677413,1.33,0.003014496667741229,2002-2024
ES431,Badajoz,2016,mac,31.898386661173642,31.89,0.00838666117364184,2002-2024
ES431,Badajoz,2017,tfr,1.3328101717663352,1.33,0.0028101717663351344,2002-2024
ES431,Badajoz,2017,mac,31.871682749928873,31.87,0.0016827499288716297,2002-2024
ES431,Badajoz,2018,tfr,1.2377725969934572,1.24,-0.002227403006542783,2002-2024
ES431,Badajoz,2018,mac,32.200731858860195,32.2,7.318588601918918e-4,2002-2024
ES431,Badajoz,2019,tfr,1.2563126684588917,1.26,-0.0036873315411083407,2002-2024
ES431,Badajoz,2019,mac,31.91048554273642,31.91,4.8554273642054113e-4,2002-2024
ES431,Badajoz,2020,tfr,1.2241924204473142,1.22,0.004192420447314271,2002-2024
ES431,Badajoz,2020,mac,32.030047231287405,32.03,4.723128740380389e-5,2002-2024
ES431,Badajoz,2021,tfr,1.2147351427332986,1.21,0.0047351427332986695,2002-2024
ES431,Badajoz,2021,mac,32.399728440660766,32.4,-2.715593392323967e-4,2002-2024
ES431,Badajoz,2022,tfr,1.1634228241887652,1.1600000000000001,0.00342282418876505,2002-2024
ES431,Badajoz,2022,mac,32.42586736785714,32.43,-0.004132632142862747,2002-2024
ES431,Badajoz,2023,tfr,1.1944346110960609,1.1900000000000002,0.004434611096060692,2002-2024
ES431,Badajoz,2023,mac,32.299916895801616,32.3,-8.310419838153393e-5,2002-2024
ES431,Badajoz,2024,tfr,1.151618201410921,1.1500000000000001,0.0016182014109209497,2002-2024
ES431,Badajoz,2024,mac,32.377720215964146,32.379999999999995,-0.002279784035849275,2002-2024
ES432,Caceres,1975,tfr,2.175214123234496,2.17,0.005214123234495993,1975-2001
ES432,Caceres,1975,mac,29.94908941485647,29.95,-9.105851435293744e-4,1975-2001
ES432,Caceres,1976,tfr,2.2256654050598588,2.22,0.005665405059858575,1975-2001
ES432,Caceres,1976,mac,29.63392756504569,29.630000000000003,0.00392756504568581,1975-2001
ES432,Caceres,1977,tfr,2.1711774717291923,2.17,0.0011774717291923587,1975-2001
ES432,Caceres,1977,mac,29.317161407267214,29.310000000000002,0.007161407267211928,1975-2001
ES432,Caceres,1978,tfr,2.196190268492242,2.2,-0.0038097315077583183,1975-2001
ES432,Caceres,1978,mac,28.89693648837825,28.89,0.006936488378247674,1975-2001
ES432,Caceres,1979,tfr,2.206574531059611,2.21,-0.003425468940388754,1975-2001
ES432,Caceres,1979,mac,28.541621378452636,28.54,0.001621378452636435,1975-2001
ES432,Caceres,1980,tfr,2.337679537502381,2.34,-0.002320462497618969,1975-2001
ES432,Caceres,1980,mac,28.6483068640724,28.64,0.008306864072398668,1975-2001
ES432,Caceres,1981,tfr,2.20936251788259,2.22,-0.010637482117410002,1975-2001
ES432,Caceres,1981,mac,28.585133043403374,28.59,-0.004866956596625727,1975-2001
ES432,Caceres,1982,tfr,2.180686110482505,2.18,6.861104825048869e-4,1975-2001
ES432,Caceres,1982,mac,28.496995592066476,28.5,-0.003004407933524078,1975-2001
ES432,Caceres,1983,tfr,2.035716994257112,2.03,0.005716994257112251,1975-2001
ES432,Caceres,1983,mac,28.457751412657714,28.459999999999997,-0.0022485873422830593,1975-2001
ES432,Caceres,1984,tfr,1.8811416731738666,1.8800000000000001,0.0011416731738664865,1975-2001
ES432,Caceres,1984,mac,28.576324432991534,28.58,-0.0036755670084644976,1975-2001
ES432,Caceres,1985,tfr,1.8330846099976388,1.83,0.00308460999763871,1975-2001
ES432,Caceres,1985,mac,28.36606002561242,28.37,-0.003939974387581202,1975-2001
ES432,Caceres,1986,tfr,1.7860455422925352,1.79,-0.003954457707464831,1975-2001
ES432,Caceres,1986,mac,28.256958293127145,28.259999999999998,-0.0030417068728532115,1975-2001
ES432,Caceres,1987,tfr,1.735467780620507,1.74,-0.004532219379492997,1975-2001
ES432,Caceres,1987,mac,28.290369911878138,28.29,3.699118781383959e-4,1975-2001
ES432,Caceres,1988,tfr,1.6427477300617788,1.6400000000000001,0.0027477300617786415,1975-2001
ES432,Caceres,1988,mac,28.19160230663854,28.19,0.0016023066385386642,1975-2001
ES432,Caceres,1989,tfr,1.543616276816385,1.54,0.003616276816384989,1975-2001
ES432,Caceres,1989,mac,28.30317871600932,28.3,0.0031787160093195155,1975-2001
ES432,Caceres,1990,tfr,1.480133709263413,1.48,1.33709263413051e-4,1975-2001
ES432,Caceres,1990,mac,28.36725419806806,28.36,0.007254198068061157,1975-2001
ES432,Caceres,1991,tfr,1.4249865221020817,1.43,-0.005013477897918284,1975-2001
ES432,Caceres,1991,mac,28.331408187357496,28.330000000000002,0.0014081873574944836,1975-2001
ES432,Caceres,1992,tfr,1.4134290516027634,1.41,0.003429051602763522,1975-2001
ES432,Caceres,1992,mac,28.638001980573776,28.64,-0.001998019426224573,1975-2001
ES432,Caceres,1993,tfr,1.3355268898664863,1.34,-0.0044731101335138135,1975-2001
ES432,Caceres,1993,mac,28.882739460681922,28.88,0.0027394606819228784,1975-2001
ES432,Caceres,1994,tfr,1.2829881025806473,1.28,0.0029881025806473005,1975-2001
ES432,Caceres,1994,mac,28.882123303233612,28.88,0.002123303233613427,1975-2001
ES432,Caceres,1995,tfr,1.243408062517116,1.24,0.003408062517116006,1975-2001
ES432,Caceres,1995,mac,29.109997122121385,29.110000000000003,-2.8778786180794214e-6,1975-2001
ES432,Caceres,1996,tfr,1.2217145932880553,1.22,0.0017145932880553438,1975-2001
ES432,Caceres,1996,mac,29.405273805265804,29.4,0.005273805265805009,1975-2001
ES432,Caceres,1997,tfr,1.2018464930728607,1.2,0.0018464930728607776,1975-2001
ES432,Caceres,1997,mac,29.505023207467296,29.5,0.005023207467296231,1975-2001
ES432,Caceres,1998,tfr,1.2028668442939476,1.2,0.002866844293947679,1975-2001
ES432,Caceres,1998,mac,29.647457407791197,29.650000000000002,-0.002542592208804706,1975-2001
ES432,Caceres,1999,tfr,1.1834545187641137,1.1800000000000002,0.0034545187641135122,1975-2001
ES432,Caceres,1999,mac,29.928292133483946,29.93,-0.001707866516053258,1975-2001
ES432,Caceres,2000,tfr,1.2463152236528967,1.25,-0.0036847763471032913,1975-2001
ES432,Caceres,2000,mac,30.182345274046817,30.18,0.0023452740468172806,1975-2001
ES432,Caceres,2001,tfr,1.1959740528014304,1.1900000000000002,0.005974052801430263,1975-2001
ES432,Caceres,2001,mac,30.21595537806918,30.22,-0.004044621930820114,1975-2001
ES432,Caceres,2002,tfr,1.1947065167974744,1.2,-0.00529348320252554,2002-2024
ES432,Caceres,2002,mac,30.4232860917769,30.419999999999998,0.0032860917769035325,2002-2024
ES432,Caceres,2003,tfr,1.208227007126356,1.21,-0.0017729928736440748,2002-2024
ES432,Caceres,2003,mac,30.67543047882403,30.68,-0.004569521175969982,2002-2024
ES432,Caceres,2004,tfr,1.2520054546227974,1.25,0.0020054546227974424,2002-2024
ES432,Caceres,2004,mac,30.64939749479541,30.650000000000002,-6.025052045934842e-4,2002-2024
ES432,Caceres,2005,tfr,1.2585732502823572,1.26,-0.0014267497176427835,2002-2024
ES432,Caceres,2005,mac,30.954086525904373,30.959999999999997,-0.0059134740956245935,2002-2024
ES432,Caceres,2006,tfr,1.2421812355737598,1.24,0.002181235573759821,2002-2024
ES432,Caceres,2006,mac,30.784130673271825,30.779999999999998,0.00413067327182759,2002-2024
ES432,Caceres,2007,tfr,1.2489422356335784,1.25,-0.0010577643664215763,2002-2024
ES432,Caceres,2007,mac,30.888828995019292,30.89,-0.0011710049807085454,2002-2024
ES432,Caceres,2008,tfr,1.3056388421010452,1.31,-0.004361157898954859,2002-2024
ES432,Caceres,2008,mac,31.056093991606584,31.06,-0.003906008393414595,2002-2024
ES432,Caceres,2009,tfr,1.2540566722522046,1.25,0.0040566722522046295,2002-2024
ES432,Caceres,2009,mac,31.178377164796117,31.18,-0.001622835203882289,2002-2024
ES432,Caceres,2010,tfr,1.2464898700767688,1.25,-0.0035101299232311867,2002-2024
ES432,Caceres,2010,mac,31.26619050401232,31.259999999999998,0.006190504012323572,2002-2024
ES432,Caceres,2011,tfr,1.2590364892615933,1.26,-9.635107384067254e-4,2002-2024
ES432,Caceres,2011,mac,31.406090718819705,31.4,0.006090718819706353,2002-2024
ES432,Caceres,2012,tfr,1.1346841092458917,1.1300000000000001,0.004684109245891577,2002-2024
ES432,Caceres,2012,mac,31.77386208623715,31.779999999999998,-0.006137913762849223,2002-2024
ES432,Caceres,2013,tfr,1.1541046983105707,1.1500000000000001,0.004104698310570587,2002-2024
ES432,Caceres,2013,mac,31.699803242371175,31.7,-1.9675762882442882e-4,2002-2024
ES432,Caceres,2014,tfr,1.20995410870632,1.21,-4.5891293680044853e-5,2002-2024
ES432,Caceres,2014,mac,31.69712209276096,31.7,-0.0028779072390392457,2002-2024
ES432,Caceres,2015,tfr,1.218677197936462,1.22,-0.0013228020635380755,2002-2024
ES432,Caceres,2015,mac,32.03259500491146,32.03,0.0025950049114555895,2002-2024
ES432,Caceres,2016,tfr,1.2270987082041256,1.23,-0.0029012917958743945,2002-2024
ES432,Caceres,2016,mac,32.03481729025292,32.03,0.0048172902529159956,2002-2024
ES432,Caceres,2017,tfr,1.207656495864063,1.21,-0.00234350413593698,2002-2024
ES432,Caceres,2017,mac,32.092130076474476,32.09,0.0021300764744722755,2002-2024
ES432,Caceres,2018,tfr,1.168365062747972,1.1700000000000002,-0.0016349372520281236,2002-2024
ES432,Caceres,2018,mac,32.14869427272885,32.14,0.008694272728845931,2002-2024
ES432,Caceres,2019,tfr,1.1410505421069952,1.1400000000000001,0.0010505421069950671,2002-2024
ES432,Caceres,2019,mac,32.30067705020423,32.3,6.770502042314774e-4,2002-2024
ES432,Caceres,2020,tfr,1.134759801030066,1.1400000000000001,-0.005240198969934218,2002-2024
ES432,Caceres,2020,mac,32.5907313361603,32.59,7.313361602996338e-4,2002-2024
ES432,Caceres,2021,tfr,1.1398155347179093,1.1400000000000001,-1.844652820908177e-4,2002-2024
ES432,Caceres,2021,mac,32.47993428604766,32.48,-6.57139523383421e-5,2002-2024
ES432,Caceres,2022,tfr,1.0980851399752802,1.1,-0.0019148600247198555,2002-2024
ES432,Caceres,2022,mac,32.335211292267005,32.339999999999996,-0.0047887077329917815,2002-2024
ES432,Caceres,2023,tfr,1.0992799600368364,1.1,-7.200399631637211e-4,2002-2024
ES432,Caceres,2023,mac,32.40386243904024,32.4,0.0038624390402404174,2002-2024
ES432,Caceres,2024,tfr,1.090212444892299,1.09,2.1244489229887975e-4,2002-2024
ES432,Caceres,2024,mac,32.46275644018257,32.46,0.0027564401825657114,2002-2024
ES511,Barcelona,1975,tfr,2.913699544185999,2.9099999999999997,0.0036995441859994926,1975-2001
ES511,Barcelona,1975,mac,28.250318210827125,28.25,3.182108271246875e-4,1975-2001
ES511,Barcelona,1976,tfr,2.679211946472831,2.68,-7.880535271693745e-4,1975-2001
ES511,Barcelona,1976,mac,28.001978036267896,28,0.001978036267896499,1975-2001
ES511,Barcelona,1977,tfr,2.5941144608402182,2.59,0.004114460840218381,1975-2001
ES511,Barcelona,1977,mac,27.95936644010536,27.959999999999997,-6.335598946378695e-4,1975-2001
ES511,Barcelona,1978,tfr,2.373597614547908,2.3699999999999997,0.00359761454790819,1975-2001
ES511,Barcelona,1978,mac,27.924654294455685,27.93,-0.005345705544314683,1975-2001
ES511,Barcelona,1979,tfr,2.076119757427483,2.08,-0.0038802425725172895,1975-2001
ES511,Barcelona,1979,mac,27.93268764148152,27.93,0.0026876414815220073,1975-2001
ES511,Barcelona,1980,tfr,1.8363481713125187,1.84,-0.0036518286874813732,1975-2001
ES511,Barcelona,1980,mac,27.964266704530758,27.97,-0.005733295469241284,1975-2001
ES511,Barcelona,1981,tfr,1.5359430787023511,1.53,0.005943078702351112,1975-2001
ES511,Barcelona,1981,mac,28.017815913754546,28.02,-0.0021840862454531873,1975-2001
ES511,Barcelona,1982,tfr,1.4860920903267911,1.49,-0.003907909673208865,1975-2001
ES511,Barcelona,1982,mac,28.145713989663975,28.150000000000002,-0.004286010336027601,1975-2001
ES511,Barcelona,1983,tfr,1.3755093408627226,1.3800000000000001,-0.004490659137277531,1975-2001
ES511,Barcelona,1983,mac,28.236427499515806,28.24,-0.0035725004841928865,1975-2001
ES511,Barcelona,1984,tfr,1.4233333146560954,1.42,0.003333314656095432,1975-2001
ES511,Barcelona,1984,mac,28.379043825210456,28.38,-9.561747895432404e-4,1975-2001
ES511,Barcelona,1985,tfr,1.4602599228529503,1.46,2.599228529502895e-4,1975-2001
ES511,Barcelona,1985,mac,28.47973283000247,28.479999999999997,-2.671699975280717e-4,1975-2001
ES511,Barcelona,1986,tfr,1.366477855826855,1.37,-0.003522144173145003,1975-2001
ES511,Barcelona,1986,mac,28.631630102035786,28.630000000000003,0.0016301020357829543,1975-2001
ES511,Barcelona,1987,tfr,1.2971954913421992,1.3,-0.002804508657800797,1975-2001
ES511,Barcelona,1987,mac,28.769648070175705,28.77,-3.5192982429421704e-4,1975-2001
ES511,Barcelona,1988,tfr,1.275979767548163,1.28,-0.004020232451837025,1975-2001
ES511,Barcelona,1988,mac,28.871398624193155,28.87,0.0013986241931540633,1975-2001
ES511,Barcelona,1989,tfr,1.2534669696738965,1.25,0.0034669696738964806,1975-2001
ES511,Barcelona,1989,mac,29.040825733735065,29.04,8.257337350663363e-4,1975-2001
ES511,Barcelona,1990,tfr,1.2291298355290021,1.23,-8.701644709978584e-4,1975-2001
ES511,Barcelona,1990,mac,29.242322161656418,29.24,0.002322161656419297,1975-2001
ES511,Barcelona,1991,tfr,1.213946989407673,1.21,0.003946989407673129,1975-2001
ES511,Barcelona,1991,mac,29.44777423355395,29.45,-0.0022257664460489934,1975-2001
ES511,Barcelona,1992,tfr,1.2170796527448342,1.22,-0.002920347255165767,1975-2001
ES511,Barcelona,1992,mac,29.69464329349785,29.69,0.004643293497849754,1975-2001
ES511,Barcelona,1993,tfr,1.1708671449510726,1.1700000000000002,8.671449510724294e-4,1975-2001
ES511,Barcelona,1993,mac,29.951922330759274,29.95,0.0019223307592746153,1975-2001
ES511,Barcelona,1994,tfr,1.1316739853952031,1.1300000000000001,0.001673985395203026,1975-2001
ES511,Barcelona,1994,mac,30.19625030189714,30.2,-0.00374969810285819,1975-2001
ES511,Barcelona,1995,tfr,1.112841643952619,1.11,0.0028416439526188775,1975-2001
ES511,Barcelona,1995,mac,30.46154089700066,30.459999999999997,0.0015408970006625111,1975-2001
ES511,Barcelona,1996,tfr,1.1116310828372822,1.11,0.001631082837282083,1975-2001
ES511,Barcelona,1996,mac,30.634732949339558,30.630000000000003,0.004732949339555148,1975-2001
ES511,Barcelona,1997,tfr,1.1443017317966828,1.1400000000000001,0.004301731796682695,1975-2001
ES511,Barcelona,1997,mac,30.884965829244322,30.89,-0.005034170755678247,1975-2001
ES511,Barcelona,1998,tfr,1.127319828818014,1.1300000000000001,-0.0026801711819861573,1975-2001
ES511,Barcelona,1998,mac,31.01394040061095,31.01,0.003940400610947137,1975-2001
ES511,Barcelona,1999,tfr,1.182092509951954,1.1800000000000002,0.0020925099519537582,1975-2001
ES511,Barcelona,1999,mac,31.09204166015208,31.09,0.0020416601520807376,1975-2001
ES511,Barcelona,2000,tfr,1.2458477722501842,1.25,-0.004152227749815829,1975-2001
ES511,Barcelona,2000,mac,31.130162540657484,31.130000000000003,1.6254065748100288e-4,1975-2001
ES511,Barcelona,2001,tfr,1.2586286386179657,1.26,-0.0013713613820343085,1975-2001
ES511,Barcelona,2001,mac,31.118429852517426,31.110000000000003,0.008429852517423342,1975-2001
ES511,Barcelona,2002,tfr,1.296831549946715,1.3,-0.0031684500532851434,2002-2024
ES511,Barcelona,2002,mac,31.061441729883093,31.06,0.0014417298830942116,2002-2024
ES511,Barcelona,2003,tfr,1.3367461581955933,1.34,-0.0032538418044067985,2002-2024
ES511,Barcelona,2003,mac,31.105088741991008,31.110000000000003,-0.0049112580089953894,2002-2024
ES511,Barcelona,2004,tfr,1.374838315030606,1.3800000000000001,-0.005161684969394065,2002-2024
ES511,Barcelona,2004,mac,31.11356853037654,31.110000000000003,0.003568530376536927,2002-2024
ES511,Barcelona,2005,tfr,1.3890143592210635,1.3900000000000001,-9.856407789365917e-4,2002-2024
ES511,Barcelona,2005,mac,31.19060284147166,31.19,6.028414716574559e-4,2002-2024
ES511,Barcelona,2006,tfr,1.4083130277293412,1.41,-0.0016869722706587265,2002-2024
ES511,Barcelona,2006,mac,31.152960340175348,31.150000000000002,0.0029603401753455216,2002-2024
ES511,Barcelona,2007,tfr,1.4176725907230663,1.42,-0.002327409276933645,2002-2024
ES511,Barcelona,2007,mac,31.141033179940546,31.14,0.0010331799405456366,2002-2024
ES511,Barcelona,2008,tfr,1.4816087697018043,1.48,0.0016087697018043468,2002-2024
ES511,Barcelona,2008,mac,31.095065108381586,31.1,-0.004934891618415094,2002-2024
ES511,Barcelona,2009,tfr,1.4203068541258497,1.42,3.068541258497426e-4,2002-2024
ES511,Barcelona,2009,mac,31.21654874400226,31.21,0.006548744002259355,2002-2024
ES511,Barcelona,2010,tfr,1.4220223166119155,1.42,0.0020223166119155422,2002-2024
ES511,Barcelona,2010,mac,31.379253515745614,31.38,-7.464842543853933e-4,2002-2024
ES511,Barcelona,2011,tfr,1.3990663034518038,1.4,-9.336965481960835e-4,2002-2024
ES511,Barcelona,2011,mac,31.562149538775724,31.56,0.0021495387757255457,2002-2024
ES511,Barcelona,2012,tfr,1.3678439440776335,1.37,-0.002156055922366562,2002-2024
ES511,Barcelona,2012,mac,31.680326079524125,31.67,0.010326079524123344,2002-2024
ES511,Barcelona,2013,tfr,1.3047301771816775,1.31,-0.005269822818322556,2002-2024
ES511,Barcelona,2013,mac,31.817848672346567,31.810000000000002,0.007848672346565166,2002-2024
ES511,Barcelona,2014,tfr,1.353986257900425,1.36,-0.00601374209957517,2002-2024
ES511,Barcelona,2014,mac,31.967343872867183,31.959999999999997,0.007343872867185297,2002-2024
ES511,Barcelona,2015,tfr,1.3614251525188388,1.36,0.0014251525188386793,2002-2024
ES511,Barcelona,2015,mac,32.11655055441688,32.11,0.006550554416882903,2002-2024
ES511,Barcelona,2016,tfr,1.3711449177143489,1.37,0.0011449177143487699,2002-2024
ES511,Barcelona,2016,mac,32.191723701838875,32.18,0.011723701838874945,2002-2024
ES511,Barcelona,2017,tfr,1.3402185579117916,1.35,-0.009781442088208525,2002-2024
ES511,Barcelona,2017,mac,32.36121621775363,32.349999999999994,0.011216217753634794,2002-2024
ES511,Barcelona,2018,tfr,1.2797598159944588,1.28,-2.401840055412663e-4,2002-2024
ES511,Barcelona,2018,mac,32.474587846421194,32.47,0.004587846421195252,2002-2024
ES511,Barcelona,2019,tfr,1.2339600698338393,1.23,0.003960069833839341,2002-2024
ES511,Barcelona,2019,mac,32.55097579941366,32.55,9.757994136663228e-4,2002-2024
ES511,Barcelona,2020,tfr,1.1695293899433945,1.1700000000000002,-4.7061005660564703e-4,2002-2024
ES511,Barcelona,2020,mac,32.681215860279686,32.68,0.0012158602796858986,2002-2024
ES511,Barcelona,2021,tfr,1.1739923042068414,1.1700000000000002,0.003992304206841268,2002-2024
ES511,Barcelona,2021,mac,32.89963261177175,32.9,-3.673882282484442e-4,2002-2024
ES511,Barcelona,2022,tfr,1.1411482402241608,1.1400000000000001,0.0011482402241607126,2002-2024
ES511,Barcelona,2022,mac,32.951598440611804,32.949999999999996,0.0015984406118079164,2002-2024
ES511,Barcelona,2023,tfr,1.0707147494647422,1.07,7.147494647421482e-4,2002-2024
ES511,Barcelona,2023,mac,32.90405124610887,32.9,0.004051246108872419,2002-2024
ES511,Barcelona,2024,tfr,1.0446202901369277,1.04,0.004620290136927663,2002-2024
ES511,Barcelona,2024,mac,32.86452263185669,32.86,0.004522631856687553,2002-2024
ES512,Girona,1975,tfr,2.7294577613978475,2.73,-5.422386021525227e-4,1975-2001
ES512,Girona,1975,mac,27.698823191965175,27.7,-0.0011768080348240062,1975-2001
ES512,Girona,1976,tfr,2.71131116969768,2.71,0.0013111696976801923,1975-2001
ES512,Girona,1976,mac,27.529753209744822,27.53,-2.4679025517926334e-4,1975-2001
ES512,Girona,1977,tfr,2.6257218879731528,2.63,-0.004278112026847136,1975-2001
ES512,Girona,1977,mac,27.391085019766987,27.39,0.0010850197669860506,1975-2001
ES512,Girona,1978,tfr,2.567451901152701,2.57,-0.0025480988472987853,1975-2001
ES512,Girona,1978,mac,27.33195384421523,27.330000000000002,0.0019538442152295943,1975-2001
ES512,Girona,1979,tfr,2.4652628389459914,2.4699999999999998,-0.004737161054008343,1975-2001
ES512,Girona,1979,mac,27.118793802466627,27.12,-0.0012061975333743646,1975-2001
ES512,Girona,1980,tfr,2.1873339050216716,2.19,-0.0026660949783283705,1975-2001
ES512,Girona,1980,mac,27.182149738894925,27.18,0.0021497388949249796,1975-2001
ES512,Girona,1981,tfr,1.8922070016144295,1.8900000000000001,0.002207001614429327,1975-2001
ES512,Girona,1981,mac,27.219559382254715,27.22,-4.406177452835891e-4,1975-2001
ES512,Girona,1982,tfr,1.806068731211296,1.81,-0.00393126878870409,1975-2001
ES512,Girona,1982,mac,27.468102940686283,27.47,-0.0018970593137161984,1975-2001
ES512,Girona,1983,tfr,1.6679681376737236,1.6700000000000002,-0.002031862326276501,1975-2001
ES512,Girona,1983,mac,27.684948357008818,27.69,-0.005051642991183769,1975-2001
ES512,Girona,1984,tfr,1.5519624942232144,1.55,0.0019624942232143727,1975-2001
ES512,Girona,1984,mac,27.838249849515748,27.84,-0.0017501504842520887,1975-2001
ES512,Girona,1985,tfr,1.5291603262242044,1.53,-8.396737757956352e-4,1975-2001
ES512,Girona,1985,mac,27.858291861425585,27.86,-0.0017081385744148747,1975-2001
ES512,Girona,1986,tfr,1.4201160812749012,1.42,1.1608127490125852e-4,1975-2001
ES512,Girona,1986,mac,27.9631313654633,27.959999999999997,0.003131365463303837,1975-2001
ES512,Girona,1987,tfr,1.3836365285934187,1.3800000000000001,0.0036365285934185643,1975-2001
ES512,Girona,1987,mac,27.99043985000169,27.99,4.3985000169044497e-4,1975-2001
ES512,Girona,1988,tfr,1.391423422169261,1.3900000000000001,0.001423422169260835,1975-2001
ES512,Girona,1988,mac,27.993550722481842,27.99,0.0035507224818438488,1975-2001
ES512,Girona,1989,tfr,1.3582637577329544,1.36,-0.0017362422670457178,1975-2001
ES512,Girona,1989,mac,28.22018002302362,28.22,1.800230236206346e-4,1975-2001
ES512,Girona,1990,tfr,1.3847655832190486,1.3800000000000001,0.004765583219048519,1975-2001
ES512,Girona,1990,mac,28.298806077261037,28.3,-0.0011939227389632379,1975-2001
ES512,Girona,1991,tfr,1.3676759971877757,1.37,-0.002324002812224446,1975-2001
ES512,Girona,1991,mac,28.587594355633012,28.59,-0.002405644366987758,1975-2001
ES512,Girona,1992,tfr,1.3761577407107994,1.3800000000000001,-0.003842259289200678,1975-2001
ES512,Girona,1992,mac,28.564972425805554,28.56,0.004972425805554792,1975-2001
ES512,Girona,1993,tfr,1.3151501723735781,1.32,-0.004849827626421943,1975-2001
ES512,Girona,1993,mac,29.096120402579274,29.1,-0.003879597420727521,1975-2001
ES512,Girona,1994,tfr,1.2637537378214592,1.26,0.0037537378214591577,1975-2001
ES512,Girona,1994,mac,29.238201334403627,29.24,-0.0017986655963717624,1975-2001
ES512,Girona,1995,tfr,1.1945030053259302,1.1900000000000002,0.004503005325930065,1975-2001
ES512,Girona,1995,mac,29.53561567241861,29.54,-0.004384327581387737,1975-2001
ES512,Girona,1996,tfr,1.22582065778981,1.23,-0.004179342210189896,1975-2001
ES512,Girona,1996,mac,29.726773605632104,29.73,-0.0032263943678962903,1975-2001
ES512,Girona,1997,tfr,1.2541588853534578,1.25,0.004158885353457764,1975-2001
ES512,Girona,1997,mac,29.961813702474323,29.959999999999997,0.0018137024743261065,1975-2001
ES512,Girona,1998,tfr,1.227629342260883,1.23,-0.0023706577391169326,1975-2001
ES512,Girona,1998,mac,30.069382373666798,30.07,-6.176263332022813e-4,1975-2001
ES512,Girona,1999,tfr,1.220157009870056,1.22,1.5700987005606848e-4,1975-2001
ES512,Girona,1999,mac,30.116752309542594,30.12,-0.0032476904574068044,1975-2001
ES512,Girona,2000,tfr,1.3432081544566212,1.34,0.0032081544566211484,1975-2001
ES512,Girona,2000,mac,30.1095375013559,30.110000000000003,-4.624986441044143e-4,1975-2001
ES512,Girona,2001,tfr,1.35734931281042,1.36,-0.00265068718958017,1975-2001
ES512,Girona,2001,mac,30.246129303393992,30.25,-0.0038706966060075843,1975-2001
ES512,Girona,2002,tfr,1.3795878483222748,1.3800000000000001,-4.1215167772534755e-4,2002-2024
ES512,Girona,2002,mac,30.218240376998487,30.22,-0.0017596230015115566,2002-2024
ES512,Girona,2003,tfr,1.4862572585466063,1.49,-0.0037427414533937053,2002-2024
ES512,Girona,2003,mac,30.24616164304941,30.25,-0.003838356950591759,2002-2024
ES512,Girona,2004,tfr,1.5148810384996052,1.52,-0.005118961500394814,2002-2024
ES512,Girona,2004,mac,30.031261329880277,30.03,0.0012613298802754969,2002-2024
ES512,Girona,2005,tfr,1.4979446379644583,1.49,0.007944637964458323,2002-2024
ES512,Girona,2005,mac,30.19781956108274,30.21,-0.012180438917262393,2002-2024
ES512,Girona,2006,tfr,1.5959121848223703,1.6,-0.004087815177629794,2002-2024
ES512,Girona,2006,mac,30.163517477481168,30.17,-0.006482522518833633,2002-2024
ES512,Girona,2007,tfr,1.5439281176333424,1.54,0.003928117633342332,2002-2024
ES512,Girona,2007,mac,30.089751259399012,30.09,-2.487406009876736e-4,2002-2024
ES512,Girona,2008,tfr,1.6781485266063874,1.6700000000000002,0.008148526606387207,2002-2024
ES512,Girona,2008,mac,29.98687829380394,29.99,-0.003121706196058227,2002-2024
ES512,Girona,2009,tfr,1.6101188965169684,1.61,1.1889651696828096e-4,2002-2024
ES512,Girona,2009,mac,30.40682346645611,30.41,-0.0031765335438898035,2002-2024
ES512,Girona,2010,tfr,1.6104228383834969,1.61,4.2283838349677083e-4,2002-2024
ES512,Girona,2010,mac,30.41813898676483,30.419999999999998,-0.001861013235167519,2002-2024
ES512,Girona,2011,tfr,1.5493440436151968,1.55,-6.559563848032024e-4,2002-2024
ES512,Girona,2011,mac,30.673071135860994,30.67,0.003071135860992058,2002-2024
ES512,Girona,2012,tfr,1.493837587733552,1.49,0.003837587733551917,2002-2024
ES512,Girona,2012,mac,30.855180659790317,30.86,-0.00481934020968211,2002-2024
ES512,Girona,2013,tfr,1.4511607001891735,1.45,0.0011607001891735802,2002-2024
ES512,Girona,2013,mac,30.779391484759234,30.779999999999998,-6.085152407635519e-4,2002-2024
ES512,Girona,2014,tfr,1.481143416137899,1.48,0.0011434161378989227,2002-2024
ES512,Girona,2014,mac,30.90236021883269,30.9,0.002360218832691885,2002-2024
ES512,Girona,2015,tfr,1.5380551809645029,1.54,-0.0019448190354971473,2002-2024
ES512,Girona,2015,mac,31.159522643924937,31.16,-4.773560750628292e-4,2002-2024
ES512,Girona,2016,tfr,1.4969661009648814,1.5,-0.003033899035118637,2002-2024
ES512,Girona,2016,mac,31.200316902453228,31.2,3.1690245322835153e-4,2002-2024
ES512,Girona,2017,tfr,1.4828953576286006,1.48,0.0028953576286006033,2002-2024
ES512,Girona,2017,mac,31.375669074194516,31.37,0.005669074194514678,2002-2024
ES512,Girona,2018,tfr,1.4330251906423088,1.43,0.0030251906423088837,2002-2024
ES512,Girona,2018,mac,31.494976049901325,31.5,-0.005023950098674845,2002-2024
ES512,Girona,2019,tfr,1.3705704779237662,1.37,5.704779237660773e-4,2002-2024
ES512,Girona,2019,mac,31.504333126744218,31.5,0.004333126744217708,2002-2024
ES512,Girona,2020,tfr,1.3477398670930862,1.35,-0.0022601329069138476,2002-2024
ES512,Girona,2020,mac,31.558584097657818,31.56,-0.0014159023421811412,2002-2024
ES512,Girona,2021,tfr,1.2962236820576682,1.3,-0.003776317942331797,2002-2024
ES512,Girona,2021,mac,31.934865559281224,31.93,0.004865559281224563,2002-2024
ES512,Girona,2022,tfr,1.2566313991818971,1.26,-0.0033686008181028626,2002-2024
ES512,Girona,2022,mac,31.816432329090727,31.82,-0.003567670909273346,2002-2024
ES512,Girona,2023,tfr,1.2129130019641627,1.21,0.002913001964162776,2002-2024
ES512,Girona,2023,mac,32.042896767673014,32.04,0.002896767673014722,2002-2024
ES512,Girona,2024,tfr,1.1900612651539517,1.1900000000000002,6.126515395155074e-5,2002-2024
ES512,Girona,2024,mac,31.808743301929816,31.810000000000002,-0.0012566980701862462,2002-2024
ES513,Lleida,1975,tfr,2.3417232186515666,2.34,0.0017232186515667713,1975-2001
ES513,Lleida,1975,mac,28.35569028382417,28.35,0.005690283824169029,1975-2001
ES513,Lleida,1976,tfr,2.4457846196882134,2.4499999999999997,-0.004215380311786365,1975-2001
ES513,Lleida,1976,mac,27.903307591283493,27.9,0.0033075912834945598,1975-2001
ES513,Lleida,1977,tfr,2.303418287541598,2.3,0.0034182875415980085,1975-2001
ES513,Lleida,1977,mac,27.89709859636193,27.9,-0.0029014036380701214,1975-2001
ES513,Lleida,1978,tfr,2.256600756941905,2.2600000000000002,-0.003399243058095358,1975-2001
ES513,Lleida,1978,mac,27.965611540731697,27.959999999999997,0.005611540731699449,1975-2001
ES513,Lleida,1979,tfr,2.145048452276629,2.14,0.0050484522766289786,1975-2001
ES513,Lleida,1979,mac,27.88715185647628,27.89,-0.0028481435237210917,1975-2001
ES513,Lleida,1980,tfr,1.9341187944947735,1.93,0.004118794494773592,1975-2001
ES513,Lleida,1980,mac,27.906969829676314,27.91,-0.0030301703236865762,1975-2001
ES513,Lleida,1981,tfr,1.7362378430022494,1.74,-0.003762156997750621,1975-2001
ES513,Lleida,1981,mac,27.88864275789501,27.89,-0.0013572421049907746,1975-2001
ES513,Lleida,1982,tfr,1.7689145254193948,1.77,-0.0010854745806052613,1975-2001
ES513,Lleida,1982,mac,28.225834601892615,28.23,-0.004165398107385698,1975-2001
ES513,Lleida,1983,tfr,1.5841172912016714,1.58,0.004117291201671369,1975-2001
ES513,Lleida,1983,mac,28.128560340186297,28.130000000000003,-0.0014396598137054184,1975-2001
ES513,Lleida,1984,tfr,1.467786175346816,1.47,-0.0022138246531839822,1975-2001
ES513,Lleida,1984,mac,27.988445502158385,27.99,-0.0015544978416137667,1975-2001
ES513,Lleida,1985,tfr,1.45890015678099,1.46,-0.0010998432190099106,1975-2001
ES513,Lleida,1985,mac,28.218784532295516,28.22,-0.0012154677044833306,1975-2001
ES513,Lleida,1986,tfr,1.3178478635838717,1.32,-0.002152136416128325,1975-2001
ES513,Lleida,1986,mac,28.383330592539885,28.38,0.0033305925398856573,1975-2001
ES513,Lleida,1987,tfr,1.2854884026983782,1.29,-0.0045115973016218724,1975-2001
ES513,Lleida,1987,mac,28.306613369151027,28.310000000000002,-0.0033866308489756136,1975-2001
ES513,Lleida,1988,tfr,1.2980041395734483,1.3,-0.0019958604265517543,1975-2001
ES513,Lleida,1988,mac,28.611778951524503,28.610000000000003,0.0017789515244999166,1975-2001
ES513,Lleida,1989,tfr,1.254490488354428,1.25,0.004490488354427891,1975-2001
ES513,Lleida,1989,mac,28.754612626722906,28.75,0.004612626722906299,1975-2001
ES513,Lleida,1990,tfr,1.2226031429133355,1.22,0.002603142913335521,1975-2001
ES513,Lleida,1990,mac,28.781473189464712,28.779999999999998,0.0014731894647148636,1975-2001
ES513,Lleida,1991,tfr,1.2106193959596234,1.21,6.193959596234588e-4,1975-2001
ES513,Lleida,1991,mac,29.033542072137237,29.03,0.0035420721372361186,1975-2001
ES513,Lleida,1992,tfr,1.2918099851087737,1.29,0.0018099851087736152,1975-2001
ES513,Lleida,1992,mac,29.298242551251494,29.3,-0.0017574487485063628,1975-2001
ES513,Lleida,1993,tfr,1.246502788008297,1.25,-0.003497211991702942,1975-2001
ES513,Lleida,1993,mac,29.506401328935304,29.51,-0.0035986710646973563,1975-2001
ES513,Lleida,1994,tfr,1.1374292291167454,1.1400000000000001,-0.002570770883254747,1975-2001
ES513,Lleida,1994,mac,29.703324270705238,29.7,0.0033242707052387743,1975-2001
ES513,Lleida,1995,tfr,1.1227076836995176,1.12,0.0027076836995174602,1975-2001
ES513,Lleida,1995,mac,29.960646067712492,29.959999999999997,6.460677124948688e-4,1975-2001
ES513,Lleida,1996,tfr,1.1219504795860984,1.12,0.001950479586098286,1975-2001
ES513,Lleida,1996,mac,30.19543267069551,30.2,-0.0045673293044892205,1975-2001
ES513,Lleida,1997,tfr,1.143310449271276,1.1400000000000001,0.0033104492712758837,1975-2001
ES513,Lleida,1997,mac,30.263133866985058,30.259999999999998,0.0031338669850597967,1975-2001
ES513,Lleida,1998,tfr,1.1452454645628725,1.1500000000000001,-0.004754535437127672,1975-2001
ES513,Lleida,1998,mac,30.42331042791824,30.419999999999998,0.003310427918240322,1975-2001
ES513,Lleida,1999,tfr,1.1852782894341265,1.1900000000000002,-0.004721710565873671,1975-2001
ES513,Lleida,1999,mac,30.550684907693352,30.55,6.849076933512777e-4,1975-2001
ES513,Lleida,2000,tfr,1.2439108741538887,1.24,0.003910874153888688,1975-2001
ES513,Lleida,2000,mac,30.64359135136423,30.64,0.003591351364228501,1975-2001
ES513,Lleida,2001,tfr,1.2760631002339757,1.28,-0.003936899766024293,1975-2001
ES513,Lleida,2001,mac,30.671704361263327,30.67,0.0017043612633251826,1975-2001
ES513,Lleida,2002,tfr,1.2723257803799568,1.27,0.0023257803799567878,2002-2024
ES513,Lleida,2002,mac,30.58923175549355,30.59,-7.682445064496335e-4,2002-2024
ES513,Lleida,2003,tfr,1.3726345792160908,1.37,0.002634579216090671,2002-2024
ES513,Lleida,2003,mac,30.49977119187323,30.5,-2.2880812677072981e-4,2002-2024
ES513,Lleida,2004,tfr,1.4022926735747385,1.41,-0.007707326425261396,2002-2024
ES513,Lleida,2004,mac,30.313611613619717,30.310000000000002,0.0036116136197144044,2002-2024
ES513,Lleida,2005,tfr,1.4597778299768314,1.46,-2.2217002316859968e-4,2002-2024
ES513,Lleida,2005,mac,30.440666323137986,30.45,-0.009333676862013363,2002-2024
ES513,Lleida,2006,tfr,1.4593916598687893,1.46,-6.08340131210694e-4,2002-2024
ES513,Lleida,2006,mac,30.333590160339018,30.330000000000002,0.0035901603390158243,2002-2024
ES513,Lleida,2007,tfr,1.4821189414817244,1.48,0.0021189414817244234,2002-2024
ES513,Lleida,2007,mac,30.3521962970298,30.35,0.0021962970297977336,2002-2024
ES513,Lleida,2008,tfr,1.6581072607584517,1.6600000000000001,-0.0018927392415484245,2002-2024
ES513,Lleida,2008,mac,30.229255485444682,30.23,-7.445145553184318e-4,2002-2024
ES513,Lleida,2009,tfr,1.5813792206407684,1.58,0.0013792206407683416,2002-2024
ES513,Lleida,2009,mac,30.43108795807149,30.43,0.0010879580714906467,2002-2024
ES513,Lleida,2010,tfr,1.5576860972938318,1.56,-0.0023139027061682693,2002-2024
ES513,Lleida,2010,mac,30.54767086135223,30.54,0.007670861352231384,2002-2024
ES513,Lleida,2011,tfr,1.5091763598316053,1.51,-8.23640168394757e-4,2002-2024
ES513,Lleida,2011,mac,30.54371046998234,30.54,0.003710469982340925,2002-2024
ES513,Lleida,2012,tfr,1.4633970660486437,1.46,0.00339706604864376,2002-2024
ES513,Lleida,2012,mac,30.79609547345837,30.79,0.006095473458369582,2002-2024
ES513,Lleida,2013,tfr,1.418540907806175,1.42,-0.0014590921938248957,2002-2024
ES513,Lleida,2013,mac,30.911858658594873,30.91,0.0018586585948732193,2002-2024
ES513,Lleida,2014,tfr,1.4811663918047784,1.48,0.0011663918047783994,2002-2024
ES513,Lleida,2014,mac,30.902394536475125,30.9,0.00239453647512633,2002-2024
ES513,Lleida,2015,tfr,1.4642598624554528,1.47,-0.005740137544547164,2002-2024
ES513,Lleida,2015,mac,31.082624734865266,31.09,-0.007375265134733411,2002-2024
ES513,Lleida,2016,tfr,1.451819245970991,1.45,0.0018192459709911457,2002-2024
ES513,Lleida,2016,mac,31.29891749726426,31.3,-0.0010825027357412864,2002-2024
ES513,Lleida,2017,tfr,1.4523083802790504,1.45,0.002308380279050448,2002-2024
ES513,Lleida,2017,mac,31.301879318263566,31.3,0.001879318263565466,2002-2024
ES513,Lleida,2018,tfr,1.3827219319893325,1.3900000000000001,-0.00727806801066766,2002-2024
ES513,Lleida,2018,mac,31.45624426515111,31.45,0.00624426515111054,2002-2024
ES513,Lleida,2019,tfr,1.3903334769628781,1.4,-0.009666523037121788,2002-2024
ES513,Lleida,2019,mac,31.61342485561455,31.610000000000003,0.0034248556145470843,2002-2024
ES513,Lleida,2020,tfr,1.3676815434083698,1.37,-0.0023184565916303246,2002-2024
ES513,Lleida,2020,mac,31.74715862160329,31.75,-0.002841378396709615,2002-2024
ES513,Lleida,2021,tfr,1.3113977536188857,1.31,0.001397753618885611,2002-2024
ES513,Lleida,2021,mac,31.866244874067775,31.87,-0.0037551259322263775,2002-2024
ES513,Lleida,2022,tfr,1.3169363240201377,1.32,-0.003063675979862346,2002-2024
ES513,Lleida,2022,mac,31.85024681054212,31.85,2.4681054211939113e-4,2002-2024
ES513,Lleida,2023,tfr,1.2575608837785315,1.26,-0.002439116221468529,2002-2024
ES513,Lleida,2023,mac,31.949672621267744,31.95,-3.2737873225485714e-4,2002-2024
ES513,Lleida,2024,tfr,1.2818094558415536,1.28,0.0018094558415535644,2002-2024
ES513,Lleida,2024,mac,31.936587357578574,31.939999999999998,-0.003412642421423584,2002-2024
ES514,Tarragona,1975,tfr,2.7824588476828502,2.7800000000000002,0.002458847682849985,1975-2001
ES514,Tarragona,1975,mac,28.036420669692465,28.04,-0.003579330307534434,1975-2001
ES514,Tarragona,1976,tfr,2.895349879433238,2.9,-0.0046501205667617285,1975-2001
ES514,Tarragona,1976,mac,27.773733129902528,27.77,0.003733129902528276,1975-2001
ES514,Tarragona,1977,tfr,2.7961978692386404,2.8,-0.003802130761359379,1975-2001
ES514,Tarragona,1977,mac,27.744181660293034,27.74,0.00418166029303535,1975-2001
ES514,Tarragona,1978,tfr,2.6870555360497024,2.69,-0.002944463950297571,1975-2001
ES514,Tarragona,1978,mac,27.61661252825399,27.62,-0.003387471746009396,1975-2001
ES514,Tarragona,1979,tfr,2.4096543287535,2.4099999999999997,-3.4567124649953485e-4,1975-2001
ES514,Tarragona,1979,mac,27.518670987478252,27.52,-0.0013290125217473303,1975-2001
ES514,Tarragona,1980,tfr,2.2421565138045496,2.24,0.002156513804549398,1975-2001
ES514,Tarragona,1980,mac,27.4668325630246,27.47,-0.0031674369753993403,1975-2001
ES514,Tarragona,1981,tfr,2.0084052697134736,2.01,-0.0015947302865262358,1975-2001
ES514,Tarragona,1981,mac,27.6392212020142,27.64,-7.787979858022709e-4,1975-2001
ES514,Tarragona,1982,tfr,1.9548588367218993,1.95,0.004858836721899351,1975-2001
ES514,Tarragona,1982,mac,27.83987861519198,27.84,-1.2138480801837659e-4,1975-2001
ES514,Tarragona,1983,tfr,1.7300177491791622,1.73,1.7749179162196427e-5,1975-2001
ES514,Tarragona,1983,mac,27.949596537772948,27.95,-4.0346222705167634e-4,1975-2001
ES514,Tarragona,1984,tfr,1.6744464990756307,1.6700000000000002,0.00444649907563055,1975-2001
ES514,Tarragona,1984,mac,28.062743843685077,28.06,0.0027438436850779624,1975-2001
ES514,Tarragona,1985,tfr,1.644086903545635,1.6400000000000001,0.00408690354563479,1975-2001
ES514,Tarragona,1985,mac,28.366655050218963,28.37,-0.0033449497810380535,1975-2001
ES514,Tarragona,1986,tfr,1.4827645157564149,1.48,0.002764515756414898,1975-2001
ES514,Tarragona,1986,mac,28.124786713079484,28.130000000000003,-0.0052132869205188115,1975-2001
ES514,Tarragona,1987,tfr,1.4345025513626304,1.43,0.004502551362630447,1975-2001
ES514,Tarragona,1987,mac,28.338513202513052,28.34,-0.0014867974869474665,1975-2001
ES514,Tarragona,1988,tfr,1.421648157128259,1.42,0.0016481571282591645,1975-2001
ES514,Tarragona,1988,mac,28.288028335315442,28.29,-0.0019716646845573393,1975-2001
ES514,Tarragona,1989,tfr,1.3294059350806622,1.33,-5.940649193378889e-4,1975-2001
ES514,Tarragona,1989,mac,28.58910011300077,28.59,-8.998869992282721e-4,1975-2001
ES514,Tarragona,1990,tfr,1.341351244883586,1.34,0.0013512448835859558,1975-2001
ES514,Tarragona,1990,mac,28.54666797135366,28.55,-0.0033320286463407456,1975-2001
ES514,Tarragona,1991,tfr,1.3033576223040084,1.3,0.0033576223040083786,1975-2001
ES514,Tarragona,1991,mac,28.8672781516997,28.87,-0.0027218483003004224,1975-2001
ES514,Tarragona,1992,tfr,1.312603585562235,1.31,0.0026035855622350557,1975-2001
ES514,Tarragona,1992,mac,29.20807431768011,29.21,-0.0019256823198894324,1975-2001
ES514,Tarragona,1993,tfr,1.242170076427409,1.24,0.0021700764274090734,1975-2001
ES514,Tarragona,1993,mac,29.26496626633197,29.27,-0.005033733668028617,1975-2001
ES514,Tarragona,1994,tfr,1.2172117341966533,1.22,-0.002788265803346679,1975-2001
ES514,Tarragona,1994,mac,29.530900753887195,29.53,9.007538871941279e-4,1975-2001
ES514,Tarragona,1995,tfr,1.1986209777451884,1.2,-0.0013790222548115683,1975-2001
ES514,Tarragona,1995,mac,29.84011458482948,29.84,1.1458482947901416e-4,1975-2001
ES514,Tarragona,1996,tfr,1.1795462078792591,1.1800000000000002,-4.537921207410367e-4,1975-2001
ES514,Tarragona,1996,mac,30.099840512732747,30.1,-1.5948726725412143e-4,1975-2001
ES514,Tarragona,1997,tfr,1.1904714468783089,1.1900000000000002,4.7144687830869003e-4,1975-2001
ES514,Tarragona,1997,mac,30.270542498231737,30.27,5.42498231737909e-4,1975-2001
ES514,Tarragona,1998,tfr,1.2079479265084179,1.21,-0.002052073491582096,1975-2001
ES514,Tarragona,1998,mac,30.307480053427437,30.310000000000002,-0.002519946572565601,1975-2001
ES514,Tarragona,1999,tfr,1.2199667319425238,1.22,-3.326805747616568e-5,1975-2001
ES514,Tarragona,1999,mac,30.424077379005954,30.419999999999998,0.004077379005956061,1975-2001
ES514,Tarragona,2000,tfr,1.3339860441661475,1.33,0.003986044166147451,1975-2001
ES514,Tarragona,2000,mac,30.568207507639784,30.57,-0.0017924923602166132,1975-2001
ES514,Tarragona,2001,tfr,1.3416440419854723,1.34,0.0016440419854721888,1975-2001
ES514,Tarragona,2001,mac,30.405241877302625,30.41,-0.004758122697374745,1975-2001
ES514,Tarragona,2002,tfr,1.3941887795890229,1.3900000000000001,0.004188779589022751,2002-2024
ES514,Tarragona,2002,mac,30.372633151721317,30.37,0.0026331517213158406,2002-2024
ES514,Tarragona,2003,tfr,1.405065958133863,1.41,-0.004934041866136996,2002-2024
ES514,Tarragona,2003,mac,30.50560847719398,30.5,0.005608477193980832,2002-2024
ES514,Tarragona,2004,tfr,1.4321198374117732,1.44,-0.007880162588226769,2002-2024
ES514,Tarragona,2004,mac,30.29342396784569,30.29,0.0034239678456913225,2002-2024
ES514,Tarragona,2005,tfr,1.4922930755345785,1.49,0.0022930755345784704,2002-2024
ES514,Tarragona,2005,mac,30.35594473877774,30.36,-0.004055261222259077,2002-2024
ES514,Tarragona,2006,tfr,1.5036252901635168,1.5,0.003625290163516759,2002-2024
ES514,Tarragona,2006,mac,30.223083847565288,30.23,-0.0069161524347123304,2002-2024
ES514,Tarragona,2007,tfr,1.568727324291232,1.57,-0.0012726757087679896,2002-2024
ES514,Tarragona,2007,mac,30.155198709122384,30.16,-0.004801290877615827,2002-2024
ES514,Tarragona,2008,tfr,1.6551810757047758,1.6500000000000001,0.005181075704775662,2002-2024
ES514,Tarragona,2008,mac,30.054635186859674,30.06,-0.005364813140324998,2002-2024
ES514,Tarragona,2009,tfr,1.565866263870528,1.57,-0.004133736129471988,2002-2024
ES514,Tarragona,2009,mac,30.303282525821576,30.3,0.0032825258215751774,2002-2024
ES514,Tarragona,2010,tfr,1.5621676923565466,1.56,0.002167692356546569,2002-2024
ES514,Tarragona,2010,mac,30.504172316464036,30.5,0.00417231646403593,2002-2024
ES514,Tarragona,2011,tfr,1.4773799948570647,1.48,-0.0026200051429352555,2002-2024
ES514,Tarragona,2011,mac,30.801449437842866,30.810000000000002,-0.008550562157136454,2002-2024
ES514,Tarragona,2012,tfr,1.4458892350234185,1.44,0.0058892350234185376,2002-2024
ES514,Tarragona,2012,mac,30.82551679897855,30.830000000000002,-0.004483201021450611,2002-2024
ES514,Tarragona,2013,tfr,1.3693956429569933,1.37,-6.043570430067646e-4,2002-2024
ES514,Tarragona,2013,mac,31.095991189079935,31.09,0.005991189079935566,2002-2024
ES514,Tarragona,2014,tfr,1.412373012685245,1.41,0.002373012685245035,2002-2024
ES514,Tarragona,2014,mac,31.31745635143353,31.310000000000002,0.007456351433528852,2002-2024
ES514,Tarragona,2015,tfr,1.4414560384370934,1.44,0.0014560384370934099,2002-2024
ES514,Tarragona,2015,mac,31.44233604752555,31.439999999999998,0.0023360475255529423,2002-2024
ES514,Tarragona,2016,tfr,1.4230818672445256,1.43,-0.006918132755474371,2002-2024
ES514,Tarragona,2016,mac,31.437162787110747,31.439999999999998,-0.002837212889250651,2002-2024
ES514,Tarragona,2017,tfr,1.4154631704632201,1.42,-0.004536829536779807,2002-2024
ES514,Tarragona,2017,mac,31.618019977508563,31.610000000000003,0.008019977508560316,2002-2024
ES514,Tarragona,2018,tfr,1.366752194831575,1.37,-0.003247805168425044,2002-2024
ES514,Tarragona,2018,mac,31.608120910485486,31.610000000000003,-0.001879089514517318,2002-2024
ES514,Tarragona,2019,tfr,1.369855571805073,1.37,-1.4442819492721526e-4,2002-2024
ES514,Tarragona,2019,mac,31.63599010772035,31.630000000000003,0.0059901077203470265,2002-2024
ES514,Tarragona,2020,tfr,1.2973029504296056,1.3,-0.0026970495703944053,2002-2024
ES514,Tarragona,2020,mac,31.653218746899952,31.650000000000002,0.0032187468999502755,2002-2024
ES514,Tarragona,2021,tfr,1.2859144125289717,1.29,-0.004085587471028385,2002-2024
ES514,Tarragona,2021,mac,32.01769573212274,32.02,-0.00230426787726401,2002-2024
ES514,Tarragona,2022,tfr,1.2606335692086685,1.26,6.335692086685274e-4,2002-2024
ES514,Tarragona,2022,mac,32.00510797522445,32.01,-0.0048920247755503965,2002-2024
ES514,Tarragona,2023,tfr,1.2137289870669505,1.21,0.003728987066950573,2002-2024
ES514,Tarragona,2023,mac,32.020770594501634,32.02,7.705945016311944e-4,2002-2024
ES514,Tarragona,2024,tfr,1.1846610187004594,1.1800000000000002,0.004661018700459207,2002-2024
ES514,Tarragona,2024,mac,32.19943003271947,32.2,-5.699672805334899e-4,2002-2024
ES521,Alicante/Alacant,1975,tfr,3.0853904591371406,3.09,-0.004609540862859252,1975-2001
ES521,Alicante/Alacant,1975,mac,28.768783789163184,28.77,-0.0012162108368158897,1975-2001
ES521,Alicante/Alacant,1976,tfr,3.1209966594332053,3.12,9.966594332051493e-4,1975-2001
ES521,Alicante/Alacant,1976,mac,28.529946880307563,28.53,-5.31196924384858e-5,1975-2001
ES521,Alicante/Alacant,1977,tfr,2.962229785545254,2.96,0.0022297855452539928,1975-2001
ES521,Alicante/Alacant,1977,mac,28.46463100262551,28.459999999999997,0.004631002625512082,1975-2001
ES521,Alicante/Alacant,1978,tfr,2.82964111502955,2.8299999999999996,-3.5888497044966883e-4,1975-2001
ES521,Alicante/Alacant,1978,mac,28.308780190248594,28.310000000000002,-0.0012198097514080075,1975-2001
ES521,Alicante/Alacant,1979,tfr,2.630959646023919,2.63,9.596460239191806e-4,1975-2001
ES521,Alicante/Alacant,1979,mac,28.307327586098808,28.310000000000002,-0.002672413901194659,1975-2001
ES521,Alicante/Alacant,1980,tfr,2.4621656181903115,2.46,0.00216561819031158,1975-2001
ES521,Alicante/Alacant,1980,mac,28.243160216925848,28.24,0.003160216925849113,1975-2001
ES521,Alicante/Alacant,1981,tfr,2.304072587406921,2.3,0.00407258740692118,1975-2001
ES521,Alicante/Alacant,1981,mac,28.251867295284647,28.25,0.0018672952846472413,1975-2001
ES521,Alicante/Alacant,1982,tfr,2.1261618821228336,2.13,-0.0038381178771662583,1975-2001
ES521,Alicante/Alacant,1982,mac,28.320047841182646,28.32,4.784118264566928e-5,1975-2001
ES521,Alicante/Alacant,1983,tfr,1.9410239036255523,1.94,0.0010239036255523803,1975-2001
ES521,Alicante/Alacant,1983,mac,28.3584830665132,28.36,-0.0015169334867977113,1975-2001
ES521,Alicante/Alacant,1984,tfr,1.837080448319221,1.84,-0.0029195516807791755,1975-2001
ES521,Alicante/Alacant,1984,mac,28.48560046127804,28.49,-0.004399538721958862,1975-2001
ES521,Alicante/Alacant,1985,tfr,1.743900425125708,1.74,0.0039004251257079847,1975-2001
ES521,Alicante/Alacant,1985,mac,28.506607076860252,28.51,-0.003392923139749371,1975-2001
ES521,Alicante/Alacant,1986,tfr,1.6885166254720418,1.6900000000000002,-0.0014833745279583255,1975-2001
ES521,Alicante/Alacant,1986,mac,28.607394280166954,28.610000000000003,-0.002605719833049136,1975-2001
ES521,Alicante/Alacant,1987,tfr,1.6163096069833185,1.62,-0.0036903930166816146,1975-2001
ES521,Alicante/Alacant,1987,mac,28.54646048183335,28.55,-0.003539518166650879,1975-2001
ES521,Alicante/Alacant,1988,tfr,1.6005959183579956,1.6,5.959183579955507e-4,1975-2001
ES521,Alicante/Alacant,1988,mac,28.55548042425971,28.56,-0.004519575740289383,1975-2001
ES521,Alicante/Alacant,1989,tfr,1.5185308232040975,1.52,-0.001469176795902527,1975-2001
ES521,Alicante/Alacant,1989,mac,28.747444281017508,28.75,-0.0025557189824922943,1975-2001
ES521,Alicante/Alacant,1990,tfr,1.504475613306977,1.5,0.004475613306976989,1975-2001
ES521,Alicante/Alacant,1990,mac,28.763379875597575,28.759999999999998,0.003379875597577353,1975-2001
ES521,Alicante/Alacant,1991,tfr,1.4502927327973782,1.45,2.927327973782923e-4,1975-2001
ES521,Alicante/Alacant,1991,mac,29.021954871713405,29.02,0.0019548717134050264,1975-2001
ES521,Alicante/Alacant,1992,tfr,1.3875947941898672,1.3900000000000001,-0.0024052058101329266,1975-2001
ES521,Alicante/Alacant,1992,mac,29.17429797271423,29.17,0.0042979727142267166,1975-2001
ES521,Alicante/Alacant,1993,tfr,1.3044985457113507,1.3,0.0044985457113506655,1975-2001
ES521,Alicante/Alacant,1993,mac,29.391403854174065,29.39,0.0014038541740646338,1975-2001
ES521,Alicante/Alacant,1994,tfr,1.2498762306137823,1.25,-1.2376938621772027e-4,1975-2001
ES521,Alicante/Alacant,1994,mac,29.599506676514775,29.6,-4.933234852266821e-4,1975-2001
ES521,Alicante/Alacant,1995,tfr,1.2116658121459458,1.21,0.0016658121459458552,1975-2001
ES521,Alicante/Alacant,1995,mac,29.824785747104666,29.830000000000002,-0.005214252895335392,1975-2001
ES521,Alicante/Alacant,1996,tfr,1.184348661452762,1.1800000000000002,0.004348661452761915,1975-2001
ES521,Alicante/Alacant,1996,mac,29.999281661576653,30,-7.183384233471202e-4,1975-2001
ES521,Alicante/Alacant,1997,tfr,1.1483618272621843,1.1500000000000001,-0.0016381727378158573,1975-2001
ES521,Alicante/Alacant,1997,mac,30.179961031499506,30.18,-3.8968500494007685e-5,1975-2001
ES521,Alicante/Alacant,1998,tfr,1.1626002233659594,1.1600000000000001,0.00260022336595922,1975-2001
ES521,Alicante/Alacant,1998,mac,30.384286384233512,30.38,0.004286384233513019,1975-2001
ES521,Alicante/Alacant,1999,tfr,1.2004457400914317,1.2,4.4574009143172333e-4,1975-2001
ES521,Alicante/Alacant,1999,mac,30.423028031725085,30.419999999999998,0.0030280317250870326,1975-2001
ES521,Alicante/Alacant,2000,tfr,1.2562629367678395,1.26,-0.003737063232160498,1975-2001
ES521,Alicante/Alacant,2000,mac,30.34502225610482,30.35,-0.0049777438951821296,1975-2001
ES521,Alicante/Alacant,2001,tfr,1.2991228713179612,1.3,-8.771286820388191e-4,1975-2001
ES521,Alicante/Alacant,2001,mac,30.395172426702246,30.39,0.005172426702245048,1975-2001
ES521,Alicante/Alacant,2002,tfr,1.320478125325721,1.32,4.781253257208906e-4,2002-2024
ES521,Alicante/Alacant,2002,mac,30.420591586346376,30.419999999999998,5.915863463776816e-4,2002-2024
ES521,Alicante/Alacant,2003,tfr,1.3693601028269393,1.37,-6.398971730607883e-4,2002-2024
ES521,Alicante/Alacant,2003,mac,30.373383551084785,30.38,-0.006616448915213624,2002-2024
ES521,Alicante/Alacant,2004,tfr,1.372729846097698,1.3800000000000001,-0.007270153902302123,2002-2024
ES521,Alicante/Alacant,2004,mac,30.431950025995455,30.43,0.0019500259954554622,2002-2024
ES521,Alicante/Alacant,2005,tfr,1.3789580661164524,1.3800000000000001,-0.0010419338835476744,2002-2024
ES521,Alicante/Alacant,2005,mac,30.438597360466368,30.439999999999998,-0.001402639533630179,2002-2024
ES521,Alicante/Alacant,2006,tfr,1.3996686418127608,1.4,-3.313581872390614e-4,2002-2024
ES521,Alicante/Alacant,2006,mac,30.536761993602028,30.54,-0.00323800639797156,2002-2024
ES521,Alicante/Alacant,2007,tfr,1.3945909251205661,1.3900000000000001,0.004590925120566025,2002-2024
ES521,Alicante/Alacant,2007,mac,30.332290139890468,30.34,-0.0077098601095322294,2002-2024
ES521,Alicante/Alacant,2008,tfr,1.4652511268582364,1.46,0.005251126858236477,2002-2024
ES521,Alicante/Alacant,2008,mac,30.448261635015694,30.45,-0.0017383649843054627,2002-2024
ES521,Alicante/Alacant,2009,tfr,1.3409867357049254,1.34,9.867357049253567e-4,2002-2024
ES521,Alicante/Alacant,2009,mac,30.64046388234912,30.64,4.638823491198707e-4,2002-2024
ES521,Alicante/Alacant,2010,tfr,1.3513729288461378,1.35,0.001372928846137711,2002-2024
ES521,Alicante/Alacant,2010,mac,30.771611215803464,30.77,0.0016112158034644608,2002-2024
ES521,Alicante/Alacant,2011,tfr,1.292847861979906,1.29,0.0028478619799059413,2002-2024
ES521,Alicante/Alacant,2011,mac,31.169005136482554,31.17,-9.948635174481524e-4,2002-2024
ES521,Alicante/Alacant,2012,tfr,1.2768431643572362,1.28,-0.003156835642763811,2002-2024
ES521,Alicante/Alacant,2012,mac,31.227473314176265,31.23,-0.002526685823735164,2002-2024
ES521,Alicante/Alacant,2013,tfr,1.2505564540425018,1.25,5.564540425018194e-4,2002-2024
ES521,Alicante/Alacant,2013,mac,31.170017844224276,31.17,1.7844224274199405e-5,2002-2024
ES521,Alicante/Alacant,2014,tfr,1.29364752579183,1.29,0.003647525791830031,2002-2024
ES521,Alicante/Alacant,2014,mac,31.416381617704108,31.419999999999998,-0.003618382295890399,2002-2024
ES521,Alicante/Alacant,2015,tfr,1.3209855199370282,1.32,9.85519937028112e-4,2002-2024
ES521,Alicante/Alacant,2015,mac,31.60221759169882,31.6,0.002217591698819632,2002-2024
ES521,Alicante/Alacant,2016,tfr,1.3017521215436696,1.3,0.0017521215436695492,2002-2024
ES521,Alicante/Alacant,2016,mac,31.648128244669596,31.650000000000002,-0.0018717553304057333,2002-2024
ES521,Alicante/Alacant,2017,tfr,1.3191818504116657,1.32,-8.181495883343715e-4,2002-2024
ES521,Alicante/Alacant,2017,mac,31.581324458927035,31.58,0.001324458927037142,2002-2024
ES521,Alicante/Alacant,2018,tfr,1.2556015064282522,1.26,-0.004398493571747819,2002-2024
ES521,Alicante/Alacant,2018,mac,31.812943363059876,31.810000000000002,0.0029433630598738603,2002-2024
ES521,Alicante/Alacant,2019,tfr,1.2553411267317205,1.26,-0.0046588732682795175,2002-2024
ES521,Alicante/Alacant,2019,mac,31.91506321644211,31.91,0.005063216442110274,2002-2024
ES521,Alicante/Alacant,2020,tfr,1.2067492424777486,1.21,-0.0032507575222513463,2002-2024
ES521,Alicante/Alacant,2020,mac,31.87538954233208,31.88,-0.004610457667919121,2002-2024
ES521,Alicante/Alacant,2021,tfr,1.216328240739388,1.22,-0.0036717592606119176,2002-2024
ES521,Alicante/Alacant,2021,mac,32.21439758898514,32.21,0.00439758898514242,2002-2024
ES521,Alicante/Alacant,2022,tfr,1.2008456623922914,1.2,8.456623922914464e-4,2002-2024
ES521,Alicante/Alacant,2022,mac,32.138127647939555,32.14,-0.001872352060445337,2002-2024
ES521,Alicante/Alacant,2023,tfr,1.1579894058329774,1.1600000000000001,-0.002010594167022761,2002-2024
ES521,Alicante/Alacant,2023,mac,32.14330861666482,32.14,0.003308616664817521,2002-2024
ES521,Alicante/Alacant,2024,tfr,1.1506736628590073,1.1500000000000001,6.736628590071625e-4,2002-2024
ES521,Alicante/Alacant,2024,mac,32.099129119589,32.1,-8.708804110000301e-4,2002-2024
ES522,Castellon/Castello,1975,tfr,2.6307833924930217,2.63,7.833924930218394e-4,1975-2001
ES522,Castellon/Castello,1975,mac,28.667764308837025,28.67,-0.0022356911629763943,1975-2001
ES522,Castellon/Castello,1976,tfr,2.744301266229318,2.74,0.004301266229317591,1975-2001
ES522,Castellon/Castello,1976,mac,28.310579944528772,28.310000000000002,5.799445287699712e-4,1975-2001
ES522,Castellon/Castello,1977,tfr,2.640120127232309,2.64,1.2012723230903077e-4,1975-2001
ES522,Castellon/Castello,1977,mac,28.408308808269556,28.41,-0.001691191730444075,1975-2001
ES522,Castellon/Castello,1978,tfr,2.5950577064811418,2.6,-0.004942293518858332,1975-2001
ES522,Castellon/Castello,1978,mac,28.18155565499756,28.18,0.001555654997559941,1975-2001
ES522,Castellon/Castello,1979,tfr,2.4860467290600483,2.4899999999999998,-0.003953270939951459,1975-2001
ES522,Castellon/Castello,1979,mac,28.044646871539207,28.04,0.004646871539208064,1975-2001
ES522,Castellon/Castello,1980,tfr,2.2845190514025955,2.2800000000000002,0.004519051402595231,1975-2001
ES522,Castellon/Castello,1980,mac,27.912496992569288,27.91,0.002496992569287926,1975-2001
ES522,Castellon/Castello,1981,tfr,2.0925878604405352,2.09,0.0025878604405353833,1975-2001
ES522,Castellon/Castello,1981,mac,27.953521623085702,27.95,0.0035216230857031405,1975-2001
ES522,Castellon/Castello,1982,tfr,1.952274234306793,1.95,0.002274234306792966,1975-2001
ES522,Castellon/Castello,1982,mac,28.011264562565525,28.01,0.0012645625655238746,1975-2001
ES522,Castellon/Castello,1983,tfr,1.7754262760275212,1.78,-0.004573723972478794,1975-2001
ES522,Castellon/Castello,1983,mac,28.013242491199474,28.01,0.003242491199472397,1975-2001
ES522,Castellon/Castello,1984,tfr,1.713923425030323,1.71,0.003923425030323058,1975-2001
ES522,Castellon/Castello,1984,mac,28.055647714262427,28.06,-0.004352285737571293,1975-2001
ES522,Castellon/Castello,1985,tfr,1.588430915583713,1.59,-0.0015690844162870032,1975-2001
ES522,Castellon/Castello,1985,mac,28.120754692819233,28.12,7.546928192319058e-4,1975-2001
ES522,Castellon/Castello,1986,tfr,1.5097295677130533,1.51,-2.7043228694667576e-4,1975-2001
ES522,Castellon/Castello,1986,mac,28.20328362786409,28.2,0.0032836278640893113,1975-2001
ES522,Castellon/Castello,1987,tfr,1.5192851362503306,1.52,-7.148637496694477e-4,1975-2001
ES522,Castellon/Castello,1987,mac,28.303269332583593,28.3,0.0032693325835921883,1975-2001
ES522,Castellon/Castello,1988,tfr,1.4108590852079348,1.41,8.590852079348732e-4,1975-2001
ES522,Castellon/Castello,1988,mac,28.294112341086187,28.29,0.004112341086187854,1975-2001
ES522,Castellon/Castello,1989,tfr,1.3740715033915263,1.37,0.004071503391526177,1975-2001
ES522,Castellon/Castello,1989,mac,28.3392879272012,28.34,-7.120727987981468e-4,1975-2001
ES522,Castellon/Castello,1990,tfr,1.3379741345998555,1.34,-0.0020258654001445997,1975-2001
ES522,Castellon/Castello,1990,mac,28.579330450427623,28.58,-6.695495723754163e-4,1975-2001
ES522,Castellon/Castello,1991,tfr,1.3237390967484384,1.32,0.0037390967484383086,1975-2001
ES522,Castellon/Castello,1991,mac,28.805639900209293,28.8,0.005639900209292392,1975-2001
ES522,Castellon/Castello,1992,tfr,1.287620181539451,1.29,-0.0023798184605490214,1975-2001
ES522,Castellon/Castello,1992,mac,28.923161436015317,28.919999999999998,0.003161436015318486,1975-2001
ES522,Castellon/Castello,1993,tfr,1.267965506979939,1.27,-0.00203449302006109,1975-2001
ES522,Castellon/Castello,1993,mac,29.214530772690274,29.21,0.004530772690273466,1975-2001
ES522,Castellon/Castello,1994,tfr,1.1949153990423371,1.2,-0.005084600957662833,1975-2001
ES522,Castellon/Castello,1994,mac,29.55676071940373,29.56,-0.0032392805962686566,1975-2001
ES522,Castellon/Castello,1995,tfr,1.2016839420949692,1.2,0.0016839420949692485,1975-2001
ES522,Castellon/Castello,1995,mac,29.742547352946115,29.74,0.002547352946116632,1975-2001
ES522,Castellon/Castello,1996,tfr,1.1725838677768008,1.1700000000000002,0.0025838677768006413,1975-2001
ES522,Castellon/Castello,1996,mac,29.87858709049693,29.88,-0.0014129095030703809,1975-2001
ES522,Castellon/Castello,1997,tfr,1.181671366632639,1.1800000000000002,0.0016713666326388932,1975-2001
ES522,Castellon/Castello,1997,mac,30.12307054362794,30.12,0.003070543627938349,1975-2001
ES522,Castellon/Castello,1998,tfr,1.1668872660946115,1.1700000000000002,-0.003112733905388687,1975-2001
ES522,Castellon/Castello,1998,mac,30.276748427454216,30.279999999999998,-0.003251572545782011,1975-2001
ES522,Castellon/Castello,1999,tfr,1.20482863838668,1.2,0.0048286383866800175,1975-2001
ES522,Castellon/Castello,1999,mac,30.382004729859474,30.38,0.002004729859475418,1975-2001
ES522,Castellon/Castello,2000,tfr,1.2227354894583784,1.22,0.002735489458378426,1975-2001
ES522,Castellon/Castello,2000,mac,30.338761117823918,30.34,-0.0012388821760822566,1975-2001
ES522,Castellon/Castello,2001,tfr,1.2930214844790904,1.3,-0.006978515520909667,1975-2001
ES522,Castellon/Castello,2001,mac,30.3502206738508,30.34,0.0102206738507995,1975-2001
ES522,Castellon/Castello,2002,tfr,1.3637004228593166,1.36,0.003700422859316488,2002-2024
ES522,Castellon/Castello,2002,mac,30.348172496724025,30.35,-0.001827503275976028,2002-2024
ES522,Castellon/Castello,2003,tfr,1.3617485120427508,1.36,0.0017485120427507272,2002-2024
ES522,Castellon/Castello,2003,mac,30.423881122085852,30.43,-0.006118877914147447,2002-2024
ES522,Castellon/Castello,2004,tfr,1.335737396743144,1.34,-0.004262603256856012,2002-2024
ES522,Castellon/Castello,2004,mac,30.343491987852847,30.34,0.0034919878528469894,2002-2024
ES522,Castellon/Castello,2005,tfr,1.3768480244726595,1.3800000000000001,-0.003151975527340589,2002-2024
ES522,Castellon/Castello,2005,mac,30.306472205758407,30.310000000000002,-0.003527794241595217,2002-2024
ES522,Castellon/Castello,2006,tfr,1.4853182239885696,1.49,-0.004681776011430383,2002-2024
ES522,Castellon/Castello,2006,mac,30.314786662180296,30.310000000000002,0.004786662180293888,2002-2024
ES522,Castellon/Castello,2007,tfr,1.439882402287065,1.44,-1.1759771293484711e-4,2002-2024
ES522,Castellon/Castello,2007,mac,30.196739098056597,30.2,-0.003260901943402672,2002-2024
ES522,Castellon/Castello,2008,tfr,1.5393250867697146,1.54,-6.749132302854566e-4,2002-2024
ES522,Castellon/Castello,2008,mac,30.044873476295614,30.04,0.0048734762956144095,2002-2024
ES522,Castellon/Castello,2009,tfr,1.4031015737241364,1.4,0.0031015737241364416,2002-2024
ES522,Castellon/Castello,2009,mac,30.571531727779174,30.58,-0.008468272220824247,2002-2024
ES522,Castellon/Castello,2010,tfr,1.3777464698734567,1.3800000000000001,-0.0022535301265433905,2002-2024
ES522,Castellon/Castello,2010,mac,30.638517247801502,30.64,-0.0014827521984983605,2002-2024
ES522,Castellon/Castello,2011,tfr,1.3572719950907766,1.36,-0.002728004909223536,2002-2024
ES522,Castellon/Castello,2011,mac,30.933557706693907,30.93,0.0035577066939076474,2002-2024
ES522,Castellon/Castello,2012,tfr,1.33191053264907,1.33,0.0019105326490698182,2002-2024
ES522,Castellon/Castello,2012,mac,31.216067898861937,31.22,-0.003932101138062194,2002-2024
ES522,Castellon/Castello,2013,tfr,1.3058789160076778,1.31,-0.00412108399232225,2002-2024
ES522,Castellon/Castello,2013,mac,31.464341590168427,31.459999999999997,0.004341590168429832,2002-2024
ES522,Castellon/Castello,2014,tfr,1.3394902658877874,1.34,-5.097341122126675e-4,2002-2024
ES522,Castellon/Castello,2014,mac,31.482578804954024,31.479999999999997,0.0025788049540267366,2002-2024
ES522,Castellon/Castello,2015,tfr,1.3136497887451857,1.31,0.0036497887451856226,2002-2024
ES522,Castellon/Castello,2015,mac,31.774230176795097,31.77,0.004230176795097407,2002-2024
ES522,Castellon/Castello,2016,tfr,1.3662362971471587,1.37,-0.003763702852841444,2002-2024
ES522,Castellon/Castello,2016,mac,31.880175370099344,31.88,1.753700993454288e-4,2002-2024
ES522,Castellon/Castello,2017,tfr,1.3283763443924674,1.33,-0.001623655607532637,2002-2024
ES522,Castellon/Castello,2017,mac,31.832276002382333,31.830000000000002,0.002276002382330944,2002-2024
ES522,Castellon/Castello,2018,tfr,1.2932566360970472,1.3,-0.006743363902952826,2002-2024
ES522,Castellon/Castello,2018,mac,32.210100749801185,32.21,1.007498011844632e-4,2002-2024
ES522,Castellon/Castello,2019,tfr,1.2809894690575274,1.28,9.894690575273923e-4,2002-2024
ES522,Castellon/Castello,2019,mac,32.136110692003335,32.14,-0.0038893079966655364,2002-2024
ES522,Castellon/Castello,2020,tfr,1.2177403961247246,1.22,-0.002259603875275351,2002-2024
ES522,Castellon/Castello,2020,mac,32.20978998144302,32.21,-2.1001855697733163e-4,2002-2024
ES522,Castellon/Castello,2021,tfr,1.2056261145658715,1.21,-0.004373885434128422,2002-2024
ES522,Castellon/Castello,2021,mac,32.36671657153919,32.37,-0.0032834284608043163,2002-2024
ES522,Castellon/Castello,2022,tfr,1.2362603257219047,1.24,-0.003739674278095295,2002-2024
ES522,Castellon/Castello,2022,mac,32.365041148082575,32.37,-0.00495885191742218,2002-2024
ES522,Castellon/Castello,2023,tfr,1.2294320108606172,1.23,-5.679891393828296e-4,2002-2024
ES522,Castellon/Castello,2023,mac,32.14658652722616,32.15,-0.0034134727738361903,2002-2024
ES522,Castellon/Castello,2024,tfr,1.1959990310894224,1.2,-0.0040009689105775514,2002-2024
ES522,Castellon/Castello,2024,mac,32.435551190697225,32.44,-0.004448809302772361,2002-2024
ES523,Valencia/Valencia,1975,tfr,2.876279642770603,2.88,-0.003720357229396676,1975-2001
ES523,Valencia/Valencia,1975,mac,28.835687726851038,28.84,-0.004312273148961765,1975-2001
ES523,Valencia/Valencia,1976,tfr,2.8813734780941855,2.88,0.0013734780941856428,1975-2001
ES523,Valencia/Valencia,1976,mac,28.539045759699338,28.54,-9.542403006612687e-4,1975-2001
ES523,Valencia/Valencia,1977,tfr,2.825458798558259,2.8299999999999996,-0.00454120144174075,1975-2001
ES523,Valencia/Valencia,1977,mac,28.45103232191099,28.45,0.0010323219109906745,1975-2001
ES523,Valencia/Valencia,1978,tfr,2.684174750800765,2.68,0.004174750800765015,1975-2001
ES523,Valencia/Valencia,1978,mac,28.31208536572581,28.310000000000002,0.002085365725807975,1975-2001
ES523,Valencia/Valencia,1979,tfr,2.502997646699587,2.5,0.002997646699586909,1975-2001
ES523,Valencia/Valencia,1979,mac,28.254404777225396,28.25,0.004404777225396117,1975-2001
ES523,Valencia/Valencia,1980,tfr,2.2758876418081875,2.2800000000000002,-0.0041123581918127705,1975-2001
ES523,Valencia/Valencia,1980,mac,28.243338306287352,28.24,0.003338306287353987,1975-2001
ES523,Valencia/Valencia,1981,tfr,2.07557999948053,2.07,0.00557999948053034,1975-2001
ES523,Valencia/Valencia,1981,mac,28.268393136488694,28.27,-0.0016068635113057894,1975-2001
ES523,Valencia/Valencia,1982,tfr,1.9370383245229406,1.94,-0.002961675477059389,1975-2001
ES523,Valencia/Valencia,1982,mac,28.391842212266074,28.39,0.0018422122660730622,1975-2001
ES523,Valencia/Valencia,1983,tfr,1.7477952318304393,1.75,-0.0022047681695607224,1975-2001
ES523,Valencia/Valencia,1983,mac,28.486732017162165,28.49,-0.003267982837833472,1975-2001
ES523,Valencia/Valencia,1984,tfr,1.6768030361936546,1.6800000000000002,-0.0031969638063455985,1975-2001
ES523,Valencia/Valencia,1984,mac,28.50394454677906,28.5,0.003944546779059976,1975-2001
ES523,Valencia/Valencia,1985,tfr,1.5634088599277727,1.56,0.003408859927772623,1975-2001
ES523,Valencia/Valencia,1985,mac,28.571683485349485,28.57,0.0016834853494849256,1975-2001
ES523,Valencia/Valencia,1986,tfr,1.4795108524971594,1.48,-4.891475028405701e-4,1975-2001
ES523,Valencia/Valencia,1986,mac,28.664236050771205,28.66,0.004236050771204702,1975-2001
ES523,Valencia/Valencia,1987,tfr,1.3941609093503482,1.3900000000000001,0.004160909350348074,1975-2001
ES523,Valencia/Valencia,1987,mac,28.802303825028364,28.8,0.002303825028363349,1975-2001
ES523,Valencia/Valencia,1988,tfr,1.3634623795431253,1.36,0.003462379543125227,1975-2001
ES523,Valencia/Valencia,1988,mac,28.7591674797642,28.759999999999998,-8.325202357966077e-4,1975-2001
ES523,Valencia/Valencia,1989,tfr,1.315546385447942,1.32,-0.004453614552058172,1975-2001
ES523,Valencia/Valencia,1989,mac,28.895849105763524,28.9,-0.004150894236474301,1975-2001
ES523,Valencia/Valencia,1990,tfr,1.3039828318295543,1.3,0.003982831829554279,1975-2001
ES523,Valencia/Valencia,1990,mac,29.058348616392863,29.06,-0.0016513836071361254,1975-2001
ES523,Valencia/Valencia,1991,tfr,1.2712834779307245,1.27,0.0012834779307244748,1975-2001
ES523,Valencia/Valencia,1991,mac,29.194323982420013,29.19,0.0043239824200114185,1975-2001
ES523,Valencia/Valencia,1992,tfr,1.2798364240345834,1.28,-1.635759654166069e-4,1975-2001
ES523,Valencia/Valencia,1992,mac,29.48859285020279,29.49,-0.0014071497972096836,1975-2001
ES523,Valencia/Valencia,1993,tfr,1.2379249367332406,1.24,-0.002075063266759436,1975-2001
ES523,Valencia/Valencia,1993,mac,29.753328065966368,29.75,0.0033280659663681433,1975-2001
ES523,Valencia/Valencia,1994,tfr,1.1554758777501046,1.1600000000000001,-0.0045241222498955125,1975-2001
ES523,Valencia/Valencia,1994,mac,29.904886832737848,29.9,0.004886832737849289,1975-2001
ES523,Valencia/Valencia,1995,tfr,1.127987936552602,1.1300000000000001,-0.002012063447398127,1975-2001
ES523,Valencia/Valencia,1995,mac,30.20981157113526,30.21,-1.8842886474246257e-4,1975-2001
ES523,Valencia/Valencia,1996,tfr,1.114444176690486,1.11,0.004444176690485913,1975-2001
ES523,Valencia/Valencia,1996,mac,30.407402457030845,30.41,-0.0025975429691555973,1975-2001
ES523,Valencia/Valencia,1997,tfr,1.1231595771324037,1.12,0.003159577132403557,1975-2001
ES523,Valencia/Valencia,1997,mac,30.659389127866778,30.66,-6.108721332225286e-4,1975-2001
ES523,Valencia/Valencia,1998,tfr,1.1000488530759727,1.1,4.885307597257693e-5,1975-2001
ES523,Valencia/Valencia,1998,mac,30.825548307837746,30.830000000000002,-0.004451692162255938,1975-2001
ES523,Valencia/Valencia,1999,tfr,1.1521477171397356,1.1500000000000001,0.0021477171397354944,1975-2001
ES523,Valencia/Valencia,1999,mac,30.9196690250553,30.919999999999998,-3.3097494469913613e-4,1975-2001
ES523,Valencia/Valencia,2000,tfr,1.2036702072196677,1.2,0.0036702072196677094,1975-2001
ES523,Valencia/Valencia,2000,mac,30.980809581116326,30.979999999999997,8.095811163286726e-4,1975-2001
ES523,Valencia/Valencia,2001,tfr,1.224444468288977,1.23,-0.005555531711022965,1975-2001
ES523,Valencia/Valencia,2001,mac,30.97732535924113,30.97,0.007325359241132645,1975-2001
ES523,Valencia/Valencia,2002,tfr,1.2461743744508176,1.25,-0.003825625549182421,2002-2024
ES523,Valencia/Valencia,2002,mac,31.02124472622344,31.02,0.0012447262234402956,2002-2024
ES523,Valencia/Valencia,2003,tfr,1.3089978753487617,1.31,-0.0010021246512383897,2002-2024
ES523,Valencia/Valencia,2003,mac,30.949060779449745,30.95,-9.39220550254305e-4,2002-2024
ES523,Valencia/Valencia,2004,tfr,1.3308444434122406,1.33,8.444434122405475e-4,2002-2024
ES523,Valencia/Valencia,2004,mac,31.02627719217616,31.02,0.0062771921761601845,2002-2024
ES523,Valencia/Valencia,2005,tfr,1.3523685725777144,1.35,0.0023685725777142785,2002-2024
ES523,Valencia/Valencia,2005,mac,31.006233077516608,31.01,-0.0037669224833933868,2002-2024
ES523,Valencia/Valencia,2006,tfr,1.3666826341715466,1.37,-0.0033173658284535446,2002-2024
ES523,Valencia/Valencia,2006,mac,31.055199070784877,31.05,0.005199070784875914,2002-2024
ES523,Valencia/Valencia,2007,tfr,1.4236352753486483,1.42,0.0036352753486483813,2002-2024
ES523,Valencia/Valencia,2007,mac,30.947238096636127,30.95,-0.0027619033638721646,2002-2024
ES523,Valencia/Valencia,2008,tfr,1.4661808241522303,1.46,0.006180824152230313,2002-2024
ES523,Valencia/Valencia,2008,mac,30.942766781373816,30.95,-0.007233218626183202,2002-2024
ES523,Valencia/Valencia,2009,tfr,1.3647336003853583,1.36,0.004733600385358194,2002-2024
ES523,Valencia/Valencia,2009,mac,31.178091753846545,31.18,-0.0019082461534551953,2002-2024
ES523,Valencia/Valencia,2010,tfr,1.3691180672308005,1.37,-8.819327691995671e-4,2002-2024
ES523,Valencia/Valencia,2010,mac,31.384307306334552,31.38,0.004307306334553118,2002-2024
ES523,Valencia/Valencia,2011,tfr,1.3375598903369035,1.34,-0.0024401096630966013,2002-2024
ES523,Valencia/Valencia,2011,mac,31.57872740043265,31.58,-0.0012725995673470436,2002-2024
ES523,Valencia/Valencia,2012,tfr,1.3214105042272095,1.32,0.0014105042272094526,2002-2024
ES523,Valencia/Valencia,2012,mac,31.721315810874298,31.72,0.001315810874299217,2002-2024
ES523,Valencia/Valencia,2013,tfr,1.2508983125948512,1.25,8.983125948511805e-4,2002-2024
ES523,Valencia/Valencia,2013,mac,31.85898363457941,31.86,-0.0010163654205896933,2002-2024
ES523,Valencia/Valencia,2014,tfr,1.3053663517712857,1.31,-0.004633648228714371,2002-2024
ES523,Valencia/Valencia,2014,mac,31.88385899926944,31.88,0.003858999269439778,2002-2024
ES523,Valencia/Valencia,2015,tfr,1.3111446274832583,1.31,0.001144627483258276,2002-2024
ES523,Valencia/Valencia,2015,mac,32.13020671077406,32.13,2.0671077405864935e-4,2002-2024
ES523,Valencia/Valencia,2016,tfr,1.3066191351061665,1.31,-0.0033808648938336017,2002-2024
ES523,Valencia/Valencia,2016,mac,32.158742974359676,32.160000000000004,-0.0012570256403279245,2002-2024
ES523,Valencia/Valencia,2017,tfr,1.2639305194144963,1.27,-0.006069480585503717,2002-2024
ES523,Valencia/Valencia,2017,mac,32.321394540566345,32.32,0.001394540566344915,2002-2024
ES523,Valencia/Valencia,2018,tfr,1.2157108765941442,1.22,-0.004289123405855744,2002-2024
ES523,Valencia/Valencia,2018,mac,32.36179119504611,32.36,0.0017911950461098058,2002-2024
ES523,Valencia/Valencia,2019,tfr,1.2034949054888386,1.2,0.0034949054888386843,2002-2024
ES523,Valencia/Valencia,2019,mac,32.396530826014065,32.4,-0.0034691739859340487,2002-2024
ES523,Valencia/Valencia,2020,tfr,1.1771727932015146,1.1800000000000002,-0.002827206798485582,2002-2024
ES523,Valencia/Valencia,2020,mac,32.46420533672738,32.47,-0.005794663272617129,2002-2024
ES523,Valencia/Valencia,2021,tfr,1.18387422843775,1.1800000000000002,0.0038742284377497604,2002-2024
ES523,Valencia/Valencia,2021,mac,32.74971974427063,32.75,-2.8025572937195875e-4,2002-2024
ES523,Valencia/Valencia,2022,tfr,1.1724846984057795,1.1700000000000002,0.002484698405779362,2002-2024
ES523,Valencia/Valencia,2022,mac,32.67862291691704,32.68,-0.0013770830829571423,2002-2024
ES523,Valencia/Valencia,2023,tfr,1.1402779563792498,1.1400000000000001,2.7795637924965533e-4,2002-2024
ES523,Valencia/Valencia,2023,mac,32.71851669810008,32.720000000000006,-0.0014833018999240721,2002-2024
ES523,Valencia/Valencia,2024,tfr,1.1146921868172768,1.11,0.004692186817276678,2002-2024
ES523,Valencia/Valencia,2024,mac,32.634897347189714,32.63,0.004897347189711354,2002-2024
ES532,"Balears, Illes",1975,tfr,2.8510242642500243,2.8499999999999996,0.0010242642500246646,1975-2001
ES532,"Balears, Illes",1975,mac,28.090966998665603,28.09,9.66998665603569e-4,1975-2001
ES532,"Balears, Illes",1976,tfr,2.7847258889182904,2.79,-0.005274111081709609,1975-2001
ES532,"Balears, Illes",1976,mac,27.839304294134447,27.84,-6.957058655530091e-4,1975-2001
ES532,"Balears, Illes",1977,tfr,2.5257854656371035,2.53,-0.004214534362896316,1975-2001
ES532,"Balears, Illes",1977,mac,27.819907421563,27.82,-9.257843700183344e-5,1975-2001
ES532,"Balears, Illes",1978,tfr,2.367925860221739,2.3699999999999997,-0.002074139778260875,1975-2001
ES532,"Balears, Illes",1978,mac,27.824844444890708,27.830000000000002,-0.005155555109293886,1975-2001
ES532,"Balears, Illes",1979,tfr,2.322586269453667,2.32,0.002586269453667356,1975-2001
ES532,"Balears, Illes",1979,mac,27.729537020403498,27.73,-4.62979596502322e-4,1975-2001
ES532,"Balears, Illes",1980,tfr,2.1947012264580916,2.19,0.0047012264580916785,1975-2001
ES532,"Balears, Illes",1980,mac,27.637969211686084,27.64,-0.002030788313916787,1975-2001
ES532,"Balears, Illes",1981,tfr,2.0431630782473973,2.04,0.003163078247397255,1975-2001
ES532,"Balears, Illes",1981,mac,27.632256496995517,27.630000000000003,0.0022564969955141123,1975-2001
ES532,"Balears, Illes",1982,tfr,1.971966119438319,1.97,0.001966119438318925,1975-2001
ES532,"Balears, Illes",1982,mac,27.914854602946807,27.91,0.004854602946807063,1975-2001
ES532,"Balears, Illes",1983,tfr,1.8949722392339048,1.9,-0.005027760766095124,1975-2001
ES532,"Balears, Illes",1983,mac,27.99394089557045,27.99,0.00394089557045163,1975-2001
ES532,"Balears, Illes",1984,tfr,1.843247035406535,1.84,0.003247035406534815,1975-2001
ES532,"Balears, Illes",1984,mac,28.105152536586544,28.110000000000003,-0.0048474634134585415,1975-2001
ES532,"Balears, Illes",1985,tfr,1.8258076860128196,1.83,-0.0041923139871804516,1975-2001
ES532,"Balears, Illes",1985,mac,28.147025507328852,28.150000000000002,-0.0029744926711501307,1975-2001
ES532,"Balears, Illes",1986,tfr,1.746102816774169,1.75,-0.0038971832258309913,1975-2001
ES532,"Balears, Illes",1986,mac,28.35840111649139,28.36,-0.0015988835086098163,1975-2001
ES532,"Balears, Illes",1987,tfr,1.6797179578798074,1.6800000000000002,-2.820421201927825e-4,1975-2001
ES532,"Balears, Illes",1987,mac,28.254304849502248,28.259999999999998,-0.00569515049775049,1975-2001
ES532,"Balears, Illes",1988,tfr,1.6721811738016263,1.6700000000000002,0.0021811738016261906,1975-2001
ES532,"Balears, Illes",1988,mac,28.373459305660194,28.37,0.003459305660193479,1975-2001
ES532,"Balears, Illes",1989,tfr,1.662302622853378,1.6600000000000001,0.0023026228533777893,1975-2001
ES532,"Balears, Illes",1989,mac,28.36114314435052,28.36,0.001143144350521652,1975-2001
ES532,"Balears, Illes",1990,tfr,1.6212899088644621,1.62,0.0012899088644620083,1975-2001
ES532,"Balears, Illes",1990,mac,28.475211430191344,28.479999999999997,-0.004788569808653165,1975-2001
ES532,"Balears, Illes",1991,tfr,1.5526316525844333,1.55,0.0026316525844332084,1975-2001
ES532,"Balears, Illes",1991,mac,28.86636746488086,28.86,0.006367464880860041,1975-2001
ES532,"Balears, Illes",1992,tfr,1.4915643720155076,1.49,0.0015643720155076313,1975-2001
ES532,"Balears, Illes",1992,mac,29.097637024415075,29.1,-0.0023629755849263745,1975-2001
ES532,"Balears, Illes",1993,tfr,1.3493808689581717,1.35,-6.191310418284246e-4,1975-2001
ES532,"Balears, Illes",1993,mac,29.23429270936099,29.23,0.004292709360989022,1975-2001
ES532,"Balears, Illes",1994,tfr,1.2807398387913247,1.28,7.398387913246651e-4,1975-2001
ES532,"Balears, Illes",1994,mac,29.65324606639038,29.650000000000002,0.003246066390378388,1975-2001
ES532,"Balears, Illes",1995,tfr,1.2540191503711149,1.25,0.004019150371114888,1975-2001
ES532,"Balears, Illes",1995,mac,29.7782627183627,29.779999999999998,-0.0017372816372969169,1975-2001
ES532,"Balears, Illes",1996,tfr,1.2342428972599764,1.23,0.004242897259976397,1975-2001
ES532,"Balears, Illes",1996,mac,30.02387562337483,30.02,0.003875623374831605,1975-2001
ES532,"Balears, Illes",1997,tfr,1.2615184020561365,1.26,0.0015184020561365141,1975-2001
ES532,"Balears, Illes",1997,mac,30.119956637945158,30.12,-4.336205484278821e-5,1975-2001
ES532,"Balears, Illes",1998,tfr,1.2521130188006877,1.25,0.002113018800687705,1975-2001
ES532,"Balears, Illes",1998,mac,30.266816219143003,30.27,-0.0031837808569967763,1975-2001
ES532,"Balears, Illes",1999,tfr,1.3020517971068266,1.3,0.0020517971068265695,1975-2001
ES532,"Balears, Illes",1999,mac,30.240946051028534,30.24,9.460510285350665e-4,1975-2001
ES532,"Balears, Illes",2000,tfr,1.368870560379708,1.37,-0.0011294396202921053,1975-2001
ES532,"Balears, Illes",2000,mac,30.27995096549823,30.279999999999998,-4.9034501767408756e-5,1975-2001
ES532,"Balears, Illes",2001,tfr,1.3982212715381408,1.4,-0.0017787284618591137,1975-2001
ES532,"Balears, Illes",2001,mac,30.14232768592781,30.14,0.0023276859278098527,1975-2001
ES532,"Balears, Illes",2002,tfr,1.4254868831096867,1.42,0.005486883109686813,2002-2024
ES532,"Balears, Illes",2002,mac,30.264076301280976,30.27,-0.005923698719023207,2002-2024
ES532,"Balears, Illes",2003,tfr,1.393018052145068,1.3900000000000001,0.0030180521450677844,2002-2024
ES532,"Balears, Illes",2003,mac,30.34278951115424,30.34,0.0027895111542406426,2002-2024
ES532,"Balears, Illes",2004,tfr,1.3679800413892913,1.37,-0.0020199586107088052,2002-2024
ES532,"Balears, Illes",2004,mac,30.40092300833586,30.4,9.230083358602315e-4,2002-2024
ES532,"Balears, Illes",2005,tfr,1.3493293313696666,1.35,-6.70668630333493e-4,2002-2024
ES532,"Balears, Illes",2005,mac,30.405975158187953,30.41,-0.0040248418120469864,2002-2024
ES532,"Balears, Illes",2006,tfr,1.3983427161326067,1.4,-0.0016572838673931667,2002-2024
ES532,"Balears, Illes",2006,mac,30.465692789665955,30.459999999999997,0.005692789665957321,2002-2024
ES532,"Balears, Illes",2007,tfr,1.386742828244409,1.3800000000000001,0.0067428282444088605,2002-2024
ES532,"Balears, Illes",2007,mac,30.45860892226366,30.459999999999997,-0.001391077736336399,2002-2024
ES532,"Balears, Illes",2008,tfr,1.440234179417982,1.44,2.341794179820944e-4,2002-2024
ES532,"Balears, Illes",2008,mac,30.42130834864379,30.419999999999998,0.0013083486437928116,2002-2024
ES532,"Balears, Illes",2009,tfr,1.3579232291789705,1.35,0.00792322917897037,2002-2024
ES532,"Balears, Illes",2009,mac,30.543130411266517,30.55,-0.006869588733483312,2002-2024
ES532,"Balears, Illes",2010,tfr,1.3485889163567015,1.35,-0.0014110836432985607,2002-2024
ES532,"Balears, Illes",2010,mac,30.783849116356038,30.779999999999998,0.0038491163560401276,2002-2024
ES532,"Balears, Illes",2011,tfr,1.2734189241793292,1.27,0.003418924179329208,2002-2024
ES532,"Balears, Illes",2011,mac,31.038936093619917,31.04,-0.0010639063800823578,2002-2024
ES532,"Balears, Illes",2012,tfr,1.2565079259484193,1.26,-0.003492074051580696,2002-2024
ES532,"Balears, Illes",2012,mac,31.211317401787007,31.21,0.0013174017870056787,2002-2024
ES532,"Balears, Illes",2013,tfr,1.2278982689195368,1.23,-0.0021017310804631872,2002-2024
ES532,"Balears, Illes",2013,mac,31.124591851603903,31.12,0.004591851603901631,2002-2024
ES532,"Balears, Illes",2014,tfr,1.2532044938482778,1.25,0.003204493848277812,2002-2024
ES532,"Balears, Illes",2014,mac,31.506045779382585,31.51,-0.0039542206174161265,2002-2024
ES532,"Balears, Illes",2015,tfr,1.2595915434447802,1.26,-4.0845655521981605e-4,2002-2024
ES532,"Balears, Illes",2015,mac,31.633120076212197,31.630000000000003,0.003120076212194789,2002-2024
ES532,"Balears, Illes",2016,tfr,1.2815922401513824,1.28,0.0015922401513823736,2002-2024
ES532,"Balears, Illes",2016,mac,31.578485766656197,31.58,-0.0015142333438014077,2002-2024
ES532,"Balears, Illes",2017,tfr,1.2494456366058806,1.25,-5.543633941194059e-4,2002-2024
ES532,"Balears, Illes",2017,mac,31.714525370418553,31.71,0.004525370418551944,2002-2024
ES532,"Balears, Illes",2018,tfr,1.2466473927452155,1.25,-0.0033526072547844787,2002-2024
ES532,"Balears, Illes",2018,mac,31.87922638856386,31.88,-7.736114361378554e-4,2002-2024
ES532,"Balears, Illes",2019,tfr,1.173546019647345,1.1800000000000002,-0.006453980352655098,2002-2024
ES532,"Balears, Illes",2019,mac,31.799758590884544,31.8,-2.4140911545700305e-4,2002-2024
ES532,"Balears, Illes",2020,tfr,1.1471880652183541,1.1500000000000001,-0.002811934781645986,2002-2024
ES532,"Balears, Illes",2020,mac,31.911151230984913,31.91,0.0011512309849130986,2002-2024
ES532,"Balears, Illes",2021,tfr,1.1606438115218558,1.1600000000000001,6.438115218556639e-4,2002-2024
ES532,"Balears, Illes",2021,mac,32.400833313159964,32.4,8.333131599655985e-4,2002-2024
ES532,"Balears, Illes",2022,tfr,1.105593978931501,1.11,-0.0044060210684990775,2002-2024
ES532,"Balears, Illes",2022,mac,32.49803063499116,32.5,-0.0019693650088399295,2002-2024
ES532,"Balears, Illes",2023,tfr,1.0506527608744642,1.05,6.527608744641977e-4,2002-2024
ES532,"Balears, Illes",2023,mac,32.34222210653691,32.339999999999996,0.0022221065369123494,2002-2024
ES532,"Balears, Illes",2024,tfr,1.079362079002251,1.08,-6.379209977491751e-4,2002-2024
ES532,"Balears, Illes",2024,mac,32.176120964634954,32.18,-0.0038790353650455245,2002-2024
ES611,Almeria,1975,tfr,2.984973662261024,2.98,0.0049736622610239145,1975-2001
ES611,Almeria,1975,mac,28.499881953931304,28.5,-1.1804606869603163e-4,1975-2001
ES611,Almeria,1976,tfr,3.1269205147967947,3.13,-0.0030794852032052233,1975-2001
ES611,Almeria,1976,mac,28.302940019993635,28.3,0.0029400199936340243,1975-2001
ES611,Almeria,1977,tfr,2.9826959369246415,2.98,0.00269593692464154,1975-2001
ES611,Almeria,1977,mac,28.10008718575212,28.1,8.718575211830171e-5,1975-2001
ES611,Almeria,1978,tfr,2.9325951881170877,2.9299999999999997,0.002595188117088032,1975-2001
ES611,Almeria,1978,mac,27.9125391970223,27.91,0.0025391970223012095,1975-2001
ES611,Almeria,1979,tfr,2.8421719272082866,2.84,0.002171927208286739,1975-2001
ES611,Almeria,1979,mac,27.665781310917964,27.66,0.005781310917964078,1975-2001
ES611,Almeria,1980,tfr,2.7629544700010173,2.7600000000000002,0.0029544700010171177,1975-2001
ES611,Almeria,1980,mac,27.557780577940864,27.56,-0.0022194220591345015,1975-2001
ES611,Almeria,1981,tfr,2.631454750343371,2.64,-0.00854524965662895,1975-2001
ES611,Almeria,1981,mac,27.940877926907728,27.939999999999998,8.779269077301421e-4,1975-2001
ES611,Almeria,1982,tfr,2.4732577546483716,2.4699999999999998,0.003257754648371858,1975-2001
ES611,Almeria,1982,mac,27.899526264160407,27.9,-4.7373583959142707e-4,1975-2001
ES611,Almeria,1983,tfr,2.3868626945342126,2.3899999999999997,-0.0031373054657870547,1975-2001
ES611,Almeria,1983,mac,28.097642458292395,28.1,-0.002357541707606714,1975-2001
ES611,Almeria,1984,tfr,2.2250670023924912,2.22,0.005067002392491027,1975-2001
ES611,Almeria,1984,mac,27.95498885391917,27.959999999999997,-0.0050111460808288655,1975-2001
ES611,Almeria,1985,tfr,2.0790180658624102,2.08,-9.81934137589846e-4,1975-2001
ES611,Almeria,1985,mac,28.12814149589144,28.130000000000003,-0.0018585041085614762,1975-2001
ES611,Almeria,1986,tfr,1.9731170716584532,1.97,0.0031170716584532077,1975-2001
ES611,Almeria,1986,mac,28.1862419976328,28.19,-0.0037580023672028062,1975-2001
ES611,Almeria,1987,tfr,1.960609019933431,1.96,6.090199334309876e-4,1975-2001
ES611,Almeria,1987,mac,28.13845638378182,28.14,-0.001543616218182109,1975-2001
ES611,Almeria,1988,tfr,1.9070320809794652,1.91,-0.002967919020534726,1975-2001
ES611,Almeria,1988,mac,27.99955555165572,28,-4.444483442789249e-4,1975-2001
ES611,Almeria,1989,tfr,1.8145294837221155,1.81,0.004529483722115479,1975-2001
ES611,Almeria,1989,mac,28.10062478390966,28.1,6.247839096573671e-4,1975-2001
ES611,Almeria,1990,tfr,1.816999887325672,1.82,-0.0030001126743279816,1975-2001
ES611,Almeria,1990,mac,28.00797069642938,28.01,-0.002029303570623142,1975-2001
ES611,Almeria,1991,tfr,1.6939603323531442,1.7,-0.0060396676468557065,1975-2001
ES611,Almeria,1991,mac,28.286143533037695,28.29,-0.003856466962304239,1975-2001
ES611,Almeria,1992,tfr,1.6548327452900011,1.6500000000000001,0.004832745290000995,1975-2001
ES611,Almeria,1992,mac,28.430428223146755,28.43,4.28223146755613e-4,1975-2001
ES611,Almeria,1993,tfr,1.5585161787689015,1.56,-0.001483821231098581,1975-2001
ES611,Almeria,1993,mac,28.611763148569967,28.610000000000003,0.001763148569963846,1975-2001
ES611,Almeria,1994,tfr,1.451003175922477,1.45,0.0010031759224771175,1975-2001
ES611,Almeria,1994,mac,28.704113276629045,28.7,0.004113276629045259,1975-2001
ES611,Almeria,1995,tfr,1.4274209247451455,1.43,-0.002579075254854457,1975-2001
ES611,Almeria,1995,mac,28.850668981400414,28.85,6.689814004126049e-4,1975-2001
ES611,Almeria,1996,tfr,1.3838947433024602,1.3800000000000001,0.003894743302460091,1975-2001
ES611,Almeria,1996,mac,28.94975701866149,28.95,-2.4298133850919612e-4,1975-2001
ES611,Almeria,1997,tfr,1.3833491205340755,1.3800000000000001,0.0033491205340754338,1975-2001
ES611,Almeria,1997,mac,29.23756166148282,29.24,-0.0024383385171766747,1975-2001
ES611,Almeria,1998,tfr,1.3554415494145429,1.36,-0.00455845058545723,1975-2001
ES611,Almeria,1998,mac,29.32302986019592,29.32,0.0030298601959195537,1975-2001
ES611,Almeria,1999,tfr,1.431056999101115,1.43,0.0010569991011151192,1975-2001
ES611,Almeria,1999,mac,29.38289203857125,29.38,0.0028920385712503105,1975-2001
ES611,Almeria,2000,tfr,1.4018254574066549,1.4,0.0018254574066549623,1975-2001
ES611,Almeria,2000,mac,29.395616345597862,29.4,-0.004383654402136727,1975-2001
ES611,Almeria,2001,tfr,1.4750701394463497,1.48,-0.0049298605536503,1975-2001
ES611,Almeria,2001,mac,29.382558932215186,29.38,0.002558932215187326,1975-2001
ES611,Almeria,2002,tfr,1.4345204210635343,1.43,0.004520421063534341,2002-2024
ES611,Almeria,2002,mac,29.47054844060534,29.47,5.484406053426483e-4,2002-2024
ES611,Almeria,2003,tfr,1.4929158462746475,1.49,0.002915846274647471,2002-2024
ES611,Almeria,2003,mac,29.599993912787976,29.6,-6.087212025107647e-6,2002-2024
ES611,Almeria,2004,tfr,1.5562556056371408,1.57,-0.013744394362859236,2002-2024
ES611,Almeria,2004,mac,29.386605477405062,29.38,0.0066054774050634535,2002-2024
ES611,Almeria,2005,tfr,1.5679399580742144,1.56,0.007939958074214326,2002-2024
ES611,Almeria,2005,mac,29.4334759644292,29.439999999999998,-0.006524035570798503,2002-2024
ES611,Almeria,2006,tfr,1.6433659534946705,1.6400000000000001,0.003365953494670393,2002-2024
ES611,Almeria,2006,mac,29.565319344204617,29.57,-0.004680655795382904,2002-2024
ES611,Almeria,2007,tfr,1.6234082781559098,1.6300000000000001,-0.0065917218440902925,2002-2024
ES611,Almeria,2007,mac,29.4625361575862,29.459999999999997,0.0025361575862028474,2002-2024
ES611,Almeria,2008,tfr,1.7183692636033499,1.71,0.008369263603349886,2002-2024
ES611,Almeria,2008,mac,29.41706045520936,29.419999999999998,-0.0029395447906388483,2002-2024
ES611,Almeria,2009,tfr,1.5878831072157014,1.59,-0.0021168927842987184,2002-2024
ES611,Almeria,2009,mac,29.573077388533,29.57,0.003077388533000658,2002-2024
ES611,Almeria,2010,tfr,1.5991180410312422,1.6,-8.819589687578677e-4,2002-2024
ES611,Almeria,2010,mac,29.890316997568377,29.89,3.169975683761095e-4,2002-2024
ES611,Almeria,2011,tfr,1.5678528397600873,1.57,-0.002147160239912793,2002-2024
ES611,Almeria,2011,mac,30.023450322868534,30.02,0.0034503228685345277,2002-2024
ES611,Almeria,2012,tfr,1.527025152675806,1.53,-0.002974847324193952,2002-2024
ES611,Almeria,2012,mac,30.05757670363948,30.06,-0.002423296360518634,2002-2024
ES611,Almeria,2013,tfr,1.5156561021822226,1.52,-0.004343897817777442,2002-2024
ES611,Almeria,2013,mac,30.261885400348923,30.259999999999998,0.001885400348925259,2002-2024
ES611,Almeria,2014,tfr,1.5642710126492685,1.57,-0.005728987350731574,2002-2024
ES611,Almeria,2014,mac,30.41165697208366,30.41,0.0016569720836585589,2002-2024
ES611,Almeria,2015,tfr,1.6114908568134998,1.61,0.001490856813499697,2002-2024
ES611,Almeria,2015,mac,30.460131780224735,30.459999999999997,1.317802247378097e-4,2002-2024
ES611,Almeria,2016,tfr,1.6183329636703097,1.62,-0.0016670363296904522,2002-2024
ES611,Almeria,2016,mac,30.434021064815038,30.43,0.0040210648150385,2002-2024
ES611,Almeria,2017,tfr,1.5991740497476767,1.6,-8.259502523233486e-4,2002-2024
ES611,Almeria,2017,mac,30.516560972055252,30.51,0.006560972055250858,2002-2024
ES611,Almeria,2018,tfr,1.5948339054898115,1.6,-0.005166094510188568,2002-2024
ES611,Almeria,2018,mac,30.61164673248972,30.610000000000003,0.001646732489717806,2002-2024
ES611,Almeria,2019,tfr,1.5788748299934487,1.58,-0.0011251700065513237,2002-2024
ES611,Almeria,2019,mac,30.74787455740863,30.74,0.007874557408630523,2002-2024
ES611,Almeria,2020,tfr,1.5033678418341467,1.5,0.003367841834146734,2002-2024
ES611,Almeria,2020,mac,30.6985707288037,30.7,-0.0014292711963008742,2002-2024
ES611,Almeria,2021,tfr,1.5106856034548133,1.51,6.856034548132772e-4,2002-2024
ES611,Almeria,2021,mac,31.033944781798056,31.03,0.003944781798054464,2002-2024
ES611,Almeria,2022,tfr,1.4951073218809783,1.5,-0.0048926781190217206,2002-2024
ES611,Almeria,2022,mac,31.097843126380106,31.1,-0.002156873619895805,2002-2024
ES611,Almeria,2023,tfr,1.4392150531894736,1.44,-7.849468105263213e-4,2002-2024
ES611,Almeria,2023,mac,31.25214281810329,31.25,0.0021428181032909777,2002-2024
ES611,Almeria,2024,tfr,1.4354046030425631,1.44,-0.004595396957436826,2002-2024
ES611,Almeria,2024,mac,31.34512677499709,31.35,-0.004873225002910431,2002-2024
ES612,Cadiz,1975,tfr,3.52241925922646,3.52,0.0024192592264600243,1975-2001
ES612,Cadiz,1975,mac,29.22437404567423,29.23,-0.005625954325768845,1975-2001
ES612,Cadiz,1976,tfr,3.5366280939001893,3.54,-0.003371906099810751,1975-2001
ES612,Cadiz,1976,mac,28.96804645872911,28.97,-0.001953541270889758,1975-2001
ES612,Cadiz,1977,tfr,3.429737491457779,3.4299999999999997,-2.625085422205409e-4,1975-2001
ES612,Cadiz,1977,mac,28.834640054877124,28.830000000000002,0.004640054877121713,1975-2001
ES612,Cadiz,1978,tfr,3.297329709852692,3.3,-0.0026702901473076857,1975-2001
ES612,Cadiz,1978,mac,28.641932741151876,28.64,0.0019327411518759163,1975-2001
ES612,Cadiz,1979,tfr,3.10012233744446,3.1,1.2233744446010775e-4,1975-2001
ES612,Cadiz,1979,mac,28.454807846752864,28.45,0.0048078467528647195,1975-2001
ES612,Cadiz,1980,tfr,2.9810376738414375,2.98,0.001037673841437492,1975-2001
ES612,Cadiz,1980,mac,28.483034388368807,28.479999999999997,0.0030343883688104256,1975-2001
ES612,Cadiz,1981,tfr,2.8075507966977913,2.8099999999999996,-0.002449203302208325,1975-2001
ES612,Cadiz,1981,mac,28.443572697797876,28.439999999999998,0.003572697797878277,1975-2001
ES612,Cadiz,1982,tfr,2.66662765841923,2.67,-0.003372341580770044,1975-2001
ES612,Cadiz,1982,mac,28.53517355804522,28.54,-0.004826441954779881,1975-2001
ES612,Cadiz,1983,tfr,2.495368106326726,2.5,-0.004631893673273879,1975-2001
ES612,Cadiz,1983,mac,28.50566063184345,28.51,-0.004339368156550449,1975-2001
ES612,Cadiz,1984,tfr,2.3527343167973256,2.3499999999999996,0.002734316797325942,1975-2001
ES612,Cadiz,1984,mac,28.525636303561082,28.53,-0.004363696438918652,1975-2001
ES612,Cadiz,1985,tfr,2.1641739351838996,2.16,0.004173935183899413,1975-2001
ES612,Cadiz,1985,mac,28.481006714431015,28.479999999999997,0.0010067144310177412,1975-2001
ES612,Cadiz,1986,tfr,2.058106809149584,2.06,-0.001893190850415838,1975-2001
ES612,Cadiz,1986,mac,28.5627392436701,28.56,0.002739243670102809,1975-2001
ES612,Cadiz,1987,tfr,1.9474370078145864,1.95,-0.0025629921854135596,1975-2001
ES612,Cadiz,1987,mac,28.48241593092676,28.479999999999997,0.0024159309267623996,1975-2001
ES612,Cadiz,1988,tfr,1.8716824511956462,1.87,0.0016824511956461397,1975-2001
ES612,Cadiz,1988,mac,28.48740906116718,28.49,-0.0025909388328173577,1975-2001
ES612,Cadiz,1989,tfr,1.8004994999387225,1.8,4.994999387224475e-4,1975-2001
ES612,Cadiz,1989,mac,28.60438529478959,28.6,0.004385294789589267,1975-2001
ES612,Cadiz,1990,tfr,1.7408981735821465,1.74,8.981735821464998e-4,1975-2001
ES612,Cadiz,1990,mac,28.743182998088006,28.74,0.0031829980880075937,1975-2001
ES612,Cadiz,1991,tfr,1.659498882043241,1.6600000000000001,-5.011179567591117e-4,1975-2001
ES612,Cadiz,1991,mac,28.727775289684423,28.73,-0.0022247103155770276,1975-2001
ES612,Cadiz,1992,tfr,1.582397591777267,1.58,0.0023975917772669497,1975-2001
ES612,Cadiz,1992,mac,28.980079256184798,28.979999999999997,7.925618480086882e-5,1975-2001
ES612,Cadiz,1993,tfr,1.5285589483049373,1.53,-0.0014410516950627006,1975-2001
ES612,Cadiz,1993,mac,29.150042805009335,29.150000000000002,4.280500933262488e-5,1975-2001
ES612,Cadiz,1994,tfr,1.4159937192548373,1.42,-0.004006280745162627,1975-2001
ES612,Cadiz,1994,mac,29.283983368121316,29.279999999999998,0.003983368121318165,1975-2001
ES612,Cadiz,1995,tfr,1.3708670231664752,1.37,8.670231664751338e-4,1975-2001
ES612,Cadiz,1995,mac,29.47093931841095,29.47,9.39318410949852e-4,1975-2001
ES612,Cadiz,1996,tfr,1.3057287097556143,1.31,-0.0042712902443857725,1975-2001
ES612,Cadiz,1996,mac,29.64482621830658,29.64,0.004826218306579477,1975-2001
ES612,Cadiz,1997,tfr,1.3184087276178087,1.32,-0.0015912723821913666,1975-2001
ES612,Cadiz,1997,mac,29.886908295708007,29.89,-0.003091704291993125,1975-2001
ES612,Cadiz,1998,tfr,1.2851313768568224,1.28,0.005131376856822412,1975-2001
ES612,Cadiz,1998,mac,29.86204656979201,29.86,0.0020465697920108994,1975-2001
ES612,Cadiz,1999,tfr,1.3115957972098038,1.31,0.0015957972098037398,1975-2001
ES612,Cadiz,1999,mac,30.041514805830403,30.04,0.0015148058304035317,1975-2001
ES612,Cadiz,2000,tfr,1.3520085626302911,1.35,0.002008562630291033,1975-2001
ES612,Cadiz,2000,mac,30.04096954251271,30.04,9.695425127098645e-4,1975-2001
ES612,Cadiz,2001,tfr,1.3660674056571698,1.37,-0.003932594342830331,1975-2001
ES612,Cadiz,2001,mac,30.15994258897774,30.16,-5.741102226153316e-5,1975-2001
ES612,Cadiz,2002,tfr,1.3716261469333237,1.37,0.0016261469333236356,2002-2024
ES612,Cadiz,2002,mac,30.273557684497643,30.27,0.0035576844976432653,2002-2024
ES612,Cadiz,2003,tfr,1.422835224870381,1.42,0.0028352248703811256,2002-2024
ES612,Cadiz,2003,mac,30.26512584992562,30.259999999999998,0.005125849925622816,2002-2024
ES612,Cadiz,2004,tfr,1.4650882389680497,1.47,-0.004911761031950235,2002-2024
ES612,Cadiz,2004,mac,30.326770345248562,30.330000000000002,-0.003229654751439881,2002-2024
ES612,Cadiz,2005,tfr,1.498345491559311,1.5,-0.0016545084406889288,2002-2024
ES612,Cadiz,2005,mac,30.404515312357184,30.41,-0.00548468764281651,2002-2024
ES612,Cadiz,2006,tfr,1.5194542539382023,1.52,-5.457460617976917e-4,2002-2024
ES612,Cadiz,2006,mac,30.31422881949799,30.32,-0.005771180502009088,2002-2024
ES612,Cadiz,2007,tfr,1.4916115646455008,1.49,0.0016115646455008292,2002-2024
ES612,Cadiz,2007,mac,30.358822910226436,30.36,-0.0011770897735630115,2002-2024
ES612,Cadiz,2008,tfr,1.4960663081663053,1.49,0.006066308166305268,2002-2024
ES612,Cadiz,2008,mac,30.40402080069208,30.4,0.004020800692082105,2002-2024
ES612,Cadiz,2009,tfr,1.4637386204634262,1.46,0.003738620463426212,2002-2024
ES612,Cadiz,2009,mac,30.570746723432407,30.57,7.467234324067817e-4,2002-2024
ES612,Cadiz,2010,tfr,1.4546688593623902,1.45,0.004668859362390254,2002-2024
ES612,Cadiz,2010,mac,30.656354608550025,30.66,-0.0036453914499752216,2002-2024
ES612,Cadiz,2011,tfr,1.4069455154098418,1.41,-0.003054484590158113,2002-2024
ES612,Cadiz,2011,mac,30.80779371303761,30.810000000000002,-0.002206286962390891,2002-2024
ES612,Cadiz,2012,tfr,1.3923285327249508,1.3900000000000001,0.002328532724950705,2002-2024
ES612,Cadiz,2012,mac,31.068905594634664,31.07,-0.0010944053653361152,2002-2024
ES612,Cadiz,2013,tfr,1.3103394814649107,1.31,3.3948146491069586e-4,2002-2024
ES612,Cadiz,2013,mac,31.105388133018245,31.110000000000003,-0.004611866981758084,2002-2024
ES612,Cadiz,2014,tfr,1.3587954488919232,1.36,-0.0012045511080769344,2002-2024
ES612,Cadiz,2014,mac,31.341036648880316,31.34,0.001036648880315738,2002-2024
ES612,Cadiz,2015,tfr,1.3743483601855961,1.37,0.004348360185596034,2002-2024
ES612,Cadiz,2015,mac,31.217448181687892,31.22,-0.002551818312106491,2002-2024
ES612,Cadiz,2016,tfr,1.4128662481101042,1.41,0.0028662481101042747,2002-2024
ES612,Cadiz,2016,mac,31.35469765877531,31.35,0.004697658775310032,2002-2024
ES612,Cadiz,2017,tfr,1.3259515796004016,1.33,-0.004048420399598518,2002-2024
ES612,Cadiz,2017,mac,31.35247978278404,31.35,0.002479782784039486,2002-2024
ES612,Cadiz,2018,tfr,1.2911994824011817,1.29,0.0011994824011816174,2002-2024
ES612,Cadiz,2018,mac,31.51208073512823,31.51,0.0020807351282279285,2002-2024
ES612,Cadiz,2019,tfr,1.255990129432044,1.26,-0.0040098705679560975,2002-2024
ES612,Cadiz,2019,mac,31.546830290781536,31.55,-0.0031697092184650444,2002-2024
ES612,Cadiz,2020,tfr,1.1957116917810173,1.2,-0.004288308218982628,2002-2024
ES612,Cadiz,2020,mac,31.644583501733116,31.64,0.004583501733115725,2002-2024
ES612,Cadiz,2021,tfr,1.1858151296617756,1.1900000000000002,-0.004184870338224567,2002-2024
ES612,Cadiz,2021,mac,31.82580399663878,31.830000000000002,-0.004196003361222722,2002-2024
ES612,Cadiz,2022,tfr,1.1642112013762878,1.1600000000000001,0.00421120137628761,2002-2024
ES612,Cadiz,2022,mac,31.97197120242199,31.97,0.001971202421991336,2002-2024
ES612,Cadiz,2023,tfr,1.1502395820846294,1.1500000000000001,2.39582084629264e-4,2002-2024
ES612,Cadiz,2023,mac,31.913197741921696,31.91,0.0031977419216957514,2002-2024
ES612,Cadiz,2024,tfr,1.1120713750762108,1.11,0.002071375076210691,2002-2024
ES612,Cadiz,2024,mac,31.84968105733482,31.85,-3.189426651815097e-4,2002-2024
ES613,Cordoba,1975,tfr,2.823967659412126,2.82,0.003967659412126068,1975-2001
ES613,Cordoba,1975,mac,29.578115882923925,29.58,-0.0018841170760737214,1975-2001
ES613,Cordoba,1976,tfr,2.844317356088485,2.84,0.004317356088485269,1975-2001
ES613,Cordoba,1976,mac,29.371358317767132,29.37,0.0013583177671314672,1975-2001
ES613,Cordoba,1977,tfr,2.772227527341963,2.77,0.002227527341962965,1975-2001
ES613,Cordoba,1977,mac,29.122261558435717,29.12,0.002261558435716182,1975-2001
ES613,Cordoba,1978,tfr,2.750527713646483,2.75,5.277136464831855e-4,1975-2001
ES613,Cordoba,1978,mac,29.01618819536386,29.02,-0.003811804636139726,1975-2001
ES613,Cordoba,1979,tfr,2.662037503899894,2.66,0.0020375038998938777,1975-2001
ES613,Cordoba,1979,mac,28.77021739760133,28.77,2.1739760132888364e-4,1975-2001
ES613,Cordoba,1980,tfr,2.58825141993977,2.59,-0.0017485800602297097,1975-2001
ES613,Cordoba,1980,mac,28.821294630341995,28.82,0.0012946303419951732,1975-2001
ES613,Cordoba,1981,tfr,2.4611357221520174,2.4699999999999998,-0.008864277847982382,1975-2001
ES613,Cordoba,1981,mac,28.827840596114786,28.830000000000002,-0.0021594038852157382,1975-2001
ES613,Cordoba,1982,tfr,2.381599746547898,2.38,0.0015997465478982953,1975-2001
ES613,Cordoba,1982,mac,28.8118245207998,28.810000000000002,0.0018245207997971136,1975-2001
ES613,Cordoba,1983,tfr,2.1911060609239783,2.19,0.001106060923978358,1975-2001
ES613,Cordoba,1983,mac,28.9394384499133,28.939999999999998,-5.615500866973377e-4,1975-2001
ES613,Cordoba,1984,tfr,2.1396511680237036,2.14,-3.488319762965375e-4,1975-2001
ES613,Cordoba,1984,mac,28.883288594970796,28.88,0.003288594970797476,1975-2001
ES613,Cordoba,1985,tfr,1.9711176443011917,1.97,0.001117644301191767,1975-2001
ES613,Cordoba,1985,mac,28.754199736048314,28.75,0.004199736048313696,1975-2001
ES613,Cordoba,1986,tfr,1.9070574596800671,1.91,-0.002942540319932796,1975-2001
ES613,Cordoba,1986,mac,28.791585950206603,28.79,0.0015859502066035702,1975-2001
ES613,Cordoba,1987,tfr,1.8201049431448104,1.82,1.0494314481035438e-4,1975-2001
ES613,Cordoba,1987,mac,28.851493372998412,28.85,0.0014933729984107913,1975-2001
ES613,Cordoba,1988,tfr,1.7942539587611035,1.79,0.00425395876110346,1975-2001
ES613,Cordoba,1988,mac,28.742382118253776,28.74,0.002382118253777321,1975-2001
ES613,Cordoba,1989,tfr,1.7387868012413086,1.74,-0.001213198758691414,1975-2001
ES613,Cordoba,1989,mac,28.769702991234833,28.77,-2.9700876516614017e-4,1975-2001
ES613,Cordoba,1990,tfr,1.6959026752786968,1.7,-0.004097324721303197,1975-2001
ES613,Cordoba,1990,mac,28.828922262176736,28.830000000000002,-0.001077737823266034,1975-2001
ES613,Cordoba,1991,tfr,1.6394932966734914,1.6400000000000001,-5.067033265087062e-4,1975-2001
ES613,Cordoba,1991,mac,28.98487011124397,28.99,-0.005129888756027157,1975-2001
ES613,Cordoba,1992,tfr,1.646849140681515,1.6500000000000001,-0.003150859318485244,1975-2001
ES613,Cordoba,1992,mac,29.182528221277956,29.18,0.002528221277955822,1975-2001
ES613,Cordoba,1993,tfr,1.5670793263302867,1.57,-0.0029206736697133806,1975-2001
ES613,Cordoba,1993,mac,29.08107113738085,29.08,0.0010711373808511837,1975-2001
ES613,Cordoba,1994,tfr,1.4764487368091166,1.48,-0.0035512631908833914,1975-2001
ES613,Cordoba,1994,mac,29.437006877517927,29.439999999999998,-0.0029931224820707314,1975-2001
ES613,Cordoba,1995,tfr,1.366484629244942,1.37,-0.0035153707550581448,1975-2001
ES613,Cordoba,1995,mac,29.63073293131741,29.630000000000003,7.329313174082586e-4,1975-2001
ES613,Cordoba,1996,tfr,1.332030495641564,1.33,0.0020304956415639897,1975-2001
ES613,Cordoba,1996,mac,29.703613687137064,29.7,0.0036136871370651136,1975-2001
ES613,Cordoba,1997,tfr,1.3322491599106543,1.33,0.0022491599106542193,1975-2001
ES613,Cordoba,1997,mac,30.008040870306917,30.01,-0.001959129693084094,1975-2001
ES613,Cordoba,1998,tfr,1.3372077245899439,1.34,-0.002792275410056222,1975-2001
ES613,Cordoba,1998,mac,30.110221481040146,30.110000000000003,2.214810401426348e-4,1975-2001
ES613,Cordoba,1999,tfr,1.324280728442981,1.32,0.004280728442980886,1975-2001
ES613,Cordoba,1999,mac,30.210147129802724,30.21,1.4712980272335585e-4,1975-2001
ES613,Cordoba,2000,tfr,1.3393571940661264,1.34,-6.428059338736691e-4,1975-2001
ES613,Cordoba,2000,mac,30.28483795790859,30.279999999999998,0.004837957908591761,1975-2001
ES613,Cordoba,2001,tfr,1.3271532100735186,1.33,-0.0028467899264814633,1975-2001
ES613,Cordoba,2001,mac,30.438045166347738,30.439999999999998,-0.00195483365225968,1975-2001
ES613,Cordoba,2002,tfr,1.339111906481623,1.34,-8.880935183770422e-4,2002-2024
ES613,Cordoba,2002,mac,30.35303185664503,30.35,0.00303185664502692,2002-2024
ES613,Cordoba,2003,tfr,1.390752442787436,1.3900000000000001,7.524427874359141e-4,2002-2024
ES613,Cordoba,2003,mac,30.573074172942928,30.57,0.0030741729429273335,2002-2024
ES613,Cordoba,2004,tfr,1.3830055415713938,1.3800000000000001,0.003005541571393655,2002-2024
ES613,Cordoba,2004,mac,30.544193463241825,30.54,0.004193463241826123,2002-2024
ES613,Cordoba,2005,tfr,1.4135432733167892,1.41,0.003543273316789275,2002-2024
ES613,Cordoba,2005,mac,30.697720024710968,30.7,-0.002279975289031455,2002-2024
ES613,Cordoba,2006,tfr,1.4684073489972698,1.47,-0.0015926510027302054,2002-2024
ES613,Cordoba,2006,mac,30.701702098895687,30.7,0.0017020988956879535,2002-2024
ES613,Cordoba,2007,tfr,1.4320025819671585,1.43,0.002002581967158523,2002-2024
ES613,Cordoba,2007,mac,30.581406554866696,30.58,0.001406554866697718,2002-2024
ES613,Cordoba,2008,tfr,1.499896644164588,1.5,-1.03355835411989e-4,2002-2024
ES613,Cordoba,2008,mac,30.634927475333974,30.64,-0.005072524666026368,2002-2024
ES613,Cordoba,2009,tfr,1.4455923857842683,1.44,0.00559238578426835,2002-2024
ES613,Cordoba,2009,mac,30.84286340204448,30.84,0.002863402044479102,2002-2024
ES613,Cordoba,2010,tfr,1.3913955396045796,1.3900000000000001,0.0013955396045794988,2002-2024
ES613,Cordoba,2010,mac,30.91361424948872,30.91,0.0036142494887201337,2002-2024
ES613,Cordoba,2011,tfr,1.4095795862265597,1.41,-4.2041377344026465e-4,2002-2024
ES613,Cordoba,2011,mac,31.089533280134678,31.09,-4.6671986532231813e-4,2002-2024
ES613,Cordoba,2012,tfr,1.3579089150586257,1.36,-0.0020910849413744437,2002-2024
ES613,Cordoba,2012,mac,31.42746394018979,31.43,-0.0025360598102111,2002-2024
ES613,Cordoba,2013,tfr,1.3255230769691408,1.33,-0.004476923030859226,2002-2024
ES613,Cordoba,2013,mac,31.414882658272642,31.41,0.004882658272642004,2002-2024
ES613,Cordoba,2014,tfr,1.358309284753504,1.36,-0.0016907152464959996,2002-2024
ES613,Cordoba,2014,mac,31.516718231827817,31.52,-0.003281768172183064,2002-2024
ES613,Cordoba,2015,tfr,1.3692516171452118,1.37,-7.483828547882876e-4,2002-2024
ES613,Cordoba,2015,mac,31.56576952228619,31.56,0.00576952228619021,2002-2024
ES613,Cordoba,2016,tfr,1.3731178951601783,1.37,0.003117895160178241,2002-2024
ES613,Cordoba,2016,mac,31.752863963126913,31.75,0.0028639631269129495,2002-2024
ES613,Cordoba,2017,tfr,1.327940647903899,1.33,-0.002059352096100975,2002-2024
ES613,Cordoba,2017,mac,31.820576814711213,31.82,5.768147112128474e-4,2002-2024
ES613,Cordoba,2018,tfr,1.2987597082464866,1.3,-0.0012402917535134783,2002-2024
ES613,Cordoba,2018,mac,31.852671694966826,31.85,0.0026716949668248446,2002-2024
ES613,Cordoba,2019,tfr,1.2734045684867537,1.27,0.003404568486753634,2002-2024
ES613,Cordoba,2019,mac,32.02922302043446,32.03,-7.769795655434564e-4,2002-2024
ES613,Cordoba,2020,tfr,1.2199442799399993,1.22,-5.572006000065244e-5,2002-2024
ES613,Cordoba,2020,mac,32.0421904502906,32.04,0.002190450290598278,2002-2024
ES613,Cordoba,2021,tfr,1.274988437892097,1.27,0.00498843789209702,2002-2024
ES613,Cordoba,2021,mac,32.17162445051748,32.17,0.0016244505174753954,2002-2024
ES613,Cordoba,2022,tfr,1.2393325498363343,1.24,-6.674501636656505e-4,2002-2024
ES613,Cordoba,2022,mac,32.278382463579106,32.28,-0.001617536420894794,2002-2024
ES613,Cordoba,2023,tfr,1.2407019555927192,1.24,7.019555927192389e-4,2002-2024
ES613,Cordoba,2023,mac,32.20794675064118,32.21,-0.00205324935882345,2002-2024
ES613,Cordoba,2024,tfr,1.2146170969095802,1.21,0.004617096909580232,2002-2024
ES613,Cordoba,2024,mac,32.420221528708005,32.42,2.2152870800340452e-4,2002-2024
ES614,Granada,1975,tfr,2.904355924611901,2.9,0.004355924611901152,1975-2001
ES614,Granada,1975,mac,29.354230363848547,29.36,-0.0057696361514523176,1975-2001
ES614,Granada,1976,tfr,2.8885344683003753,2.8899999999999997,-0.0014655316996243783,1975-2001
ES614,Granada,1976,mac,29.143556350680893,29.14,0.0035563506808919954,1975-2001
ES614,Granada,1977,tfr,2.8329820674677455,2.8299999999999996,0.0029820674677458747,1975-2001
ES614,Granada,1977,mac,29.007775447703477,29.01,-0.002224552296524962,1975-2001
ES614,Granada,1978,tfr,2.7943034973605765,2.79,0.004303497360576447,1975-2001
ES614,Granada,1978,mac,28.89705659583421,28.9,-0.0029434041657872,1975-2001
ES614,Granada,1979,tfr,2.7145018780685675,2.71,0.0045018780685675,1975-2001
ES614,Granada,1979,mac,28.671180784809064,28.67,0.0011807848090619188,1975-2001
ES614,Granada,1980,tfr,2.611025036310138,2.61,0.0010250363101382831,1975-2001
ES614,Granada,1980,mac,28.66643336480908,28.66,0.006433364809080189,1975-2001
ES614,Granada,1981,tfr,2.4099989987777732,2.4099999999999997,-1.0012222264599302e-6,1975-2001
ES614,Granada,1981,mac,28.58233327598122,28.58,0.002333275981222016,1975-2001
ES614,Granada,1982,tfr,2.32043592576912,2.32,4.359257691199936e-4,1975-2001
ES614,Granada,1982,mac,28.63916689808916,28.64,-8.331019108389626e-4,1975-2001
ES614,Granada,1983,tfr,2.1585870132328737,2.16,-0.001412986767126423,1975-2001
ES614,Granada,1983,mac,28.616138256774693,28.62,-0.0038617432253076345,1975-2001
ES614,Granada,1984,tfr,2.0817692920585236,2.08,0.0017692920585234972,1975-2001
ES614,Granada,1984,mac,28.660884490809206,28.66,8.84490809205829e-4,1975-2001
ES614,Granada,1985,tfr,1.9672802263179754,1.97,-0.0027197736820245844,1975-2001
ES614,Granada,1985,mac,28.613699959345695,28.610000000000003,0.0036999593456918944,1975-2001
ES614,Granada,1986,tfr,1.871995460459221,1.87,0.0019954604592209435,1975-2001
ES614,Granada,1986,mac,28.71193654820972,28.71,0.0019365482097200015,1975-2001
ES614,Granada,1987,tfr,1.825252482513956,1.82,0.005252482513955936,1975-2001
ES614,Granada,1987,mac,28.680648448440145,28.68,6.484484401454438e-4,1975-2001
ES614,Granada,1988,tfr,1.7383536128243806,1.74,-0.0016463871756193793,1975-2001
ES614,Granada,1988,mac,28.66306149427597,28.66,0.003061494275968357,1975-2001
ES614,Granada,1989,tfr,1.6835467021495127,1.6800000000000002,0.0035467021495125817,1975-2001
ES614,Granada,1989,mac,28.779744723075034,28.779999999999998,-2.5527692496396526e-4,1975-2001
ES614,Granada,1990,tfr,1.664522429806262,1.6600000000000001,0.0045224298062618296,1975-2001
ES614,Granada,1990,mac,28.76114875830535,28.759999999999998,0.0011487583053515493,1975-2001
ES614,Granada,1991,tfr,1.6442284002141199,1.6500000000000001,-0.005771599785880266,1975-2001
ES614,Granada,1991,mac,28.8899640274525,28.89,-3.5972547500762175e-5,1975-2001
ES614,Granada,1992,tfr,1.5823357820297868,1.58,0.0023357820297866816,1975-2001
ES614,Granada,1992,mac,29.14957732327908,29.150000000000002,-4.2267672092322073e-4,1975-2001
ES614,Granada,1993,tfr,1.5071357836386883,1.51,-0.0028642163613117333,1975-2001
ES614,Granada,1993,mac,29.262623672612673,29.259999999999998,0.00262367261267471,1975-2001
ES614,Granada,1994,tfr,1.4183494738046263,1.42,-0.0016505261953736472,1975-2001
ES614,Granada,1994,mac,29.533327881710317,29.53,0.0033278817103159497,1975-2001
ES614,Granada,1995,tfr,1.4054443664373968,1.41,-0.004555633562603134,1975-2001
ES614,Granada,1995,mac,29.522801632472383,29.52,0.0028016324723836306,1975-2001
ES614,Granada,1996,tfr,1.3678961695235567,1.37,-0.002103830476443358,1975-2001
ES614,Granada,1996,mac,29.86515900353886,29.86,0.005159003538860674,1975-2001
ES614,Granada,1997,tfr,1.34101310858761,1.34,0.0010131085876099455,1975-2001
ES614,Granada,1997,mac,29.84361588653048,29.84,0.003615886530479173,1975-2001
ES614,Granada,1998,tfr,1.3097171235121405,1.31,-2.82876487859518e-4,1975-2001
ES614,Granada,1998,mac,30.033820798937047,30.03,0.0038207989370455664,1975-2001
ES614,Granada,1999,tfr,1.2975687939916134,1.3,-0.002431206008386644,1975-2001
ES614,Granada,1999,mac,30.214133860982116,30.21,0.004133860982115323,1975-2001
ES614,Granada,2000,tfr,1.3384507062180955,1.34,-0.0015492937819046038,1975-2001
ES614,Granada,2000,mac,30.086248440712936,30.09,-0.0037515592870640546,1975-2001
ES614,Granada,2001,tfr,1.3557076193965831,1.35,0.005707619396583041,1975-2001
ES614,Granada,2001,mac,30.189551078361383,30.19,-4.489216386183159e-4,1975-2001
ES614,Granada,2002,tfr,1.3081718868753074,1.31,-0.0018281131246926652,2002-2024
ES614,Granada,2002,mac,30.31821516047078,30.32,-0.0017848395292219266,2002-2024
ES614,Granada,2003,tfr,1.3797365311339875,1.3800000000000001,-2.634688660125839e-4,2002-2024
ES614,Granada,2003,mac,30.28198457990995,30.279999999999998,0.0019845799099513783,2002-2024
ES614,Granada,2004,tfr,1.429012952797605,1.43,-9.870472023949528e-4,2002-2024
ES614,Granada,2004,mac,30.214424958253055,30.21,0.004424958253054001,2002-2024
ES614,Granada,2005,tfr,1.4430773275364597,1.44,0.0030773275364597286,2002-2024
ES614,Granada,2005,mac,30.221390356636203,30.23,-0.008609643363797659,2002-2024
ES614,Granada,2006,tfr,1.474623798150948,1.48,-0.005376201849051965,2002-2024
ES614,Granada,2006,mac,30.394428287150888,30.39,0.004428287150886945,2002-2024
ES614,Granada,2007,tfr,1.5218488141702358,1.52,0.0018488141702357463,2002-2024
ES614,Granada,2007,mac,30.329583626810265,30.330000000000002,-4.163731897364187e-4,2002-2024
ES614,Granada,2008,tfr,1.5357073460267692,1.54,-0.004292653973230864,2002-2024
ES614,Granada,2008,mac,30.420828966034254,30.419999999999998,8.289660342555294e-4,2002-2024
ES614,Granada,2009,tfr,1.4170187533678125,1.42,-0.002981246632187462,2002-2024
ES614,Granada,2009,mac,30.665637742509894,30.66,0.005637742509893684,2002-2024
ES614,Granada,2010,tfr,1.3821970168601103,1.3800000000000001,0.0021970168601102014,2002-2024
ES614,Granada,2010,mac,30.81343423388065,30.810000000000002,0.0034342338806467865,2002-2024
ES614,Granada,2011,tfr,1.372724902864816,1.37,0.00272490286481597,2002-2024
ES614,Granada,2011,mac,31.103836964028428,31.1,0.0038369640284265927,2002-2024
ES614,Granada,2012,tfr,1.3694741882736219,1.37,-5.258117263782225e-4,2002-2024
ES614,Granada,2012,mac,31.16292779808939,31.16,0.0029277980893915867,2002-2024
ES614,Granada,2013,tfr,1.2807815350276424,1.28,7.815350276423327e-4,2002-2024
ES614,Granada,2013,mac,31.309161367627155,31.310000000000002,-8.386323728473144e-4,2002-2024
ES614,Granada,2014,tfr,1.3381999169707175,1.34,-0.0018000830292825842,2002-2024
ES614,Granada,2014,mac,31.31231656492916,31.310000000000002,0.0023165649291563284,2002-2024
ES614,Granada,2015,tfr,1.3899186913771964,1.3900000000000001,-8.130862280375517e-5,2002-2024
ES614,Granada,2015,mac,31.30389741382123,31.3,0.0038974138212282128,2002-2024
ES614,Granada,2016,tfr,1.4265092825912284,1.43,-0.003490717408771493,2002-2024
ES614,Granada,2016,mac,31.475771371001457,31.47,0.005771371001458192,2002-2024
ES614,Granada,2017,tfr,1.343269581861458,1.34,0.003269581861457871,2002-2024
ES614,Granada,2017,mac,31.601642914769695,31.6,0.001642914769693249,2002-2024
ES614,Granada,2018,tfr,1.2738896315536374,1.28,-0.006110368446362591,2002-2024
ES614,Granada,2018,mac,31.693082112087726,31.69,0.0030821120877249086,2002-2024
ES614,Granada,2019,tfr,1.3308778917585737,1.33,8.778917585736679e-4,2002-2024
ES614,Granada,2019,mac,31.440782166097083,31.439999999999998,7.821660970854794e-4,2002-2024
ES614,Granada,2020,tfr,1.2322200936362004,1.23,0.0022200936362004597,2002-2024
ES614,Granada,2020,mac,31.74140112022151,31.74,0.0014011202215122864,2002-2024
ES614,Granada,2021,tfr,1.251412822766063,1.25,0.0014128227660630266,2002-2024
ES614,Granada,2021,mac,31.845807203073598,31.85,-0.00419279692640373,2002-2024
ES614,Granada,2022,tfr,1.255682170456539,1.26,-0.004317829543460938,2002-2024
ES614,Granada,2022,mac,31.89151382544992,31.89,0.0015138254499191817,2002-2024
ES614,Granada,2023,tfr,1.2004283182552629,1.2,4.28318255262905e-4,2002-2024
ES614,Granada,2023,mac,31.92333436848403,31.919999999999998,0.0033343684840332344,2002-2024
ES614,Granada,2024,tfr,1.181145826572847,1.1800000000000002,0.0011458265728467865,2002-2024
ES614,Granada,2024,mac,31.801828838947447,31.8,0.001828838947446343,2002-2024
ES615,Huelva,1975,tfr,3.0514881009263135,3.05,0.0014881009263136846,1975-2001
ES615,Huelva,1975,mac,29.160087191454842,29.16,8.719145484192836e-5,1975-2001
ES615,Huelva,1976,tfr,3.1431241494892097,3.14,0.0031241494892095822,1975-2001
ES615,Huelva,1976,mac,28.775032618613487,28.779999999999998,-0.004967381386510539,1975-2001
ES615,Huelva,1977,tfr,2.989047300111997,2.9899999999999998,-9.526998880029502e-4,1975-2001
ES615,Huelva,1977,mac,28.61747910466459,28.62,-0.002520895335411666,1975-2001
ES615,Huelva,1978,tfr,3.077239064820007,3.08,-0.002760935179992874,1975-2001
ES615,Huelva,1978,mac,28.59352436159156,28.59,0.003524361591559,1975-2001
ES615,Huelva,1979,tfr,2.953806985054245,2.9499999999999997,0.00380698505424526,1975-2001
ES615,Huelva,1979,mac,28.262473693708674,28.259999999999998,0.00247369370867645,1975-2001
ES615,Huelva,1980,tfr,2.829597473318357,2.8299999999999996,-4.0252668164253436e-4,1975-2001
ES615,Huelva,1980,mac,28.138578895057247,28.14,-0.0014211049427537148,1975-2001
ES615,Huelva,1981,tfr,2.662080639118447,2.67,-0.007919360881552873,1975-2001
ES615,Huelva,1981,mac,28.14913509421801,28.150000000000002,-8.649057819916095e-4,1975-2001
ES615,Huelva,1982,tfr,2.5573909152609304,2.56,-0.0026090847390696226,1975-2001
ES615,Huelva,1982,mac,28.187214305313574,28.19,-0.002785694686426865,1975-2001
ES615,Huelva,1983,tfr,2.336942045997892,2.34,-0.0030579540021080653,1975-2001
ES615,Huelva,1983,mac,28.08431679991698,28.09,-0.005683200083019813,1975-2001
ES615,Huelva,1984,tfr,2.1781093124743514,2.18,-0.0018906875256488043,1975-2001
ES615,Huelva,1984,mac,28.07160611550678,28.07,0.0016061155067781385,1975-2001
ES615,Huelva,1985,tfr,2.0638364886757556,2.06,0.0038364886757555894,1975-2001
ES615,Huelva,1985,mac,28.181232282312294,28.18,0.0012322823122943305,1975-2001
ES615,Huelva,1986,tfr,1.9392980462294622,1.94,-7.019537705377221e-4,1975-2001
ES615,Huelva,1986,mac,28.174012916362315,28.17,0.00401291636231349,1975-2001
ES615,Huelva,1987,tfr,1.8386822560426226,1.84,-0.001317743957377493,1975-2001
ES615,Huelva,1987,mac,28.172000306759955,28.17,0.0020003067599532187,1975-2001
ES615,Huelva,1988,tfr,1.7849698816652972,1.78,0.0049698816652972155,1975-2001
ES615,Huelva,1988,mac,28.094646100960617,28.09,0.004646100960616906,1975-2001
ES615,Huelva,1989,tfr,1.6966581216171015,1.7,-0.0033418783828984555,1975-2001
ES615,Huelva,1989,mac,28.11241609892742,28.110000000000003,0.0024160989274157885,1975-2001
ES615,Huelva,1990,tfr,1.6371899528085558,1.6400000000000001,-0.002810047191444287,1975-2001
ES615,Huelva,1990,mac,28.275228876282142,28.27,0.005228876282142636,1975-2001
ES615,Huelva,1991,tfr,1.4832991885185014,1.48,0.003299188518501417,1975-2001
ES615,Huelva,1991,mac,28.295011195881354,28.29,0.005011195881355235,1975-2001
ES615,Huelva,1992,tfr,1.5591423847493087,1.56,-8.576152506913903e-4,1975-2001
ES615,Huelva,1992,mac,28.593437987014195,28.59,0.003437987014194732,1975-2001
ES615,Huelva,1993,tfr,1.5042133673730296,1.5,0.004213367373029575,1975-2001
ES615,Huelva,1993,mac,28.918120739381617,28.919999999999998,-0.0018792606183808402,1975-2001
ES615,Huelva,1994,tfr,1.385845340789055,1.3900000000000001,-0.004154659210945155,1975-2001
ES615,Huelva,1994,mac,29.021070743753484,29.02,0.001070743753484038,1975-2001
ES615,Huelva,1995,tfr,1.3526207406997464,1.35,0.0026207406997462712,1975-2001
ES615,Huelva,1995,mac,29.229425982913938,29.23,-5.740170860626392e-4,1975-2001
ES615,Huelva,1996,tfr,1.2762658597042482,1.28,-0.003734140295751809,1975-2001
ES615,Huelva,1996,mac,29.44132056498974,29.439999999999998,0.0013205649897436444,1975-2001
ES615,Huelva,1997,tfr,1.274139206251914,1.27,0.004139206251913885,1975-2001
ES615,Huelva,1997,mac,29.547406047670425,29.55,-0.0025939523295761546,1975-2001
ES615,Huelva,1998,tfr,1.215615319912023,1.22,-0.004384680087976989,1975-2001
ES615,Huelva,1998,mac,29.601535574286785,29.6,0.0015355742867839695,1975-2001
ES615,Huelva,1999,tfr,1.2772088335767218,1.28,-0.0027911664232782574,1975-2001
ES615,Huelva,1999,mac,29.88611762218823,29.89,-0.0038823778117702545,1975-2001
ES615,Huelva,2000,tfr,1.2949791352664313,1.29,0.004979135266431234,1975-2001
ES615,Huelva,2000,mac,29.990285134864575,29.99,2.8513486457626414e-4,1975-2001
ES615,Huelva,2001,tfr,1.310671453225856,1.31,6.714532258560446e-4,1975-2001
ES615,Huelva,2001,mac,29.806192211941376,29.810000000000002,-0.003807788058626471,1975-2001
ES615,Huelva,2002,tfr,1.3221356720332376,1.32,0.002135672033237501,2002-2024
ES615,Huelva,2002,mac,30.010353974810887,30.01,3.539748108849494e-4,2002-2024
ES615,Huelva,2003,tfr,1.3594771917555493,1.36,-5.228082444508342e-4,2002-2024
ES615,Huelva,2003,mac,30.224761071995925,30.23,-0.00523892800407566,2002-2024
ES615,Huelva,2004,tfr,1.3506787933733149,1.35,6.787933733147788e-4,2002-2024
ES615,Huelva,2004,mac,30.20572284749395,30.21,-0.0042771525060523174,2002-2024
ES615,Huelva,2005,tfr,1.399603471093994,1.3900000000000001,0.009603471093993843,2002-2024
ES615,Huelva,2005,mac,30.0602382464844,30.06,2.382464844004062e-4,2002-2024
ES615,Huelva,2006,tfr,1.4091940877294624,1.41,-8.05912270537501e-4,2002-2024
ES615,Huelva,2006,mac,30.16421887851094,30.17,-0.005781121489061292,2002-2024
ES615,Huelva,2007,tfr,1.4365926531286823,1.42,0.01659265312868241,2002-2024
ES615,Huelva,2007,mac,29.89395395892963,29.89,0.003953958929628243,2002-2024
ES615,Huelva,2008,tfr,1.4939005476938465,1.49,0.0039005476938465122,2002-2024
ES615,Huelva,2008,mac,30.131342540550442,30.130000000000003,0.001342540550439253,2002-2024
ES615,Huelva,2009,tfr,1.4291352070989116,1.43,-8.647929010883182e-4,2002-2024
ES615,Huelva,2009,mac,30.17457577926332,30.17,0.004575779263319646,2002-2024
ES615,Huelva,2010,tfr,1.4176992091665197,1.41,0.007699209166519783,2002-2024
ES615,Huelva,2010,mac,30.443078958042502,30.43,0.013078958042502364,2002-2024
ES615,Huelva,2011,tfr,1.365761802053609,1.36,0.005761802053608989,2002-2024
ES615,Huelva,2011,mac,30.665898734476805,30.66,0.00589873447680489,2002-2024
ES615,Huelva,2012,tfr,1.317599604395557,1.32,-0.002400395604443162,2002-2024
ES615,Huelva,2012,mac,30.753341334616177,30.75,0.0033413346161772495,2002-2024
ES615,Huelva,2013,tfr,1.3630675773888794,1.36,0.0030675773888793056,2002-2024
ES615,Huelva,2013,mac,30.810907573643824,30.810000000000002,9.075736438219906e-4,2002-2024
ES615,Huelva,2014,tfr,1.3799596424316944,1.3800000000000001,-4.0357568305671165e-5,2002-2024
ES615,Huelva,2014,mac,30.77259660058026,30.77,0.0025966005802615655,2002-2024
ES615,Huelva,2015,tfr,1.3715120934899234,1.37,0.0015120934899233163,2002-2024
ES615,Huelva,2015,mac,30.87109346800928,30.87,0.0010934680092802296,2002-2024
ES615,Huelva,2016,tfr,1.334575447900199,1.33,0.004575447900198926,2002-2024
ES615,Huelva,2016,mac,31.09133680193373,31.09,0.0013368019337285375,2002-2024
ES615,Huelva,2017,tfr,1.3500870358400512,1.35,8.703584005109732e-5,2002-2024
ES615,Huelva,2017,mac,31.174236080958732,31.17,0.004236080958730071,2002-2024
ES615,Huelva,2018,tfr,1.2557583669338102,1.26,-0.004241633066189854,2002-2024
ES615,Huelva,2018,mac,31.243195528839387,31.25,-0.006804471160613446,2002-2024
ES615,Huelva,2019,tfr,1.3561332348059427,1.35,0.006133234805942633,2002-2024
ES615,Huelva,2019,mac,31.192163450102218,31.2,-0.007836549897781708,2002-2024
ES615,Huelva,2020,tfr,1.284720057056236,1.29,-0.005279942943763993,2002-2024
ES615,Huelva,2020,mac,31.314338497066363,31.32,-0.005661502933637763,2002-2024
ES615,Huelva,2021,tfr,1.2887486347527592,1.29,-0.0012513652472407877,2002-2024
ES615,Huelva,2021,mac,31.78740108128985,31.79,-0.0025989187101487232,2002-2024
ES615,Huelva,2022,tfr,1.2042520668235,1.2,0.004252066823499989,2002-2024
ES615,Huelva,2022,mac,31.731967493622733,31.73,0.001967493622732519,2002-2024
ES615,Huelva,2023,tfr,1.1519022172685907,1.1500000000000001,0.0019022172685905225,2002-2024
ES615,Huelva,2023,mac,31.544458191386273,31.54,0.004458191386273569,2002-2024
ES615,Huelva,2024,tfr,1.1535077312111723,1.1500000000000001,0.0035077312111722048,2002-2024
ES615,Huelva,2024,mac,31.735564406505155,31.74,-0.0044355934948434594,2002-2024
ES616,Jaen,1975,tfr,2.7124851914148844,2.71,0.002485191414884458,1975-2001
ES616,Jaen,1975,mac,29.710273105906765,29.71,2.73105906764215e-4,1975-2001
ES616,Jaen,1976,tfr,2.7398970968856884,2.74,-1.029031143118253e-4,1975-2001
ES616,Jaen,1976,mac,29.374936448807098,29.38,-0.005063551192900917,1975-2001
ES616,Jaen,1977,tfr,2.6179908252661876,2.62,-0.0020091747338124577,1975-2001
ES616,Jaen,1977,mac,29.22725598384366,29.23,-0.0027440161563418997,1975-2001
ES616,Jaen,1978,tfr,2.6102771106690037,2.61,2.7711066900382164e-4,1975-2001
ES616,Jaen,1978,mac,29.05349226115831,29.05,0.0034922611583105834,1975-2001
ES616,Jaen,1979,tfr,2.635913415339456,2.63,0.005913415339456218,1975-2001
ES616,Jaen,1979,mac,28.751067208491786,28.75,0.001067208491786431,1975-2001
ES616,Jaen,1980,tfr,2.6813324880346925,2.68,0.0013324880346923251,1975-2001
ES616,Jaen,1980,mac,28.63651640890247,28.630000000000003,0.006516408902466964,1975-2001
ES616,Jaen,1981,tfr,2.426322101470097,2.4299999999999997,-0.0036778985299026346,1975-2001
ES616,Jaen,1981,mac,28.577332452063246,28.58,-0.0026675479367526123,1975-2001
ES616,Jaen,1982,tfr,2.3861024037413388,2.3899999999999997,-0.003897596258660929,1975-2001
ES616,Jaen,1982,mac,28.681213444394153,28.68,0.0012134443941533846,1975-2001
ES616,Jaen,1983,tfr,2.277470167176848,2.2800000000000002,-0.0025298328231522227,1975-2001
ES616,Jaen,1983,mac,28.823586532333277,28.82,0.0035865323332764376,1975-2001
ES616,Jaen,1984,tfr,2.199564038683242,2.2,-4.3596131675815997e-4,1975-2001
ES616,Jaen,1984,mac,28.799697247807504,28.8,-3.027521924963139e-4,1975-2001
ES616,Jaen,1985,tfr,2.0527368522310656,2.05,0.0027368522310657895,1975-2001
ES616,Jaen,1985,mac,28.78935614872491,28.79,-6.438512750897019e-4,1975-2001
ES616,Jaen,1986,tfr,2.016793559563122,2.02,-0.003206440436878122,1975-2001
ES616,Jaen,1986,mac,28.774762868306805,28.77,0.004762868306805501,1975-2001
ES616,Jaen,1987,tfr,1.8958023781477926,1.9,-0.0041976218522072895,1975-2001
ES616,Jaen,1987,mac,28.795780132793045,28.8,-0.004219867206955996,1975-2001
ES616,Jaen,1988,tfr,1.841687093024389,1.84,0.0016870930243888527,1975-2001
ES616,Jaen,1988,mac,28.800530046118254,28.8,5.300461182535798e-4,1975-2001
ES616,Jaen,1989,tfr,1.8516463657058546,1.85,0.0016463657058545245,1975-2001
ES616,Jaen,1989,mac,28.915426125554195,28.91,0.0054261255541945275,1975-2001
ES616,Jaen,1990,tfr,1.7298390379976805,1.73,-1.6096200231952018e-4,1975-2001
ES616,Jaen,1990,mac,28.941870646591088,28.939999999999998,0.0018706465910902637,1975-2001
ES616,Jaen,1991,tfr,1.715106882836603,1.72,-0.0048931171633970205,1975-2001
ES616,Jaen,1991,mac,29.010323210522284,29.01,3.2321052228212466e-4,1975-2001
ES616,Jaen,1992,tfr,1.671916075930388,1.6700000000000002,0.001916075930387784,1975-2001
ES616,Jaen,1992,mac,28.932600530576057,28.93,0.002600530576057025,1975-2001
ES616,Jaen,1993,tfr,1.6864071373207,1.6900000000000002,-0.003592862679300257,1975-2001
ES616,Jaen,1993,mac,29.09757723904357,29.1,-0.002422760956431347,1975-2001
ES616,Jaen,1994,tfr,1.5608178408720021,1.56,8.178408720020958e-4,1975-2001
ES616,Jaen,1994,mac,29.2135637797328,29.21,0.0035637797328007537,1975-2001
ES616,Jaen,1995,tfr,1.4862139104360181,1.49,-0.0037860895639818537,1975-2001
ES616,Jaen,1995,mac,29.367885367385213,29.37,-0.002114632614787837,1975-2001
ES616,Jaen,1996,tfr,1.414255764047048,1.41,0.004255764047047972,1975-2001
ES616,Jaen,1996,mac,29.46905722566239,29.47,-9.427743376093645e-4,1975-2001
ES616,Jaen,1997,tfr,1.4048370674199069,1.4,0.004837067419906971,1975-2001
ES616,Jaen,1997,mac,29.571820030796534,29.57,0.0018200307965337004,1975-2001
ES616,Jaen,1998,tfr,1.3607074344097019,1.36,7.074344097017793e-4,1975-2001
ES616,Jaen,1998,mac,29.717453374326993,29.72,-0.0025466256730055647,1975-2001
ES616,Jaen,1999,tfr,1.4468440314889528,1.45,-0.003155968511047158,1975-2001
ES616,Jaen,1999,mac,29.90341388557836,29.9,0.0034138855783609756,1975-2001
ES616,Jaen,2000,tfr,1.3856621173151373,1.3900000000000001,-0.004337882684862793,1975-2001
ES616,Jaen,2000,mac,30.01175419128602,30.01,0.0017541912860181696,1975-2001
ES616,Jaen,2001,tfr,1.3368971138774601,1.34,-0.0031028861225399496,1975-2001
ES616,Jaen,2001,mac,30.036909363911278,30.04,-0.00309063608872151,1975-2001
ES616,Jaen,2002,tfr,1.3644413069394592,1.36,0.0044413069394591,2002-2024
ES616,Jaen,2002,mac,30.053151351823537,30.06,-0.00684864817646158,2002-2024
ES616,Jaen,2003,tfr,1.40445811691897,1.4,0.004458116918970134,2002-2024
ES616,Jaen,2003,mac,30.241941030590105,30.24,0.0019410305901068625,2002-2024
ES616,Jaen,2004,tfr,1.4234136863096023,1.42,0.0034136863096023706,2002-2024
ES616,Jaen,2004,mac,30.253097967715117,30.25,0.003097967715117278,2002-2024
ES616,Jaen,2005,tfr,1.3983636214504604,1.4,-0.0016363785495394634,2002-2024
ES616,Jaen,2005,mac,30.299677705587637,30.3,-3.2229441236353296e-4,2002-2024
ES616,Jaen,2006,tfr,1.4634888327970874,1.46,0.003488832797087449,2002-2024
ES616,Jaen,2006,mac,30.398132084413444,30.4,-0.001867915586554858,2002-2024
ES616,Jaen,2007,tfr,1.4439842814172126,1.44,0.003984281417212632,2002-2024
ES616,Jaen,2007,mac,30.39764671515741,30.4,-0.0023532848425880104,2002-2024
ES616,Jaen,2008,tfr,1.5236284623013832,1.52,0.0036284623013831396,2002-2024
ES616,Jaen,2008,mac,30.48665421949661,30.49,-0.0033457805033876298,2002-2024
ES616,Jaen,2009,tfr,1.4382182745054513,1.44,-0.0017817254945486916,2002-2024
ES616,Jaen,2009,mac,30.58566055096864,30.59,-0.004339449031359521,2002-2024
ES616,Jaen,2010,tfr,1.3908675308046932,1.3900000000000001,8.675308046930397e-4,2002-2024
ES616,Jaen,2010,mac,30.69328687947009,30.69,0.003286879470088877,2002-2024
ES616,Jaen,2011,tfr,1.3825594060780502,1.3800000000000001,0.0025594060780500527,2002-2024
ES616,Jaen,2011,mac,30.888479757730266,30.89,-0.00152024226973424,2002-2024
ES616,Jaen,2012,tfr,1.3467572334115745,1.35,-0.003242766588425594,2002-2024
ES616,Jaen,2012,mac,31.06190613023592,31.06,0.0019061302359197896,2002-2024
ES616,Jaen,2013,tfr,1.279274912121824,1.28,-7.25087878175934e-4,2002-2024
ES616,Jaen,2013,mac,31.11177217586946,31.110000000000003,0.0017721758694584366,2002-2024
ES616,Jaen,2014,tfr,1.3225285523766042,1.32,0.0025285523766040985,2002-2024
ES616,Jaen,2014,mac,31.173777994149148,31.18,-0.006222005850851531,2002-2024
ES616,Jaen,2015,tfr,1.314138261855201,1.31,0.004138261855201053,2002-2024
ES616,Jaen,2015,mac,31.44351570324239,31.439999999999998,0.003515703242392476,2002-2024
ES616,Jaen,2016,tfr,1.3257455538956857,1.33,-0.004254446104314358,2002-2024
ES616,Jaen,2016,mac,31.614914385058675,31.610000000000003,0.004914385058672366,2002-2024
ES616,Jaen,2017,tfr,1.2433746881347418,1.24,0.0033746881347418434,2002-2024
ES616,Jaen,2017,mac,31.706344817944306,31.71,-0.0036551820556951498,2002-2024
ES616,Jaen,2018,tfr,1.2661257211994972,1.26,0.006125721199497169,2002-2024
ES616,Jaen,2018,mac,31.837386839946905,31.84,-0.002613160053094532,2002-2024
ES616,Jaen,2019,tfr,1.252346582397737,1.25,0.002346582397737107,2002-2024
ES616,Jaen,2019,mac,31.914908079849894,31.91,0.004908079849894165,2002-2024
ES616,Jaen,2020,tfr,1.2171434470807918,1.22,-0.0028565529192081662,2002-2024
ES616,Jaen,2020,mac,31.91249248414497,31.91,0.002492484144969609,2002-2024
ES616,Jaen,2021,tfr,1.2270660907723143,1.23,-0.0029339092276856604,2002-2024
ES616,Jaen,2021,mac,31.881822426057294,31.88,0.0018224260572949902,2002-2024
ES616,Jaen,2022,tfr,1.1758536913626476,1.1800000000000002,-0.004146308637352547,2002-2024
ES616,Jaen,2022,mac,32.19413939939432,32.190000000000005,0.004139399394311738,2002-2024
ES616,Jaen,2023,tfr,1.1900128019094667,1.1900000000000002,1.2801909466508832e-5,2002-2024
ES616,Jaen,2023,mac,32.21113527646737,32.21,0.0011352764673659976,2002-2024
ES616,Jaen,2024,tfr,1.1855135247680064,1.1900000000000002,-0.004486475231993747,2002-2024
ES616,Jaen,2024,mac,32.10790103750416,32.11,-0.0020989624958360764,2002-2024
ES617,Malaga,1975,tfr,3.074224089760035,3.07,0.004224089760035188,1975-2001
ES617,Malaga,1975,mac,28.947900129288367,28.95,-0.0020998707116319792,1975-2001
ES617,Malaga,1976,tfr,2.998806729522666,3,-0.0011932704773340852,1975-2001
ES617,Malaga,1976,mac,28.60733346879993,28.610000000000003,-0.002666531200073763,1975-2001
ES617,Malaga,1977,tfr,2.873730877173368,2.8699999999999997,0.0037308771733681745,1975-2001
ES617,Malaga,1977,mac,28.557210477284123,28.56,-0.0027895227158758473,1975-2001
ES617,Malaga,1978,tfr,2.769754588343781,2.77,-2.4541165621894123e-4,1975-2001
ES617,Malaga,1978,mac,28.480439341547584,28.479999999999997,4.393415475867357e-4,1975-2001
ES617,Malaga,1979,tfr,2.5895137710024,2.59,-4.8622899759998006e-4,1975-2001
ES617,Malaga,1979,mac,28.300363494004873,28.3,3.634940048726776e-4,1975-2001
ES617,Malaga,1980,tfr,2.4792181117670533,2.48,-7.818882329466703e-4,1975-2001
ES617,Malaga,1980,mac,28.258044239177472,28.259999999999998,-0.0019557608225255763,1975-2001
ES617,Malaga,1981,tfr,2.3554840614707175,2.36,-0.004515938529282337,1975-2001
ES617,Malaga,1981,mac,28.292491371805717,28.29,0.0024913718057177903,1975-2001
ES617,Malaga,1982,tfr,2.3124894205387774,2.3099999999999996,0.0024894205387777646,1975-2001
ES617,Malaga,1982,mac,28.387123012753445,28.39,-0.0028769872465552737,1975-2001
ES617,Malaga,1983,tfr,2.144547047770308,2.14,0.004547047770307788,1975-2001
ES617,Malaga,1983,mac,28.384693702605638,28.39,-0.0053062973943625025,1975-2001
ES617,Malaga,1984,tfr,2.0270001624713885,2.03,-0.0029998375286113266,1975-2001
ES617,Malaga,1984,mac,28.35669665247737,28.36,-0.003303347522628286,1975-2001
ES617,Malaga,1985,tfr,1.8797423733739234,1.8800000000000001,-2.576266260767568e-4,1975-2001
ES617,Malaga,1985,mac,28.30092051158667,28.3,9.205115866706137e-4,1975-2001
ES617,Malaga,1986,tfr,1.7624854999610158,1.76,0.002485499961015769,1975-2001
ES617,Malaga,1986,mac,28.395796046218805,28.4,-0.004203953781193093,1975-2001
ES617,Malaga,1987,tfr,1.705047564251259,1.7,0.0050475642512590735,1975-2001
ES617,Malaga,1987,mac,28.480437234131454,28.479999999999997,4.372341314571315e-4,1975-2001
ES617,Malaga,1988,tfr,1.6174247670410424,1.62,-0.002575232958957674,1975-2001
ES617,Malaga,1988,mac,28.403228492377387,28.4,0.0032284923773886476,1975-2001
ES617,Malaga,1989,tfr,1.452595905874131,1.45,0.0025959058741309438,1975-2001
ES617,Malaga,1989,mac,28.502904333524643,28.5,0.0029043335246434765,1975-2001
ES617,Malaga,1990,tfr,1.4646494343155727,1.46,0.0046494343155727424,1975-2001
ES617,Malaga,1990,mac,28.67685855157269,28.68,-0.003141448427310678,1975-2001
ES617,Malaga,1991,tfr,1.4705468590793318,1.47,5.468590793318295e-4,1975-2001
ES617,Malaga,1991,mac,28.764058281655686,28.759999999999998,0.004058281655687779,1975-2001
ES617,Malaga,1992,tfr,1.4541430000715694,1.45,0.004143000071569425,1975-2001
ES617,Malaga,1992,mac,29.131461517901812,29.130000000000003,0.0014615179018093727,1975-2001
ES617,Malaga,1993,tfr,1.3761312707025872,1.3800000000000001,-0.0038687292974128873,1975-2001
ES617,Malaga,1993,mac,29.282303548891942,29.279999999999998,0.002303548891944729,1975-2001
ES617,Malaga,1994,tfr,1.2906214625468344,1.29,6.214625468343726e-4,1975-2001
ES617,Malaga,1994,mac,29.486321231718943,29.49,-0.003678768281055511,1975-2001
ES617,Malaga,1995,tfr,1.261686165874209,1.26,0.0016861658742088892,1975-2001
ES617,Malaga,1995,mac,29.7075439649555,29.71,-0.002456035044499316,1975-2001
ES617,Malaga,1996,tfr,1.2391773556447527,1.24,-8.226443552472595e-4,1975-2001
ES617,Malaga,1996,mac,29.916400493659808,29.919999999999998,-0.0035995063401905725,1975-2001
ES617,Malaga,1997,tfr,1.2500745352894433,1.25,7.453528944334487e-5,1975-2001
ES617,Malaga,1997,mac,30.036308817591483,30.04,-0.0036911824085166245,1975-2001
ES617,Malaga,1998,tfr,1.2110397617284399,1.21,0.001039761728439892,1975-2001
ES617,Malaga,1998,mac,30.18264728110812,30.18,0.002647281108121291,1975-2001
ES617,Malaga,1999,tfr,1.261565381370012,1.26,0.0015653813700120534,1975-2001
ES617,Malaga,1999,mac,30.236090366651062,30.24,-0.003909633348936126,1975-2001
ES617,Malaga,2000,tfr,1.3063199710168587,1.31,-0.003680028983141348,1975-2001
ES617,Malaga,2000,mac,30.251661945025873,30.25,0.001661945025873024,1975-2001
ES617,Malaga,2001,tfr,1.3309007550122383,1.34,-0.009099244987761823,1975-2001
ES617,Malaga,2001,mac,30.265050585286502,30.259999999999998,0.005050585286504372,1975-2001
ES617,Malaga,2002,tfr,1.3410389944258312,1.34,0.001038994425831108,2002-2024
ES617,Malaga,2002,mac,30.32840415093683,30.330000000000002,-0.0015958490631717837,2002-2024
ES617,Malaga,2003,tfr,1.4135987412922666,1.41,0.0035987412922666717,2002-2024
ES617,Malaga,2003,mac,30.388618369625387,30.39,-0.0013816303746132519,2002-2024
ES617,Malaga,2004,tfr,1.44344898014506,1.45,-0.006551019854939888,2002-2024
ES617,Malaga,2004,mac,30.361547921307636,30.36,0.0015479213076368126,2002-2024
ES617,Malaga,2005,tfr,1.4638536033555933,1.46,0.0038536033555933713,2002-2024
ES617,Malaga,2005,mac,30.363807778780167,30.37,-0.006192221219833982,2002-2024
ES617,Malaga,2006,tfr,1.4999070886178332,1.5,-9.291138216682704e-5,2002-2024
ES617,Malaga,2006,mac,30.359562058378742,30.36,-4.379416212572096e-4,2002-2024
ES617,Malaga,2007,tfr,1.5023561011356827,1.5,0.002356101135682742,2002-2024
ES617,Malaga,2007,mac,30.39531089506057,30.4,-0.004689104939426869,2002-2024
ES617,Malaga,2008,tfr,1.5472145523095673,1.54,0.007214552309567246,2002-2024
ES617,Malaga,2008,mac,30.385192400597607,30.39,-0.004807599402393947,2002-2024
ES617,Malaga,2009,tfr,1.4422161815375032,1.44,0.002216181537503248,2002-2024
ES617,Malaga,2009,mac,30.760207957255766,30.759999999999998,2.0795725576761015e-4,2002-2024
ES617,Malaga,2010,tfr,1.428969282721295,1.43,-0.0010307172787049623,2002-2024
ES617,Malaga,2010,mac,30.71031174308894,30.71,3.117430889396644e-4,2002-2024
ES617,Malaga,2011,tfr,1.4054821989887532,1.41,-0.004517801011246769,2002-2024
ES617,Malaga,2011,mac,31.013394427222327,31.01,0.0033944272223251915,2002-2024
ES617,Malaga,2012,tfr,1.3830443654264306,1.3800000000000001,0.0030443654264304953,2002-2024
ES617,Malaga,2012,mac,31.112509060262532,31.110000000000003,0.0025090602625290614,2002-2024
ES617,Malaga,2013,tfr,1.3124440144171592,1.31,0.002444014417159135,2002-2024
ES617,Malaga,2013,mac,31.20942770172985,31.21,-5.722982701499291e-4,2002-2024
ES617,Malaga,2014,tfr,1.3533792631591188,1.35,0.0033792631591187394,2002-2024
ES617,Malaga,2014,mac,31.287983771478658,31.29,-0.0020162285213416453,2002-2024
ES617,Malaga,2015,tfr,1.3395646808878403,1.34,-4.3531911215977104e-4,2002-2024
ES617,Malaga,2015,mac,31.458457080004482,31.459999999999997,-0.0015429199955150352,2002-2024
ES617,Malaga,2016,tfr,1.3360436413988925,1.34,-0.003956358601107546,2002-2024
ES617,Malaga,2016,mac,31.54735616242234,31.55,-0.002643837577661401,2002-2024
ES617,Malaga,2017,tfr,1.310542082606874,1.31,5.420826068740503e-4,2002-2024
ES617,Malaga,2017,mac,31.62655166046679,31.630000000000003,-0.003448339533210998,2002-2024
ES617,Malaga,2018,tfr,1.2417462935037618,1.25,-0.008253706496238244,2002-2024
ES617,Malaga,2018,mac,31.723475003702536,31.72,0.0034750037025368385,2002-2024
ES617,Malaga,2019,tfr,1.2285956837069012,1.23,-0.001404316293098784,2002-2024
ES617,Malaga,2019,mac,31.810287293844368,31.810000000000002,2.872938443658768e-4,2002-2024
ES617,Malaga,2020,tfr,1.1671052635882322,1.1700000000000002,-0.002894736411767962,2002-2024
ES617,Malaga,2020,mac,31.88631297886552,31.89,-0.003687021134481938,2002-2024
ES617,Malaga,2021,tfr,1.176485504706751,1.1800000000000002,-0.003514495293249098,2002-2024
ES617,Malaga,2021,mac,32.20706962745271,32.21,-0.0029303725472900055,2002-2024
ES617,Malaga,2022,tfr,1.126462709836252,1.1300000000000001,-0.0035372901637480414,2002-2024
ES617,Malaga,2022,mac,32.327126105698184,32.33,-0.0028738943018140617,2002-2024
ES617,Malaga,2023,tfr,1.0800679578265042,1.08,6.795782650415028e-5,2002-2024
ES617,Malaga,2023,mac,32.246263753762946,32.25,-0.0037362462370538196,2002-2024
ES617,Malaga,2024,tfr,1.0712418216801074,1.07,0.0012418216801073356,2002-2024
ES617,Malaga,2024,mac,32.34164632872745,32.339999999999996,0.0016463287274532945,2002-2024
ES618,Sevilla,1975,tfr,3.242197587287169,3.24,0.0021975872871689006,1975-2001
ES618,Sevilla,1975,mac,29.205669249238557,29.21,-0.004330750761443625,1975-2001
ES618,Sevilla,1976,tfr,3.3002644889112625,3.3,2.644889112626281e-4,1975-2001
ES618,Sevilla,1976,mac,28.819676692553298,28.82,-3.2330744670261424e-4,1975-2001
ES618,Sevilla,1977,tfr,3.274671861800389,3.27,0.004671861800388921,1975-2001
ES618,Sevilla,1977,mac,28.668980447950805,28.67,-0.0010195520491969035,1975-2001
ES618,Sevilla,1978,tfr,3.1755829408190217,3.18,-0.004417059180978455,1975-2001
ES618,Sevilla,1978,mac,28.607899644468866,28.610000000000003,-0.00210035553113741,1975-2001
ES618,Sevilla,1979,tfr,2.926043941222542,2.9299999999999997,-0.003956058777457638,1975-2001
ES618,Sevilla,1979,mac,28.462591478872117,28.459999999999997,0.0025914788721195237,1975-2001
ES618,Sevilla,1980,tfr,2.8403301609686498,2.84,3.301609686499063e-4,1975-2001
ES618,Sevilla,1980,mac,28.292401008860853,28.29,0.002401008860854148,1975-2001
ES618,Sevilla,1981,tfr,2.6100444333963164,2.61,4.4433396316545526e-5,1975-2001
ES618,Sevilla,1981,mac,28.318783971113138,28.32,-0.0012160288868621194,1975-2001
ES618,Sevilla,1982,tfr,2.5069786150752016,2.51,-0.0030213849247981983,1975-2001
ES618,Sevilla,1982,mac,28.39097901871519,28.39,9.790187151885732e-4,1975-2001
ES618,Sevilla,1983,tfr,2.3299821933440032,2.3299999999999996,-1.780665599637743e-5,1975-2001
ES618,Sevilla,1983,mac,28.427208938621764,28.43,-0.002791061378236037,1975-2001
ES618,Sevilla,1984,tfr,2.1493852439820698,2.15,-6.147560179301514e-4,1975-2001
ES618,Sevilla,1984,mac,28.430730750681874,28.43,7.307506818747811e-4,1975-2001
ES618,Sevilla,1985,tfr,2.0118572591409474,2.01,0.001857259140947587,1975-2001
ES618,Sevilla,1985,mac,28.506340878022637,28.51,-0.003659121977364066,1975-2001
ES618,Sevilla,1986,tfr,1.890388791062665,1.8900000000000001,3.8879106266498376e-4,1975-2001
ES618,Sevilla,1986,mac,28.548351215921993,28.55,-0.0016487840780072816,1975-2001
ES618,Sevilla,1987,tfr,1.8156690706098857,1.82,-0.004330929390114369,1975-2001
ES618,Sevilla,1987,mac,28.510969999077446,28.51,9.699990774443279e-4,1975-2001
ES618,Sevilla,1988,tfr,1.7478133720711075,1.75,-0.0021866279288924595,1975-2001
ES618,Sevilla,1988,mac,28.451022538478917,28.45,0.001022538478917312,1975-2001
ES618,Sevilla,1989,tfr,1.679440659748877,1.6800000000000002,-5.593402511232526e-4,1975-2001
ES618,Sevilla,1989,mac,28.608802841943426,28.610000000000003,-0.0011971580565770523,1975-2001
ES618,Sevilla,1990,tfr,1.647302294751006,1.6500000000000001,-0.0026977052489940423,1975-2001
ES618,Sevilla,1990,mac,28.627405689203947,28.630000000000003,-0.0025943107960557654,1975-2001
ES618,Sevilla,1991,tfr,1.6275602083510035,1.6300000000000001,-0.0024397916489966587,1975-2001
ES618,Sevilla,1991,mac,28.841654306361374,28.84,0.0016543063613738695,1975-2001
ES618,Sevilla,1992,tfr,1.5823687734958733,1.58,0.0023687734958732776,1975-2001
ES618,Sevilla,1992,mac,28.88792606068217,28.89,-0.00207393931783173,1975-2001
ES618,Sevilla,1993,tfr,1.547199630045743,1.55,-0.0028003699542571425,1975-2001
ES618,Sevilla,1993,mac,29.134461720899942,29.130000000000003,0.004461720899939792,1975-2001
ES618,Sevilla,1994,tfr,1.435993926656268,1.44,-0.004006073343731931,1975-2001
ES618,Sevilla,1994,mac,29.377468475567277,29.38,-0.0025315244327224207,1975-2001
ES618,Sevilla,1995,tfr,1.3573607267150054,1.36,-0.002639273284994692,1975-2001
ES618,Sevilla,1995,mac,29.639217389486245,29.64,-7.826105137560546e-4,1975-2001
ES618,Sevilla,1996,tfr,1.2979188600943328,1.3,-0.002081139905667273,1975-2001
ES618,Sevilla,1996,mac,29.921155430671988,29.919999999999998,0.0011554306719894214,1975-2001
ES618,Sevilla,1997,tfr,1.3174285848538836,1.32,-0.0025714151461164736,1975-2001
ES618,Sevilla,1997,mac,29.970205731903622,29.97,2.057319036232741e-4,1975-2001
ES618,Sevilla,1998,tfr,1.273687356721725,1.27,0.0036873567217250436,1975-2001
ES618,Sevilla,1998,mac,30.109082848283933,30.110000000000003,-9.171517160702081e-4,1975-2001
ES618,Sevilla,1999,tfr,1.2913662256547878,1.29,0.0013662256547877227,1975-2001
ES618,Sevilla,1999,mac,30.264447740060156,30.259999999999998,0.004447740060157912,1975-2001
ES618,Sevilla,2000,tfr,1.343894208302073,1.34,0.003894208302072988,1975-2001
ES618,Sevilla,2000,mac,30.425123804780547,30.419999999999998,0.005123804780549079,1975-2001
ES618,Sevilla,2001,tfr,1.3279620038686608,1.33,-0.002037996131339259,1975-2001
ES618,Sevilla,2001,mac,30.508185650576117,30.51,-0.00181434942388492,1975-2001
ES618,Sevilla,2002,tfr,1.3439226621416134,1.34,0.003922662141613298,2002-2024
ES618,Sevilla,2002,mac,30.575640060493868,30.57,0.005640060493867338,2002-2024
ES618,Sevilla,2003,tfr,1.3876773888741425,1.3900000000000001,-0.002322611125857632,2002-2024
ES618,Sevilla,2003,mac,30.692435797908868,30.69,0.0024357979088662773,2002-2024
ES618,Sevilla,2004,tfr,1.4249369060798387,1.43,-0.0050630939201612435,2002-2024
ES618,Sevilla,2004,mac,30.624608858213964,30.62,0.004608858213963174,2002-2024
ES618,Sevilla,2005,tfr,1.4710110624852124,1.47,0.0010110624852124328,2002-2024
ES618,Sevilla,2005,mac,30.744735566296693,30.75,-0.005264433703306537,2002-2024
ES618,Sevilla,2006,tfr,1.5185744207560403,1.52,-0.001425579243959696,2002-2024
ES618,Sevilla,2006,mac,30.741416841763694,30.74,0.0014168417636959418,2002-2024
ES618,Sevilla,2007,tfr,1.5403843474777572,1.54,3.8434747775717426e-4,2002-2024
ES618,Sevilla,2007,mac,30.73302026929768,30.73,0.003020269297678624,2002-2024
ES618,Sevilla,2008,tfr,1.6487520491161833,1.6500000000000001,-0.0012479508838167952,2002-2024
ES618,Sevilla,2008,mac,30.679464762864637,30.68,-5.352371353630758e-4,2002-2024
ES618,Sevilla,2009,tfr,1.5578503139251478,1.56,-0.0021496860748522195,2002-2024
ES618,Sevilla,2009,mac,30.87032051148172,30.87,3.205114817177446e-4,2002-2024
ES618,Sevilla,2010,tfr,1.5123897773144839,1.51,0.002389777314483865,2002-2024
ES618,Sevilla,2010,mac,31.0352222892514,31.04,-0.004777710748598452,2002-2024
ES618,Sevilla,2011,tfr,1.456732630238633,1.46,-0.0032673697613669894,2002-2024
ES618,Sevilla,2011,mac,31.425271304013876,31.419999999999998,0.0052713040138776535,2002-2024
ES618,Sevilla,2012,tfr,1.4233566085722376,1.42,0.0033566085722376293,2002-2024
ES618,Sevilla,2012,mac,31.463102932607118,31.459999999999997,0.0031029326071205787,2002-2024
ES618,Sevilla,2013,tfr,1.3821175407716364,1.3800000000000001,0.0021175407716362837,2002-2024
ES618,Sevilla,2013,mac,31.587332288086206,31.59,-0.002667711913794335,2002-2024
ES618,Sevilla,2014,tfr,1.4327562529799374,1.43,0.0027562529799374236,2002-2024
ES618,Sevilla,2014,mac,31.65718715626755,31.66,-0.0028128437324497213,2002-2024
ES618,Sevilla,2015,tfr,1.422655212196721,1.42,0.0026552121967211573,2002-2024
ES618,Sevilla,2015,mac,31.814383438757115,31.810000000000002,0.004383438757113112,2002-2024
ES618,Sevilla,2016,tfr,1.4319288760212585,1.43,0.0019288760212585743,2002-2024
ES618,Sevilla,2016,mac,31.854374707294294,31.85,0.00437470729429279,2002-2024
ES618,Sevilla,2017,tfr,1.3824556841398437,1.3800000000000001,0.002455684139843539,2002-2024
ES618,Sevilla,2017,mac,31.958574096132388,31.959999999999997,-0.0014259038676094349,2002-2024
ES618,Sevilla,2018,tfr,1.3495082020211238,1.35,-4.917979788763294e-4,2002-2024
ES618,Sevilla,2018,mac,32.165157697038886,32.160000000000004,0.005157697038882247,2002-2024
ES618,Sevilla,2019,tfr,1.3081548418585331,1.31,-0.0018451581414669072,2002-2024
ES618,Sevilla,2019,mac,32.18667984749999,32.190000000000005,-0.0033201525000166043,2002-2024
ES618,Sevilla,2020,tfr,1.2801034645613365,1.28,1.0346456133647486e-4,2002-2024
ES618,Sevilla,2020,mac,32.158804535194065,32.160000000000004,-0.001195464805938684,2002-2024
ES618,Sevilla,2021,tfr,1.3069398660432605,1.31,-0.0030601339567395414,2002-2024
ES618,Sevilla,2021,mac,32.468584211162536,32.47,-0.0014157888374626282,2002-2024
ES618,Sevilla,2022,tfr,1.2379118765500952,1.24,-0.002088123449904833,2002-2024
ES618,Sevilla,2022,mac,32.37195049675604,32.37,0.0019504967560450837,2002-2024
ES618,Sevilla,2023,tfr,1.234475403395614,1.23,0.0044754033956140304,2002-2024
ES618,Sevilla,2023,mac,32.35179348355101,32.349999999999994,0.0017934835510189373,2002-2024
ES618,Sevilla,2024,tfr,1.2051747236759045,1.21,-0.004825276324095462,2002-2024
ES618,Sevilla,2024,mac,32.522353795915826,32.52,0.002353795915823298,2002-2024
ES620,Murcia,1975,tfr,3.2132010375245734,3.21,0.003201037524573458,1975-2001
ES620,Murcia,1975,mac,28.698421563301974,28.7,-0.0015784366980255982,1975-2001
ES620,Murcia,1976,tfr,3.3617241177583868,3.36,0.0017241177583868783,1975-2001
ES620,Murcia,1976,mac,28.472762839247334,28.47,0.002762839247335336,1975-2001
ES620,Murcia,1977,tfr,3.2157674158026803,3.22,-0.004232584197319866,1975-2001
ES620,Murcia,1977,mac,28.33979743561776,28.34,-2.025643822385348e-4,1975-2001
ES620,Murcia,1978,tfr,3.1326525695462673,3.13,0.002652569546267358,1975-2001
ES620,Murcia,1978,mac,28.18962218389685,28.19,-3.778161031497973e-4,1975-2001
ES620,Murcia,1979,tfr,3.042006336078597,3.04,0.0020063360785971263,1975-2001
ES620,Murcia,1979,mac,28.187176141052188,28.19,-0.0028238589478135623,1975-2001
ES620,Murcia,1980,tfr,2.8918281585594103,2.8899999999999997,0.001828158559410653,1975-2001
ES620,Murcia,1980,mac,28.177886123800576,28.18,-0.0021138761994237143,1975-2001
ES620,Murcia,1981,tfr,2.5964731937753434,2.6,-0.003526806224656731,1975-2001
ES620,Murcia,1981,mac,28.157867618366804,28.16,-0.0021323816331957346,1975-2001
ES620,Murcia,1982,tfr,2.5078825908410995,2.51,-0.002117409158900241,1975-2001
ES620,Murcia,1982,mac,28.28389908423025,28.279999999999998,0.003899084230251759,1975-2001
ES620,Murcia,1983,tfr,2.2635016502748906,2.2600000000000002,0.0035016502748903555,1975-2001
ES620,Murcia,1983,mac,28.487441927099688,28.49,-0.002558072900310293,1975-2001
ES620,Murcia,1984,tfr,2.1262313574974914,2.13,-0.0037686425025085235,1975-2001
ES620,Murcia,1984,mac,28.377454152341986,28.38,-0.00254584765801269,1975-2001
ES620,Murcia,1985,tfr,2.029921524054722,2.03,-7.847594527765622e-5,1975-2001
ES620,Murcia,1985,mac,28.501214247707352,28.5,0.001214247707352456,1975-2001
ES620,Murcia,1986,tfr,1.8955120114253308,1.9,-0.004487988574669144,1975-2001
ES620,Murcia,1986,mac,28.429858374452927,28.43,-1.416255470729766e-4,1975-2001
ES620,Murcia,1987,tfr,1.8562849865105135,1.86,-0.0037150134894865516,1975-2001
ES620,Murcia,1987,mac,28.493988599839135,28.49,0.003988599839136242,1975-2001
ES620,Murcia,1988,tfr,1.8078592767477146,1.81,-0.002140723252285426,1975-2001
ES620,Murcia,1988,mac,28.44047389612396,28.439999999999998,4.738961239638684e-4,1975-2001
ES620,Murcia,1989,tfr,1.7752889708901118,1.78,-0.004711029109888187,1975-2001
ES620,Murcia,1989,mac,28.605190296893767,28.6,0.005190296893765378,1975-2001
ES620,Murcia,1990,tfr,1.7273578439720423,1.73,-0.0026421560279576983,1975-2001
ES620,Murcia,1990,mac,28.7244435877921,28.72,0.004443587792099635,1975-2001
ES620,Murcia,1991,tfr,1.6782686162009128,1.6800000000000002,-0.001731383799087327,1975-2001
ES620,Murcia,1991,mac,28.807596292178697,28.810000000000002,-0.0024037078213048346,1975-2001
ES620,Murcia,1992,tfr,1.6344932335878026,1.6300000000000001,0.004493233587802514,1975-2001
ES620,Murcia,1992,mac,29.01734911416312,29.02,-0.002650885836878558,1975-2001
ES620,Murcia,1993,tfr,1.5468331010308045,1.55,-0.0031668989691955307,1975-2001
ES620,Murcia,1993,mac,29.255517382034242,29.259999999999998,-0.004482617965756219,1975-2001
ES620,Murcia,1994,tfr,1.415619415179984,1.42,-0.00438058482001602,1975-2001
ES620,Murcia,1994,mac,29.493913623543747,29.49,0.003913623543748912,1975-2001
ES620,Murcia,1995,tfr,1.3894748211023864,1.3900000000000001,-5.251788976137206e-4,1975-2001
ES620,Murcia,1995,mac,29.63059422645698,29.630000000000003,5.942264569789302e-4,1975-2001
ES620,Murcia,1996,tfr,1.3723072000316163,1.37,0.002307200031616219,1975-2001
ES620,Murcia,1996,mac,29.93187439234228,29.93,0.0018743923422803732,1975-2001
ES620,Murcia,1997,tfr,1.3801544463472168,1.3800000000000001,1.5444634721673012e-4,1975-2001
ES620,Murcia,1997,mac,30.04459501041849,30.05,-0.005404989581510478,1975-2001
ES620,Murcia,1998,tfr,1.3363026697192066,1.34,-0.0036973302807934427,1975-2001
ES620,Murcia,1998,mac,30.167043252977578,30.17,-0.002956747022423656,1975-2001
ES620,Murcia,1999,tfr,1.347294546772677,1.35,-0.0027054532273231846,1975-2001
ES620,Murcia,1999,mac,30.190474050707323,30.19,4.740507073215383e-4,1975-2001
ES620,Murcia,2000,tfr,1.4384030161728854,1.44,-0.0015969838271145953,1975-2001
ES620,Murcia,2000,mac,30.13614079665155,30.14,-0.0038592033484512456,1975-2001
ES620,Murcia,2001,tfr,1.4999609135624394,1.5,-3.9086437560564846e-5,1975-2001
ES620,Murcia,2001,mac,30.041681441199543,30.04,0.0016814411995440537,1975-2001
ES620,Murcia,2002,tfr,1.5134998703179416,1.51,0.0034998703179416335,2002-2024
ES620,Murcia,2002,mac,30.103733687674,30.110000000000003,-0.006266312326001611,2002-2024
ES620,Murcia,2003,tfr,1.5691297741007864,1.57,-8.702258992137057e-4,2002-2024
ES620,Murcia,2003,mac,30.02122598928938,30.03,-0.008774010710620672,2002-2024
ES620,Murcia,2004,tfr,1.5570607240738974,1.56,-0.002939275926102658,2002-2024
ES620,Murcia,2004,mac,30.152341045886047,30.150000000000002,0.002341045886044668,2002-2024
ES620,Murcia,2005,tfr,1.5878764463483634,1.58,0.007876446348363375,2002-2024
ES620,Murcia,2005,mac,30.158867247317527,30.16,-0.0011327526824729262,2002-2024
ES620,Murcia,2006,tfr,1.6248497304448515,1.6300000000000001,-0.005150269555148634,2002-2024
ES620,Murcia,2006,mac,30.251627593335428,30.25,0.001627593335427946,2002-2024
ES620,Murcia,2007,tfr,1.6460760534422867,1.6400000000000001,0.006076053442286566,2002-2024
ES620,Murcia,2007,mac,30.082942627488602,30.09,-0.007057372511397375,2002-2024
ES620,Murcia,2008,tfr,1.6967608762887685,1.6900000000000002,0.006760876288768314,2002-2024
ES620,Murcia,2008,mac,30.148996817044427,30.150000000000002,-0.0010031829555749994,2002-2024
ES620,Murcia,2009,tfr,1.624127929574942,1.62,0.004127929574941902,2002-2024
ES620,Murcia,2009,mac,30.36815786216842,30.37,-0.0018421378315807146,2002-2024
ES620,Murcia,2010,tfr,1.5912102219864892,1.59,0.001210221986489124,2002-2024
ES620,Murcia,2010,mac,30.626688360254885,30.630000000000003,-0.0033116397451173896,2002-2024
ES620,Murcia,2011,tfr,1.5609009363817008,1.56,9.009363817007454e-4,2002-2024
ES620,Murcia,2011,mac,30.74466994459773,30.74,0.004669944597733178,2002-2024
ES620,Murcia,2012,tfr,1.5249716203401475,1.52,0.004971620340147531,2002-2024
ES620,Murcia,2012,mac,30.883451772438693,30.88,0.0034517724386944337,2002-2024
ES620,Murcia,2013,tfr,1.5043691442497493,1.5,0.004369144249749324,2002-2024
ES620,Murcia,2013,mac,31.01427430170214,31.01,0.0042743017021393825,2002-2024
ES620,Murcia,2014,tfr,1.5593971017490007,1.56,-6.028982509993508e-4,2002-2024
ES620,Murcia,2014,mac,31.09797583681536,31.1,-0.0020241631846431574,2002-2024
ES620,Murcia,2015,tfr,1.5649937693524938,1.57,-0.005006230647506271,2002-2024
ES620,Murcia,2015,mac,31.21540898464414,31.21,0.00540898464413786,2002-2024
ES620,Murcia,2016,tfr,1.5591718637894803,1.56,-8.281362105198031e-4,2002-2024
ES620,Murcia,2016,mac,31.213436060764348,31.21,0.003436060764347104,2002-2024
ES620,Murcia,2017,tfr,1.5467766689194116,1.55,-0.0032233310805884763,2002-2024
ES620,Murcia,2017,mac,31.279908951745625,31.279999999999998,-9.104825437233899e-5,2002-2024
ES620,Murcia,2018,tfr,1.5263093601550677,1.53,-0.003690639844932342,2002-2024
ES620,Murcia,2018,mac,31.372592621033867,31.37,0.0025926210338660383,2002-2024
ES620,Murcia,2019,tfr,1.490662583614842,1.49,6.625836148419495e-4,2002-2024
ES620,Murcia,2019,mac,31.567377261302727,31.57,-0.0026227386972728084,2002-2024
ES620,Murcia,2020,tfr,1.4460520053120536,1.45,-0.003947994687946377,2002-2024
ES620,Murcia,2020,mac,31.57243262983408,31.57,0.002432629834078881,2002-2024
ES620,Murcia,2021,tfr,1.4683206817052583,1.47,-0.0016793182947416607,2002-2024
ES620,Murcia,2021,mac,31.86880936875945,31.87,-0.0011906312405507435,2002-2024
ES620,Murcia,2022,tfr,1.42457410193141,1.42,0.004574101931410057,2002-2024
ES620,Murcia,2022,mac,31.876626820567555,31.88,-0.0033731794324438624,2002-2024
ES620,Murcia,2023,tfr,1.3619816722427684,1.36,0.001981672242768351,2002-2024
ES620,Murcia,2023,mac,31.98583819922512,31.99,-0.004161800774877378,2002-2024
ES620,Murcia,2024,tfr,1.3222540542110606,1.32,0.0022540542110605077,2002-2024
ES620,Murcia,2024,mac,32.03608622855504,32.04,-0.003913771444956637,2002-2024
ES630,Ceuta,1975,tfr,3.064040424559882,3.06,0.004040424559881739,1975-2001
ES630,Ceuta,1975,mac,28.11391913362703,28.110000000000003,0.003919133627025673,1975-2001
ES630,Ceuta,1976,tfr,2.9479910174963315,2.9499999999999997,-0.0020089825036682107,1975-2001
ES630,Ceuta,1976,mac,27.761415388183128,27.759999999999998,0.0014153881831298065,1975-2001
ES630,Ceuta,1977,tfr,2.771082163047749,2.77,0.0010821630477488853,1975-2001
ES630,Ceuta,1977,mac,27.73052496209642,27.73,5.249620964207224e-4,1975-2001
ES630,Ceuta,1978,tfr,2.8118318995431726,2.8099999999999996,0.0018318995431729768,1975-2001
ES630,Ceuta,1978,mac,28.00540969743106,28,0.005409697431058902,1975-2001
ES630,Ceuta,1979,tfr,2.6201034619063432,2.62,1.0346190634313857e-4,1975-2001
ES630,Ceuta,1979,mac,27.58933607286976,27.59,-6.639271302404381e-4,1975-2001
ES630,Ceuta,1980,tfr,2.51592589808421,2.51,0.005925898084210068,1975-2001
ES630,Ceuta,1980,mac,27.656564690590432,27.66,-0.0034353094095678216,1975-2001
ES630,Ceuta,1981,tfr,2.478084961073672,2.48,-0.0019150389263278278,1975-2001
ES630,Ceuta,1981,mac,27.873853815041887,27.87,0.0038538150418858663,1975-2001
ES630,Ceuta,1982,tfr,2.2705040382021076,2.27,5.040382021075374e-4,1975-2001
ES630,Ceuta,1982,mac,27.773995169158333,27.77,0.0039951691583333115,1975-2001
ES630,Ceuta,1983,tfr,2.2141725077674788,2.21,0.004172507767478795,1975-2001
ES630,Ceuta,1983,mac,28.282393336269894,28.279999999999998,0.0023933362698969063,1975-2001
ES630,Ceuta,1984,tfr,2.044723334263489,2.04,0.004723334263489143,1975-2001
ES630,Ceuta,1984,mac,28.153514119521052,28.150000000000002,0.003514119521049963,1975-2001
ES630,Ceuta,1985,tfr,2.160784418838677,2.16,7.844188386769702e-4,1975-2001
ES630,Ceuta,1985,mac,28.3422164110429,28.34,0.0022164110429017114,1975-2001
ES630,Ceuta,1986,tfr,1.9625791658055243,1.96,0.0025791658055243083,1975-2001
ES630,Ceuta,1986,mac,28.32513176070282,28.330000000000002,-0.004868239297181276,1975-2001
ES630,Ceuta,1987,tfr,1.9913576697886284,1.99,0.0013576697886283906,1975-2001
ES630,Ceuta,1987,mac,28.536648599952972,28.54,-0.0033514000470269423,1975-2001
ES630,Ceuta,1988,tfr,2.079420449537883,2.08,-5.795504621168845e-4,1975-2001
ES630,Ceuta,1988,mac,28.510776201507245,28.51,7.762015072430017e-4,1975-2001
ES630,Ceuta,1989,tfr,1.9005598262802015,1.9,5.598262802015697e-4,1975-2001
ES630,Ceuta,1989,mac,28.59885420555902,28.6,-0.0011457944409798415,1975-2001
ES630,Ceuta,1990,tfr,1.749652292639932,1.75,-3.4770736006795033e-4,1975-2001
ES630,Ceuta,1990,mac,28.562166703617983,28.56,0.0021667036179842114,1975-2001
ES630,Ceuta,1991,tfr,1.842674188288323,1.84,0.0026741882883229984,1975-2001
ES630,Ceuta,1991,mac,28.515606176453705,28.52,-0.004393823546294584,1975-2001
ES630,Ceuta,1992,tfr,1.8805640670194175,1.8800000000000001,5.64067019417358e-4,1975-2001
ES630,Ceuta,1992,mac,29.08842984054478,29.09,-0.0015701594552197662,1975-2001
ES630,Ceuta,1993,tfr,1.9263289712204557,1.93,-0.003671028779544283,1975-2001
ES630,Ceuta,1993,mac,28.88310166841599,28.88,0.003101668415990133,1975-2001
ES630,Ceuta,1994,tfr,1.7207330299717252,1.72,7.330299717251965e-4,1975-2001
ES630,Ceuta,1994,mac,29.158619407517474,29.16,-0.0013805924825263105,1975-2001
ES630,Ceuta,1995,tfr,1.8083563095647563,1.81,-0.0016436904352437054,1975-2001
ES630,Ceuta,1995,mac,29.536607222747243,29.54,-0.0033927772527562183,1975-2001
ES630,Ceuta,1996,tfr,1.6325012563532022,1.6300000000000001,0.002501256353202086,1975-2001
ES630,Ceuta,1996,mac,29.304003675618397,29.3,0.004003675618395874,1975-2001
ES630,Ceuta,1997,tfr,1.744039587833668,1.74,0.00403958783366809,1975-2001
ES630,Ceuta,1997,mac,29.44932710333978,29.45,-6.728966602196351e-4,1975-2001
ES630,Ceuta,1998,tfr,1.6610022131699185,1.6600000000000001,0.0010022131699183312,1975-2001
ES630,Ceuta,1998,mac,29.7221346824216,29.72,0.0021346824216017524,1975-2001
ES630,Ceuta,1999,tfr,1.7261888890558688,1.73,-0.003811110944131224,1975-2001
ES630,Ceuta,1999,mac,29.650216393538702,29.650000000000002,2.16393538700288e-4,1975-2001
ES630,Ceuta,2000,tfr,1.6836374881169414,1.6800000000000002,0.003637488116941201,1975-2001
ES630,Ceuta,2000,mac,29.248512235163272,29.25,-0.0014877648367281893,1975-2001
ES630,Ceuta,2001,tfr,1.6742936326211617,1.6600000000000001,0.014293632621161567,1975-2001
ES630,Ceuta,2001,mac,29.50151825058661,29.5,0.001518250586610037,1975-2001
ES630,Ceuta,2002,tfr,1.770265816487403,1.77,2.6581648740298114e-4,2002-2024
ES630,Ceuta,2002,mac,29.502714105300235,29.5,0.0027141053002353033,2002-2024
ES630,Ceuta,2003,tfr,1.759978622010307,1.76,-2.1377989692927812e-5,2002-2024
ES630,Ceuta,2003,mac,29.808476119356655,29.810000000000002,-0.0015238806433472973,2002-2024
ES630,Ceuta,2004,tfr,1.8579137702787887,1.87,-0.012086229721211428,2002-2024
ES630,Ceuta,2004,mac,29.75967579978407,29.75,0.009675799784069739,2002-2024
ES630,Ceuta,2005,tfr,1.8675596632838407,1.8800000000000001,-0.012440336716159406,2002-2024
ES630,Ceuta,2005,mac,29.785967557904648,29.77,0.015967557904648544,2002-2024
ES630,Ceuta,2006,tfr,1.8167077660616326,1.82,-0.003292233938367417,2002-2024
ES630,Ceuta,2006,mac,29.49032685710172,29.479999999999997,0.010326857101723874,2002-2024
ES630,Ceuta,2007,tfr,1.9879172746429468,1.99,-0.002082725357053228,2002-2024
ES630,Ceuta,2007,mac,29.344680802120312,29.34,0.0046808021203119665,2002-2024
ES630,Ceuta,2008,tfr,2.0297939751987553,2.04,-0.010206024801244773,2002-2024
ES630,Ceuta,2008,mac,29.807499564514238,29.8,0.007499564514237278,2002-2024
ES630,Ceuta,2009,tfr,1.9712154795672212,1.98,-0.008784520432778775,2002-2024
ES630,Ceuta,2009,mac,29.69275088482943,29.69,0.0027508848294282018,2002-2024
ES630,Ceuta,2010,tfr,1.994196679576499,1.99,0.004196679576498941,2002-2024
ES630,Ceuta,2010,mac,29.87575090202823,29.87,0.005750902028228921,2002-2024
ES630,Ceuta,2011,tfr,1.9145184091006502,1.9,0.014518409100650276,2002-2024
ES630,Ceuta,2011,mac,29.89095032601638,29.89,9.503260163796767e-4,2002-2024
ES630,Ceuta,2012,tfr,1.8379912351085568,1.84,-0.0020087648914433043,2002-2024
ES630,Ceuta,2012,mac,30.035416448657255,30.04,-0.00458355134274413,2002-2024
ES630,Ceuta,2013,tfr,1.787729116076972,1.79,-0.0022708839230280997,2002-2024
ES630,Ceuta,2013,mac,29.951410596197757,29.95,0.0014105961977577408,2002-2024
ES630,Ceuta,2014,tfr,1.9936500593171136,2,-0.0063499406828864124,2002-2024
ES630,Ceuta,2014,mac,30.410349756556872,30.4,0.010349756556873757,2002-2024
ES630,Ceuta,2015,tfr,1.850209570069095,1.85,2.0957006909494424e-4,2002-2024
ES630,Ceuta,2015,mac,30.282705610454432,30.279999999999998,0.002705610454434293,2002-2024
ES630,Ceuta,2016,tfr,1.8078782881444362,1.81,-0.002121711855563868,2002-2024
ES630,Ceuta,2016,mac,30.45579960684209,30.45,0.005799606842089133,2002-2024
ES630,Ceuta,2017,tfr,1.7954257878159563,1.8,-0.004574212184043747,2002-2024
ES630,Ceuta,2017,mac,30.50889532453505,30.5,0.008895324535050264,2002-2024
ES630,Ceuta,2018,tfr,1.680015751552538,1.6800000000000002,1.5751552537857094e-5,2002-2024
ES630,Ceuta,2018,mac,31.101510106524323,31.1,0.0015101065243214862,2002-2024
ES630,Ceuta,2019,tfr,1.4804647625608551,1.48,4.6476256085514756e-4,2002-2024
ES630,Ceuta,2019,mac,30.48011882570636,30.47,0.010118825706360468,2002-2024
ES630,Ceuta,2020,tfr,1.5038840931258868,1.5,0.0038840931258867784,2002-2024
ES630,Ceuta,2020,mac,31.124901995865308,31.130000000000003,-0.005098004134694634,2002-2024
ES630,Ceuta,2021,tfr,1.3031730871052227,1.3,0.0031730871052226828,2002-2024
ES630,Ceuta,2021,mac,31.498146613647165,31.5,-0.0018533863528347183,2002-2024
ES630,Ceuta,2022,tfr,1.3312909335754717,1.33,0.001290933575471609,2002-2024
ES630,Ceuta,2022,mac,31.489937365811414,31.49,-6.263418858409864e-5,2002-2024
ES630,Ceuta,2023,tfr,1.242773460952061,1.24,0.002773460952061102,2002-2024
ES630,Ceuta,2023,mac,32.04173341482584,32.04,0.0017334148258427717,2002-2024
ES630,Ceuta,2024,tfr,1.256174163362532,1.26,-0.0038258366374679387,2002-2024
ES630,Ceuta,2024,mac,31.9266276597948,31.93,-0.0033723402051997198,2002-2024
ES640,Melilla,1975,tfr,1.9421180740899542,1.94,0.002118074089954236,1975-2001
ES640,Melilla,1975,mac,28.17778147028547,28.18,-0.0022185297145291827,1975-2001
ES640,Melilla,1976,tfr,2.2316665522354704,2.23,0.0016665522354704088,1975-2001
ES640,Melilla,1976,mac,28.06256464992596,28.07,-0.007435350074040059,1975-2001
ES640,Melilla,1977,tfr,2.24353355751336,2.24,0.0035335575133599306,1975-2001
ES640,Melilla,1977,mac,28.039026095240523,28.04,-9.739047594763406e-4,1975-2001
ES640,Melilla,1978,tfr,2.163564829415701,2.16,0.0035648294157009097,1975-2001
ES640,Melilla,1978,mac,27.93443511180895,27.93,0.004435111808948733,1975-2001
ES640,Melilla,1979,tfr,2.096030521642604,2.09,0.006030521642604203,1975-2001
ES640,Melilla,1979,mac,27.5925483696472,27.59,0.0025483696472008432,1975-2001
ES640,Melilla,1980,tfr,2.277034975266939,2.2800000000000002,-0.002965024733061039,1975-2001
ES640,Melilla,1980,mac,27.5387324220394,27.53,0.008732422039397392,1975-2001
ES640,Melilla,1981,tfr,2.133049280280696,2.14,-0.006950719719303944,1975-2001
ES640,Melilla,1981,mac,27.582672553926628,27.58,0.002672553926629462,1975-2001
ES640,Melilla,1982,tfr,2.316735513487853,2.32,-0.003264486512146725,1975-2001
ES640,Melilla,1982,mac,28.291730739787443,28.29,0.00173073978744398,1975-2001
ES640,Melilla,1983,tfr,2.2894079270951275,2.29,-5.920729048725093e-4,1975-2001
ES640,Melilla,1983,mac,28.006223799527515,28.01,-0.0037762004724868348,1975-2001
ES640,Melilla,1984,tfr,2.1676610520516184,2.17,-0.00233894794838152,1975-2001
ES640,Melilla,1984,mac,27.96717431504751,27.97,-0.0028256849524872507,1975-2001
ES640,Melilla,1985,tfr,2.231433040141402,2.23,0.0014330401414022198,1975-2001
ES640,Melilla,1985,mac,28.16112484170638,28.16,0.0011248417063782767,1975-2001
ES640,Melilla,1986,tfr,2.159254604655827,2.16,-7.45395344173172e-4,1975-2001
ES640,Melilla,1986,mac,27.829615640233154,27.830000000000002,-3.8435976684780826e-4,1975-2001
ES640,Melilla,1987,tfr,2.1121360282339174,2.11,0.002136028233917564,1975-2001
ES640,Melilla,1987,mac,28.524176149427927,28.53,-0.005823850572074463,1975-2001
ES640,Melilla,1988,tfr,2.238120030671009,2.24,-0.001879969328991038,1975-2001
ES640,Melilla,1988,mac,28.069724909781772,28.07,-2.7509021822780255e-4,1975-2001
ES640,Melilla,1989,tfr,2.098081042426199,2.1,-0.0019189575738010056,1975-2001
ES640,Melilla,1989,mac,27.979640126956244,27.979999999999997,-0.00035987304375240114,1975-2001
ES640,Melilla,1990,tfr,2.126924471876498,2.13,-0.0030755281235017584,1975-2001
ES640,Melilla,1990,mac,28.271267953704157,28.27,0.001267953704157776,1975-2001
ES640,Melilla,1991,tfr,2.0976232389759866,2.1,-0.0023767610240135184,1975-2001
ES640,Melilla,1991,mac,28.663883016404164,28.66,0.003883016404163442,1975-2001
ES640,Melilla,1992,tfr,2.335702418820582,2.34,-0.004297581179417698,1975-2001
ES640,Melilla,1992,mac,28.18139810826204,28.18,0.00139810826204112,1975-2001
ES640,Melilla,1993,tfr,2.2676540018626667,2.27,-0.0023459981373332717,1975-2001
ES640,Melilla,1993,mac,28.728563268285953,28.73,-0.0014367317140475677,1975-2001
ES640,Melilla,1994,tfr,2.065902894555298,2.07,-0.004097105444701654,1975-2001
ES640,Melilla,1994,mac,28.64679550809183,28.650000000000002,-0.003204491908171292,1975-2001
ES640,Melilla,1995,tfr,2.066688003150394,2.07,-0.003311996849606036,1975-2001
ES640,Melilla,1995,mac,28.69385993681244,28.69,0.0038599368124394573,1975-2001
ES640,Melilla,1996,tfr,1.9453488214547585,1.95,-0.004651178545241441,1975-2001
ES640,Melilla,1996,mac,29.126664867160056,29.130000000000003,-0.0033351328399469082,1975-2001
ES640,Melilla,1997,tfr,1.9583233847077737,1.96,-0.0016766152922262911,1975-2001
ES640,Melilla,1997,mac,29.435431328264887,29.439999999999998,-0.004568671735110996,1975-2001
ES640,Melilla,1998,tfr,1.9523762514912464,1.95,0.0023762514912464283,1975-2001
ES640,Melilla,1998,mac,29.42888163233662,29.43,-0.0011183676633805817,1975-2001
ES640,Melilla,1999,tfr,1.9065365575832218,1.91,-0.0034634424167780953,1975-2001
ES640,Melilla,1999,mac,29.494545301976245,29.49,0.004545301976246918,1975-2001
ES640,Melilla,2000,tfr,2.006545261925195,2.01,-0.0034547380748048973,1975-2001
ES640,Melilla,2000,mac,29.49147674386382,29.49,0.0014767438638223496,1975-2001
ES640,Melilla,2001,tfr,2.0404901957329082,2.03,0.010490195732908436,1975-2001
ES640,Melilla,2001,mac,29.428807481658225,29.43,-0.0011925183417744734,1975-2001
ES640,Melilla,2002,tfr,1.9196098344020913,1.92,-3.901655979086094e-4,2002-2024
ES640,Melilla,2002,mac,29.85177111108684,29.84,0.011771111086840591,2002-2024
ES640,Melilla,2003,tfr,2.091846189867873,2.1,-0.008153810132127237,2002-2024
ES640,Melilla,2003,mac,29.92353906401838,29.919999999999998,0.003539064018383442,2002-2024
ES640,Melilla,2004,tfr,1.919838179914436,1.93,-0.010161820085563988,2002-2024
ES640,Melilla,2004,mac,29.526757514607677,29.54,-0.013242485392321868,2002-2024
ES640,Melilla,2005,tfr,1.9471105317479969,1.93,0.017110531747996927,2002-2024
ES640,Melilla,2005,mac,29.732219109396063,29.72,0.012219109396063743,2002-2024
ES640,Melilla,2006,tfr,2.110353004052447,2.12,-0.009646995947552917,2002-2024
ES640,Melilla,2006,mac,29.825140534566433,29.830000000000002,-0.004859465433568744,2002-2024
ES640,Melilla,2007,tfr,2.045642147180782,2.04,0.005642147180782153,2002-2024
ES640,Melilla,2007,mac,29.857008228544796,29.85,0.007008228544794548,2002-2024
ES640,Melilla,2008,tfr,2.2717179964950365,2.27,0.0017179964950364557,2002-2024
ES640,Melilla,2008,mac,29.43848743784957,29.439999999999998,-0.0015125621504274989,2002-2024
ES640,Melilla,2009,tfr,2.2562310896011604,2.2600000000000002,-0.0037689103988398642,2002-2024
ES640,Melilla,2009,mac,29.655008208634126,29.650000000000002,0.005008208634123434,2002-2024
ES640,Melilla,2010,tfr,2.355203390489858,2.36,-0.004796609510141714,2002-2024
ES640,Melilla,2010,mac,29.80751369213702,29.8,0.007513692137020911,2002-2024
ES640,Melilla,2011,tfr,2.475226459281114,2.4899999999999998,-0.014773540718885592,2002-2024
ES640,Melilla,2011,mac,29.553019962692673,29.55,0.003019962692672351,2002-2024
ES640,Melilla,2012,tfr,2.518021376355048,2.53,-0.011978623644951725,2002-2024
ES640,Melilla,2012,mac,29.549977765596395,29.54,0.009977765596396182,2002-2024
ES640,Melilla,2013,tfr,2.4863480328444894,2.4899999999999998,-0.003651967155510416,2002-2024
ES640,Melilla,2013,mac,29.649958806647966,29.630000000000003,0.019958806647963456,2002-2024
ES640,Melilla,2014,tfr,2.6818986843526282,2.68,0.0018986843526280772,2002-2024
ES640,Melilla,2014,mac,29.931359751420676,29.93,0.0013597514206757921,2002-2024
ES640,Melilla,2015,tfr,2.5070569386377937,2.5,0.007056938637793664,2002-2024
ES640,Melilla,2015,mac,29.645634838703163,29.630000000000003,0.015634838703160625,2002-2024
ES640,Melilla,2016,tfr,2.43358484441975,2.44,-0.006415155580250076,2002-2024
ES640,Melilla,2016,mac,30.13648644461568,30.130000000000003,0.006486444615678266,2002-2024
ES640,Melilla,2017,tfr,2.25579516326796,2.2600000000000002,-0.004204836732040196,2002-2024
ES640,Melilla,2017,mac,30.578491853960912,30.56,0.018491853960913573,2002-2024
ES640,Melilla,2018,tfr,2.2699169093903704,2.27,-8.309060962963244e-5,2002-2024
ES640,Melilla,2018,mac,30.61548096800541,30.6,0.015480968005409323,2002-2024
ES640,Melilla,2019,tfr,2.0991049847328873,2.1,-8.950152671127753e-4,2002-2024
ES640,Melilla,2019,mac,30.824114385029247,30.82,0.004114385029247103,2002-2024
ES640,Melilla,2020,tfr,1.6438392961462167,1.6400000000000001,0.0038392961462165864,2002-2024
ES640,Melilla,2020,mac,31.491655592840246,31.479999999999997,0.011655592840249085,2002-2024
ES640,Melilla,2021,tfr,1.6120147336993038,1.61,0.002014733699303717,2002-2024
ES640,Melilla,2021,mac,31.769067979117246,31.77,-9.320208827539034e-4,2002-2024
ES640,Melilla,2022,tfr,1.5559552097483669,1.56,-0.004044790251633179,2002-2024
ES640,Melilla,2022,mac,31.782233867907742,31.779999999999998,0.002233867907744269,2002-2024
ES640,Melilla,2023,tfr,1.3297152987200473,1.33,-2.84701279952726e-4,2002-2024
ES640,Melilla,2023,mac,31.91165195920508,31.91,0.0016519592050805443,2002-2024
ES640,Melilla,2024,tfr,1.3592436115544957,1.36,-7.563884455044079e-4,2002-2024
ES640,Melilla,2024,mac,31.722962344820484,31.72,0.0029623448204851854,2002-2024
ES705,"Palmas, Las",1975,tfr,3.3709829750275992,3.3699999999999997,9.829750275995863e-4,1975-2001
ES705,"Palmas, Las",1975,mac,28.780119943359736,28.779999999999998,1.1994335973852799e-4,1975-2001
ES705,"Palmas, Las",1976,tfr,3.265392505396436,3.27,-0.004607494603563911,1975-2001
ES705,"Palmas, Las",1976,mac,28.6024851689618,28.6,0.0024851689617975126,1975-2001
ES705,"Palmas, Las",1977,tfr,3.0573377772462855,3.06,-0.002662222753714527,1975-2001
ES705,"Palmas, Las",1977,mac,28.44715987874994,28.45,-0.002840121250059724,1975-2001
ES705,"Palmas, Las",1978,tfr,2.957723737939976,2.96,-0.00227626206002407,1975-2001
ES705,"Palmas, Las",1978,mac,28.418653533596714,28.419999999999998,-0.0013464664032838414,1975-2001
ES705,"Palmas, Las",1979,tfr,2.817848923412497,2.82,-0.0021510765875030202,1975-2001
ES705,"Palmas, Las",1979,mac,28.229752998796315,28.23,-2.4700120368592593e-4,1975-2001
ES705,"Palmas, Las",1980,tfr,2.6387385929260323,2.64,-0.001261407073967824,1975-2001
ES705,"Palmas, Las",1980,mac,28.047786401340563,28.05,-0.002213598659437821,1975-2001
ES705,"Palmas, Las",1981,tfr,2.4406549260911867,2.44,6.549260911867805e-4,1975-2001
ES705,"Palmas, Las",1981,mac,28.0572374619725,28.05,0.0072374619724975275,1975-2001
ES705,"Palmas, Las",1982,tfr,2.3265168248224413,2.3299999999999996,-0.003483175177558362,1975-2001
ES705,"Palmas, Las",1982,mac,28.125745881776066,28.130000000000003,-0.0042541182239368425,1975-2001
ES705,"Palmas, Las",1983,tfr,2.1443942382926413,2.14,0.004394238292641184,1975-2001
ES705,"Palmas, Las",1983,mac,28.275566468429698,28.279999999999998,-0.004433531570299465,1975-2001
ES705,"Palmas, Las",1984,tfr,1.9764377499843926,1.98,-0.0035622500156073933,1975-2001
ES705,"Palmas, Las",1984,mac,28.16449341240778,28.17,-0.005506587592222445,1975-2001
ES705,"Palmas, Las",1985,tfr,1.8660857578522785,1.87,-0.003914242147721625,1975-2001
ES705,"Palmas, Las",1985,mac,28.33631878428173,28.34,-0.003681215718270181,1975-2001
ES705,"Palmas, Las",1986,tfr,1.8218774349613593,1.82,0.0018774349613592811,1975-2001
ES705,"Palmas, Las",1986,mac,28.396673510003062,28.4,-0.0033264899969367434,1975-2001
ES705,"Palmas, Las",1987,tfr,1.7729910193785932,1.77,0.0029910193785931405,1975-2001
ES705,"Palmas, Las",1987,mac,28.26066851848819,28.259999999999998,6.685184881902728e-4,1975-2001
ES705,"Palmas, Las",1988,tfr,1.798259437417331,1.8,-0.0017405625826689697,1975-2001
ES705,"Palmas, Las",1988,mac,28.16936040193053,28.17,-6.395980694726688e-4,1975-2001
ES705,"Palmas, Las",1989,tfr,1.6526972563746325,1.6500000000000001,0.002697256374632362,1975-2001
ES705,"Palmas, Las",1989,mac,28.274272318092088,28.27,0.004272318092088057,1975-2001
ES705,"Palmas, Las",1990,tfr,1.5503974651770576,1.55,3.9746517705752105e-4,1975-2001
ES705,"Palmas, Las",1990,mac,28.368547434649095,28.37,-0.0014525653509060987,1975-2001
ES705,"Palmas, Las",1991,tfr,1.4861826662701307,1.49,-0.0038173337298692545,1975-2001
ES705,"Palmas, Las",1991,mac,28.469741736331756,28.47,-2.5826366824333036e-4,1975-2001
ES705,"Palmas, Las",1992,tfr,1.4205742569383477,1.42,5.742569383477836e-4,1975-2001
ES705,"Palmas, Las",1992,mac,28.636829196795233,28.64,-0.0031708032047674806,1975-2001
ES705,"Palmas, Las",1993,tfr,1.3443593639594507,1.34,0.0043593639594505795,1975-2001
ES705,"Palmas, Las",1993,mac,28.80133250827925,28.8,0.0013325082792476906,1975-2001
ES705,"Palmas, Las",1994,tfr,1.2679385348718477,1.27,-0.0020614651281523066,1975-2001
ES705,"Palmas, Las",1994,mac,29.033907593680134,29.03,0.003907593680132493,1975-2001
ES705,"Palmas, Las",1995,tfr,1.2261658943792144,1.23,-0.003834105620785566,1975-2001
ES705,"Palmas, Las",1995,mac,29.120320945130146,29.12,3.209451301451338e-4,1975-2001
ES705,"Palmas, Las",1996,tfr,1.2126113964374332,1.21,0.0026113964374332443,1975-2001
ES705,"Palmas, Las",1996,mac,29.18824550109068,29.19,-0.0017544989093210006,1975-2001
ES705,"Palmas, Las",1997,tfr,1.2363433933880796,1.24,-0.0036566066119203544,1975-2001
ES705,"Palmas, Las",1997,mac,29.394410904714814,29.4,-0.0055890952851846976,1975-2001
ES705,"Palmas, Las",1998,tfr,1.2223910459652418,1.22,0.002391045965241867,1975-2001
ES705,"Palmas, Las",1998,mac,29.28260636014128,29.279999999999998,0.002606360141282238,1975-2001
ES705,"Palmas, Las",1999,tfr,1.2918836604648674,1.29,0.0018836604648673205,1975-2001
ES705,"Palmas, Las",1999,mac,29.414771887298265,29.419999999999998,-0.0052281127017330675,1975-2001
ES705,"Palmas, Las",2000,tfr,1.3261655046660292,1.33,-0.0038344953339708443,1975-2001
ES705,"Palmas, Las",2000,mac,29.29081479553874,29.29,8.147955387407535e-4,1975-2001
ES705,"Palmas, Las",2001,tfr,1.3446790179239725,1.35,-0.005320982076027603,1975-2001
ES705,"Palmas, Las",2001,mac,29.330374127249748,29.330000000000002,3.74127249745726e-4,1975-2001
ES705,"Palmas, Las",2002,tfr,1.3230912334667173,1.32,0.003091233466717247,2002-2024
ES705,"Palmas, Las",2002,mac,29.321843068766036,29.32,0.0018430687660355716,2002-2024
ES705,"Palmas, Las",2003,tfr,1.329853381637928,1.33,-1.4661836207197076e-4,2002-2024
ES705,"Palmas, Las",2003,mac,29.499532565526525,29.5,-4.6743447347452616e-4,2002-2024
ES705,"Palmas, Las",2004,tfr,1.2777880306549196,1.28,-0.002211969345080389,2002-2024
ES705,"Palmas, Las",2004,mac,29.711446683545045,29.71,0.0014466835450441806,2002-2024
ES705,"Palmas, Las",2005,tfr,1.2588130258374173,1.26,-0.0011869741625827324,2002-2024
ES705,"Palmas, Las",2005,mac,29.75168679924895,29.75,0.0016867992489508765,2002-2024
ES705,"Palmas, Las",2006,tfr,1.2796798660680562,1.28,-3.2013393194385564e-4,2002-2024
ES705,"Palmas, Las",2006,mac,29.843424142025846,29.84,0.0034241420258460664,2002-2024
ES705,"Palmas, Las",2007,tfr,1.1568980691422868,1.1600000000000001,-0.0031019308577133753,2002-2024
ES705,"Palmas, Las",2007,mac,29.920391553526823,29.919999999999998,3.9155352682485045e-4,2002-2024
ES705,"Palmas, Las",2008,tfr,1.2311138709178018,1.23,0.0011138709178017958,2002-2024
ES705,"Palmas, Las",2008,mac,29.860409093480047,29.86,4.0909348004802837e-4,2002-2024
ES705,"Palmas, Las",2009,tfr,1.1407278048513037,1.1400000000000001,7.278048513035262e-4,2002-2024
ES705,"Palmas, Las",2009,mac,29.933750358662586,29.93,0.0037503586625859953,2002-2024
ES705,"Palmas, Las",2010,tfr,1.1288263135084713,1.1300000000000001,-0.0011736864915288248,2002-2024
ES705,"Palmas, Las",2010,mac,30.31976955980567,30.310000000000002,0.009769559805668848,2002-2024
ES705,"Palmas, Las",2011,tfr,1.0685234869324542,1.07,-0.001476513067545815,2002-2024
ES705,"Palmas, Las",2011,mac,30.503219566350776,30.5,0.0032195663507756933,2002-2024
ES705,"Palmas, Las",2012,tfr,1.0606348338638998,1.06,6.348338638997308e-4,2002-2024
ES705,"Palmas, Las",2012,mac,30.62357078392221,30.62,0.003570783922210552,2002-2024
ES705,"Palmas, Las",2013,tfr,1.0284364598030944,1.03,-0.0015635401969056328,2002-2024
ES705,"Palmas, Las",2013,mac,30.812501103949415,30.810000000000002,0.0025011039494131637,2002-2024
ES705,"Palmas, Las",2014,tfr,1.0638686685338572,1.06,0.0038686685338571447,2002-2024
ES705,"Palmas, Las",2014,mac,31.05991129914021,31.06,-8.870085978784914e-5,2002-2024
ES705,"Palmas, Las",2015,tfr,1.0575572291649478,1.06,-0.002442770835052288,2002-2024
ES705,"Palmas, Las",2015,mac,30.99699360671571,30.99,0.006993606715710143,2002-2024
ES705,"Palmas, Las",2016,tfr,1.0890197778837254,1.09,-9.802221162746871e-4,2002-2024
ES705,"Palmas, Las",2016,mac,31.399642701444165,31.4,-3.5729855583355175e-4,2002-2024
ES705,"Palmas, Las",2017,tfr,1.0684037749230573,1.07,-0.0015962250769427921,2002-2024
ES705,"Palmas, Las",2017,mac,31.235504309357395,31.23,0.0055043093573949875,2002-2024
ES705,"Palmas, Las",2018,tfr,1.0088506580391012,1.01,-0.0011493419608987754,2002-2024
ES705,"Palmas, Las",2018,mac,31.449007003051946,31.45,-9.929969480531042e-4,2002-2024
ES705,"Palmas, Las",2019,tfr,0.9936245533145371,0.99,0.003624553314537149,2002-2024
ES705,"Palmas, Las",2019,mac,31.56187613930785,31.56,0.0018761393078499111,2002-2024
ES705,"Palmas, Las",2020,tfr,0.9395614611990282,0.9400000000000001,-4.3853880097188824e-4,2002-2024
ES705,"Palmas, Las",2020,mac,31.38145560922995,31.38,0.0014556092299500278,2002-2024
ES705,"Palmas, Las",2021,tfr,0.9227497239758525,0.92,0.0027497239758524916,2002-2024
ES705,"Palmas, Las",2021,mac,31.798596857668507,31.8,-0.0014031423314939673,2002-2024
ES705,"Palmas, Las",2022,tfr,0.8959093942693623,0.9,-0.004090605730637686,2002-2024
ES705,"Palmas, Las",2022,mac,32.00533626796941,32.01,-0.004663732030586232,2002-2024
ES705,"Palmas, Las",2023,tfr,0.8789520817137816,0.88,-0.0010479182862184189,2002-2024
ES705,"Palmas, Las",2023,mac,31.83269951661871,31.830000000000002,0.0026995166187084862,2002-2024
ES705,"Palmas, Las",2024,tfr,0.8528200086447034,0.8500000000000001,0.0028200086447033312,2002-2024
ES705,"Palmas, Las",2024,mac,31.647223847290878,31.650000000000002,-0.0027761527091243465,2002-2024
ES709,Santa Cruz de Tenerife,1975,tfr,2.9952913269688017,3,-0.004708673031198263,1975-2001
ES709,Santa Cruz de Tenerife,1975,mac,28.29745574600318,28.3,-0.002544253996820345,1975-2001
ES709,Santa Cruz de Tenerife,1976,tfr,2.970667865703532,2.9699999999999998,6.678657035323887e-4,1975-2001
ES709,Santa Cruz de Tenerife,1976,mac,28.064572565091133,28.06,0.004572565091134351,1975-2001
ES709,Santa Cruz de Tenerife,1977,tfr,2.7460635572570498,2.75,-0.003936442742950241,1975-2001
ES709,Santa Cruz de Tenerife,1977,mac,27.892121032156233,27.89,0.002121032156232161,1975-2001
ES709,Santa Cruz de Tenerife,1978,tfr,2.655662488092194,2.66,-0.004337511907805958,1975-2001
ES709,Santa Cruz de Tenerife,1978,mac,27.826144635724372,27.830000000000002,-0.0038553642756298245,1975-2001
ES709,Santa Cruz de Tenerife,1979,tfr,2.5870511974259407,2.59,-0.0029488025740591617,1975-2001
ES709,Santa Cruz de Tenerife,1979,mac,27.83723969606327,27.84,-0.0027603039367285476,1975-2001
ES709,Santa Cruz de Tenerife,1980,tfr,2.4404070024413054,2.44,4.070024413054263e-4,1975-2001
ES709,Santa Cruz de Tenerife,1980,mac,27.617779634371384,27.62,-0.002220365628616605,1975-2001
ES709,Santa Cruz de Tenerife,1981,tfr,2.3069129678896645,2.3099999999999996,-0.0030870321103351195,1975-2001
ES709,Santa Cruz de Tenerife,1981,mac,27.685228109558583,27.69,-0.004771890441418236,1975-2001
ES709,Santa Cruz de Tenerife,1982,tfr,2.0849334421136256,2.09,-0.005066557886374223,1975-2001
ES709,Santa Cruz de Tenerife,1982,mac,27.814632609482675,27.810000000000002,0.004632609482673189,1975-2001
ES709,Santa Cruz de Tenerife,1983,tfr,1.9422751689400015,1.94,0.0022751689400015707,1975-2001
ES709,Santa Cruz de Tenerife,1983,mac,27.868047749611307,27.87,-0.0019522503886939546,1975-2001
ES709,Santa Cruz de Tenerife,1984,tfr,1.8529345694515513,1.85,0.002934569451551239,1975-2001
ES709,Santa Cruz de Tenerife,1984,mac,27.97080980278644,27.97,8.098027864420487e-4,1975-2001
ES709,Santa Cruz de Tenerife,1985,tfr,1.7003783817825793,1.7,3.7838178257931787e-4,1975-2001
ES709,Santa Cruz de Tenerife,1985,mac,27.962104921105897,27.959999999999997,0.002104921105900104,1975-2001
ES709,Santa Cruz de Tenerife,1986,tfr,1.6273011526801229,1.6300000000000001,-0.00269884731987724,1975-2001
ES709,Santa Cruz de Tenerife,1986,mac,28.078460949922455,28.08,-0.0015390500775431804,1975-2001
ES709,Santa Cruz de Tenerife,1987,tfr,1.5651045123199683,1.57,-0.004895487680031785,1975-2001
ES709,Santa Cruz de Tenerife,1987,mac,27.855551354446295,27.86,-0.004448645553704722,1975-2001
ES709,Santa Cruz de Tenerife,1988,tfr,1.5031948862669675,1.5,0.0031948862669675115,1975-2001
ES709,Santa Cruz de Tenerife,1988,mac,27.941860310801207,27.939999999999998,0.0018603108012094083,1975-2001
ES709,Santa Cruz de Tenerife,1989,tfr,1.4735727944870542,1.47,0.003572794487054276,1975-2001
ES709,Santa Cruz de Tenerife,1989,mac,27.995462801879874,28,-0.004537198120125652,1975-2001
ES709,Santa Cruz de Tenerife,1990,tfr,1.4164266443042697,1.42,-0.0035733556957302515,1975-2001
ES709,Santa Cruz de Tenerife,1990,mac,28.055977229013735,28.06,-0.004022770986264135,1975-2001
ES709,Santa Cruz de Tenerife,1991,tfr,1.344254202854208,1.34,0.004254202854207856,1975-2001
ES709,Santa Cruz de Tenerife,1991,mac,28.219220189993568,28.22,-7.798100064313473e-4,1975-2001
ES709,Santa Cruz de Tenerife,1992,tfr,1.362226155463927,1.36,0.0022261554639269043,1975-2001
ES709,Santa Cruz de Tenerife,1992,mac,28.487147708204805,28.49,-0.002852291795193196,1975-2001
ES709,Santa Cruz de Tenerife,1993,tfr,1.266833839847723,1.27,-0.0031661601522769978,1975-2001
ES709,Santa Cruz de Tenerife,1993,mac,28.539619815033905,28.54,-3.801849660938217e-4,1975-2001
ES709,Santa Cruz de Tenerife,1994,tfr,1.2149116248390883,1.21,0.004911624839088358,1975-2001
ES709,Santa Cruz de Tenerife,1994,mac,28.860439733034507,28.86,4.3973303450783874e-4,1975-2001
ES709,Santa Cruz de Tenerife,1995,tfr,1.1875255049805666,1.1900000000000002,-0.0024744950194335313,1975-2001
ES709,Santa Cruz de Tenerife,1995,mac,29.14472510204121,29.150000000000002,-0.005274897958791769,1975-2001
ES709,Santa Cruz de Tenerife,1996,tfr,1.1734335703514653,1.1700000000000002,0.003433570351465187,1975-2001
ES709,Santa Cruz de Tenerife,1996,mac,29.213373757790905,29.21,0.003373757790903653,1975-2001
ES709,Santa Cruz de Tenerife,1997,tfr,1.1542378178999233,1.1500000000000001,0.004237817899923169,1975-2001
ES709,Santa Cruz de Tenerife,1997,mac,29.397492247876972,29.4,-0.002507752123026563,1975-2001
ES709,Santa Cruz de Tenerife,1998,tfr,1.1404802337069186,1.1400000000000001,4.802337069185203e-4,1975-2001
ES709,Santa Cruz de Tenerife,1998,mac,29.454610534826955,29.459999999999997,-0.005389465173042396,1975-2001
ES709,Santa Cruz de Tenerife,1999,tfr,1.2378718485403133,1.24,-0.0021281514596867,1975-2001
ES709,Santa Cruz de Tenerife,1999,mac,29.63080974371788,29.630000000000003,8.097437178768985e-4,1975-2001
ES709,Santa Cruz de Tenerife,2000,tfr,1.1985051057118985,1.2,-0.001494894288101456,1975-2001
ES709,Santa Cruz de Tenerife,2000,mac,29.815046210656984,29.82,-0.004953789343016268,1975-2001
ES709,Santa Cruz de Tenerife,2001,tfr,1.1971507411175328,1.2,-0.0028492588824671206,1975-2001
ES709,Santa Cruz de Tenerife,2001,mac,29.760740068953417,29.759999999999998,7.400689534193816e-4,1975-2001
ES709,Santa Cruz de Tenerife,2002,tfr,1.2080723644499394,1.21,-0.0019276355500605913,2002-2024
ES709,Santa Cruz de Tenerife,2002,mac,29.81662659932685,29.82,-0.0033734006731513944,2002-2024
ES709,Santa Cruz de Tenerife,2003,tfr,1.1127319546788537,1.11,0.0027319546788535654,2002-2024
ES709,Santa Cruz de Tenerife,2003,mac,30.236681421233797,30.24,-0.003318578766201341,2002-2024
ES709,Santa Cruz de Tenerife,2004,tfr,1.1123696317906904,1.11,0.002369631790690274,2002-2024
ES709,Santa Cruz de Tenerife,2004,mac,30.212282214919846,30.21,0.002282214919844705,2002-2024
ES709,Santa Cruz de Tenerife,2005,tfr,1.214918434811588,1.21,0.004918434811588046,2002-2024
ES709,Santa Cruz de Tenerife,2005,mac,30.38504817470385,30.38,0.005048174703851771,2002-2024
ES709,Santa Cruz de Tenerife,2006,tfr,1.232548819966771,1.23,0.002548819966770921,2002-2024
ES709,Santa Cruz de Tenerife,2006,mac,30.289606644059713,30.29,-3.9335594028599985e-4,2002-2024
ES709,Santa Cruz de Tenerife,2007,tfr,1.2258910903280986,1.23,-0.004108909671901362,2002-2024
ES709,Santa Cruz de Tenerife,2007,mac,30.243848400777548,30.24,0.0038484007775494433,2002-2024
ES709,Santa Cruz de Tenerife,2008,tfr,1.252715764546453,1.25,0.002715764546453059,2002-2024
ES709,Santa Cruz de Tenerife,2008,mac,30.324050558134523,30.330000000000002,-0.005949441865478633,2002-2024
ES709,Santa Cruz de Tenerife,2009,tfr,1.1458601079775488,1.1500000000000001,-0.0041398920224513525,2002-2024
ES709,Santa Cruz de Tenerife,2009,mac,30.618301010651322,30.62,-0.0016989893486787366,2002-2024
ES709,Santa Cruz de Tenerife,2010,tfr,1.0955222406484273,1.1,-0.0044777593515727965,2002-2024
ES709,Santa Cruz de Tenerife,2010,mac,30.622751874630687,30.62,0.0027518746306860464,2002-2024
ES709,Santa Cruz de Tenerife,2011,tfr,1.0666113891224505,1.07,-0.0033886108775496027,2002-2024
ES709,Santa Cruz de Tenerife,2011,mac,30.97818336329234,30.979999999999997,-0.0018166367076553058,2002-2024
ES709,Santa Cruz de Tenerife,2012,tfr,1.0792863121188458,1.08,-7.136878811542235e-4,2002-2024
ES709,Santa Cruz de Tenerife,2012,mac,31.031339931763377,31.03,0.0013399317633755459,2002-2024
ES709,Santa Cruz de Tenerife,2013,tfr,0.9679594052423118,0.97,-0.002040594757688141,2002-2024
ES709,Santa Cruz de Tenerife,2013,mac,31.253455356202934,31.25,0.0034553562029344675,2002-2024
ES709,Santa Cruz de Tenerife,2014,tfr,1.0437235976820962,1.04,0.0037235976820961803,2002-2024
ES709,Santa Cruz de Tenerife,2014,mac,31.310199444397,31.310000000000002,1.9944439699770555e-4,2002-2024
ES709,Santa Cruz de Tenerife,2015,tfr,1.0730419476379396,1.08,-0.006958052362060485,2002-2024
ES709,Santa Cruz de Tenerife,2015,mac,31.27605438962112,31.27,0.006054389621120038,2002-2024
ES709,Santa Cruz de Tenerife,2016,tfr,1.065373098467485,1.07,-0.004626901532515104,2002-2024
ES709,Santa Cruz de Tenerife,2016,mac,31.56316967093545,31.56,0.0031696709354527286,2002-2024
ES709,Santa Cruz de Tenerife,2017,tfr,1.075316486834936,1.08,-0.0046835131650639905,2002-2024
ES709,Santa Cruz de Tenerife,2017,mac,31.626561609356834,31.62,0.006561609356833031,2002-2024
ES709,Santa Cruz de Tenerife,2018,tfr,1.009660462525086,1.01,-3.395374749139979e-4,2002-2024
ES709,Santa Cruz de Tenerife,2018,mac,31.74023289999643,31.73,0.010232899996427847,2002-2024
ES709,Santa Cruz de Tenerife,2019,tfr,0.9434576628143304,0.9400000000000001,0.0034576628143303534,2002-2024
ES709,Santa Cruz de Tenerife,2019,mac,31.77237409055605,31.77,0.002374090556049424,2002-2024
ES709,Santa Cruz de Tenerife,2020,tfr,0.8866390248517264,0.89,-0.003360975148273604,2002-2024
ES709,Santa Cruz de Tenerife,2020,mac,31.878618726390798,31.88,-0.0013812736092013722,2002-2024
ES709,Santa Cruz de Tenerife,2021,tfr,0.8559784624669837,0.8600000000000001,-0.004021537533016373,2002-2024
ES709,Santa Cruz de Tenerife,2021,mac,32.19610807879174,32.2,-0.003891921208264648,2002-2024
ES709,Santa Cruz de Tenerife,2022,tfr,0.8140832963392909,0.81,0.004083296339290832,2002-2024
ES709,Santa Cruz de Tenerife,2022,mac,32.317282700941554,32.32,-0.0027172990584460877,2002-2024
ES709,Santa Cruz de Tenerife,2023,tfr,0.7948280928265828,0.7899999999999999,0.004828092826582919,2002-2024
ES709,Santa Cruz de Tenerife,2023,mac,32.26404906757184,32.260000000000005,0.0040490675718345415,2002-2024
ES709,Santa Cruz de Tenerife,2024,tfr,0.7789809857623414,0.7799999999999999,-0.0010190142376584888,2002-2024
ES709,Santa Cruz de Tenerife,2024,mac,32.215059453957856,32.220000000000006,-0.004940546042149663,2002-2024
