sex,nuts3_code,province_name,year,measure,inedemogR,ine,pop_2024,size_class,diff
female,ES111,A Coruna,2002,e0,83.57571018230414,83.561037,1128449,>1M,0.01467318230413639
female,ES111,A Coruna,2002,e65,21.346922733799552,21.329444,1128449,>1M,0.017478733799553225
female,ES111,A Coruna,2003,e0,82.9442098797311,82.98325900000002,1128449,>1M,-0.039049120268913384
female,ES111,A Coruna,2003,e65,21.06466414279704,21.104604000000002,1128449,>1M,-0.039939857202963225
female,ES111,A Coruna,2004,e0,83.78080147656846,83.82125300000001,1128449,>1M,-0.04045152343155678
female,ES111,A Coruna,2004,e65,21.488621732909948,21.531581000000003,1128449,>1M,-0.04295926709005471
female,ES111,A Coruna,2005,e0,83.96687117034254,84.004174,1128449,>1M,-0.03730282965746312
female,ES111,A Coruna,2005,e65,21.687537584671684,21.726694,1128449,>1M,-0.039156415328314154
female,ES111,A Coruna,2006,e0,84.09855108939999,84.10906,1128449,>1M,-0.010508910600009358
female,ES111,A Coruna,2006,e65,21.74434070365861,21.755543999999997,1128449,>1M,-0.011203296341385283
female,ES111,A Coruna,2007,e0,84.02860065446343,84.04241,1128449,>1M,-0.013809345536571982
female,ES111,A Coruna,2007,e65,21.792907247907618,21.807321,1128449,>1M,-0.014413752092384158
female,ES111,A Coruna,2008,e0,84.52031819293663,84.51056100000001,1128449,>1M,0.009757192936618253
female,ES111,A Coruna,2008,e65,22.15162724869834,22.141402,1128449,>1M,0.010225248698340295
female,ES111,A Coruna,2009,e0,84.34615104070062,84.36243999999999,1128449,>1M,-0.016288959299373573
female,ES111,A Coruna,2009,e65,22.070816263241216,22.087031999999997,1128449,>1M,-0.016215736758780963
female,ES111,A Coruna,2010,e0,84.90058336800332,84.876561,1128449,>1M,0.024022368003329575
female,ES111,A Coruna,2010,e65,22.383800012226924,22.357285000000005,1128449,>1M,0.026515012226919765
female,ES111,A Coruna,2011,e0,85.11865682766314,85.131548,1128449,>1M,-0.012891172336850332
female,ES111,A Coruna,2011,e65,22.633721603387205,22.645581999999997,1128449,>1M,-0.011860396612792812
female,ES111,A Coruna,2012,e0,85.27966042610619,85.288258,1128449,>1M,-0.008597573893808885
female,ES111,A Coruna,2012,e65,22.65541419164419,22.663991000000003,1128449,>1M,-0.008576808355812204
female,ES111,A Coruna,2013,e0,85.19821923343584,85.169468,1128449,>1M,0.028751233435841073
female,ES111,A Coruna,2013,e65,22.695329163475467,22.664253000000002,1128449,>1M,0.031076163475464824
female,ES111,A Coruna,2014,e0,85.74327450766621,85.71892500000001,1128449,>1M,0.024349507666201475
female,ES111,A Coruna,2014,e65,22.961213500807936,22.93452,1128449,>1M,0.026693500807937198
female,ES111,A Coruna,2015,e0,85.28230006669747,85.282303,1128449,>1M,-2.933302525320869e-6
female,ES111,A Coruna,2015,e65,22.87569243973604,22.875458000000002,1128449,>1M,2.3443973603676227e-4
female,ES111,A Coruna,2016,e0,85.83941771735627,85.82585599999999,1128449,>1M,0.013561717356282088
female,ES111,A Coruna,2016,e65,23.18467654543514,23.170261000000004,1128449,>1M,0.014415545435134902
female,ES111,A Coruna,2017,e0,85.7791813056713,85.74012300000003,1128449,>1M,0.03905830567127566
female,ES111,A Coruna,2017,e65,23.210054205571694,23.167219,1128449,>1M,0.042835205571694956
female,ES111,A Coruna,2018,e0,85.71215836567441,85.67063099999999,1128449,>1M,0.041527365674426164
female,ES111,A Coruna,2018,e65,23.144664567808785,23.097936,1128449,>1M,0.04672856780878476
female,ES111,A Coruna,2019,e0,86.12632325978947,86.037775,1128449,>1M,0.08854825978947645
female,ES111,A Coruna,2019,e65,23.707582484969222,23.612886000000003,1128449,>1M,0.09469648496921934
female,ES111,A Coruna,2020,e0,86.31617694377208,86.252439,1128449,>1M,0.06373794377208242
female,ES111,A Coruna,2020,e65,23.518039514320986,23.448765999999996,1128449,>1M,0.06927351432099016
female,ES111,A Coruna,2021,e0,85.94968451160837,85.87597199999998,1128449,>1M,0.07371251160839165
female,ES111,A Coruna,2021,e65,23.522341452820623,23.442551999999996,1128449,>1M,0.0797894528206271
female,ES111,A Coruna,2022,e0,85.96681267911272,85.99056900000002,1128449,>1M,-0.023756320887301285
female,ES111,A Coruna,2022,e65,23.37176166278122,23.397146,1128449,>1M,-0.025384337218778086
female,ES111,A Coruna,2023,e0,86.594098286734,86.529118,1128449,>1M,0.06498028673399858
female,ES111,A Coruna,2023,e65,23.84200034406157,23.772326999999997,1128449,>1M,0.06967334406157377
female,ES111,A Coruna,2024,e0,86.94868244523805,86.883064,1128449,>1M,0.06561844523804439
female,ES111,A Coruna,2024,e65,23.827681699854324,23.758513999999998,1128449,>1M,0.0691676998543258
female,ES112,Lugo,2002,e0,83.2123547675224,83.211707,325048,200k-1M,6.477675223948154e-4
female,ES112,Lugo,2002,e65,21.52696544946465,21.524977000000003,325048,200k-1M,0.0019884494646476014
female,ES112,Lugo,2003,e0,83.14973013206048,83.191076,325048,200k-1M,-0.041345867939512004
female,ES112,Lugo,2003,e65,21.443463706235192,21.487132999999996,325048,200k-1M,-0.043669293764803996
female,ES112,Lugo,2004,e0,84.36843072782906,84.321233,325048,200k-1M,0.04719772782905807
female,ES112,Lugo,2004,e65,22.059231321699833,22.008377,325048,200k-1M,0.05085432169983406
female,ES112,Lugo,2005,e0,84.44045033069652,84.408956,325048,200k-1M,0.031494330696517636
female,ES112,Lugo,2005,e65,22.233986436406838,22.197773,325048,200k-1M,0.03621343640683605
female,ES112,Lugo,2006,e0,84.19768478383597,84.191045,325048,200k-1M,0.006639783835964863
female,ES112,Lugo,2006,e65,22.171027247251597,22.160117,325048,200k-1M,0.010910247251597838
female,ES112,Lugo,2007,e0,84.59684295029378,84.53862500000001,325048,200k-1M,0.05821795029376631
female,ES112,Lugo,2007,e65,22.256801412481398,22.195717,325048,200k-1M,0.0610844124813994
female,ES112,Lugo,2008,e0,85.28164564811796,85.227092,325048,200k-1M,0.0545536481179596
female,ES112,Lugo,2008,e65,22.603701269797185,22.542582999999997,325048,200k-1M,0.06111826979718771
female,ES112,Lugo,2009,e0,84.84291253163686,84.83712100000001,325048,200k-1M,0.005791531636845093
female,ES112,Lugo,2009,e65,22.589990163245528,22.582512999999995,325048,200k-1M,0.007477163245532381
female,ES112,Lugo,2010,e0,85.69604430761183,85.676153,325048,200k-1M,0.01989130761182878
female,ES112,Lugo,2010,e65,23.21353321561822,23.193196,325048,200k-1M,0.020337215618219773
female,ES112,Lugo,2011,e0,85.80750126176447,85.78384199999999,325048,200k-1M,0.023659261764478856
female,ES112,Lugo,2011,e65,22.93450795884963,22.908421999999995,325048,200k-1M,0.026085958849634494
female,ES112,Lugo,2012,e0,85.46629677347514,85.41918700000001,325048,200k-1M,0.047109773475128236
female,ES112,Lugo,2012,e65,22.81497502034791,22.763071,325048,200k-1M,0.05190402034790864
female,ES112,Lugo,2013,e0,86.11046782018445,86.07048099999999,325048,200k-1M,0.039986820184466865
female,ES112,Lugo,2013,e65,23.3325356262264,23.290387,325048,200k-1M,0.0421486262263997
female,ES112,Lugo,2014,e0,85.81883338054296,85.733147,325048,200k-1M,0.08568638054295263
female,ES112,Lugo,2014,e65,23.25301681196794,23.160448999999996,325048,200k-1M,0.0925678119679425
female,ES112,Lugo,2015,e0,85.53377140326708,85.53645,325048,200k-1M,-0.0026785967329203686
female,ES112,Lugo,2015,e65,23.04625521594721,23.049642999999996,325048,200k-1M,-0.0033877840527871683
female,ES112,Lugo,2016,e0,85.78141967754503,85.770726,325048,200k-1M,0.01069367754503503
female,ES112,Lugo,2016,e65,23.176301364355776,23.164872000000003,325048,200k-1M,0.011429364355773686
female,ES112,Lugo,2017,e0,86.10755010791506,86.10904799999999,325048,200k-1M,-0.0014978920849273436
female,ES112,Lugo,2017,e65,23.27679629962299,23.276927,325048,200k-1M,-1.3070037701012893e-4
female,ES112,Lugo,2018,e0,86.33430310465592,86.29352100000001,325048,200k-1M,0.040782104655903595
female,ES112,Lugo,2018,e65,23.35867249659889,23.315452,325048,200k-1M,0.04322049659888805
female,ES112,Lugo,2019,e0,86.79196195221026,86.713834,325048,200k-1M,0.07812795221025226
female,ES112,Lugo,2019,e65,23.75756486889054,23.673305000000003,325048,200k-1M,0.0842598688905376
female,ES112,Lugo,2020,e0,85.94165263373237,85.895534,325048,200k-1M,0.04611863373237668
female,ES112,Lugo,2020,e65,23.2658673878186,23.216285000000003,325048,200k-1M,0.04958238781859592
female,ES112,Lugo,2021,e0,86.14011167461962,86.089454,325048,200k-1M,0.05065767461961457
female,ES112,Lugo,2021,e65,23.48569760554902,23.431986000000002,325048,200k-1M,0.05371160554901877
female,ES112,Lugo,2022,e0,85.76499204879244,85.79872,325048,200k-1M,-0.033727951207566775
female,ES112,Lugo,2022,e65,23.09649079725448,23.132458000000003,325048,200k-1M,-0.03596720274552467
female,ES112,Lugo,2023,e0,86.15882516777256,86.127799,325048,200k-1M,0.031026167772566282
female,ES112,Lugo,2023,e65,23.729283964773078,23.695041,325048,200k-1M,0.0342429647730782
female,ES112,Lugo,2024,e0,86.8936667867073,86.897852,325048,200k-1M,-0.004185213292700496
female,ES112,Lugo,2024,e65,23.885172139873685,23.887284,325048,200k-1M,-0.002111860126316145
female,ES113,Ourense,2002,e0,83.8226131900835,83.788316,304467,200k-1M,0.034297190083506734
female,ES113,Ourense,2002,e65,22.006834019383422,21.965648999999992,304467,200k-1M,0.04118501938343044
female,ES113,Ourense,2003,e0,84.12333706368956,84.12248699999998,304467,200k-1M,8.500636895831803e-4
female,ES113,Ourense,2003,e65,21.91257837339139,21.908538999999994,304467,200k-1M,0.004039373391396595
female,ES113,Ourense,2004,e0,85.0726106173758,85.01855,304467,200k-1M,0.05406061737579648
female,ES113,Ourense,2004,e65,22.58747349898238,22.53022,304467,200k-1M,0.05725349898238008
female,ES113,Ourense,2005,e0,84.58632637922965,84.61307099999999,304467,200k-1M,-0.02674462077034434
female,ES113,Ourense,2005,e65,22.030891748796584,22.057954000000006,304467,200k-1M,-0.02706225120342154
female,ES113,Ourense,2006,e0,85.14669011946145,85.11961000000001,304467,200k-1M,0.02708011946144495
female,ES113,Ourense,2006,e65,22.3638092151339,22.334829000000003,304467,200k-1M,0.028980215133898923
female,ES113,Ourense,2007,e0,84.74539430044678,84.753883,304467,200k-1M,-0.008488699553225842
female,ES113,Ourense,2007,e65,22.348558799467757,22.356812,304467,200k-1M,-0.008253200532244875
female,ES113,Ourense,2008,e0,85.05640463172652,85.03421800000001,304467,200k-1M,0.022186631726512474
female,ES113,Ourense,2008,e65,22.537079411659068,22.512935000000002,304467,200k-1M,0.024144411659065668
female,ES113,Ourense,2009,e0,85.61984312261627,85.52384099999999,304467,200k-1M,0.09600212261628371
female,ES113,Ourense,2009,e65,23.014327042909667,22.910407,304467,200k-1M,0.10392004290966739
female,ES113,Ourense,2010,e0,85.26300876024455,85.181979,304467,200k-1M,0.08102976024454733
female,ES113,Ourense,2010,e65,22.88207587500277,22.796989,304467,200k-1M,0.08508687500276935
female,ES113,Ourense,2011,e0,85.52638276446075,85.495932,304467,200k-1M,0.030450764460752566
female,ES113,Ourense,2011,e65,23.024442732996867,22.992704999999997,304467,200k-1M,0.031737732996869994
female,ES113,Ourense,2012,e0,85.39309413063219,85.37903299999999,304467,200k-1M,0.014061130632200047
female,ES113,Ourense,2012,e65,23.007768208830953,22.991024,304467,200k-1M,0.01674420883095351
female,ES113,Ourense,2013,e0,85.77989695177459,85.72321500000001,304467,200k-1M,0.056681951774578465
female,ES113,Ourense,2013,e65,23.514558043245458,23.452522999999996,304467,200k-1M,0.06203504324546216
female,ES113,Ourense,2014,e0,86.91411231192322,86.82547799999998,304467,200k-1M,0.08863431192324356
female,ES113,Ourense,2014,e65,24.089995062530132,23.995559999999998,304467,200k-1M,0.09443506253013467
female,ES113,Ourense,2015,e0,86.46849046825557,86.452435,304467,200k-1M,0.01605546825557269
female,ES113,Ourense,2015,e65,23.637042614202155,23.61867,304467,200k-1M,0.018372614202153414
female,ES113,Ourense,2016,e0,85.90178240501187,85.900482,304467,200k-1M,0.0013004050118752275
female,ES113,Ourense,2016,e65,23.76954386527983,23.767847,304467,200k-1M,0.0016968652798290407
female,ES113,Ourense,2017,e0,86.47503925056664,86.428064,304467,200k-1M,0.0469752505666321
female,ES113,Ourense,2017,e65,23.51779867420323,23.467316999999998,304467,200k-1M,0.05048167420323324
female,ES113,Ourense,2018,e0,86.56160159174193,86.47982400000001,304467,200k-1M,0.08177759174192545
female,ES113,Ourense,2018,e65,23.91300179788161,23.824963000000004,304467,200k-1M,0.08803879788160529
female,ES113,Ourense,2019,e0,86.74876669262564,86.65964,304467,200k-1M,0.08912669262564066
female,ES113,Ourense,2019,e65,23.795965635455456,23.702441999999994,304467,200k-1M,0.09352363545546183
female,ES113,Ourense,2020,e0,86.05754602598917,86.099573,304467,200k-1M,-0.0420269740108381
female,ES113,Ourense,2020,e65,23.491131579523977,23.533441,304467,200k-1M,-0.04230942047602326
female,ES113,Ourense,2021,e0,86.71499825274462,86.653829,304467,200k-1M,0.061169252744619484
female,ES113,Ourense,2021,e65,24.222651304555292,24.156639,304467,200k-1M,0.06601230455529361
female,ES113,Ourense,2022,e0,86.620935606335,86.643258,304467,200k-1M,-0.022322393665007212
female,ES113,Ourense,2022,e65,23.93206881994011,23.95339,304467,200k-1M,-0.021321180059889144
female,ES113,Ourense,2023,e0,86.9619620847488,86.897876,304467,200k-1M,0.0640860847488085
female,ES113,Ourense,2023,e65,24.118256387414366,24.049189,304467,200k-1M,0.06906738741436769
female,ES113,Ourense,2024,e0,86.60752069654873,86.55496600000001,304467,200k-1M,0.05255469654872513
female,ES113,Ourense,2024,e65,24.29414555477826,24.2382,304467,200k-1M,0.05594555477826191
female,ES114,Pontevedra,2002,e0,83.31459062274352,83.35426600000001,947869,200k-1M,-0.0396753772564864
female,ES114,Pontevedra,2002,e65,21.350861293561103,21.391645,947869,200k-1M,-0.04078370643889784
female,ES114,Pontevedra,2003,e0,83.40974659683307,83.396396,947869,200k-1M,0.013350596833078043
female,ES114,Pontevedra,2003,e65,21.172098121797088,21.15644,947869,200k-1M,0.015658121797088143
female,ES114,Pontevedra,2004,e0,84.15199831301855,84.083288,947869,200k-1M,0.06871031301855623
female,ES114,Pontevedra,2004,e65,21.717944337308882,21.645605,947869,200k-1M,0.07233933730888253
female,ES114,Pontevedra,2005,e0,83.74805794337085,83.74793900000002,947869,200k-1M,1.1894337083617756e-4
female,ES114,Pontevedra,2005,e65,21.684143426682926,21.684196,947869,200k-1M,-5.257331707397839e-5
female,ES114,Pontevedra,2006,e0,84.3075371911746,84.29121900000003,947869,200k-1M,0.01631819117457667
female,ES114,Pontevedra,2006,e65,21.967360565457525,21.949218999999996,947869,200k-1M,0.01814156545752965
female,ES114,Pontevedra,2007,e0,84.62533853486754,84.59706300000002,947869,200k-1M,0.028275534867518104
female,ES114,Pontevedra,2007,e65,22.094041882048057,22.062247999999997,947869,200k-1M,0.031793882048059885
female,ES114,Pontevedra,2008,e0,84.7349920953431,84.607883,947869,200k-1M,0.12710909534310133
female,ES114,Pontevedra,2008,e65,22.456535364126204,22.319384000000003,947869,200k-1M,0.13715136412620055
female,ES114,Pontevedra,2009,e0,84.87617968325364,84.79922800000001,947869,200k-1M,0.07695168325362545
female,ES114,Pontevedra,2009,e65,22.462286850628228,22.378001,947869,200k-1M,0.08428585062822691
female,ES114,Pontevedra,2010,e0,85.38165198234653,85.31131900000001,947869,200k-1M,0.07033298234651397
female,ES114,Pontevedra,2010,e65,22.67206242258842,22.595126999999998,947869,200k-1M,0.07693542258842356
female,ES114,Pontevedra,2011,e0,85.3156458186437,85.305709,947869,200k-1M,0.009936818643708989
female,ES114,Pontevedra,2011,e65,22.765172442477308,22.753391,947869,200k-1M,0.01178144247730728
female,ES114,Pontevedra,2012,e0,85.25008286617846,85.224821,947869,200k-1M,0.02526186617845383
female,ES114,Pontevedra,2012,e65,22.475970692845554,22.45057,947869,200k-1M,0.025400692845554573
female,ES114,Pontevedra,2013,e0,85.64701375538039,85.631561,947869,200k-1M,0.015452755380380268
female,ES114,Pontevedra,2013,e65,22.94668824032451,22.928694999999998,947869,200k-1M,0.017993240324511106
female,ES114,Pontevedra,2014,e0,86.20557926614048,86.078654,947869,200k-1M,0.12692526614047495
female,ES114,Pontevedra,2014,e65,23.519181648608953,23.383392999999998,947869,200k-1M,0.1357886486089548
female,ES114,Pontevedra,2015,e0,85.54926322083705,85.533761,947869,200k-1M,0.015502220837049663
female,ES114,Pontevedra,2015,e65,22.928226736732938,22.911205000000002,947869,200k-1M,0.01702173673293572
female,ES114,Pontevedra,2016,e0,85.88959990699593,85.82898999999999,947869,200k-1M,0.0606099069959356
female,ES114,Pontevedra,2016,e65,23.20334602929923,23.138785000000002,947869,200k-1M,0.06456102929922736
female,ES114,Pontevedra,2017,e0,85.92208922315223,85.88539699999998,947869,200k-1M,0.03669222315224374
female,ES114,Pontevedra,2017,e65,23.32997702679094,23.288836999999997,947869,200k-1M,0.04114002679094142
female,ES114,Pontevedra,2018,e0,86.12530407031663,86.102921,947869,200k-1M,0.022383070316635667
female,ES114,Pontevedra,2018,e65,23.32932741578664,23.305183,947869,200k-1M,0.024144415786640394
female,ES114,Pontevedra,2019,e0,86.53653893046975,86.438344,947869,200k-1M,0.09819493046974515
female,ES114,Pontevedra,2019,e65,23.801566237470563,23.69529,947869,200k-1M,0.10627623747056347
female,ES114,Pontevedra,2020,e0,86.43771260047244,86.43174300000001,947869,200k-1M,0.0059696004724258955
female,ES114,Pontevedra,2020,e65,23.67664768266253,23.670115000000003,947869,200k-1M,0.006532682662527378
female,ES114,Pontevedra,2021,e0,86.89666760333719,86.818363,947869,200k-1M,0.07830460333718747
female,ES114,Pontevedra,2021,e65,23.924310971408424,23.841337,947869,200k-1M,0.08297397140842477
female,ES114,Pontevedra,2022,e0,85.8534125649416,85.867977,947869,200k-1M,-0.014564435058389336
female,ES114,Pontevedra,2022,e65,23.210397384446075,23.226388999999998,947869,200k-1M,-0.015991615553922145
female,ES114,Pontevedra,2023,e0,86.7115131525165,86.627055,947869,200k-1M,0.08445815251650401
female,ES114,Pontevedra,2023,e65,23.91609928435522,23.825361,947869,200k-1M,0.09073828435521847
female,ES114,Pontevedra,2024,e0,86.94787215985626,86.84102100000001,947869,200k-1M,0.10685115985624805
female,ES114,Pontevedra,2024,e65,23.92087233124941,23.808541999999996,947869,200k-1M,0.11233033124941372
female,ES120,Asturias,2002,e0,83.28605993292746,83.31493900000001,1009599,>1M,-0.028879067072551834
female,ES120,Asturias,2002,e65,20.91149697322032,20.940964,1009599,>1M,-0.02946702677968105
female,ES120,Asturias,2003,e0,82.963088949235,83.05429400000001,1009599,>1M,-0.09120505076501217
female,ES120,Asturias,2003,e65,20.946911953712547,21.044034,1009599,>1M,-0.09712204628745269
female,ES120,Asturias,2004,e0,83.46863914557042,83.51207,1009599,>1M,-0.043430854429573174
female,ES120,Asturias,2004,e65,21.288232826297925,21.333061000000004,1009599,>1M,-0.044828173702079255
female,ES120,Asturias,2005,e0,83.55127817899213,83.571646,1009599,>1M,-0.020367821007866382
female,ES120,Asturias,2005,e65,21.315346838743697,21.336160000000003,1009599,>1M,-0.0208131612563065
female,ES120,Asturias,2006,e0,84.0490270909043,84.05739,1009599,>1M,-0.008362909095694704
female,ES120,Asturias,2006,e65,21.764133981081947,21.773248999999996,1009599,>1M,-0.00911501891804889
female,ES120,Asturias,2007,e0,83.91647065416569,83.949498,1009599,>1M,-0.03302734583431288
female,ES120,Asturias,2007,e65,21.694339652161506,21.729635,1009599,>1M,-0.035295347838491864
female,ES120,Asturias,2008,e0,84.32488254121864,84.323063,1009599,>1M,0.001819541218637255
female,ES120,Asturias,2008,e65,21.77455883317265,21.770632999999997,1009599,>1M,0.003925833172655047
female,ES120,Asturias,2009,e0,84.32284712609304,84.36800099999999,1009599,>1M,-0.0451538739069548
female,ES120,Asturias,2009,e65,22.040011699853505,22.088095999999997,1009599,>1M,-0.0480843001464919
female,ES120,Asturias,2010,e0,84.73267014090014,84.729015,1009599,>1M,0.003655140900136189
female,ES120,Asturias,2010,e65,22.30899894506485,22.304882000000003,1009599,>1M,0.004116945064847499
female,ES120,Asturias,2011,e0,84.77470007440093,84.73583799999999,1009599,>1M,0.038862074400938695
female,ES120,Asturias,2011,e65,22.562380553446797,22.518888000000004,1009599,>1M,0.043492553446792925
female,ES120,Asturias,2012,e0,84.71368931938892,84.719087,1009599,>1M,-0.005397680611082478
female,ES120,Asturias,2012,e65,22.487630006903807,22.494541999999996,1009599,>1M,-0.006911993096188951
female,ES120,Asturias,2013,e0,85.33448128922525,85.351428,1009599,>1M,-0.01694671077474652
female,ES120,Asturias,2013,e65,22.828216958044862,22.846718,1009599,>1M,-0.0185010419551368
female,ES120,Asturias,2014,e0,85.11258266131703,85.06904300000001,1009599,>1M,0.04353966131702691
female,ES120,Asturias,2014,e65,22.83731703545159,22.789730999999996,1009599,>1M,0.047586035451594455
female,ES120,Asturias,2015,e0,85.26436757454121,85.26569,1009599,>1M,-0.001322425458795351
female,ES120,Asturias,2015,e65,22.575689186090163,22.573888000000004,1009599,>1M,0.0018011860901587795
female,ES120,Asturias,2016,e0,85.47819628353076,85.46520400000001,1009599,>1M,0.01299228353074966
female,ES120,Asturias,2016,e65,22.746942649594487,22.732301,1009599,>1M,0.01464164959448766
female,ES120,Asturias,2017,e0,85.51131826053414,85.521528,1009599,>1M,-0.010209739465864232
female,ES120,Asturias,2017,e65,22.86648634753652,22.876929,1009599,>1M,-0.01044265246348175
female,ES120,Asturias,2018,e0,85.5542308545809,85.50549199999999,1009599,>1M,0.04873885458090399
female,ES120,Asturias,2018,e65,23.072787975865246,23.019713,1009599,>1M,0.0530749758652469
female,ES120,Asturias,2019,e0,85.72289478324592,85.651116,1009599,>1M,0.07177878324591802
female,ES120,Asturias,2019,e65,23.21468313462458,23.138018000000002,1009599,>1M,0.07666513462457658
female,ES120,Asturias,2020,e0,85.00658517199751,84.99997300000001,1009599,>1M,0.006612171997502969
female,ES120,Asturias,2020,e65,22.449165804508418,22.442487999999997,1009599,>1M,0.006677804508420593
female,ES120,Asturias,2021,e0,85.37456187920304,85.32142,1009599,>1M,0.053141879203039366
female,ES120,Asturias,2021,e65,22.950061360777095,22.891888000000005,1009599,>1M,0.05817336077709001
female,ES120,Asturias,2022,e0,85.14619601901293,85.13813999999999,1009599,>1M,0.008056019012940396
female,ES120,Asturias,2022,e65,22.906006678698557,22.896993000000002,1009599,>1M,0.009013678698554628
female,ES120,Asturias,2023,e0,85.79190671515198,85.737887,1009599,>1M,0.05401971515198056
female,ES120,Asturias,2023,e65,23.373484861004936,23.316045000000003,1009599,>1M,0.05743986100493359
female,ES120,Asturias,2024,e0,86.18707938745743,86.144839,1009599,>1M,0.042240387457425754
female,ES120,Asturias,2024,e65,23.255982312170637,23.210833,1009599,>1M,0.045149312170636335
female,ES130,Cantabria,2002,e0,84.04644977784247,84.020434,590851,200k-1M,0.026015777842474108
female,ES130,Cantabria,2002,e65,21.59501743555834,21.565043999999997,590851,200k-1M,0.029973435558343198
female,ES130,Cantabria,2003,e0,84.10823910842078,84.12977999999998,590851,200k-1M,-0.0215408915792068
female,ES130,Cantabria,2003,e65,21.687843028385434,21.710653,590851,200k-1M,-0.022809971614567104
female,ES130,Cantabria,2004,e0,84.68688435198274,84.67212999999998,590851,200k-1M,0.014754351982759317
female,ES130,Cantabria,2004,e65,22.13235019687175,22.116814000000005,590851,200k-1M,0.015536196871746455
female,ES130,Cantabria,2005,e0,84.74996107204402,84.74816300000002,590851,200k-1M,0.0017980720439965125
female,ES130,Cantabria,2005,e65,22.195077042909183,22.193477,590851,200k-1M,0.0016000429091818091
female,ES130,Cantabria,2006,e0,84.45085292983492,84.46662300000003,590851,200k-1M,-0.01577007016510379
female,ES130,Cantabria,2006,e65,22.295047636103437,22.311724,590851,200k-1M,-0.016676363896564794
female,ES130,Cantabria,2007,e0,84.5612707523073,84.576944,590851,200k-1M,-0.015673247692703285
female,ES130,Cantabria,2007,e65,22.182540227829804,22.197435000000002,590851,200k-1M,-0.014894772170197967
female,ES130,Cantabria,2008,e0,84.979037906924,84.97824,590851,200k-1M,7.979069240064973e-4
female,ES130,Cantabria,2008,e65,22.46226061953362,22.459827,590851,200k-1M,0.0024336195336189803
female,ES130,Cantabria,2009,e0,85.41678939493596,85.36521900000001,590851,200k-1M,0.0515703949359505
female,ES130,Cantabria,2009,e65,22.792290068179145,22.736487,590851,200k-1M,0.05580306817914504
female,ES130,Cantabria,2010,e0,85.67862511834684,85.60231499999999,590851,200k-1M,0.07631011834685353
female,ES130,Cantabria,2010,e65,23.174421462580426,23.091164000000003,590851,200k-1M,0.08325746258042344
female,ES130,Cantabria,2011,e0,85.78252964461642,85.71312700000001,590851,200k-1M,0.06940264461640311
female,ES130,Cantabria,2011,e65,23.115676316386295,23.040681999999997,590851,200k-1M,0.07499431638629872
female,ES130,Cantabria,2012,e0,85.6782962785022,85.67554499999999,590851,200k-1M,0.002751278502216792
female,ES130,Cantabria,2012,e65,22.96374567150019,22.960164,590851,200k-1M,0.00358167150019284
female,ES130,Cantabria,2013,e0,85.87360360942922,85.803542,590851,200k-1M,0.07006160942923145
female,ES130,Cantabria,2013,e65,23.319438387337,23.244491999999997,590851,200k-1M,0.07494638733700398
female,ES130,Cantabria,2014,e0,85.90969228649371,85.891785,590851,200k-1M,0.017907286493709762
female,ES130,Cantabria,2014,e65,23.049605135253238,23.028511999999996,590851,200k-1M,0.021093135253241968
female,ES130,Cantabria,2015,e0,85.5677111032549,85.59217699999999,590851,200k-1M,-0.024465896745098803
female,ES130,Cantabria,2015,e65,23.05977947140589,23.084647999999998,590851,200k-1M,-0.024868528594108597
female,ES130,Cantabria,2016,e0,86.14858379737618,86.102615,590851,200k-1M,0.045968797376175985
female,ES130,Cantabria,2016,e65,23.35641572083765,23.307611,590851,200k-1M,0.048804720837647864
female,ES130,Cantabria,2017,e0,86.21097342229068,86.21096000000001,590851,200k-1M,1.3422290663811509e-5
female,ES130,Cantabria,2017,e65,23.5112008584997,23.511131000000002,590851,200k-1M,6.985849969609603e-5
female,ES130,Cantabria,2018,e0,86.320382960691,86.280457,590851,200k-1M,0.039925960691007845
female,ES130,Cantabria,2018,e65,23.45318290482769,23.412239999999997,590851,200k-1M,0.04094290482769125
female,ES130,Cantabria,2019,e0,86.1914023948804,86.13174799999999,590851,200k-1M,0.05965439488041113
female,ES130,Cantabria,2019,e65,23.683483628033546,23.618263000000002,590851,200k-1M,0.06522062803354345
female,ES130,Cantabria,2020,e0,85.61473347604242,85.613045,590851,200k-1M,0.0016884760424176193
female,ES130,Cantabria,2020,e65,23.073219019281453,23.071299,590851,200k-1M,0.0019200192814530226
female,ES130,Cantabria,2021,e0,86.57829438388747,86.49688300000001,590851,200k-1M,0.08141138388745617
female,ES130,Cantabria,2021,e65,23.77055327195371,23.685754,590851,200k-1M,0.08479927195370962
female,ES130,Cantabria,2022,e0,85.58540628333989,85.572403,590851,200k-1M,0.01300328333989853
female,ES130,Cantabria,2022,e65,22.96545391477642,22.950438,590851,200k-1M,0.015015914776419947
female,ES130,Cantabria,2023,e0,86.99267862205798,86.912371,590851,200k-1M,0.0803076220579868
female,ES130,Cantabria,2023,e65,24.032947944024556,23.94645,590851,200k-1M,0.08649794402455768
female,ES130,Cantabria,2024,e0,86.71754030374537,86.62039999999999,590851,200k-1M,0.09714030374537685
female,ES130,Cantabria,2024,e65,23.862349696861486,23.758031999999996,590851,200k-1M,0.1043176968614894
female,ES211,Araba/Alava,2002,e0,84.36483830615228,84.383956,338594,200k-1M,-0.019117693847718442
female,ES211,Araba/Alava,2002,e65,21.805264263917636,21.824627,338594,200k-1M,-0.01936273608236405
female,ES211,Araba/Alava,2003,e0,84.39590685148764,84.415058,338594,200k-1M,-0.019151148512364102
female,ES211,Araba/Alava,2003,e65,21.58623504525827,21.603965000000006,338594,200k-1M,-0.017729954741735554
female,ES211,Araba/Alava,2004,e0,85.00013013952197,85.087036,338594,200k-1M,-0.0869058604780264
female,ES211,Araba/Alava,2004,e65,22.234886745794288,22.328601999999997,338594,200k-1M,-0.09371525420570848
female,ES211,Araba/Alava,2005,e0,84.80337849920554,84.83420600000001,338594,200k-1M,-0.03082750079447294
female,ES211,Araba/Alava,2005,e65,22.307507981055835,22.340305999999998,338594,200k-1M,-0.03279801894416323
female,ES211,Araba/Alava,2006,e0,85.70729521336825,85.673065,338594,200k-1M,0.03423021336826082
female,ES211,Araba/Alava,2006,e65,22.941782976183813,22.905872,338594,200k-1M,0.035910976183814114
female,ES211,Araba/Alava,2007,e0,85.0644585905697,85.066501,338594,200k-1M,-0.0020424094303024276
female,ES211,Araba/Alava,2007,e65,22.78098651972854,22.783738999999994,338594,200k-1M,-0.0027524802714538055
female,ES211,Araba/Alava,2008,e0,85.62883628938489,85.62303299999999,338594,200k-1M,0.005803289384900268
female,ES211,Araba/Alava,2008,e65,22.750243093514772,22.741755,338594,200k-1M,0.008488093514770867
female,ES211,Araba/Alava,2009,e0,85.34481845509183,85.27074099999999,338594,200k-1M,0.07407745509183883
female,ES211,Araba/Alava,2009,e65,23.064639328534593,22.983501999999994,338594,200k-1M,0.08113732853459865
female,ES211,Araba/Alava,2010,e0,86.17939498383036,86.126595,338594,200k-1M,0.052799983830368546
female,ES211,Araba/Alava,2010,e65,23.25176108667222,23.195097,338594,200k-1M,0.056664086672221003
female,ES211,Araba/Alava,2011,e0,86.2228719655448,86.20547099999999,338594,200k-1M,0.017400965544808855
female,ES211,Araba/Alava,2011,e65,23.776707974543452,23.757952000000003,338594,200k-1M,0.018755974543449128
female,ES211,Araba/Alava,2012,e0,86.35789564652603,86.339512,338594,200k-1M,0.01838364652603275
female,ES211,Araba/Alava,2012,e65,23.43196392334918,23.413235999999998,338594,200k-1M,0.018727923349182163
female,ES211,Araba/Alava,2013,e0,86.6625015332597,86.54306400000002,338594,200k-1M,0.11943753325968487
female,ES211,Araba/Alava,2013,e65,24.023206387388658,23.895245,338594,200k-1M,0.12796138738865892
female,ES211,Araba/Alava,2014,e0,86.93656292858216,86.874283,338594,200k-1M,0.06227992858215714
female,ES211,Araba/Alava,2014,e65,23.97525545403408,23.91,338594,200k-1M,0.06525545403408017
female,ES211,Araba/Alava,2015,e0,86.23648641726889,86.160713,338594,200k-1M,0.07577341726889131
female,ES211,Araba/Alava,2015,e65,23.478100170278026,23.39594,338594,200k-1M,0.08216017027802636
female,ES211,Araba/Alava,2016,e0,87.19904271614648,87.18271099999998,338594,200k-1M,0.016331716146495978
female,ES211,Araba/Alava,2016,e65,24.21989062486615,24.201629999999998,338594,200k-1M,0.01826062486615143
female,ES211,Araba/Alava,2017,e0,86.74033122007945,86.596812,338594,200k-1M,0.1435192200794546
female,ES211,Araba/Alava,2017,e65,24.168746783855024,24.016644,338594,200k-1M,0.15210278385502463
female,ES211,Araba/Alava,2018,e0,87.13718142579658,87.022279,338594,200k-1M,0.11490242579658627
female,ES211,Araba/Alava,2018,e65,24.424568061406838,24.299849,338594,200k-1M,0.12471906140683942
female,ES211,Araba/Alava,2019,e0,87.87678422863951,87.708067,338594,200k-1M,0.16871722863950822
female,ES211,Araba/Alava,2019,e65,24.698060128074676,24.521454000000002,338594,200k-1M,0.17660612807467402
female,ES211,Araba/Alava,2020,e0,86.50656626009537,86.495112,338594,200k-1M,0.011454260095362656
female,ES211,Araba/Alava,2020,e65,23.621337848574775,23.609548999999998,338594,200k-1M,0.011788848574777688
female,ES211,Araba/Alava,2021,e0,87.03529389511641,86.872605,338594,200k-1M,0.1626888951164176
female,ES211,Araba/Alava,2021,e65,24.389719537224842,24.216088000000003,338594,200k-1M,0.17363153722483915
female,ES211,Araba/Alava,2022,e0,86.46676275154155,86.465671,338594,200k-1M,0.001091751541551389
female,ES211,Araba/Alava,2022,e65,23.861710791729855,23.862125,338594,200k-1M,-4.1420827014349015e-4
female,ES211,Araba/Alava,2023,e0,87.66280411617267,87.67499099999999,338594,200k-1M,-0.0121868838273258
female,ES211,Araba/Alava,2023,e65,24.784881799832224,24.795118,338594,200k-1M,-0.010236200167774712
female,ES211,Araba/Alava,2024,e0,87.59288249679108,87.54346500000001,338594,200k-1M,0.04941749679106522
female,ES211,Araba/Alava,2024,e65,24.726659044734678,24.674791000000003,338594,200k-1M,0.05186804473467532
female,ES212,Gipuzkoa,2002,e0,84.01520056369877,83.985779,729722,200k-1M,0.0294215636987758
female,ES212,Gipuzkoa,2002,e65,21.649046598300316,21.61773,729722,200k-1M,0.031316598300314524
female,ES212,Gipuzkoa,2003,e0,84.04936970374608,84.09584699999999,729722,200k-1M,-0.046477296253911504
female,ES212,Gipuzkoa,2003,e65,21.460118612203036,21.510006,729722,200k-1M,-0.04988738779696433
female,ES212,Gipuzkoa,2004,e0,84.36792330012152,84.358294,729722,200k-1M,0.009629300121517304
female,ES212,Gipuzkoa,2004,e65,21.737945478519418,21.726956,729722,200k-1M,0.010989478519416451
female,ES212,Gipuzkoa,2005,e0,84.97433949566793,84.92755700000001,729722,200k-1M,0.04678249566792658
female,ES212,Gipuzkoa,2005,e65,22.13381404300616,22.083925,729722,200k-1M,0.049889043006160705
female,ES212,Gipuzkoa,2006,e0,85.28867878339273,85.23927300000001,729722,200k-1M,0.0494057833927144
female,ES212,Gipuzkoa,2006,e65,22.599418764833384,22.546288,729722,200k-1M,0.05313076483338364
female,ES212,Gipuzkoa,2007,e0,84.86986070999441,84.84734300000001,729722,200k-1M,0.02251770999440339
female,ES212,Gipuzkoa,2007,e65,22.636644973758006,22.61274,729722,200k-1M,0.023904973758007486
female,ES212,Gipuzkoa,2008,e0,85.27941775053083,85.24752100000002,729722,200k-1M,0.03189675053080521
female,ES212,Gipuzkoa,2008,e65,22.656425370764097,22.623373,729722,200k-1M,0.033052370764096395
female,ES212,Gipuzkoa,2009,e0,85.38876101505475,85.36866400000001,729722,200k-1M,0.020097015054744816
female,ES212,Gipuzkoa,2009,e65,22.794429909409992,22.771913,729722,200k-1M,0.022516909409990404
female,ES212,Gipuzkoa,2010,e0,85.67643053877634,85.636879,729722,200k-1M,0.03955153877635098
female,ES212,Gipuzkoa,2010,e65,23.230863685374054,23.187884000000004,729722,200k-1M,0.042979685374049836
female,ES212,Gipuzkoa,2011,e0,85.97799468880544,85.951336,729722,200k-1M,0.026658688805440534
female,ES212,Gipuzkoa,2011,e65,23.294321478964495,23.264681,729722,200k-1M,0.029640478964495287
female,ES212,Gipuzkoa,2012,e0,86.10471074689278,86.074958,729722,200k-1M,0.02975274689278251
female,ES212,Gipuzkoa,2012,e65,23.190674927042426,23.157233,729722,200k-1M,0.03344192704242488
female,ES212,Gipuzkoa,2013,e0,86.35290198140889,86.31370199999999,729722,200k-1M,0.03919998140889902
female,ES212,Gipuzkoa,2013,e65,23.649774247389114,23.605513,729722,200k-1M,0.044261247389115965
female,ES212,Gipuzkoa,2014,e0,86.25108314485878,86.189275,729722,200k-1M,0.06180814485878727
female,ES212,Gipuzkoa,2014,e65,23.616508262012772,23.54989,729722,200k-1M,0.06661826201277066
female,ES212,Gipuzkoa,2015,e0,85.91890125585056,85.90136300000002,729722,200k-1M,0.01753825585053903
female,ES212,Gipuzkoa,2015,e65,23.306793328759024,23.288965,729722,200k-1M,0.017828328759023293
female,ES212,Gipuzkoa,2016,e0,86.5492942362914,86.49542400000001,729722,200k-1M,0.053870236291388096
female,ES212,Gipuzkoa,2016,e65,23.711651497387777,23.653721,729722,200k-1M,0.057930497387776114
female,ES212,Gipuzkoa,2017,e0,86.42546534828313,86.40745000000001,729722,200k-1M,0.018015348283114463
female,ES212,Gipuzkoa,2017,e65,23.65989846553753,23.641225000000002,729722,200k-1M,0.018673465537528244
female,ES212,Gipuzkoa,2018,e0,86.35270991011484,86.29414900000002,729722,200k-1M,0.058560910114820786
female,ES212,Gipuzkoa,2018,e65,23.685254600501118,23.621766,729722,200k-1M,0.06348860050111682
female,ES212,Gipuzkoa,2019,e0,86.75513766693761,86.69091300000001,729722,200k-1M,0.06422466693760498
female,ES212,Gipuzkoa,2019,e65,23.876096540831558,23.805701999999997,729722,200k-1M,0.07039454083156116
female,ES212,Gipuzkoa,2020,e0,86.08283289369986,86.070927,729722,200k-1M,0.01190589369986128
female,ES212,Gipuzkoa,2020,e65,23.182477648650973,23.168017,729722,200k-1M,0.014460648650974406
female,ES212,Gipuzkoa,2021,e0,86.24305906101378,86.206202,729722,200k-1M,0.036857061013776615
female,ES212,Gipuzkoa,2021,e65,23.511966812258958,23.47135,729722,200k-1M,0.04061681225895697
female,ES212,Gipuzkoa,2022,e0,86.3351147665546,86.354066,729722,200k-1M,-0.0189512334454065
female,ES212,Gipuzkoa,2022,e65,23.460205436963857,23.477691999999998,729722,200k-1M,-0.017486563036140268
female,ES212,Gipuzkoa,2023,e0,86.9044340933685,86.86346,729722,200k-1M,0.040974093368490117
female,ES212,Gipuzkoa,2023,e65,23.65509338807522,23.611344000000003,729722,200k-1M,0.043749388075216444
female,ES212,Gipuzkoa,2024,e0,87.2577346630499,87.23920900000002,729722,200k-1M,0.018525663049885566
female,ES212,Gipuzkoa,2024,e65,24.10993633765506,24.088322999999995,729722,200k-1M,0.021613337655065123
female,ES213,Bizkaia,2002,e0,83.34781017431145,83.351,1159368,>1M,-0.0031898256885511955
female,ES213,Bizkaia,2002,e65,21.45987091568542,21.463365,1159368,>1M,-0.0034940843145783163
female,ES213,Bizkaia,2003,e0,83.3531716724687,83.340976,1159368,>1M,0.012195672468706675
female,ES213,Bizkaia,2003,e65,21.353664191914227,21.339889000000003,1159368,>1M,0.013775191914223939
female,ES213,Bizkaia,2004,e0,83.91372172463748,83.94919200000001,1159368,>1M,-0.03547027536252756
female,ES213,Bizkaia,2004,e65,21.829730042412145,21.865757,1159368,>1M,-0.036026957587854014
female,ES213,Bizkaia,2005,e0,84.19035617232558,84.235548,1159368,>1M,-0.04519182767441521
female,ES213,Bizkaia,2005,e65,21.786202342537468,21.833990000000004,1159368,>1M,-0.04778765746253555
female,ES213,Bizkaia,2006,e0,84.65008275401736,84.633995,1159368,>1M,0.016087754017362954
female,ES213,Bizkaia,2006,e65,22.373528109728767,22.356148,1159368,>1M,0.017380109728765802
female,ES213,Bizkaia,2007,e0,84.45115135551153,84.47897199999998,1159368,>1M,-0.027820644488457447
female,ES213,Bizkaia,2007,e65,22.15262183823971,22.183064,1159368,>1M,-0.030442161760291242
female,ES213,Bizkaia,2008,e0,84.7685104705766,84.779443,1159368,>1M,-0.010932529423399728
female,ES213,Bizkaia,2008,e65,22.415063801635252,22.425869,1159368,>1M,-0.01080519836474636
female,ES213,Bizkaia,2009,e0,85.21131268701498,85.184451,1159368,>1M,0.02686168701498559
female,ES213,Bizkaia,2009,e65,22.575644002317837,22.545148999999995,1159368,>1M,0.03049500231784208
female,ES213,Bizkaia,2010,e0,85.33438109361937,85.313779,1159368,>1M,0.020602093619373818
female,ES213,Bizkaia,2010,e65,22.874285470162896,22.850888000000005,1159368,>1M,0.023397470162890954
female,ES213,Bizkaia,2011,e0,85.25155024771414,85.21417300000002,1159368,>1M,0.037377247714118766
female,ES213,Bizkaia,2011,e65,23.03269702178682,22.992569999999997,1159368,>1M,0.040127021786823036
female,ES213,Bizkaia,2012,e0,85.57820079043321,85.584714,1159368,>1M,-0.006513209566790579
female,ES213,Bizkaia,2012,e65,22.986132019193445,22.993191999999997,1159368,>1M,-0.007059980806552346
female,ES213,Bizkaia,2013,e0,86.20935878220114,86.151189,1159368,>1M,0.05816978220113356
female,ES213,Bizkaia,2013,e65,23.53408328253718,23.471576,1159368,>1M,0.06250728253717952
female,ES213,Bizkaia,2014,e0,85.83830051393593,85.88079599999999,1159368,>1M,-0.0424954860640554
female,ES213,Bizkaia,2014,e65,23.33053806367388,23.375678,1159368,>1M,-0.04513993632611957
female,ES213,Bizkaia,2015,e0,85.85898132263578,85.862594,1159368,>1M,-0.0036126773642166654
female,ES213,Bizkaia,2015,e65,23.30903528705876,23.311674000000004,1159368,>1M,-0.0026387129412448473
female,ES213,Bizkaia,2016,e0,86.13041458129759,86.030846,1159368,>1M,0.09956858129758928
female,ES213,Bizkaia,2016,e65,23.383578159002884,23.277655000000003,1159368,>1M,0.10592315900288085
female,ES213,Bizkaia,2017,e0,86.35387003533523,86.26026500000002,1159368,>1M,0.0936050353352158
female,ES213,Bizkaia,2017,e65,23.451111063457724,23.35038,1159368,>1M,0.10073106345772231
female,ES213,Bizkaia,2018,e0,86.15453468425737,86.12872599999999,1159368,>1M,0.025808684257384584
female,ES213,Bizkaia,2018,e65,23.641260237562324,23.614060000000006,1159368,>1M,0.02720023756231882
female,ES213,Bizkaia,2019,e0,86.61000932447803,86.550045,1159368,>1M,0.05996432447803102
female,ES213,Bizkaia,2019,e65,23.861909101471596,23.797078000000003,1159368,>1M,0.06483110147159366
female,ES213,Bizkaia,2020,e0,85.84271133405227,85.78381900000001,1159368,>1M,0.0588923340522598
female,ES213,Bizkaia,2020,e65,23.109230332684962,23.046518999999996,1159368,>1M,0.06271133268496598
female,ES213,Bizkaia,2021,e0,86.48545087543712,86.408326,1159368,>1M,0.07712487543712143
female,ES213,Bizkaia,2021,e65,23.598579745711675,23.516445,1159368,>1M,0.08213474571167367
female,ES213,Bizkaia,2022,e0,85.93272055172748,85.91576300000001,1159368,>1M,0.016957551727472264
female,ES213,Bizkaia,2022,e65,23.25698553666112,23.239479,1159368,>1M,0.01750653666112001
female,ES213,Bizkaia,2023,e0,87.00121404332525,86.94951000000002,1159368,>1M,0.051704043325230487
female,ES213,Bizkaia,2023,e65,24.115094010001634,24.059551000000003,1159368,>1M,0.05554301000163164
female,ES213,Bizkaia,2024,e0,87.16732583406768,87.106516,1159368,>1M,0.060809834067683255
female,ES213,Bizkaia,2024,e65,23.98177145021898,23.916908000000003,1159368,>1M,0.06486345021897577
female,ES220,Navarra,2002,e0,84.89711139814104,84.85483099999999,678333,200k-1M,0.04228039814104534
female,ES220,Navarra,2002,e65,21.937312696359474,21.891724,678333,200k-1M,0.0455886963594736
female,ES220,Navarra,2003,e0,84.17072938826358,84.17591099999999,678333,200k-1M,-0.005181611736404079
female,ES220,Navarra,2003,e65,21.68828519700175,21.691278000000004,678333,200k-1M,-0.002992802998253552
female,ES220,Navarra,2004,e0,84.5961216036959,84.587848,678333,200k-1M,0.008273603695911902
female,ES220,Navarra,2004,e65,22.30585440484185,22.295097,678333,200k-1M,0.010757404841850615
female,ES220,Navarra,2005,e0,84.62519682634594,84.580462,678333,200k-1M,0.04473482634594461
female,ES220,Navarra,2005,e65,22.0726992605571,22.023874000000003,678333,200k-1M,0.04882526055709846
female,ES220,Navarra,2006,e0,85.50151647103112,85.486006,678333,200k-1M,0.015510471031120687
female,ES220,Navarra,2006,e65,22.821440148582337,22.803879000000002,678333,200k-1M,0.017561148582334596
female,ES220,Navarra,2007,e0,85.47180625838766,85.40676400000001,678333,200k-1M,0.0650422583876491
female,ES220,Navarra,2007,e65,22.816487837475123,22.748389999999997,678333,200k-1M,0.06809783747512554
female,ES220,Navarra,2008,e0,85.42704457000883,85.356793,678333,200k-1M,0.07025157000883553
female,ES220,Navarra,2008,e65,22.7613318414609,22.685328999999996,678333,200k-1M,0.0760028414609053
female,ES220,Navarra,2009,e0,86.0614218900109,86.01711400000002,678333,200k-1M,0.04430789001088442
female,ES220,Navarra,2009,e65,23.20136234638411,23.153585000000003,678333,200k-1M,0.04777734638410536
female,ES220,Navarra,2010,e0,86.55878522227951,86.520926,678333,200k-1M,0.037859222279507776
female,ES220,Navarra,2010,e65,23.447397244781097,23.40756,678333,200k-1M,0.03983724478109707
female,ES220,Navarra,2011,e0,86.07880205321234,86.045122,678333,200k-1M,0.03368005321233625
female,ES220,Navarra,2011,e65,23.27999850585916,23.241979,678333,200k-1M,0.03801950585916103
female,ES220,Navarra,2012,e0,86.55136669042874,86.52277599999998,678333,200k-1M,0.02859069042875717
female,ES220,Navarra,2012,e65,23.551413039143778,23.521407,678333,200k-1M,0.030006039143778196
female,ES220,Navarra,2013,e0,86.47393988773467,86.35417,678333,200k-1M,0.11976988773467667
female,ES220,Navarra,2013,e65,23.599718918102514,23.473494,678333,200k-1M,0.12622491810251546
female,ES220,Navarra,2014,e0,86.32071055683134,86.26391300000002,678333,200k-1M,0.056797556831327256
female,ES220,Navarra,2014,e65,23.547894563784514,23.487518999999995,678333,200k-1M,0.06037556378451825
female,ES220,Navarra,2015,e0,86.53456124804471,86.54136500000001,678333,200k-1M,-0.006803751955303028
female,ES220,Navarra,2015,e65,23.5423001143755,23.548498999999996,678333,200k-1M,-0.006198885624495887
female,ES220,Navarra,2016,e0,86.4960818512019,86.509385,678333,200k-1M,-0.01330314879810146
female,ES220,Navarra,2016,e65,23.727259018043917,23.741078,678333,200k-1M,-0.013818981956084997
female,ES220,Navarra,2017,e0,86.5638446512454,86.53420700000001,678333,200k-1M,0.029637651245394636
female,ES220,Navarra,2017,e65,23.48751902154575,23.454757,678333,200k-1M,0.03276202154575003
female,ES220,Navarra,2018,e0,86.87646323101534,86.80890199999999,678333,200k-1M,0.06756123101534683
female,ES220,Navarra,2018,e65,23.74242660711944,23.669781,678333,200k-1M,0.07264560711944057
female,ES220,Navarra,2019,e0,86.97854123417208,86.92103,678333,200k-1M,0.05751123417208248
female,ES220,Navarra,2019,e65,24.064401741451558,24.002915,678333,200k-1M,0.061486741451556526
female,ES220,Navarra,2020,e0,85.96278580455365,85.985132,678333,200k-1M,-0.022346195446345973
female,ES220,Navarra,2020,e65,22.980657816201735,23.002873,678333,200k-1M,-0.02221518379826648
female,ES220,Navarra,2021,e0,86.97660955243332,86.87357999999999,678333,200k-1M,0.1030295524333269
female,ES220,Navarra,2021,e65,24.20940966670471,24.098938,678333,200k-1M,0.11047166670470787
female,ES220,Navarra,2022,e0,86.68153783894617,86.67477999999998,678333,200k-1M,0.006757838946185757
female,ES220,Navarra,2022,e65,23.633610740638467,23.625471,678333,200k-1M,0.008139740638466009
female,ES220,Navarra,2023,e0,87.3225725593266,87.24034900000001,678333,200k-1M,0.08222355932659298
female,ES220,Navarra,2023,e65,24.10657026766463,24.020864000000003,678333,200k-1M,0.08570626766462652
female,ES220,Navarra,2024,e0,87.33667535231851,87.331551,678333,200k-1M,0.005124352318503611
female,ES220,Navarra,2024,e65,24.142677957317154,24.138095000000003,678333,200k-1M,0.004582957317150971
female,ES230,La Rioja,2002,e0,84.0052760065385,84.024397,324184,200k-1M,-0.01912099346149887
female,ES230,La Rioja,2002,e65,21.677727551832977,21.694965000000007,324184,200k-1M,-0.017237448167030323
female,ES230,La Rioja,2003,e0,84.06092726975858,84.090393,324184,200k-1M,-0.029465730241426513
female,ES230,La Rioja,2003,e65,21.571587266402343,21.601536,324184,200k-1M,-0.029948733597656485
female,ES230,La Rioja,2004,e0,84.30130721517395,84.333928,324184,200k-1M,-0.03262078482605091
female,ES230,La Rioja,2004,e65,21.71770851197598,21.747754,324184,200k-1M,-0.03004548802401885
female,ES230,La Rioja,2005,e0,84.35958213233988,84.425325,324184,200k-1M,-0.06574286766011994
female,ES230,La Rioja,2005,e65,22.07636787834427,22.145195,324184,200k-1M,-0.06882712165572968
female,ES230,La Rioja,2006,e0,85.37781663107457,85.34717900000001,324184,200k-1M,0.03063763107455486
female,ES230,La Rioja,2006,e65,22.669918147902212,22.638169,324184,200k-1M,0.03174914790221095
female,ES230,La Rioja,2007,e0,85.25594111550897,85.27575599999999,324184,200k-1M,-0.019814884491012208
female,ES230,La Rioja,2007,e65,22.330592788344276,22.351010000000002,324184,200k-1M,-0.020417211655725964
female,ES230,La Rioja,2008,e0,84.856040641912,84.90399000000001,324184,200k-1M,-0.0479493580880046
female,ES230,La Rioja,2008,e65,22.746907990674913,22.796777,324184,200k-1M,-0.049869009325085756
female,ES230,La Rioja,2009,e0,85.64632588881751,85.577744,324184,200k-1M,0.06858188881751914
female,ES230,La Rioja,2009,e65,22.927198047889966,22.853835000000004,324184,200k-1M,0.07336304788996273
female,ES230,La Rioja,2010,e0,85.81391045635917,85.78697799999999,324184,200k-1M,0.026932456359176626
female,ES230,La Rioja,2010,e65,22.717735273445093,22.690728,324184,200k-1M,0.02700727344509346
female,ES230,La Rioja,2011,e0,86.0232895348864,86.003085,324184,200k-1M,0.02020453488640328
female,ES230,La Rioja,2011,e65,22.983840877882077,22.962198999999995,324184,200k-1M,0.021641877882082383
female,ES230,La Rioja,2012,e0,85.85978617401668,85.83129400000001,324184,200k-1M,0.028492174016662375
female,ES230,La Rioja,2012,e65,23.132524198898444,23.101839000000002,324184,200k-1M,0.030685198898442678
female,ES230,La Rioja,2013,e0,86.33648295381703,86.37273399999998,324184,200k-1M,-0.03625104618295438
female,ES230,La Rioja,2013,e65,23.629355631656345,23.668913,324184,200k-1M,-0.03955736834365453
female,ES230,La Rioja,2014,e0,86.92395637302182,86.953277,324184,200k-1M,-0.02932062697817628
female,ES230,La Rioja,2014,e65,23.79710113349542,23.826953000000003,324184,200k-1M,-0.029851866504582603
female,ES230,La Rioja,2015,e0,86.16704177112041,86.126266,324184,200k-1M,0.04077577112040842
female,ES230,La Rioja,2015,e65,23.325063081687283,23.283558999999997,324184,200k-1M,0.04150408168728603
female,ES230,La Rioja,2016,e0,86.51805740462103,86.41773300000001,324184,200k-1M,0.10032440462101988
female,ES230,La Rioja,2016,e65,23.697582951707933,23.590788,324184,200k-1M,0.10679495170793274
female,ES230,La Rioja,2017,e0,86.43156871505364,86.335167,324184,200k-1M,0.09640171505364492
female,ES230,La Rioja,2017,e65,23.688848179232384,23.584505999999998,324184,200k-1M,0.1043421792323862
female,ES230,La Rioja,2018,e0,86.5264263152081,86.41933300000001,324184,200k-1M,0.10709331520808973
female,ES230,La Rioja,2018,e65,23.623312819399736,23.510093,324184,200k-1M,0.11321981939973469
female,ES230,La Rioja,2019,e0,86.71904180768463,86.62248199999998,324184,200k-1M,0.09655980768465611
female,ES230,La Rioja,2019,e65,23.958138777541254,23.854560000000003,324184,200k-1M,0.10357877754125155
female,ES230,La Rioja,2020,e0,85.45852190097757,85.481972,324184,200k-1M,-0.02345009902242623
female,ES230,La Rioja,2020,e65,22.662253237638556,22.686448,324184,200k-1M,-0.024194762361442912
female,ES230,La Rioja,2021,e0,86.12807180470517,86.14624,324184,200k-1M,-0.018168195294833822
female,ES230,La Rioja,2021,e65,23.458147910369753,23.475571999999996,324184,200k-1M,-0.01742408963024289
female,ES230,La Rioja,2022,e0,86.01233668196237,85.99857,324184,200k-1M,0.013766681962366079
female,ES230,La Rioja,2022,e65,23.203689625643396,23.188194,324184,200k-1M,0.015495625643396238
female,ES230,La Rioja,2023,e0,86.97274976222255,86.94365300000003,324184,200k-1M,0.029096762222522443
female,ES230,La Rioja,2023,e65,23.914882474749373,23.885702999999996,324184,200k-1M,0.029179474749376766
female,ES230,La Rioja,2024,e0,86.55185867819247,86.51029100000001,324184,200k-1M,0.04156767819246454
female,ES230,La Rioja,2024,e65,23.660273010459065,23.61557,324184,200k-1M,0.04470301045906311
female,ES241,Huesca,2002,e0,83.62405841820643,83.587786,228519,200k-1M,0.036272418206436896
female,ES241,Huesca,2002,e65,21.698022121559514,21.658777,228519,200k-1M,0.03924512155951376
female,ES241,Huesca,2003,e0,83.87827779958553,83.900137,228519,200k-1M,-0.021859200414468205
female,ES241,Huesca,2003,e65,21.347520166564955,21.368114,228519,200k-1M,-0.020593833435043507
female,ES241,Huesca,2004,e0,84.12799818204772,84.12204899999999,228519,200k-1M,0.005949182047729096
female,ES241,Huesca,2004,e65,22.067594848809243,22.058605999999997,228519,200k-1M,0.008988848809245553
female,ES241,Huesca,2005,e0,84.03792085139115,84.053558,228519,200k-1M,-0.01563714860884602
female,ES241,Huesca,2005,e65,21.445638883299956,21.464541999999994,228519,200k-1M,-0.01890311670003797
female,ES241,Huesca,2006,e0,85.04121683161247,85.011232,228519,200k-1M,0.029984831612466678
female,ES241,Huesca,2006,e65,22.244695580796833,22.213119,228519,200k-1M,0.03157658079683401
female,ES241,Huesca,2007,e0,85.71820783690681,85.648962,228519,200k-1M,0.0692458369068163
female,ES241,Huesca,2007,e65,22.59612751475162,22.522337999999998,228519,200k-1M,0.07378951475162054
female,ES241,Huesca,2008,e0,85.18886925682888,85.21175900000001,228519,200k-1M,-0.02288974317113457
female,ES241,Huesca,2008,e65,22.464029771918067,22.486276999999998,228519,200k-1M,-0.02224722808193036
female,ES241,Huesca,2009,e0,85.32132493731623,85.30252,228519,200k-1M,0.018804937316232895
female,ES241,Huesca,2009,e65,22.727922222302148,22.70888,228519,200k-1M,0.019042222302147138
female,ES241,Huesca,2010,e0,84.77119588693444,84.683101,228519,200k-1M,0.08809488693444223
female,ES241,Huesca,2010,e65,22.469490146706804,22.374721,228519,200k-1M,0.09476914670680259
female,ES241,Huesca,2011,e0,85.70667968044735,85.660967,228519,200k-1M,0.04571268044735177
female,ES241,Huesca,2011,e65,23.08813792007896,23.034810000000004,228519,200k-1M,0.05332792007895648
female,ES241,Huesca,2012,e0,85.19392098475213,85.16880499999999,228519,200k-1M,0.025115984752133613
female,ES241,Huesca,2012,e65,22.436851413910965,22.410303,228519,200k-1M,0.026548413910965962
female,ES241,Huesca,2013,e0,86.53939900463708,86.45820400000001,228519,200k-1M,0.08119500463706686
female,ES241,Huesca,2013,e65,23.311999692420873,23.226359,228519,200k-1M,0.08564069242087413
female,ES241,Huesca,2014,e0,85.90128331783906,85.881589,228519,200k-1M,0.019694317839054065
female,ES241,Huesca,2014,e65,23.107943271704865,23.089011999999997,228519,200k-1M,0.018931271704868635
female,ES241,Huesca,2015,e0,85.95172687826445,85.99215000000001,228519,200k-1M,-0.04042312173555729
female,ES241,Huesca,2015,e65,23.004379142219246,23.045618999999995,228519,200k-1M,-0.04123985778074868
female,ES241,Huesca,2016,e0,86.43171215988116,86.38870599999998,228519,200k-1M,0.04300615988117329
female,ES241,Huesca,2016,e65,23.351659337960122,23.306631999999997,228519,200k-1M,0.045027337960124925
female,ES241,Huesca,2017,e0,86.29877570693316,86.228596,228519,200k-1M,0.07017970693316045
female,ES241,Huesca,2017,e65,23.427775357050432,23.353281000000003,228519,200k-1M,0.07449435705042973
female,ES241,Huesca,2018,e0,86.32268581840212,86.295236,228519,200k-1M,0.027449818402118353
female,ES241,Huesca,2018,e65,23.354617388662955,23.325918,228519,200k-1M,0.02869938866295385
female,ES241,Huesca,2019,e0,87.20846143891502,87.03124600000001,228519,200k-1M,0.17721543891501312
female,ES241,Huesca,2019,e65,24.493542126704117,24.305195,228519,200k-1M,0.1883471267041159
female,ES241,Huesca,2020,e0,85.81801113103192,85.887322,228519,200k-1M,-0.06931086896807415
female,ES241,Huesca,2020,e65,23.041440078135384,23.116333,228519,200k-1M,-0.07489292186461682
female,ES241,Huesca,2021,e0,86.40640132235967,86.309715,228519,200k-1M,0.09668632235967323
female,ES241,Huesca,2021,e65,23.801100792606807,23.696389,228519,200k-1M,0.10471179260680685
female,ES241,Huesca,2022,e0,86.02491573081501,86.021534,228519,200k-1M,0.0033817308150076997
female,ES241,Huesca,2022,e65,23.37100183660698,23.368814,228519,200k-1M,0.0021878366069785216
female,ES241,Huesca,2023,e0,87.24745510003015,87.28741000000001,228519,200k-1M,-0.03995489996985668
female,ES241,Huesca,2023,e65,24.020165685350314,24.06006,228519,200k-1M,-0.03989431464968618
female,ES241,Huesca,2024,e0,86.53982443015902,86.43899300000001,228519,200k-1M,0.10083143015900475
female,ES241,Huesca,2024,e65,23.758788748336865,23.649938000000002,228519,200k-1M,0.10885074833686303
female,ES242,Teruel,2002,e0,84.06944575995763,83.954878,135309,<200k,0.11456775995763735
female,ES242,Teruel,2002,e65,21.852698142652333,21.732181999999998,135309,<200k,0.12051614265233468
female,ES242,Teruel,2003,e0,83.27060851759238,83.206092,135309,<200k,0.06451651759238075
female,ES242,Teruel,2003,e65,21.705151935557573,21.629868000000005,135309,<200k,0.07528393555756807
female,ES242,Teruel,2004,e0,84.49891541446341,84.531702,135309,<200k,-0.03278658553658431
female,ES242,Teruel,2004,e65,22.297981853301696,22.334355000000006,135309,<200k,-0.03637314669830971
female,ES242,Teruel,2005,e0,84.1735318581171,84.083059,135309,<200k,0.09047285811709571
female,ES242,Teruel,2005,e65,21.994423279322803,21.89614,135309,<200k,0.09828327932280345
female,ES242,Teruel,2006,e0,84.67240107155902,84.580761,135309,<200k,0.09164007155902709
female,ES242,Teruel,2006,e65,22.185383514650788,22.089635999999995,135309,<200k,0.09574751465079245
female,ES242,Teruel,2007,e0,85.20223509548094,85.12704199999999,135309,<200k,0.07519309548095521
female,ES242,Teruel,2007,e65,22.76913074229324,22.686145,135309,<200k,0.08298574229323918
female,ES242,Teruel,2008,e0,85.27806813756962,85.253379,135309,<200k,0.024689137569623654
female,ES242,Teruel,2008,e65,22.4207755985587,22.394218000000002,135309,<200k,0.026557598558696327
female,ES242,Teruel,2009,e0,85.53434587933774,85.44814300000002,135309,<200k,0.0862028793377192
female,ES242,Teruel,2009,e65,22.321899048377933,22.225612999999996,135309,<200k,0.0962860483779373
female,ES242,Teruel,2010,e0,85.88132061557073,85.721005,135309,<200k,0.16031561557072393
female,ES242,Teruel,2010,e65,23.167429836219316,22.995145999999995,135309,<200k,0.17228383621932153
female,ES242,Teruel,2011,e0,86.15142591251757,86.12989099999999,135309,<200k,0.02153491251758055
female,ES242,Teruel,2011,e65,23.137218570206908,23.112728999999998,135309,<200k,0.024489570206910116
female,ES242,Teruel,2012,e0,85.83289363039134,85.78422800000001,135309,<200k,0.04866563039132643
female,ES242,Teruel,2012,e65,22.949623292077536,22.89731,135309,<200k,0.05231329207753532
female,ES242,Teruel,2013,e0,86.6496623085497,86.616139,135309,<200k,0.033523308549689546
female,ES242,Teruel,2013,e65,23.067644207117578,23.033207,135309,<200k,0.03443720711757692
female,ES242,Teruel,2014,e0,85.85228991571695,85.757642,135309,<200k,0.09464791571694775
female,ES242,Teruel,2014,e65,23.15926676343674,23.058658,135309,<200k,0.10060876343673897
female,ES242,Teruel,2015,e0,85.7208174998162,85.63346,135309,<200k,0.087357499816207
female,ES242,Teruel,2015,e65,23.12010127345812,23.023501999999997,135309,<200k,0.09659927345812136
female,ES242,Teruel,2016,e0,87.28056961631842,87.12458199999999,135309,<200k,0.15598761631842706
female,ES242,Teruel,2016,e65,23.835474305392857,23.669816,135309,<200k,0.16565830539285642
female,ES242,Teruel,2017,e0,86.4687095179273,86.412698,135309,<200k,0.05601151792728842
female,ES242,Teruel,2017,e65,23.663699632228216,23.605849,135309,<200k,0.057850632228216625
female,ES242,Teruel,2018,e0,86.15419288314119,86.143566,135309,<200k,0.010626883141185317
female,ES242,Teruel,2018,e65,23.636129829426913,23.624100000000002,135309,<200k,0.01202982942691122
female,ES242,Teruel,2019,e0,86.57399408845116,86.49345400000001,135309,<200k,0.08054008845114424
female,ES242,Teruel,2019,e65,23.828903741924176,23.741388,135309,<200k,0.08751574192417522
female,ES242,Teruel,2020,e0,85.5820325401131,85.62187499999999,135309,<200k,-0.039842459886884285
female,ES242,Teruel,2020,e65,22.456312948260518,22.499658999999998,135309,<200k,-0.04334605173947992
female,ES242,Teruel,2021,e0,86.52263311795802,86.39666400000002,135309,<200k,0.12596911795800736
female,ES242,Teruel,2021,e65,23.528104124827312,23.391997000000003,135309,<200k,0.13610712482730847
female,ES242,Teruel,2022,e0,86.4622345580925,86.465635,135309,<200k,-0.0034004419075017722
female,ES242,Teruel,2022,e65,23.38628099395632,23.390437,135309,<200k,-0.004156006043679383
female,ES242,Teruel,2023,e0,87.26684183491993,87.169419,135309,<200k,0.0974228349199251
female,ES242,Teruel,2023,e65,23.780577222523416,23.677868000000007,135309,<200k,0.10270922252340853
female,ES242,Teruel,2024,e0,86.41365018901925,86.43962800000001,135309,<200k,-0.025977810980762683
female,ES242,Teruel,2024,e65,23.495294945595216,23.52147,135309,<200k,-0.02617505440478496
female,ES243,Zaragoza,2002,e0,83.45965460775135,83.46909500000001,987763,200k-1M,-0.009440392248663443
female,ES243,Zaragoza,2002,e65,21.055760669077422,21.066439999999997,987763,200k-1M,-0.010679330922574337
female,ES243,Zaragoza,2003,e0,82.98450176176199,83.04160900000002,987763,200k-1M,-0.05710723823803221
female,ES243,Zaragoza,2003,e65,20.777572512497652,20.836496,987763,200k-1M,-0.05892348750234788
female,ES243,Zaragoza,2004,e0,83.72845573361244,83.771521,987763,200k-1M,-0.04306526638757191
female,ES243,Zaragoza,2004,e65,21.365871726745883,21.410652,987763,200k-1M,-0.0447802732541156
female,ES243,Zaragoza,2005,e0,83.461441273155,83.498827,987763,200k-1M,-0.03738572684500241
female,ES243,Zaragoza,2005,e65,21.028928480806723,21.069751,987763,200k-1M,-0.040822519193277174
female,ES243,Zaragoza,2006,e0,84.29153133826028,84.327019,987763,200k-1M,-0.0354876617397224
female,ES243,Zaragoza,2006,e65,21.670964330145264,21.707926,987763,200k-1M,-0.03696166985473681
female,ES243,Zaragoza,2007,e0,84.3803112789488,84.347538,987763,200k-1M,0.03277327894879534
female,ES243,Zaragoza,2007,e65,21.924917799328192,21.88939,987763,200k-1M,0.035527799328193055
female,ES243,Zaragoza,2008,e0,84.32407310310626,84.37298599999998,987763,200k-1M,-0.04891289689372513
female,ES243,Zaragoza,2008,e65,21.846767415240503,21.899325,987763,200k-1M,-0.0525575847594979
female,ES243,Zaragoza,2009,e0,84.88453455162951,84.896493,987763,200k-1M,-0.011958448370492647
female,ES243,Zaragoza,2009,e65,22.231406971920414,22.243716999999997,987763,200k-1M,-0.01231002807958248
female,ES243,Zaragoza,2010,e0,85.13227612853429,85.088189,987763,200k-1M,0.044087128534286535
female,ES243,Zaragoza,2010,e65,22.579484472882807,22.531793,987763,200k-1M,0.04769147288280706
female,ES243,Zaragoza,2011,e0,85.07675193660572,85.071606,987763,200k-1M,0.005145936605714496
female,ES243,Zaragoza,2011,e65,22.47980372518374,22.473873,987763,200k-1M,0.005930725183738161
female,ES243,Zaragoza,2012,e0,85.44557025903502,85.43225000000001,987763,200k-1M,0.013320259035012327
female,ES243,Zaragoza,2012,e65,22.51832055196596,22.502958000000003,987763,200k-1M,0.015362551965957039
female,ES243,Zaragoza,2013,e0,85.83551340493332,85.84077199999999,987763,200k-1M,-0.005258595066663929
female,ES243,Zaragoza,2013,e65,23.077295253561413,23.081539999999997,987763,200k-1M,-0.004244746438583746
female,ES243,Zaragoza,2014,e0,85.6557481921297,85.642501,987763,200k-1M,0.013247192129711038
female,ES243,Zaragoza,2014,e65,22.801195671674037,22.785571999999995,987763,200k-1M,0.015623671674042328
female,ES243,Zaragoza,2015,e0,85.60841464317795,85.56713400000001,987763,200k-1M,0.041280643177941556
female,ES243,Zaragoza,2015,e65,22.960101689303322,22.914528,987763,200k-1M,0.045573689303321174
female,ES243,Zaragoza,2016,e0,86.37599382891938,86.282666,987763,200k-1M,0.09332782891937086
female,ES243,Zaragoza,2016,e65,23.53371934388339,23.434201,987763,200k-1M,0.0995183438833891
female,ES243,Zaragoza,2017,e0,85.97205054896122,85.94781700000001,987763,200k-1M,0.024233548961205997
female,ES243,Zaragoza,2017,e65,23.10206544363086,23.075944,987763,200k-1M,0.026121443630859886
female,ES243,Zaragoza,2018,e0,86.27711584887317,86.193497,987763,200k-1M,0.08361884887317217
female,ES243,Zaragoza,2018,e65,23.28176827719096,23.193205000000003,987763,200k-1M,0.08856327719095702
female,ES243,Zaragoza,2019,e0,86.44555191163752,86.34305900000001,987763,200k-1M,0.10249291163751195
female,ES243,Zaragoza,2019,e65,23.630392168569887,23.520491,987763,200k-1M,0.10990116856988763
female,ES243,Zaragoza,2020,e0,84.78104239365604,84.80589199999999,987763,200k-1M,-0.02484960634394895
female,ES243,Zaragoza,2020,e65,21.953878103539314,21.978917,987763,200k-1M,-0.025038896460685578
female,ES243,Zaragoza,2021,e0,85.83291687901594,85.813426,987763,200k-1M,0.01949087901593316
female,ES243,Zaragoza,2021,e65,23.23430029935214,23.213648,987763,200k-1M,0.020652299352139636
female,ES243,Zaragoza,2022,e0,85.80910902772041,85.862134,987763,200k-1M,-0.053024972279587246
female,ES243,Zaragoza,2022,e65,22.95314742960487,23.010844000000002,987763,200k-1M,-0.05769657039513376
female,ES243,Zaragoza,2023,e0,86.79480395146327,86.760766,987763,200k-1M,0.034037951463261606
female,ES243,Zaragoza,2023,e65,23.76665545737942,23.729784,987763,200k-1M,0.03687145737942288
female,ES243,Zaragoza,2024,e0,86.88061395171532,86.83682300000001,987763,200k-1M,0.04379095171530878
female,ES243,Zaragoza,2024,e65,23.781021234944582,23.734051000000004,987763,200k-1M,0.04697023494457753
female,ES300,Madrid,2002,e0,84.07537645309495,84.08633599999999,7009268,>1M,-0.010959546905041861
female,ES300,Madrid,2002,e65,21.57180233869413,21.582296999999997,7009268,>1M,-0.010494661305866515
female,ES300,Madrid,2003,e0,83.75342464044361,83.811488,7009268,>1M,-0.05806335955638531
female,ES300,Madrid,2003,e65,21.43718693771916,21.499136999999997,7009268,>1M,-0.061950062280835994
female,ES300,Madrid,2004,e0,84.25325165554575,84.28019900000001,7009268,>1M,-0.02694734445425695
female,ES300,Madrid,2004,e65,21.813895760700138,21.841858000000006,7009268,>1M,-0.02796223929986752
female,ES300,Madrid,2005,e0,84.53090799950408,84.53156000000001,7009268,>1M,-6.520004959327252e-4
female,ES300,Madrid,2005,e65,22.008985475870094,22.009531999999997,7009268,>1M,-5.465241299020818e-4
female,ES300,Madrid,2006,e0,85.07794119857328,85.07880599999999,7009268,>1M,-8.648014267009785e-4
female,ES300,Madrid,2006,e65,22.356987984808214,22.357595000000003,7009268,>1M,-6.070151917896283e-4
female,ES300,Madrid,2007,e0,85.06621425627402,85.063481,7009268,>1M,0.002733256274026985
female,ES300,Madrid,2007,e65,22.41864060389557,22.415578999999997,7009268,>1M,0.003061603895574194
female,ES300,Madrid,2008,e0,85.4840929099833,85.453536,7009268,>1M,0.030556909983303626
female,ES300,Madrid,2008,e65,22.792482380746794,22.760101999999996,7009268,>1M,0.0323803807467975
female,ES300,Madrid,2009,e0,85.71381431835009,85.680979,7009268,>1M,0.03283531835009512
female,ES300,Madrid,2009,e65,22.985262600491907,22.949938999999997,7009268,>1M,0.03532360049191041
female,ES300,Madrid,2010,e0,86.11453339344224,86.05631799999999,7009268,>1M,0.05821539344225357
female,ES300,Madrid,2010,e65,23.314069202231174,23.251911000000003,7009268,>1M,0.062158202231170634
female,ES300,Madrid,2011,e0,86.2576268013616,86.20557699999999,7009268,>1M,0.052049801361604864
female,ES300,Madrid,2011,e65,23.448367538628894,23.392075000000002,7009268,>1M,0.05629253862889172
female,ES300,Madrid,2012,e0,86.18044544463798,86.12004199999998,7009268,>1M,0.060403444637998405
female,ES300,Madrid,2012,e65,23.47355267782182,23.40929,7009268,>1M,0.06426267782182293
female,ES300,Madrid,2013,e0,86.7281983690723,86.664422,7009268,>1M,0.06377636907230055
female,ES300,Madrid,2013,e65,23.874658425045098,23.806467,7009268,>1M,0.06819142504509657
female,ES300,Madrid,2014,e0,86.66566312339152,86.59094400000001,7009268,>1M,0.07471912339151743
female,ES300,Madrid,2014,e65,23.862372487278556,23.782470999999997,7009268,>1M,0.07990148727855839
female,ES300,Madrid,2015,e0,86.48307516401348,86.46616500000002,7009268,>1M,0.01691016401346701
female,ES300,Madrid,2015,e65,23.536337266597595,23.517918000000005,7009268,>1M,0.018419266597589967
female,ES300,Madrid,2016,e0,86.99861147187079,86.92277899999999,7009268,>1M,0.07583247187079678
female,ES300,Madrid,2016,e65,24.01065595717719,23.930135,7009268,>1M,0.08052095717718899
female,ES300,Madrid,2017,e0,86.8148244446259,86.769242,7009268,>1M,0.045582444625893004
female,ES300,Madrid,2017,e65,23.883823061645312,23.834771000000003,7009268,>1M,0.04905206164530895
female,ES300,Madrid,2018,e0,87.20467675694086,87.11236199999999,7009268,>1M,0.09231475694086555
female,ES300,Madrid,2018,e65,24.23077479047044,24.133029,7009268,>1M,0.09774579047044085
female,ES300,Madrid,2019,e0,87.32106696783674,87.18610799999999,7009268,>1M,0.1349589678367522
female,ES300,Madrid,2019,e65,24.29248192932823,24.149408,7009268,>1M,0.14307392932822793
female,ES300,Madrid,2020,e0,84.97722369491468,84.9928,7009268,>1M,-0.015576305085318154
female,ES300,Madrid,2020,e65,22.037895682327072,22.053776,7009268,>1M,-0.01588031767292719
female,ES300,Madrid,2021,e0,87.21854436756685,87.08169400000001,7009268,>1M,0.13685036756683644
female,ES300,Madrid,2021,e65,24.221503880075513,24.076486,7009268,>1M,0.14501788007551397
female,ES300,Madrid,2022,e0,87.15992091096608,87.109484,7009268,>1M,0.05043691096608427
female,ES300,Madrid,2022,e65,24.125136490636542,24.071609,7009268,>1M,0.05352749063654372
female,ES300,Madrid,2023,e0,87.63185126427409,87.50662900000002,7009268,>1M,0.1252222642740719
female,ES300,Madrid,2023,e65,24.55160560452181,24.419445,7009268,>1M,0.1321606045218111
female,ES300,Madrid,2024,e0,87.86088689726992,87.73804799999999,7009268,>1M,0.12283889726992925
female,ES300,Madrid,2024,e65,24.747356779477265,24.617673000000003,7009268,>1M,0.1296837794772614
female,ES411,Avila,2002,e0,83.72526017656087,83.748716,160463,<200k,-0.02345582343913577
female,ES411,Avila,2002,e65,21.688891233883158,21.709538,160463,<200k,-0.020646766116840354
female,ES411,Avila,2003,e0,84.3399837680887,84.315983,160463,<200k,0.024000768088697555
female,ES411,Avila,2003,e65,22.179577737186577,22.151949000000002,160463,<200k,0.02762873718657488
female,ES411,Avila,2004,e0,84.44405024494404,84.435536,160463,<200k,0.008514244944038296
female,ES411,Avila,2004,e65,22.080489698065843,22.069837,160463,<200k,0.01065269806584368
female,ES411,Avila,2005,e0,84.17095189967297,84.11388799999999,160463,<200k,0.05706389967298264
female,ES411,Avila,2005,e65,22.303141656886325,22.238174,160463,<200k,0.06496765688632422
female,ES411,Avila,2006,e0,84.851052865148,84.83342900000001,160463,<200k,0.017623865147996298
female,ES411,Avila,2006,e65,22.391314486912655,22.370215,160463,<200k,0.02109948691265373
female,ES411,Avila,2007,e0,83.8507405204134,83.79764000000002,160463,<200k,0.053100520413380536
female,ES411,Avila,2007,e65,22.46127462433216,22.399291,160463,<200k,0.061983624332157206
female,ES411,Avila,2008,e0,84.45781916831562,84.49771600000001,160463,<200k,-0.039896831684387735
female,ES411,Avila,2008,e65,22.50457272386319,22.545605999999996,160463,<200k,-0.04103327613680463
female,ES411,Avila,2009,e0,85.74581267637478,85.74718600000001,160463,<200k,-0.0013733236252306824
female,ES411,Avila,2009,e65,22.856032645964262,22.857664000000003,160463,<200k,-0.001631354035740884
female,ES411,Avila,2010,e0,85.65029936007126,85.592446,160463,<200k,0.05785336007126318
female,ES411,Avila,2010,e65,23.097238791547433,23.033615,160463,<200k,0.06362379154743181
female,ES411,Avila,2011,e0,84.94105124391318,84.90593199999999,160463,<200k,0.03511924391318644
female,ES411,Avila,2011,e65,23.158423527967685,23.119788000000003,160463,<200k,0.03863552796768133
female,ES411,Avila,2012,e0,86.143127751321515,86.12370199999998,160463,<200k,0.01942575132153479
female,ES411,Avila,2012,e65,23.15966882468748,23.138515,160463,<200k,0.021153824687477396
female,ES411,Avila,2013,e0,86.15249551434674,86.073567,160463,<200k,0.07892851434674242
female,ES411,Avila,2013,e65,23.274794492090567,23.190916,160463,<200k,0.08387849209056597
female,ES411,Avila,2014,e0,85.94421765019632,85.94584900000001,160463,<200k,-0.0016313498036879537
female,ES411,Avila,2014,e65,23.61285543602067,23.617204000000005,160463,<200k,-0.004348563979334585
female,ES411,Avila,2015,e0,85.69349995735374,85.66437099999999,160463,<200k,0.02912895735374832
female,ES411,Avila,2015,e65,23.024538715119725,22.993388,160463,<200k,0.031150715119725447
female,ES411,Avila,2016,e0,85.59476580237192,85.45251900000001,160463,<200k,0.14224680237191478
female,ES411,Avila,2016,e65,23.909690510247852,23.751093,160463,<200k,0.1585975102478514
female,ES411,Avila,2017,e0,85.56876287321003,85.48719300000002,160463,<200k,0.08156987321001452
female,ES411,Avila,2017,e65,23.0361074514007,22.953245999999996,160463,<200k,0.08286145140070289
female,ES411,Avila,2018,e0,86.07137721432504,85.968258,160463,<200k,0.10311921432503368
female,ES411,Avila,2018,e65,23.45922135747975,23.348541999999995,160463,<200k,0.11067935747975355
female,ES411,Avila,2019,e0,87.16180826607928,87.051237,160463,<200k,0.11057126607927614
female,ES411,Avila,2019,e65,24.34311824489905,24.224012,160463,<200k,0.11910624489905075
female,ES411,Avila,2020,e0,84.90705583138711,84.94206400000002,160463,<200k,-0.035008168612904456
female,ES411,Avila,2020,e65,22.50130244305686,22.541242999999998,160463,<200k,-0.039940556943136585
female,ES411,Avila,2021,e0,86.94729309873988,86.77146,160463,<200k,0.17583309873987218
female,ES411,Avila,2021,e65,23.89245868386806,23.705139999999997,160463,<200k,0.18731868386806383
female,ES411,Avila,2022,e0,85.60392662754566,85.53035,160463,<200k,0.07357662754566263
female,ES411,Avila,2022,e65,23.140436088083412,23.057563000000002,160463,<200k,0.0828730880834101
female,ES411,Avila,2023,e0,86.5426871787625,86.46413500000001,160463,<200k,0.07855217876249299
female,ES411,Avila,2023,e65,24.10659850475424,24.022128999999996,160463,<200k,0.08446950475424231
female,ES411,Avila,2024,e0,87.13202648404062,87.117974,160463,<200k,0.014052484040618651
female,ES411,Avila,2024,e65,24.083279023984815,24.064989,160463,<200k,0.018290023984814496
female,ES412,Burgos,2002,e0,84.73623818743502,84.65725400000001,359740,200k-1M,0.07898418743501168
female,ES412,Burgos,2002,e65,22.196771965704382,22.115733,359740,200k-1M,0.08103896570438351
female,ES412,Burgos,2003,e0,84.61915469036896,84.608699,359740,200k-1M,0.010455690368956994
female,ES412,Burgos,2003,e65,22.240019069454497,22.23021,359740,200k-1M,0.009809069454497887
female,ES412,Burgos,2004,e0,85.26993646836978,85.257805,359740,200k-1M,0.012131468369773302
female,ES412,Burgos,2004,e65,22.79176684294808,22.780941999999996,359740,200k-1M,0.010824842948082392
female,ES412,Burgos,2005,e0,84.71858085424456,84.71325100000001,359740,200k-1M,0.005329854244550347
female,ES412,Burgos,2005,e65,21.984503761132213,21.977628,359740,200k-1M,0.006875761132214109
female,ES412,Burgos,2006,e0,85.70149743565247,85.59286999999999,359740,200k-1M,0.10862743565247968
female,ES412,Burgos,2006,e65,23.452359145939127,23.332961000000005,359740,200k-1M,0.11939814593912246
female,ES412,Burgos,2007,e0,85.43769067210069,85.44708400000002,359740,200k-1M,-0.009393327899331894
female,ES412,Burgos,2007,e65,22.934291857065418,22.941186,359740,200k-1M,-0.006894142934580572
female,ES412,Burgos,2008,e0,85.73103126363438,85.731481,359740,200k-1M,-4.4973636562417596e-4
female,ES412,Burgos,2008,e65,22.81772930319455,22.817138000000003,359740,200k-1M,5.913031945468106e-4
female,ES412,Burgos,2009,e0,85.79199485205687,85.79392300000002,359740,200k-1M,-0.0019281479431469961
female,ES412,Burgos,2009,e65,23.11733820749147,23.119482,359740,200k-1M,-0.00214379250853014
female,ES412,Burgos,2010,e0,86.42507577467244,86.35793699999999,359740,200k-1M,0.06713877467244345
female,ES412,Burgos,2010,e65,24.030786368183104,23.958953,359740,200k-1M,0.07183336818310337
female,ES412,Burgos,2011,e0,85.9097310583152,85.86825,359740,200k-1M,0.04148105831519899
female,ES412,Burgos,2011,e65,23.436340214302266,23.393748,359740,200k-1M,0.04259221430226745
female,ES412,Burgos,2012,e0,86.50185250298883,86.47122800000001,359740,200k-1M,0.030624502988814584
female,ES412,Burgos,2012,e65,23.75531272552296,23.72245,359740,200k-1M,0.032862725522960545
female,ES412,Burgos,2013,e0,86.65343670948887,86.692325,359740,200k-1M,-0.038888290511124524
female,ES412,Burgos,2013,e65,23.9189717594324,23.958477,359740,200k-1M,-0.03950524056759974
female,ES412,Burgos,2014,e0,87.04171733802146,87.02913799999999,359740,200k-1M,0.012579338021467379
female,ES412,Burgos,2014,e65,24.21413998859904,24.202601999999995,359740,200k-1M,0.01153798859904498
female,ES412,Burgos,2015,e0,87.4530718715729,87.38875699999998,359740,200k-1M,0.06431487157291826
female,ES412,Burgos,2015,e65,24.131366618136024,24.06317,359740,200k-1M,0.06819661813602451
female,ES412,Burgos,2016,e0,87.23419692572536,87.191447,359740,200k-1M,0.04274992572536007
female,ES412,Burgos,2016,e65,24.027893931188597,23.983874,359740,200k-1M,0.04401993118859693
female,ES412,Burgos,2017,e0,86.778064498963,86.717438,359740,200k-1M,0.06062649896300343
female,ES412,Burgos,2017,e65,23.950370391955158,23.886308999999997,359740,200k-1M,0.06406139195516047
female,ES412,Burgos,2018,e0,86.97484467594239,86.936776,359740,200k-1M,0.038068675942398045
female,ES412,Burgos,2018,e65,24.03755261671978,23.998210999999998,359740,200k-1M,0.039341616719781314
female,ES412,Burgos,2019,e0,87.69753529729046,87.626643,359740,200k-1M,0.07089229729045599
female,ES412,Burgos,2019,e65,24.46048732613165,24.384586,359740,200k-1M,0.07590132613164968
female,ES412,Burgos,2020,e0,86.35487856977524,86.376159,359740,200k-1M,-0.021280430224763336
female,ES412,Burgos,2020,e65,23.226829905528405,23.249737999999997,359740,200k-1M,-0.022908094471592477
female,ES412,Burgos,2021,e0,87.76147500568997,87.718134,359740,200k-1M,0.04334100568996746
female,ES412,Burgos,2021,e65,24.575809737203674,24.527595,359740,200k-1M,0.04821473720367209
female,ES412,Burgos,2022,e0,86.92799418767378,86.890529000000015,359740,200k-1M,0.03746518767376017
female,ES412,Burgos,2022,e65,24.031612145136652,23.989340999999996,359740,200k-1M,0.042271145136655974
female,ES412,Burgos,2023,e0,86.96055602421151,86.86145900000001,359740,200k-1M,0.09909702421150257
female,ES412,Burgos,2023,e65,24.41368550125971,24.308485,359740,200k-1M,0.10520050125970926
female,ES412,Burgos,2024,e0,87.44872586640541,87.302859,359740,200k-1M,0.14586686640541302
female,ES412,Burgos,2024,e65,24.69142606082211,24.534108000000003,359740,200k-1M,0.15731806082210653
female,ES413,Leon,2002,e0,84.2041224667322,84.20710300000002,447802,200k-1M,-0.002980533267816554
female,ES413,Leon,2002,e65,21.91433860153734,21.917343,447802,200k-1M,-0.0030043984626573206
female,ES413,Leon,2003,e0,84.75424483570752,84.772325,447802,200k-1M,-0.018080164292470613
female,ES413,Leon,2003,e65,21.982616969059343,22.004412,447802,200k-1M,-0.02179503094065538
female,ES413,Leon,2004,e0,84.72459350087126,84.69182300000001,447802,200k-1M,0.03277050087125133
female,ES413,Leon,2004,e65,22.287971365748348,22.253915000000003,447802,200k-1M,0.03405636574834503
female,ES413,Leon,2005,e0,84.68991457095056,84.68023199999999,447802,200k-1M,0.009682570950573677
female,ES413,Leon,2005,e65,22.16237612542365,22.151289000000002,447802,200k-1M,0.011087125423646427
female,ES413,Leon,2006,e0,85.07339039780587,85.045057,447802,200k-1M,0.02833339780586641
female,ES413,Leon,2006,e65,22.565774994914378,22.535116,447802,200k-1M,0.03065899491437918
female,ES413,Leon,2007,e0,84.81817070991015,84.724012,447802,200k-1M,0.09415870991014685
female,ES413,Leon,2007,e65,22.432594345797945,22.329928000000002,447802,200k-1M,0.10266634579794243
female,ES413,Leon,2008,e0,84.87070646152515,84.83588799999998,447802,200k-1M,0.03481846152516255
female,ES413,Leon,2008,e65,22.574611507834273,22.536479,447802,200k-1M,0.038132507834273355
female,ES413,Leon,2009,e0,86.00685388606418,85.98047799999999,447802,200k-1M,0.02637588606418717
female,ES413,Leon,2009,e65,23.271796853606077,23.239648999999996,447802,200k-1M,0.03214785360608019
female,ES413,Leon,2010,e0,86.11461348759636,86.06037799999999,447802,200k-1M,0.05423548759637242
female,ES413,Leon,2010,e65,23.275141713074945,23.216302,447802,200k-1M,0.05883971307494562
female,ES413,Leon,2011,e0,86.07258293900816,86.065634,447802,200k-1M,0.006948939008154298
female,ES413,Leon,2011,e65,23.306843482042474,23.298792999999996,447802,200k-1M,0.008050482042477825
female,ES413,Leon,2012,e0,86.04646086497945,86.05734199999999,447802,200k-1M,-0.01088113502054
female,ES413,Leon,2012,e65,23.3408192725669,23.352038999999998,447802,200k-1M,-0.011219727433097404
female,ES413,Leon,2013,e0,85.61654769638002,85.550608,447802,200k-1M,0.06593969638002761
female,ES413,Leon,2013,e65,23.656453931202666,23.582948,447802,200k-1M,0.0735059312026678
female,ES413,Leon,2014,e0,86.03866029777788,85.94724300000003,447802,200k-1M,0.09141729777785201
female,ES413,Leon,2014,e65,23.733671628457955,23.633456000000002,447802,200k-1M,0.10021562845795273
female,ES413,Leon,2015,e0,85.74524346563123,85.71486600000001,447802,200k-1M,0.03037746563121857
female,ES413,Leon,2015,e65,23.280359347321355,23.247314,447802,200k-1M,0.03304534732135522
female,ES413,Leon,2016,e0,86.6727623521344,86.62422500000001,447802,200k-1M,0.04853735213438881
female,ES413,Leon,2016,e65,23.806919520604893,23.753741999999995,447802,200k-1M,0.053177520604897666
female,ES413,Leon,2017,e0,86.42118294497689,86.346591,447802,200k-1M,0.0745919449768877
female,ES413,Leon,2017,e65,24.03611461793984,23.955378999999997,447802,200k-1M,0.08073561793984396
female,ES413,Leon,2018,e0,86.43820584317925,86.36782400000001,447802,200k-1M,0.07038184317923424
female,ES413,Leon,2018,e65,23.718304092754185,23.642004,447802,200k-1M,0.07630009275418459
female,ES413,Leon,2019,e0,86.47021822023372,86.327417,447802,200k-1M,0.14280122023372144
female,ES413,Leon,2019,e65,24.190789833905058,24.036381000000002,447802,200k-1M,0.15440883390505533
female,ES413,Leon,2020,e0,85.29259627890933,85.34416000000002,447802,200k-1M,-0.05156372109068741
female,ES413,Leon,2020,e65,22.640841187775383,22.694926000000002,447802,200k-1M,-0.05408481222461958
female,ES413,Leon,2021,e0,86.60760146455861,86.45696500000001,447802,200k-1M,0.1506364645586018
female,ES413,Leon,2021,e65,23.897254063109127,23.737018000000003,447802,200k-1M,0.16023606310912442
female,ES413,Leon,2022,e0,86.20985016669549,86.180028,447802,200k-1M,0.029822166695495866
female,ES413,Leon,2022,e65,23.548762022031568,23.515362,447802,200k-1M,0.033400022031568
female,ES413,Leon,2023,e0,87.03683434372611,86.90742600000002,447802,200k-1M,0.129408343726098
female,ES413,Leon,2023,e65,24.435957831155278,24.296794,447802,200k-1M,0.13916383115527964
female,ES413,Leon,2024,e0,86.93592504501376,86.811347,447802,200k-1M,0.12457804501376302
female,ES413,Leon,2024,e65,24.335687335521047,24.201675,447802,200k-1M,0.13401233552104586
female,ES414,Palencia,2002,e0,84.02249129199906,84.11826400000001,158063,<200k,-0.0957727080009505
female,ES414,Palencia,2002,e65,22.13207699887154,22.238994,158063,<200k,-0.10691700112846192
female,ES414,Palencia,2003,e0,83.8972007012791,83.929874,158063,<200k,-0.032673298720894195
female,ES414,Palencia,2003,e65,21.710074738843915,21.746214,158063,<200k,-0.03613926115608379
female,ES414,Palencia,2004,e0,85.35786175182142,85.292973,158063,<200k,0.06488875182141385
female,ES414,Palencia,2004,e65,22.137651839460453,22.068064,158063,<200k,0.06958783946045344
female,ES414,Palencia,2005,e0,84.86684481200889,84.88004099999999,158063,<200k,-0.013196187991098896
female,ES414,Palencia,2005,e65,22.097330935304313,22.111798000000004,158063,<200k,-0.014467064695690368
female,ES414,Palencia,2006,e0,84.68912213949841,84.62114199999999,158063,<200k,0.06798013949841675
female,ES414,Palencia,2006,e65,22.714307153444054,22.641032,158063,<200k,0.07327515344405455
female,ES414,Palencia,2007,e0,84.84425203899075,84.86073199999998,158063,<200k,-0.016479961009238764
female,ES414,Palencia,2007,e65,22.522504250322413,22.537741999999998,158063,<200k,-0.015237749677584844
female,ES414,Palencia,2008,e0,85.67583493627895,85.571677,158063,<200k,0.10415793627895198
female,ES414,Palencia,2008,e65,22.761323863760307,22.644775000000003,158063,<200k,0.11654886376030404
female,ES414,Palencia,2009,e0,85.03863550301323,85.00492900000002,158063,<200k,0.03370650301320666
female,ES414,Palencia,2009,e65,22.746145577870053,22.707668,158063,<200k,0.038477577870050794
female,ES414,Palencia,2010,e0,85.82188291774447,85.816874,158063,<200k,0.0050089177444760935
female,ES414,Palencia,2010,e65,23.14033946430638,23.135078000000004,158063,<200k,0.0052614643063755295
female,ES414,Palencia,2011,e0,85.62552677738616,85.504462,158063,<200k,0.1210647773861524
female,ES414,Palencia,2011,e65,22.989145834320304,22.861769,158063,<200k,0.12737683432030522
female,ES414,Palencia,2012,e0,85.88322621033042,85.87985799999998,158063,<200k,0.0033682103304357724
female,ES414,Palencia,2012,e65,22.99457279789328,22.989902999999998,158063,<200k,0.004669797893281924
female,ES414,Palencia,2013,e0,86.12542187473302,86.16807299999999,158063,<200k,-0.042651125266971235
female,ES414,Palencia,2013,e65,23.322979555061053,23.367169,158063,<200k,-0.044189444938947275
female,ES414,Palencia,2014,e0,85.30798517880844,85.32207999999999,158063,<200k,-0.01409482119154859
female,ES414,Palencia,2014,e65,22.924105274337194,22.939617,158063,<200k,-0.015511725662804565
female,ES414,Palencia,2015,e0,86.10580458802886,86.179262,158063,<200k,-0.07345741197113398
female,ES414,Palencia,2015,e65,23.015749057170872,23.090181,158063,<200k,-0.07443194282912913
female,ES414,Palencia,2016,e0,86.71183315223045,86.62605199999999,158063,<200k,0.08578115223046723
female,ES414,Palencia,2016,e65,23.478076513478804,23.386525,158063,<200k,0.09155151347880519
female,ES414,Palencia,2017,e0,86.52276566757973,86.524335,158063,<200k,-0.0015693324202601389
female,ES414,Palencia,2017,e65,23.4724899811709,23.473298999999997,158063,<200k,-8.090188290985623e-4
female,ES414,Palencia,2018,e0,85.53291870400375,85.49981700000001,158063,<200k,0.033101704003740906
female,ES414,Palencia,2018,e65,23.252196410869654,23.215773,158063,<200k,0.036423410869655726
female,ES414,Palencia,2019,e0,86.79459271854792,86.684317,158063,<200k,0.11027571854792484
female,ES414,Palencia,2019,e65,23.743719528812893,23.62879,158063,<200k,0.11492952881289398
female,ES414,Palencia,2020,e0,84.4422245013945,84.51798900000001,158063,<200k,-0.07576449860550838
female,ES414,Palencia,2020,e65,22.274495184723897,22.355217,158063,<200k,-0.08072181527610311
female,ES414,Palencia,2021,e0,85.88962748090198,85.816391,158063,<200k,0.07323648090198276
female,ES414,Palencia,2021,e65,23.28348346514972,23.203925,158063,<200k,0.07955846514971654
female,ES414,Palencia,2022,e0,85.91118919066997,85.87298599999998,158063,<200k,0.03820319066998934
female,ES414,Palencia,2022,e65,23.261708807848464,23.218618999999997,158063,<200k,0.04308980784846739
female,ES414,Palencia,2023,e0,87.3455438555636,87.262942,158063,<200k,0.08260185556360966
female,ES414,Palencia,2023,e65,24.35154810716542,24.263216999999997,158063,<200k,0.08833110716542336
female,ES414,Palencia,2024,e0,86.76759190805042,86.74482900000002,158063,<200k,0.022762908050395936
female,ES414,Palencia,2024,e65,24.008767236739732,23.981481999999996,158063,<200k,0.027285236739736263
female,ES415,Salamanca,2002,e0,83.95423670680873,83.922025,327552,200k-1M,0.03221170680872376
female,ES415,Salamanca,2002,e65,22.031377499828338,21.995570999999998,327552,200k-1M,0.03580649982833961
female,ES415,Salamanca,2003,e0,84.00417972639549,83.96008400000001,327552,200k-1M,0.04409572639548287
female,ES415,Salamanca,2003,e65,22.16544773410547,22.117547000000002,327552,200k-1M,0.047900734105468246
female,ES415,Salamanca,2004,e0,85.08376896365338,85.026074,327552,200k-1M,0.057694963653389664
female,ES415,Salamanca,2004,e65,22.626587709621894,22.565291,327552,200k-1M,0.06129670962189593
female,ES415,Salamanca,2005,e0,85.07619694442246,85.04496800000001,327552,200k-1M,0.031228944422451832
female,ES415,Salamanca,2005,e65,22.424494175683698,22.391900000000003,327552,200k-1M,0.032594175683694715
female,ES415,Salamanca,2006,e0,85.67042393610447,85.69427400000001,327552,200k-1M,-0.023850063895537232
female,ES415,Salamanca,2006,e65,23.07613836841851,23.100853000000004,327552,200k-1M,-0.024714631581495894
female,ES415,Salamanca,2007,e0,85.73130712259916,85.65253399999999,327552,200k-1M,0.07877312259917346
female,ES415,Salamanca,2007,e65,23.095305846608007,23.010011000000002,327552,200k-1M,0.08529484660800435
female,ES415,Salamanca,2008,e0,85.68471418695954,85.631845,327552,200k-1M,0.05286918695954057
female,ES415,Salamanca,2008,e65,23.01175983446442,22.953288,327552,200k-1M,0.05847183446442017
female,ES415,Salamanca,2009,e0,85.93540148191838,85.89571,327552,200k-1M,0.03969148191838201
female,ES415,Salamanca,2009,e65,23.513789293693133,23.470944,327552,200k-1M,0.04284529369313361
female,ES415,Salamanca,2010,e0,86.5961104231613,86.51716500000002,327552,200k-1M,0.0789454231612865
female,ES415,Salamanca,2010,e65,23.698525618597646,23.615136,327552,200k-1M,0.08338961859764638
female,ES415,Salamanca,2011,e0,86.93056235388251,86.871245,327552,200k-1M,0.059317353882505586
female,ES415,Salamanca,2011,e65,23.90564955255968,23.840858000000004,327552,200k-1M,0.06479155255967584
female,ES415,Salamanca,2012,e0,86.41807340528669,86.40221500000001,327552,200k-1M,0.01585840528667859
female,ES415,Salamanca,2012,e65,23.684404357451548,23.666595,327552,200k-1M,0.017809357451547214
female,ES415,Salamanca,2013,e0,86.90458583410467,86.846958,327552,200k-1M,0.057627834104664544
female,ES415,Salamanca,2013,e65,24.073707532391623,24.012286,327552,200k-1M,0.0614215323916234
female,ES415,Salamanca,2014,e0,87.4117158289317,87.38492300000001,327552,200k-1M,0.026792828931689883
female,ES415,Salamanca,2014,e65,24.535640557446413,24.507024,327552,200k-1M,0.028616557446412116
female,ES415,Salamanca,2015,e0,86.91068052885365,86.854149,327552,200k-1M,0.056531528853639657
female,ES415,Salamanca,2015,e65,24.16899263883611,24.109625,327552,200k-1M,0.05936763883610752
female,ES415,Salamanca,2016,e0,87.12853152039418,87.027967,327552,200k-1M,0.10056452039417252
female,ES415,Salamanca,2016,e65,24.386223841519985,24.280021999999995,327552,200k-1M,0.10620184151999013
female,ES415,Salamanca,2017,e0,86.97753572142021,86.922003,327552,200k-1M,0.0555327214202066
female,ES415,Salamanca,2017,e65,24.13526106872541,24.074822,327552,200k-1M,0.06043906872540816
female,ES415,Salamanca,2018,e0,87.14275342998717,87.12383599999998,327552,200k-1M,0.01891742998718371
female,ES415,Salamanca,2018,e65,24.364024664874915,24.344053000000002,327552,200k-1M,0.01997166487491242
female,ES415,Salamanca,2019,e0,87.43441405037183,87.337467,327552,200k-1M,0.09694705037182416
female,ES415,Salamanca,2019,e65,24.403181509360945,24.300551000000002,327552,200k-1M,0.10263050936094231
female,ES415,Salamanca,2020,e0,85.27410505927874,85.281351,327552,200k-1M,-0.007245940721261945
female,ES415,Salamanca,2020,e65,22.58858131000654,22.595406999999998,327552,200k-1M,-0.006825689993458894
female,ES415,Salamanca,2021,e0,88.08793096431319,87.886154,327552,200k-1M,0.20177696431318282
female,ES415,Salamanca,2021,e65,24.73208122339461,24.521219,327552,200k-1M,0.21086222339461003
female,ES415,Salamanca,2022,e0,86.6793094659,86.67293199999997,327552,200k-1M,0.006377465900030188
female,ES415,Salamanca,2022,e65,24.063333503318812,24.054492,327552,200k-1M,0.008841503318812727
female,ES415,Salamanca,2023,e0,88.23104685795472,88.115496,327552,200k-1M,0.11555085795473019
female,ES415,Salamanca,2023,e65,25.391016974975066,25.267231999999996,327552,200k-1M,0.12378497497507013
female,ES415,Salamanca,2024,e0,88.17279074025826,87.99481300000002,327552,200k-1M,0.17797774025824253
female,ES415,Salamanca,2024,e65,25.209089494653597,25.019241,327552,200k-1M,0.18984849465359588
female,ES416,Segovia,2002,e0,84.55498332978361,84.48760000000001,156620,<200k,0.06738332978359551
female,ES416,Segovia,2002,e65,21.98467281324963,21.910636999999998,156620,<200k,0.07403581324963326
female,ES416,Segovia,2003,e0,84.72670920706136,84.699073,156620,<200k,0.02763620706136294
female,ES416,Segovia,2003,e65,22.420007816524336,22.388838999999997,156620,<200k,0.031168816524338894
female,ES416,Segovia,2004,e0,84.87093993842998,84.73312900000002,156620,<200k,0.13781093842996484
female,ES416,Segovia,2004,e65,22.55189214654494,22.404234,156620,<200k,0.14765814654494136
female,ES416,Segovia,2005,e0,84.87339528631114,84.762345,156620,<200k,0.11105028631114067
female,ES416,Segovia,2005,e65,22.39204734875282,22.268821,156620,<200k,0.12322634875281935
female,ES416,Segovia,2006,e0,85.43259295506833,85.42694,156620,<200k,0.0056529550683279695
female,ES416,Segovia,2006,e65,23.244881374893264,23.235378,156620,<200k,0.009503374893263583
female,ES416,Segovia,2007,e0,85.40193744005126,85.320029,156620,<200k,0.08190844005125086
female,ES416,Segovia,2007,e65,23.39954150606997,23.310159000000002,156620,<200k,0.0893825060699669
female,ES416,Segovia,2008,e0,85.57166252176675,85.56821400000001,156620,<200k,0.003448521766742374
female,ES416,Segovia,2008,e65,23.039730992079733,23.038618999999997,156620,<200k,0.0011119920797355576
female,ES416,Segovia,2009,e0,85.50369458995786,85.43642200000001,156620,<200k,0.06727258995785235
female,ES416,Segovia,2009,e65,23.038204183766865,22.962857,156620,<200k,0.07534718376686556
female,ES416,Segovia,2010,e0,86.06690967882616,85.95796400000002,156620,<200k,0.10894567882614581
female,ES416,Segovia,2010,e65,23.578121171438855,23.460690999999997,156620,<200k,0.11743017143885837
female,ES416,Segovia,2011,e0,86.10600301651975,86.13549599999999,156620,<200k,-0.029492983480238877
female,ES416,Segovia,2011,e65,23.141898411695784,23.173578000000003,156620,<200k,-0.03167958830421824
female,ES416,Segovia,2012,e0,86.00492338350654,85.993747,156620,<200k,0.01117638350653749
female,ES416,Segovia,2012,e65,23.066282966540257,23.054489,156620,<200k,0.011793966540256662
female,ES416,Segovia,2013,e0,86.43258563352512,86.438333,156620,<200k,-0.00574736647487839
female,ES416,Segovia,2013,e65,23.795107224262775,23.798331999999995,156620,<200k,-0.0032247757372196872
female,ES416,Segovia,2014,e0,87.02832862371115,87.058825,156620,<200k,-0.030496376288851934
female,ES416,Segovia,2014,e65,23.48338299018868,23.514116,156620,<200k,-0.03073300981132121
female,ES416,Segovia,2015,e0,86.58673421311977,86.614358,156620,<200k,-0.02762378688022693
female,ES416,Segovia,2015,e65,23.65894277960322,23.691488000000003,156620,<200k,-0.0325452203967842
female,ES416,Segovia,2016,e0,86.96953792525709,86.83293799999998,156620,<200k,0.13659992525710152
female,ES416,Segovia,2016,e65,23.96552624032747,23.818373,156620,<200k,0.14715324032746935
female,ES416,Segovia,2017,e0,86.57408008470682,86.495076,156620,<200k,0.07900408470682407
female,ES416,Segovia,2017,e65,24.12470081656452,24.041021,156620,<200k,0.08367981656451917
female,ES416,Segovia,2018,e0,86.63244602670405,86.539528,156620,<200k,0.09291802670404081
female,ES416,Segovia,2018,e65,23.497451352608497,23.399813,156620,<200k,0.09763835260849518
female,ES416,Segovia,2019,e0,87.27067403248651,87.084318,156620,<200k,0.18635603248651478
female,ES416,Segovia,2019,e65,24.15583766058925,23.956764,156620,<200k,0.19907366058924936
female,ES416,Segovia,2020,e0,85.01109141331594,85.071864,156620,<200k,-0.06077258668406671
female,ES416,Segovia,2020,e65,22.04173397386223,22.104364000000004,156620,<200k,-0.06263002613777502
female,ES416,Segovia,2021,e0,87.03693193497845,86.90854900000001,156620,<200k,0.12838293497844688
female,ES416,Segovia,2021,e65,24.240264685030915,24.105167,156620,<200k,0.1350976850309138
female,ES416,Segovia,2022,e0,87.25388633811156,87.21131600000001,156620,<200k,0.042570338111545425
female,ES416,Segovia,2022,e65,23.972853477805767,23.925721999999993,156620,<200k,0.04713147780577387
female,ES416,Segovia,2023,e0,86.75143993004683,86.65887199999997,156620,<200k,0.09256793004685449
female,ES416,Segovia,2023,e65,24.50881935801871,24.411391000000002,156620,<200k,0.09742835801870697
female,ES416,Segovia,2024,e0,87.86961392723867,87.836941,156620,<200k,0.03267292723867854
female,ES416,Segovia,2024,e65,24.78527659884551,24.749202999999998,156620,<200k,0.03607359884551187
female,ES417,Soria,2002,e0,85.69385229297006,85.75807599999999,90073,<200k,-0.06422370702992453
female,ES417,Soria,2002,e65,23.233608861200654,23.303157000000002,90073,<200k,-0.06954813879934818
female,ES417,Soria,2003,e0,85.96237436365175,85.94782700000002,90073,<200k,0.014547363651729484
female,ES417,Soria,2003,e65,23.113980508616578,23.09466,90073,<200k,0.01932050861657686
female,ES417,Soria,2004,e0,84.29689228091397,84.290171,90073,<200k,0.006721280913964733
female,ES417,Soria,2004,e65,22.918494920142507,22.905461,90073,<200k,0.013033920142508038
female,ES417,Soria,2005,e0,84.78699874157127,84.801908,90073,<200k,-0.014909258428730254
female,ES417,Soria,2005,e65,22.39608256067628,22.415421999999996,90073,<200k,-0.019339439323715624
female,ES417,Soria,2006,e0,84.57631525265514,84.503552,90073,<200k,0.07276325265513606
female,ES417,Soria,2006,e65,22.9118619167391,22.832732999999998,90073,<200k,0.07912891673910138
female,ES417,Soria,2007,e0,84.89075437099176,84.69946900000001,90073,<200k,0.19128537099174991
female,ES417,Soria,2007,e65,23.220499506910354,23.014125000000003,90073,<200k,0.20637450691035042
female,ES417,Soria,2008,e0,85.74238755280408,85.62218699999998,90073,<200k,0.12020055280409281
female,ES417,Soria,2008,e65,23.400737727554677,23.269598,90073,<200k,0.13113972755467884
female,ES417,Soria,2009,e0,86.9931459419507,86.88770199999999,90073,<200k,0.1054439419507105
female,ES417,Soria,2009,e65,24.07347506414739,23.959901000000002,90073,<200k,0.11357406414738946
female,ES417,Soria,2010,e0,86.53174753906666,86.46417300000002,90073,<200k,0.06757453906664068
female,ES417,Soria,2010,e65,24.12942219578995,24.058654,90073,<200k,0.07076819578994886
female,ES417,Soria,2011,e0,87.21515711286126,87.142159,90073,<200k,0.07299811286125646
female,ES417,Soria,2011,e65,23.77385164671239,23.697339,90073,<200k,0.07651264671239133
female,ES417,Soria,2012,e0,86.95074427845447,86.842807,90073,<200k,0.10793727845447165
female,ES417,Soria,2012,e65,24.005588157900153,23.888046999999997,90073,<200k,0.11754115790015618
female,ES417,Soria,2013,e0,86.84207812812411,86.66626600000001,90073,<200k,0.1758121281241074
female,ES417,Soria,2013,e65,24.355762286671723,24.169425999999998,90073,<200k,0.1863362866717253
female,ES417,Soria,2014,e0,87.29238702578195,87.274921,90073,<200k,0.017466025781942562
female,ES417,Soria,2014,e65,24.359015046951864,24.337794000000002,90073,<200k,0.021221046951861666
female,ES417,Soria,2015,e0,87.04830544006208,87.090744,90073,<200k,-0.04243855993792067
female,ES417,Soria,2015,e65,24.092760400117953,24.135234,90073,<200k,-0.04247359988204735
female,ES417,Soria,2016,e0,85.58652052916825,85.48236999999999,90073,<200k,0.1041505291682654
female,ES417,Soria,2016,e65,23.323638307915033,23.211386,90073,<200k,0.11225230791503193
female,ES417,Soria,2017,e0,88.18864592806398,88.065445,90073,<200k,0.12320092806398009
female,ES417,Soria,2017,e65,24.56522860112581,24.436874000000003,90073,<200k,0.12835460112580677
female,ES417,Soria,2018,e0,87.43723717349037,87.28539599999999,90073,<200k,0.15184117349038218
female,ES417,Soria,2018,e65,23.679417121073524,23.518824000000002,90073,<200k,0.16059312107352142
female,ES417,Soria,2019,e0,87.15208286191178,87.019596,90073,<200k,0.13248686191177228
female,ES417,Soria,2019,e65,24.141400009540803,24.000455000000002,90073,<200k,0.14094500954080047
female,ES417,Soria,2020,e0,84.81640116754586,84.86583999999999,90073,<200k,-0.049438832454129056
female,ES417,Soria,2020,e65,22.409650562178623,22.462001999999995,90073,<200k,-0.05235143782137186
female,ES417,Soria,2021,e0,86.19484744413145,86.163354,90073,<200k,0.03149344413145627
female,ES417,Soria,2021,e65,24.00646134675145,23.974566,90073,<200k,0.031895346751451115
female,ES417,Soria,2022,e0,86.20876604079824,86.12287199999997,90073,<200k,0.08589404079826579
female,ES417,Soria,2022,e65,23.883511956957896,23.791431,90073,<200k,0.09208095695789709
female,ES417,Soria,2023,e0,88.2384249936587,88.153545,90073,<200k,0.0848799936587028
female,ES417,Soria,2023,e65,25.121887734056102,25.034865000000007,90073,<200k,0.08702273405609517
female,ES417,Soria,2024,e0,86.63182653467584,86.595418,90073,<200k,0.03640853467584293
female,ES417,Soria,2024,e65,24.557218469515735,24.515798,90073,<200k,0.04142046951573519
female,ES418,Valladolid,2002,e0,84.02767850154363,84.075639,525116,200k-1M,-0.04796049845636219
female,ES418,Valladolid,2002,e65,21.51280649850271,21.56111,525116,200k-1M,-0.04830350149729057
female,ES418,Valladolid,2003,e0,83.65621844731662,83.68236399999999,525116,200k-1M,-0.026145552683374262
female,ES418,Valladolid,2003,e65,21.487296486712406,21.517231000000002,525116,200k-1M,-0.02993451328759633
female,ES418,Valladolid,2004,e0,84.09285126790463,84.13511199999999,525116,200k-1M,-0.04226073209535741
female,ES418,Valladolid,2004,e65,21.631912953900937,21.677585000000004,525116,200k-1M,-0.04567204609906739
female,ES418,Valladolid,2005,e0,84.0439346446512,84.05380699999999,525116,200k-1M,-0.009872355348790052
female,ES418,Valladolid,2005,e65,21.574966541371055,21.585891999999998,525116,200k-1M,-0.010925458628943119
female,ES418,Valladolid,2006,e0,84.46281859197681,84.49657400000001,525116,200k-1M,-0.033755408023196765
female,ES418,Valladolid,2006,e65,22.03986857393631,22.074945000000003,525116,200k-1M,-0.03507642606369288
female,ES418,Valladolid,2007,e0,84.8739122643188,84.88055,525116,200k-1M,-0.006637735681195522
female,ES418,Valladolid,2007,e65,22.416775017974757,22.42157,525116,200k-1M,-0.004794982025241978
female,ES418,Valladolid,2008,e0,84.83381062697711,84.840791,525116,200k-1M,-0.006980373022884123
female,ES418,Valladolid,2008,e65,22.3251483471276,22.332598,525116,200k-1M,-0.007449652872399071
female,ES418,Valladolid,2009,e0,85.17923830934795,85.17371099999998,525116,200k-1M,0.005527309347968412
female,ES418,Valladolid,2009,e65,22.422662125330017,22.414351000000003,525116,200k-1M,0.00831112533001388
female,ES418,Valladolid,2010,e0,85.46529628680179,85.44600900000002,525116,200k-1M,0.019287286801770165
female,ES418,Valladolid,2010,e65,23.041364888827186,23.019439,525116,200k-1M,0.02192588882718738
female,ES418,Valladolid,2011,e0,86.07029406001605,86.080548,525116,200k-1M,-0.010253939983940086
female,ES418,Valladolid,2011,e65,23.285045270997262,23.294271000000002,525116,200k-1M,-0.009225729002739769
female,ES418,Valladolid,2012,e0,86.02711035433708,86.02492500000001,525116,200k-1M,0.0021853543370724537
female,ES418,Valladolid,2012,e65,23.339129751382753,23.337622,525116,200k-1M,0.0015077513827534972
female,ES418,Valladolid,2013,e0,86.2357328924435,86.21060600000001,525116,200k-1M,0.025126892443481097
female,ES418,Valladolid,2013,e65,23.64533773925435,23.617340000000002,525116,200k-1M,0.02799773925434934
female,ES418,Valladolid,2014,e0,86.40646472594896,86.364485,525116,200k-1M,0.04197972594896271
female,ES418,Valladolid,2014,e65,23.869530435454493,23.823982,525116,200k-1M,0.045548435454492164
female,ES418,Valladolid,2015,e0,85.97924917356796,86.01706900000002,525116,200k-1M,-0.03781982643205595
female,ES418,Valladolid,2015,e65,23.096605542128376,23.135938000000003,525116,200k-1M,-0.03933245787162676
female,ES418,Valladolid,2016,e0,86.89305733233667,86.84514300000001,525116,200k-1M,0.04791433233665998
female,ES418,Valladolid,2016,e65,23.764112820702138,23.71219,525116,200k-1M,0.051922820702138495
female,ES418,Valladolid,2017,e0,86.56934862926997,86.51282400000001,525116,200k-1M,0.05652462926995838
female,ES418,Valladolid,2017,e65,23.78346200702816,23.722501999999995,525116,200k-1M,0.0609600070281644
female,ES418,Valladolid,2018,e0,86.55378000655483,86.49189400000002,525116,200k-1M,0.0618860065548148
female,ES418,Valladolid,2018,e65,23.715635326947684,23.648301999999997,525116,200k-1M,0.06733332694768634
female,ES418,Valladolid,2019,e0,87.06917599785022,86.950517,525116,200k-1M,0.11865899785021838
female,ES418,Valladolid,2019,e65,24.268590742576478,24.142303,525116,200k-1M,0.1262877425764799
female,ES418,Valladolid,2020,e0,85.64766784287056,85.66743199999999,525116,200k-1M,-0.019764157129429805
female,ES418,Valladolid,2020,e65,22.70341696638395,22.723976,525116,200k-1M,-0.02055903361604905
female,ES418,Valladolid,2021,e0,86.93577300566002,86.848896,525116,200k-1M,0.08687700566002832
female,ES418,Valladolid,2021,e65,24.16817526756333,24.075817,525116,200k-1M,0.09235826756333054
female,ES418,Valladolid,2022,e0,86.66798112557406,86.63385,525116,200k-1M,0.0341311255740635
female,ES418,Valladolid,2022,e65,23.85577491577331,23.817029,525116,200k-1M,0.038745915773308326
female,ES418,Valladolid,2023,e0,87.04679895898096,86.959912,525116,200k-1M,0.08688695898095489
female,ES418,Valladolid,2023,e65,24.457157491625782,24.362903,525116,200k-1M,0.09425449162578303
female,ES418,Valladolid,2024,e0,87.51544076254818,87.44565400000002,525116,200k-1M,0.06978676254816207
female,ES418,Valladolid,2024,e65,24.552380140116796,24.477123,525116,200k-1M,0.07525714011679696
female,ES419,Zamora,2002,e0,83.26952887063683,83.321168,166253,<200k,-0.05163912936316706
female,ES419,Zamora,2002,e65,21.793042525445887,21.847259,166253,<200k,-0.0542164745541136
female,ES419,Zamora,2003,e0,83.67139252435364,83.66402300000001,166253,<200k,0.0073695243536207045
female,ES419,Zamora,2003,e65,21.992430037768024,21.983916999999998,166253,<200k,0.00851303776802581
female,ES419,Zamora,2004,e0,84.99433845593987,84.89469100000001,166253,<200k,0.09964745593985924
female,ES419,Zamora,2004,e65,22.562535803044838,22.453511,166253,<200k,0.1090248030448393
female,ES419,Zamora,2005,e0,85.2289299264031,85.225651,166253,<200k,0.0032789264030981258
female,ES419,Zamora,2005,e65,22.63318093333984,22.627615000000002,166253,<200k,0.005565933339838125
female,ES419,Zamora,2006,e0,84.9945339327584,84.86437799999999,166253,<200k,0.13015593275841297
female,ES419,Zamora,2006,e65,22.997639360333384,22.859199,166253,<200k,0.1384403603333837
female,ES419,Zamora,2007,e0,85.37051535777695,85.31888699999999,166253,<200k,0.05162835777696273
female,ES419,Zamora,2007,e65,22.702125598037444,22.646695,166253,<200k,0.05543059803744299
female,ES419,Zamora,2008,e0,85.6160562167991,85.57275599999998,166253,<200k,0.04330021679911056
female,ES419,Zamora,2008,e65,22.676524476676743,22.629057000000003,166253,<200k,0.047467476676740006
female,ES419,Zamora,2009,e0,85.97433560501678,85.94646300000002,166253,<200k,0.027872605016753482
female,ES419,Zamora,2009,e65,23.20412306029021,23.172748999999996,166253,<200k,0.031374060290215056
female,ES419,Zamora,2010,e0,86.80670202353956,86.71041500000001,166253,<200k,0.09628702353954566
female,ES419,Zamora,2010,e65,23.586158686964634,23.482940999999997,166253,<200k,0.10321768696463707
female,ES419,Zamora,2011,e0,86.53880541759662,86.49197600000001,166253,<200k,0.04682941759661219
female,ES419,Zamora,2011,e65,23.503208651785652,23.450856,166253,<200k,0.052352651785650295
female,ES419,Zamora,2012,e0,85.85632015080463,85.82207899999999,166253,<200k,0.034241150804646736
female,ES419,Zamora,2012,e65,23.244818450388088,23.209694,166253,<200k,0.0351244503880892
female,ES419,Zamora,2013,e0,86.35197998570607,86.311435,166253,<200k,0.04054498570606313
female,ES419,Zamora,2013,e65,23.418163461598873,23.373718999999998,166253,<200k,0.04444446159887505
female,ES419,Zamora,2014,e0,86.02099370347274,86.007477,166253,<200k,0.013516703472745917
female,ES419,Zamora,2014,e65,23.369729522184915,23.351623,166253,<200k,0.018106522184915264
female,ES419,Zamora,2015,e0,86.72047877813682,86.781832,166253,<200k,-0.061353221863171825
female,ES419,Zamora,2015,e65,23.614197928910162,23.679166000000002,166253,<200k,-0.06496807108984015
female,ES419,Zamora,2016,e0,86.1962699805722,86.187994,166253,<200k,0.008275980572193475
female,ES419,Zamora,2016,e65,23.343542154465208,23.331487000000003,166253,<200k,0.01205515446520522
female,ES419,Zamora,2017,e0,85.89326208022231,85.842508,166253,<200k,0.050754080222318976
female,ES419,Zamora,2017,e65,24.02491135009803,23.972271,166253,<200k,0.05264035009803081
female,ES419,Zamora,2018,e0,86.39016552551938,86.282283,166253,<200k,0.10788252551937205
female,ES419,Zamora,2018,e65,24.091664898182092,23.975897,166253,<200k,0.11576789818209221
female,ES419,Zamora,2019,e0,86.37530441452958,86.32279299999999,166253,<200k,0.052511414529590184
female,ES419,Zamora,2019,e65,23.850313483804662,23.79491,166253,<200k,0.055403483804660425
female,ES419,Zamora,2020,e0,85.74644370736848,85.784422,166253,<200k,-0.037978292631521526
female,ES419,Zamora,2020,e65,22.903303517364485,22.942805,166253,<200k,-0.03950148263551512
female,ES419,Zamora,2021,e0,87.12238688764067,87.100469,166253,<200k,0.02191788764066871
female,ES419,Zamora,2021,e65,24.18379085431434,24.158957000000004,166253,<200k,0.024833854314334047
female,ES419,Zamora,2022,e0,86.5666213556159,86.53378699999999,166253,<200k,0.03283435561590409
female,ES419,Zamora,2022,e65,23.56355831811255,23.530799,166253,<200k,0.03275931811255006
female,ES419,Zamora,2023,e0,88.0080711556505,87.958104,166253,<200k,0.049967155650492145
female,ES419,Zamora,2023,e65,24.550978896855028,24.495908,166253,<200k,0.055070896855028195
female,ES419,Zamora,2024,e0,87.28804009806886,87.193599,166253,<200k,0.09444109806885592
female,ES419,Zamora,2024,e65,24.507945938336626,24.404234,166253,<200k,0.10371193833662673
female,ES421,Albacete,2002,e0,83.65800023213208,83.632249,389070,200k-1M,0.025751232132080304
female,ES421,Albacete,2002,e65,20.784032096560168,20.757045,389070,200k-1M,0.02698709656016618
female,ES421,Albacete,2003,e0,83.02916083927992,83.053514,389070,200k-1M,-0.0243531607200822
female,ES421,Albacete,2003,e65,20.57469568406316,20.600137,389070,200k-1M,-0.025441315936841846
female,ES421,Albacete,2004,e0,83.74951383955435,83.77495,389070,200k-1M,-0.025436160445650557
female,ES421,Albacete,2004,e65,20.857273471757285,20.884166,389070,200k-1M,-0.026892528242715485
female,ES421,Albacete,2005,e0,83.38776602992833,83.426657,389070,200k-1M,-0.038890970071676634
female,ES421,Albacete,2005,e65,20.894784443132668,20.936664,389070,200k-1M,-0.04187955686733247
female,ES421,Albacete,2006,e0,84.25549390892374,84.323641,389070,200k-1M,-0.0681470910762556
female,ES421,Albacete,2006,e65,21.410882510566626,21.481530999999997,389070,200k-1M,-0.07064848943337054
female,ES421,Albacete,2007,e0,84.00522759984851,84.01952000000001,389070,200k-1M,-0.014292400151504125
female,ES421,Albacete,2007,e65,21.5580060882792,21.574507,389070,200k-1M,-0.016500911720800815
female,ES421,Albacete,2008,e0,84.67313347988278,84.67520099999999,389070,200k-1M,-0.0020675201172082325
female,ES421,Albacete,2008,e65,21.603316082097326,21.605517,389070,200k-1M,-0.002200917902673183
female,ES421,Albacete,2009,e0,84.74743886446923,84.750454,389070,200k-1M,-0.003015135530773705
female,ES421,Albacete,2009,e65,21.8573960567046,21.860832,389070,200k-1M,-0.0034359432953969815
female,ES421,Albacete,2010,e0,85.001219428470975,85.01524,389070,200k-1M,-0.01402057152903069
female,ES421,Albacete,2010,e65,22.189409747639715,22.203518999999996,389070,200k-1M,-0.014109252360281488
female,ES421,Albacete,2011,e0,84.97107694049065,84.917748,389070,200k-1M,0.05332894049064407
female,ES421,Albacete,2011,e65,22.2037809529572,22.144236,389070,200k-1M,0.05954495295720008
female,ES421,Albacete,2012,e0,85.13572016720882,85.18426600000001,389070,200k-1M,-0.0485458327911914
female,ES421,Albacete,2012,e65,22.06300598726353,22.114828000000006,389070,200k-1M,-0.05182201273647635
female,ES421,Albacete,2013,e0,85.16029530437777,85.11570699999999,389070,200k-1M,0.044588304377782606
female,ES421,Albacete,2013,e65,22.403475471129813,22.35613,389070,200k-1M,0.047345471129812466
female,ES421,Albacete,2014,e0,85.6205632963602,85.62612,389070,200k-1M,-0.005556703639797433
female,ES421,Albacete,2014,e65,22.481212611753797,22.487852,389070,200k-1M,-0.006639388246203026
female,ES421,Albacete,2015,e0,85.33478890919922,85.326515,389070,200k-1M,0.00827390919921811
female,ES421,Albacete,2015,e65,22.449126072647587,22.437276,389070,200k-1M,0.01185007264758653
female,ES421,Albacete,2016,e0,85.57643740286889,85.594032,389070,200k-1M,-0.017594597131108003
female,ES421,Albacete,2016,e65,22.57014384906534,22.590968000000004,389070,200k-1M,-0.020824150934664942
female,ES421,Albacete,2017,e0,85.88658350263901,85.91786300000003,389070,200k-1M,-0.03127949736101243
female,ES421,Albacete,2017,e65,22.776717352497542,22.808949,389070,200k-1M,-0.03223164750245644
female,ES421,Albacete,2018,e0,86.02439742326985,85.94741100000002,389070,200k-1M,0.07698642326982963
female,ES421,Albacete,2018,e65,22.763821118230027,22.683076,389070,200k-1M,0.08074511823002695
female,ES421,Albacete,2019,e0,85.82831232436165,85.814877,389070,200k-1M,0.013435324361651624
female,ES421,Albacete,2019,e65,22.868493320132366,22.853286,389070,200k-1M,0.015207320132365254
female,ES421,Albacete,2020,e0,83.88391686582756,83.91976300000002,389070,200k-1M,-0.03584613417245919
female,ES421,Albacete,2020,e65,21.08831834044225,21.126482,389070,200k-1M,-0.038163659557749696
female,ES421,Albacete,2021,e0,86.04129364194365,86.01286900000001,389070,200k-1M,0.028424641943644247
female,ES421,Albacete,2021,e65,22.980078316099334,22.950062,389070,200k-1M,0.030016316099334972
female,ES421,Albacete,2022,e0,85.77277104607388,85.792828,389070,200k-1M,-0.020056953926115284
female,ES421,Albacete,2022,e65,22.907636248728018,22.928096999999998,389070,200k-1M,-0.02046075127197966
female,ES421,Albacete,2023,e0,86.16337575627531,86.13978099999999,389070,200k-1M,0.023594756275329587
female,ES421,Albacete,2023,e65,23.40368197400642,23.379016,389070,200k-1M,0.02466597400642101
female,ES421,Albacete,2024,e0,86.3012608960649,86.275014,389070,200k-1M,0.02624689606490449
female,ES421,Albacete,2024,e65,23.353400843040603,23.326048,389070,200k-1M,0.027352843040603148
female,ES422,Ciudad Real,2002,e0,82.11174063139725,82.17985999999999,492948,200k-1M,-0.06811936860273704
female,ES422,Ciudad Real,2002,e65,19.942955162336034,20.016829,492948,200k-1M,-0.07387383766396738
female,ES422,Ciudad Real,2003,e0,82.62562258464972,82.67598599999998,492948,200k-1M,-0.050363415350261675
female,ES422,Ciudad Real,2003,e65,20.21386976111292,20.268272999999997,492948,200k-1M,-0.0544032388870761
female,ES422,Ciudad Real,2004,e0,83.14062401875853,83.144842,492948,200k-1M,-0.004217981241467328
female,ES422,Ciudad Real,2004,e65,20.498962341652124,20.50348,492948,200k-1M,-0.004517658347875653
female,ES422,Ciudad Real,2005,e0,82.5801121572163,82.613364,492948,200k-1M,-0.03325184278369875
female,ES422,Ciudad Real,2005,e65,20.099848662746044,20.134697000000003,492948,200k-1M,-0.034848337253958306
female,ES422,Ciudad Real,2006,e0,83.6378966765403,83.661473,492948,200k-1M,-0.023576323459707282
female,ES422,Ciudad Real,2006,e65,20.94762218524165,20.973118999999997,492948,200k-1M,-0.025496814758348307
female,ES422,Ciudad Real,2007,e0,83.29681667968592,83.296947,492948,200k-1M,-1.3032031408499734e-4
female,ES422,Ciudad Real,2007,e65,21.039583364324695,21.038861000000004,492948,200k-1M,7.223643246909717e-4
female,ES422,Ciudad Real,2008,e0,83.3687181644094,83.442038,492948,200k-1M,-0.07331983559059552
female,ES422,Ciudad Real,2008,e65,21.091520212015563,21.170707,492948,200k-1M,-0.07918678798443679
female,ES422,Ciudad Real,2009,e0,84.19568357645365,84.24773300000001,492948,200k-1M,-0.05204942354636444
female,ES422,Ciudad Real,2009,e65,21.6269129901605,21.684452,492948,200k-1M,-0.05753900983950189
female,ES422,Ciudad Real,2010,e0,84.9191748931513,84.89127300000001,492948,200k-1M,0.027901893151280888
female,ES422,Ciudad Real,2010,e65,22.067112458537164,22.038228,492948,200k-1M,0.028884458537163482
female,ES422,Ciudad Real,2011,e0,84.27709799630675,84.28124100000001,492948,200k-1M,-0.0041430036932581515
female,ES422,Ciudad Real,2011,e65,21.772646894600957,21.776287,492948,200k-1M,-0.0036401053990431365
female,ES422,Ciudad Real,2012,e0,84.35142949431527,84.350605,492948,200k-1M,8.244943152675432e-4
female,ES422,Ciudad Real,2012,e65,21.67285557278312,21.670044,492948,200k-1M,0.002811572783119942
female,ES422,Ciudad Real,2013,e0,85.15152457553417,85.140573,492948,200k-1M,0.010951575534164704
female,ES422,Ciudad Real,2013,e65,22.13485866527708,22.122491,492948,200k-1M,0.012367665277078999
female,ES422,Ciudad Real,2014,e0,85.56614917038372,85.612667,492948,200k-1M,-0.046517829616277595
female,ES422,Ciudad Real,2014,e65,22.623787315877113,22.671922000000002,492948,200k-1M,-0.048134684122889126
female,ES422,Ciudad Real,2015,e0,85.00246945099603,85.03285199999999,492948,200k-1M,-0.03038254900395998
female,ES422,Ciudad Real,2015,e65,21.84933001454791,21.879644,492948,200k-1M,-0.030313985452089298
female,ES422,Ciudad Real,2016,e0,85.68869307137493,85.66899699999999,492948,200k-1M,0.019696071374937674
female,ES422,Ciudad Real,2016,e65,22.79327929789003,22.772168,492948,200k-1M,0.0211112978900303
female,ES422,Ciudad Real,2017,e0,85.1130292986984,85.117692,492948,200k-1M,-0.00466270130161206
female,ES422,Ciudad Real,2017,e65,22.26546612362347,22.270960000000002,492948,200k-1M,-0.005493876376533535
female,ES422,Ciudad Real,2018,e0,85.57089107857611,85.56429000000001,492948,200k-1M,0.006601078576096597
female,ES422,Ciudad Real,2018,e65,22.734393346289092,22.726618,492948,200k-1M,0.007775346289093932
female,ES422,Ciudad Real,2019,e0,85.33683994267183,85.29899400000001,492948,200k-1M,0.037845942671822286
female,ES422,Ciudad Real,2019,e65,22.701368850158175,22.661854000000005,492948,200k-1M,0.039514850158170134
female,ES422,Ciudad Real,2020,e0,83.19010337185395,83.20438,492948,200k-1M,-0.014276628146049575
female,ES422,Ciudad Real,2020,e65,20.62405510946116,20.638199,492948,200k-1M,-0.014143890538839798
female,ES422,Ciudad Real,2021,e0,85.5414248648167,85.520144,492948,200k-1M,0.02128086481670266
female,ES422,Ciudad Real,2021,e65,22.46308081950051,22.440841999999996,492948,200k-1M,0.022238819500515206
female,ES422,Ciudad Real,2022,e0,85.62349416328738,85.67063599999999,492948,200k-1M,-0.04714183671261196
female,ES422,Ciudad Real,2022,e65,22.49826926983008,22.546765999999998,492948,200k-1M,-0.04849673016991929
female,ES422,Ciudad Real,2023,e0,85.63509894882286,85.59598,492948,200k-1M,0.03911894882286049
female,ES422,Ciudad Real,2023,e65,22.875927509192344,22.832391,492948,200k-1M,0.043536509192342976
female,ES422,Ciudad Real,2024,e0,85.53669652210922,85.511798,492948,200k-1M,0.024898522109225496
female,ES422,Ciudad Real,2024,e65,22.83060541363781,22.804305000000003,492948,200k-1M,0.026300413637805775
female,ES423,Cuenca,2002,e0,83.64593894685832,83.62201699999999,199025,<200k,0.02392194685833715
female,ES423,Cuenca,2002,e65,21.190961891744838,21.168946,199025,<200k,0.022015891744839422
female,ES423,Cuenca,2003,e0,84.12323339239414,84.153126,199025,<200k,-0.02989260760585921
female,ES423,Cuenca,2003,e65,21.37529537805916,21.407474,199025,<200k,-0.0321786219408402
female,ES423,Cuenca,2004,e0,84.78028002505556,84.753997,199025,<200k,0.026283025055562348
female,ES423,Cuenca,2004,e65,22.04735432709198,22.018362,199025,<200k,0.02899232709198074
female,ES423,Cuenca,2005,e0,84.7713753117437,84.684535,199025,<200k,0.08684031174369977
female,ES423,Cuenca,2005,e65,22.10590725444266,22.014381000000004,199025,<200k,0.09152625444265539
female,ES423,Cuenca,2006,e0,85.56673786101706,85.49742300000003,199025,<200k,0.06931486101703399
female,ES423,Cuenca,2006,e65,22.441405027979396,22.367815000000004,199025,<200k,0.0735900279793924
female,ES423,Cuenca,2007,e0,84.75296783194742,84.72146000000001,199025,<200k,0.03150783194740825
female,ES423,Cuenca,2007,e65,22.387584370128582,22.351139,199025,<200k,0.03644537012858251
female,ES423,Cuenca,2008,e0,85.15015432339716,85.12560599999999,199025,<200k,0.024548323397169725
female,ES423,Cuenca,2008,e65,22.233938071799432,22.208613999999997,199025,<200k,0.025324071799435188
female,ES423,Cuenca,2009,e0,85.77134536934904,85.706697,199025,<200k,0.06464836934902962
female,ES423,Cuenca,2009,e65,22.908749860676405,22.836485000000003,199025,<200k,0.07226486067640181
female,ES423,Cuenca,2010,e0,85.51873650838591,85.518835,199025,<200k,-9.849161408226337e-5
female,ES423,Cuenca,2010,e65,22.80355575780602,22.799694,199025,<200k,0.00386175780602116
female,ES423,Cuenca,2011,e0,86.04224530666423,86.079403,199025,<200k,-0.03715769333577157
female,ES423,Cuenca,2011,e65,22.92731660864315,22.965642999999993,199025,<200k,-0.03832639135684346
female,ES423,Cuenca,2012,e0,85.05957288734272,85.074506,199025,<200k,-0.014933112657274705
female,ES423,Cuenca,2012,e65,22.31997977268222,22.334017000000003,199025,<200k,-0.014037227317782452
female,ES423,Cuenca,2013,e0,85.52621781017696,85.53494400000001,199025,<200k,-0.008726189823050845
female,ES423,Cuenca,2013,e65,22.92305806356834,22.933266,199025,<200k,-0.010207936431658737
female,ES423,Cuenca,2014,e0,85.96753468652442,85.86839599999999,199025,<200k,0.09913868652442659
female,ES423,Cuenca,2014,e65,22.945759886547275,22.840315999999998,199025,<200k,0.10544388654727754
female,ES423,Cuenca,2015,e0,85.63977105371278,85.582599,199025,<200k,0.057172053712776005
female,ES423,Cuenca,2015,e65,22.488122072510865,22.426972,199025,<200k,0.06115007251086624
female,ES423,Cuenca,2016,e0,85.9306027567745,85.920735,199025,<200k,0.00986775677451135
female,ES423,Cuenca,2016,e65,23.216030963701474,23.205686999999998,199025,<200k,0.01034396370147661
female,ES423,Cuenca,2017,e0,86.16942794872716,86.18143799999999,199025,<200k,-0.012010051272824285
female,ES423,Cuenca,2017,e65,22.70366685081034,22.718291,199025,<200k,-0.01462414918966104
female,ES423,Cuenca,2018,e0,85.67990684903292,85.6541,199025,<200k,0.025806849032917967
female,ES423,Cuenca,2018,e65,22.813204279696272,22.783771999999995,199025,<200k,0.02943227969627671
female,ES423,Cuenca,2019,e0,86.24699056302022,86.242979,199025,<200k,0.004011563020213771
female,ES423,Cuenca,2019,e65,23.18134052339418,23.173368000000004,199025,<200k,0.007972523394176534
female,ES423,Cuenca,2020,e0,84.03305605138874,84.0648,199025,<200k,-0.03174394861126473
female,ES423,Cuenca,2020,e65,21.512070648725985,21.543525999999996,199025,<200k,-0.03145535127401189
female,ES423,Cuenca,2021,e0,86.74702893252939,86.627248,199025,<200k,0.11978093252939459
female,ES423,Cuenca,2021,e65,23.220711085279724,23.094971000000005,199025,<200k,0.1257400852797197
female,ES423,Cuenca,2022,e0,85.31223310370481,85.349547,199025,<200k,-0.03731389629518844
female,ES423,Cuenca,2022,e65,22.548562756035455,22.589288999999997,199025,<200k,-0.040726243964542164
female,ES423,Cuenca,2023,e0,86.11636646568991,86.120668,199025,<200k,-0.004301534310087618
female,ES423,Cuenca,2023,e65,23.148863878843404,23.151774000000003,199025,<200k,-0.002910121156599388
female,ES423,Cuenca,2024,e0,86.48447060395486,86.412418,199025,<200k,0.0720526039548588
female,ES423,Cuenca,2024,e65,23.856362092911596,23.775788999999996,199025,<200k,0.08057309291159953
female,ES424,Guadalajara,2002,e0,84.3453812043729,84.321313,280225,200k-1M,0.024068204372895252
female,ES424,Guadalajara,2002,e65,21.744071281579473,21.718609999999998,280225,200k-1M,0.02546128157947436
female,ES424,Guadalajara,2003,e0,84.6475447647649,84.703101,280225,200k-1M,-0.05555623523510178
female,ES424,Guadalajara,2003,e65,21.725345236963403,21.778682999999997,280225,200k-1M,-0.053337763036594765
female,ES424,Guadalajara,2004,e0,84.98534480765845,84.861187,280225,200k-1M,0.12415780765844886
female,ES424,Guadalajara,2004,e65,22.67061988993704,22.537115000000004,280225,200k-1M,0.13350488993703635
female,ES424,Guadalajara,2005,e0,85.0137408692148,84.877928,280225,200k-1M,0.13581286921480284
female,ES424,Guadalajara,2005,e65,22.52167904722534,22.377533,280225,200k-1M,0.14414604722534108
female,ES424,Guadalajara,2006,e0,85.51000160071261,85.46405400000002,280225,200k-1M,0.045947600712594294
female,ES424,Guadalajara,2006,e65,22.841860298909,22.794297,280225,200k-1M,0.047563298909000906
female,ES424,Guadalajara,2007,e0,85.32179505866628,85.372264,280225,200k-1M,-0.05046894133371893
female,ES424,Guadalajara,2007,e65,22.872190923942476,22.923367,280225,200k-1M,-0.051176076057522835
female,ES424,Guadalajara,2008,e0,86.1471646445229,86.051288,280225,200k-1M,0.09587664452290312
female,ES424,Guadalajara,2008,e65,23.282838049646283,23.177534,280225,200k-1M,0.10530404964628204
female,ES424,Guadalajara,2009,e0,86.54608164732423,86.44332100000001,280225,200k-1M,0.1027606473242173
female,ES424,Guadalajara,2009,e65,23.440797984206117,23.332081000000002,280225,200k-1M,0.10871698420611509
female,ES424,Guadalajara,2010,e0,86.53285683625585,86.35573599999998,280225,200k-1M,0.17712083625586672
female,ES424,Guadalajara,2010,e65,23.695318482761326,23.503274,280225,200k-1M,0.19204448276132524
female,ES424,Guadalajara,2011,e0,86.59679078240087,86.59242300000001,280225,200k-1M,0.004367782400862552
female,ES424,Guadalajara,2011,e65,23.844550253743677,23.836529,280225,200k-1M,0.008021253743677903
female,ES424,Guadalajara,2012,e0,86.23237932192612,86.224846,280225,200k-1M,0.007533321926118219
female,ES424,Guadalajara,2012,e65,23.067250440649907,23.062342999999995,280225,200k-1M,0.004907440649912331
female,ES424,Guadalajara,2013,e0,87.15302105361529,87.14059900000001,280225,200k-1M,0.012422053615281925
female,ES424,Guadalajara,2013,e65,24.192988267192447,24.179054000000004,280225,200k-1M,0.013934267192443173
female,ES424,Guadalajara,2014,e0,87.07369966533743,86.92910900000001,280225,200k-1M,0.14459066533741805
female,ES424,Guadalajara,2014,e65,24.177298951338763,24.02575,280225,200k-1M,0.15154895133876423
female,ES424,Guadalajara,2015,e0,86.6376387691569,86.67044199999998,280225,200k-1M,-0.03280323084308634
female,ES424,Guadalajara,2015,e65,23.240250752947247,23.275329999999997,280225,200k-1M,-0.03507924705274945
female,ES424,Guadalajara,2016,e0,86.65085488849506,86.609013,280225,200k-1M,0.04184188849505688
female,ES424,Guadalajara,2016,e65,23.3335223481703,23.286518999999995,280225,200k-1M,0.04700334817030338
female,ES424,Guadalajara,2017,e0,86.36847275102966,86.412342,280225,200k-1M,-0.043869248970338504
female,ES424,Guadalajara,2017,e65,23.825835449737795,23.87414,280225,200k-1M,-0.04830455026220548
female,ES424,Guadalajara,2018,e0,86.61833729386734,86.569383,280225,200k-1M,0.048954293867339516
female,ES424,Guadalajara,2018,e65,24.12517325388071,24.068492999999997,280225,200k-1M,0.05668025388071385
female,ES424,Guadalajara,2019,e0,86.90654150631654,86.84846300000001,280225,200k-1M,0.05807850631653366
female,ES424,Guadalajara,2019,e65,24.013713661143314,23.950581999999997,280225,200k-1M,0.06313166114331636
female,ES424,Guadalajara,2020,e0,85.5052161888397,85.550621,280225,200k-1M,-0.04540481116031003
female,ES424,Guadalajara,2020,e65,22.130481574232444,22.177792,280225,200k-1M,-0.04731042576755584
female,ES424,Guadalajara,2021,e0,86.65151313784416,86.54899300000001,280225,200k-1M,0.10252013784415226
female,ES424,Guadalajara,2021,e65,23.80808386492922,23.700401999999997,280225,200k-1M,0.10768186492922283
female,ES424,Guadalajara,2022,e0,85.57880507092614,85.58203199999998,280225,200k-1M,-0.003226929073846918
female,ES424,Guadalajara,2022,e65,22.933291133010954,22.937805000000004,280225,200k-1M,-0.004513866989050541
female,ES424,Guadalajara,2023,e0,87.11709874369191,87.038468,280225,200k-1M,0.07863074369191736
female,ES424,Guadalajara,2023,e65,23.890788197731013,23.807221000000002,280225,200k-1M,0.08356719773101062
female,ES424,Guadalajara,2024,e0,86.71190097298673,86.67054599999999,280225,200k-1M,0.0413549729867384
female,ES424,Guadalajara,2024,e65,23.96038505666024,23.915316999999998,280225,200k-1M,0.045068056660241496
female,ES425,Toledo,2002,e0,83.42663377451917,83.44265200000001,743165,200k-1M,-0.016018225480834758
female,ES425,Toledo,2002,e65,20.70914205321344,20.725142999999996,743165,200k-1M,-0.016000946786554948
female,ES425,Toledo,2003,e0,83.57905057202629,83.61751300000002,743165,200k-1M,-0.038462427973726676
female,ES425,Toledo,2003,e65,20.86469421145897,20.902688999999995,743165,200k-1M,-0.037994788541023894
female,ES425,Toledo,2004,e0,83.76678244419121,83.80420900000001,743165,200k-1M,-0.03742655580880694
female,ES425,Toledo,2004,e65,21.066565452513036,21.106165000000004,743165,200k-1M,-0.03959954748696859
female,ES425,Toledo,2005,e0,83.84850161533451,83.8573,743165,200k-1M,-0.008798384665482217
female,ES425,Toledo,2005,e65,21.221707125073312,21.231119,743165,200k-1M,-0.009411874926687602
female,ES425,Toledo,2006,e0,84.5616976533727,84.60537499999998,743165,200k-1M,-0.04367734662727685
female,ES425,Toledo,2006,e65,21.627484154064277,21.673797,743165,200k-1M,-0.0463128459357236
female,ES425,Toledo,2007,e0,84.10533814155005,84.145643,743165,200k-1M,-0.04030485844995724
female,ES425,Toledo,2007,e65,21.423498588397194,21.464991,743165,200k-1M,-0.04149241160280681
female,ES425,Toledo,2008,e0,85.02594885427963,85.02663799999999,743165,200k-1M,-6.891457203579421e-4
female,ES425,Toledo,2008,e65,22.20467235802124,22.204731999999996,743165,200k-1M,-5.964197875485411e-5
female,ES425,Toledo,2009,e0,85.04222784844472,85.015687,743165,200k-1M,0.02654084844472493
female,ES425,Toledo,2009,e65,22.235510482040436,22.208788999999996,743165,200k-1M,0.02672148204043978
female,ES425,Toledo,2010,e0,85.4262098942543,85.43020100000001,743165,200k-1M,-0.00399110574571182
female,ES425,Toledo,2010,e65,22.4766531147796,22.479907,743165,200k-1M,-0.0032538852203991553
female,ES425,Toledo,2011,e0,85.44573489672216,85.41110800000001,743165,200k-1M,0.034626896722144807
female,ES425,Toledo,2011,e65,22.527112100049628,22.491181,743165,200k-1M,0.03593110004962696
female,ES425,Toledo,2012,e0,85.97729981784619,85.97863799999999,743165,200k-1M,-0.0013381821538018812
female,ES425,Toledo,2012,e65,22.830479172680004,22.832118,743165,200k-1M,-0.0016388273199972048
female,ES425,Toledo,2013,e0,86.2792501211087,86.233811,743165,200k-1M,0.045439121108699965
female,ES425,Toledo,2013,e65,23.11879624295848,23.071634,743165,200k-1M,0.047162242958481926
female,ES425,Toledo,2014,e0,86.21539996017482,86.19169000000001,743165,200k-1M,0.02370996017481275
female,ES425,Toledo,2014,e65,23.244191202030397,23.217712,743165,200k-1M,0.026479202030397886
female,ES425,Toledo,2015,e0,85.72400532118137,85.690133,743165,200k-1M,0.03387232118136296
female,ES425,Toledo,2015,e65,22.70241276165494,22.665902,743165,200k-1M,0.036510761654941604
female,ES425,Toledo,2016,e0,86.2192825944649,86.21919500000001,743165,200k-1M,8.759446488681988e-5
female,ES425,Toledo,2016,e65,23.321626122700238,23.322852,743165,200k-1M,-0.0012258772997633116
female,ES425,Toledo,2017,e0,85.36073123022338,85.34431000000001,743165,200k-1M,0.016421230223372163
female,ES425,Toledo,2017,e65,22.783618296456552,22.764488,743165,200k-1M,0.019130296456552287
female,ES425,Toledo,2018,e0,86.19433029996873,86.154473,743165,200k-1M,0.03985729996873033
female,ES425,Toledo,2018,e65,23.139460031764834,23.096615999999997,743165,200k-1M,0.04284403176483664
female,ES425,Toledo,2019,e0,86.49003668066106,86.42599,743165,200k-1M,0.06404668066106467
female,ES425,Toledo,2019,e65,23.330024082603288,23.261941999999998,743165,200k-1M,0.06808208260328996
female,ES425,Toledo,2020,e0,84.20555455095345,84.23139,743165,200k-1M,-0.02583544904655355
female,ES425,Toledo,2020,e65,21.295334195062793,21.32321,743165,200k-1M,-0.02787580493720654
female,ES425,Toledo,2021,e0,85.58257715110584,85.532417,743165,200k-1M,0.05016015110584249
female,ES425,Toledo,2021,e65,22.85573878629277,22.801625,743165,200k-1M,0.054113786292766974
female,ES425,Toledo,2022,e0,86.32604702594423,86.255906,743165,200k-1M,0.07014102594423832
female,ES425,Toledo,2022,e65,23.3141090634678,23.239148,743165,200k-1M,0.07496106346779996
female,ES425,Toledo,2023,e0,86.7554562050554,86.670279,743165,200k-1M,0.08517720505540183
female,ES425,Toledo,2023,e65,23.762960053318626,23.671802000000003,743165,200k-1M,0.09115805331862248
female,ES425,Toledo,2024,e0,87.00235904362194,86.85192400000001,743165,200k-1M,0.1504350436219255
female,ES425,Toledo,2024,e65,23.743472950607494,23.584324,743165,200k-1M,0.159148950607495
female,ES431,Badajoz,2002,e0,82.4478686284116,82.41919500000002,666029,200k-1M,0.02867362841158183
female,ES431,Badajoz,2002,e65,20.077131923754227,20.045488999999996,666029,200k-1M,0.03164292375423017
female,ES431,Badajoz,2003,e0,81.84941258588665,81.88579899999999,666029,200k-1M,-0.03638641411333765
female,ES431,Badajoz,2003,e65,19.883829835144798,19.922386999999997,666029,200k-1M,-0.03855716485519878
female,ES431,Badajoz,2004,e0,82.92032828140148,82.90505,666029,200k-1M,0.015278281401478466
female,ES431,Badajoz,2004,e65,20.372715960617974,20.356678000000002,666029,200k-1M,0.01603796061797169
female,ES431,Badajoz,2005,e0,82.65300907389596,82.63567199999999,666029,200k-1M,0.017337073895973276
female,ES431,Badajoz,2005,e65,20.018537598972262,19.999579999999998,666029,200k-1M,0.018957598972264122
female,ES431,Badajoz,2006,e0,83.2563305800791,83.26056100000001,666029,200k-1M,-0.004230419920915551
female,ES431,Badajoz,2006,e65,20.82073550817475,20.824655000000003,666029,200k-1M,-0.0039194918252540845
female,ES431,Badajoz,2007,e0,83.5646081512341,83.580427,666029,200k-1M,-0.015818848765903226
female,ES431,Badajoz,2007,e65,20.88468592563597,20.902981,666029,200k-1M,-0.018295074364029773
female,ES431,Badajoz,2008,e0,83.52181177672922,83.538321,666029,200k-1M,-0.016509223270773532
female,ES431,Badajoz,2008,e65,21.101410974520576,21.119285000000005,666029,200k-1M,-0.01787402547942918
female,ES431,Badajoz,2009,e0,84.03337724720828,84.028218,666029,200k-1M,0.005159247208283091
female,ES431,Badajoz,2009,e65,21.382846457607435,21.375731,666029,200k-1M,0.007115457607437037
female,ES431,Badajoz,2010,e0,83.66028100860737,83.68906199999999,666029,200k-1M,-0.028780991392622468
female,ES431,Badajoz,2010,e65,21.303652736618325,21.333902000000002,666029,200k-1M,-0.030249263381676883
female,ES431,Badajoz,2011,e0,84.79979315906832,84.79319500000001,666029,200k-1M,0.006598159068303744
female,ES431,Badajoz,2011,e65,21.85538156591099,21.847946,666029,200k-1M,0.007435565910988373
female,ES431,Badajoz,2012,e0,83.95967441258833,83.98619900000001,666029,200k-1M,-0.02652458741168573
female,ES431,Badajoz,2012,e65,21.594747080164268,21.622888000000003,666029,200k-1M,-0.02814091983573519
female,ES431,Badajoz,2013,e0,84.40367258763484,84.43543199999999,666029,200k-1M,-0.031759412365147455
female,ES431,Badajoz,2013,e65,21.886524286657902,21.921451,666029,200k-1M,-0.034926713342098736
female,ES431,Badajoz,2014,e0,84.77954826514122,84.74431100000001,666029,200k-1M,0.0352372651412054
female,ES431,Badajoz,2014,e65,21.95010832784344,21.913800000000002,666029,200k-1M,0.036308327843439514
female,ES431,Badajoz,2015,e0,84.73614186297142,84.69582999999999,666029,200k-1M,0.04031186297143563
female,ES431,Badajoz,2015,e65,21.773219578661752,21.728191,666029,200k-1M,0.04502857866175347
female,ES431,Badajoz,2016,e0,84.69337283695266,84.674027,666029,200k-1M,0.019345836952666673
female,ES431,Badajoz,2016,e65,22.074357707130556,22.051838000000004,666029,200k-1M,0.02251970713055229
female,ES431,Badajoz,2017,e0,84.8104281827381,84.838106,666029,200k-1M,-0.027677817261903215
female,ES431,Badajoz,2017,e65,21.975657063541465,22.003954000000004,666029,200k-1M,-0.02829693645853837
female,ES431,Badajoz,2018,e0,85.13959235468407,85.15047199999998,666029,200k-1M,-0.010879645315910125
female,ES431,Badajoz,2018,e65,22.248612526931105,22.259563,666029,200k-1M,-0.010950473068895406
female,ES431,Badajoz,2019,e0,85.46251727998299,85.49067900000001,666029,200k-1M,-0.02816172001702455
female,ES431,Badajoz,2019,e65,22.598329248049083,22.626938000000003,666029,200k-1M,-0.028608751950919498
female,ES431,Badajoz,2020,e0,84.76588044611243,84.783384,666029,200k-1M,-0.01750355388756475
female,ES431,Badajoz,2020,e65,21.788636924409,21.806706,666029,200k-1M,-0.01806907559099713
female,ES431,Badajoz,2021,e0,84.87356173382905,84.830373,666029,200k-1M,0.04318873382905508
female,ES431,Badajoz,2021,e65,21.896498866198016,21.848119999999998,666029,200k-1M,0.04837886619801779
female,ES431,Badajoz,2022,e0,85.04935511275382,85.12105,666029,200k-1M,-0.07169488724618134
female,ES431,Badajoz,2022,e65,22.140837359337286,22.218088,666029,200k-1M,-0.07725064066271514
female,ES431,Badajoz,2023,e0,85.52750006789417,85.501912,666029,200k-1M,0.025588067894162236
female,ES431,Badajoz,2023,e65,22.786976393274806,22.758792999999997,666029,200k-1M,0.028183393274808566
female,ES431,Badajoz,2024,e0,85.67686938621213,85.660255,666029,200k-1M,0.016614386212125964
female,ES431,Badajoz,2024,e65,22.951562780195246,22.933587,666029,200k-1M,0.017975780195246926
female,ES432,Caceres,2002,e0,83.65441441254514,83.663956,388652,200k-1M,-0.00954158745486211
female,ES432,Caceres,2002,e65,21.122182170671454,21.130773,388652,200k-1M,-0.008590829328547045
female,ES432,Caceres,2003,e0,82.72938990697536,82.75597599999999,388652,200k-1M,-0.026586093024633328
female,ES432,Caceres,2003,e65,20.35997072803218,20.390159,388652,200k-1M,-0.030188271967819702
female,ES432,Caceres,2004,e0,83.89777250794609,83.93014600000001,388652,200k-1M,-0.03237349205392093
female,ES432,Caceres,2004,e65,21.257082779698532,21.291955000000005,388652,200k-1M,-0.03487222030147308
female,ES432,Caceres,2005,e0,83.61259303250175,83.60284499999999,388652,200k-1M,0.009748032501761372
female,ES432,Caceres,2005,e65,21.2670960962831,21.255941,388652,200k-1M,0.011155096283101074
female,ES432,Caceres,2006,e0,84.69023358886139,84.70325400000002,388652,200k-1M,-0.013020411138626287
female,ES432,Caceres,2006,e65,21.70018072228078,21.715183,388652,200k-1M,-0.015002277719219137
female,ES432,Caceres,2007,e0,83.73744482996204,83.725601,388652,200k-1M,0.01184382996204647
female,ES432,Caceres,2007,e65,21.721097674074738,21.706084,388652,200k-1M,0.015013674074737082
female,ES432,Caceres,2008,e0,85.02440082665339,84.99831300000001,388652,200k-1M,0.02608782665338083
female,ES432,Caceres,2008,e65,22.23058192671572,22.203848,388652,200k-1M,0.026733926715717615
female,ES432,Caceres,2009,e0,84.89668323363973,84.875695,388652,200k-1M,0.020988233639741338
female,ES432,Caceres,2009,e65,22.14108949013669,22.11852,388652,200k-1M,0.022569490136689296
female,ES432,Caceres,2010,e0,85.2093578998899,85.24795600000002,388652,200k-1M,-0.038598100110121436
female,ES432,Caceres,2010,e65,22.45131252034655,22.489713999999996,388652,200k-1M,-0.038401479653444426
female,ES432,Caceres,2011,e0,85.23655321955792,85.16125000000001,388652,200k-1M,0.07530321955790953
female,ES432,Caceres,2011,e65,22.75751772135695,22.676595000000002,388652,200k-1M,0.08092272135694856
female,ES432,Caceres,2012,e0,85.25014707616839,85.255849,388652,200k-1M,-0.005701923831608724
female,ES432,Caceres,2012,e65,22.332797852348566,22.338923,388652,200k-1M,-0.0061251476514350145
female,ES432,Caceres,2013,e0,85.3480961083198,85.30133599999999,388652,200k-1M,0.04676010831980193
female,ES432,Caceres,2013,e65,22.643313215116642,22.593362,388652,200k-1M,0.0499512151166428
female,ES432,Caceres,2014,e0,86.06071222208946,86.01411400000002,388652,200k-1M,0.0465982220894432
female,ES432,Caceres,2014,e65,23.130220908331765,23.080988,388652,200k-1M,0.049232908331763525
female,ES432,Caceres,2015,e0,85.56101813359606,85.580079,388652,200k-1M,-0.01906086640393312
female,ES432,Caceres,2015,e65,22.6109261274632,22.628096,388652,200k-1M,-0.017169872536801023
female,ES432,Caceres,2016,e0,85.83212434223272,85.78490900000001,388652,200k-1M,0.04721534223270396
female,ES432,Caceres,2016,e65,22.863475142125,22.812615,388652,200k-1M,0.050860142124999896
female,ES432,Caceres,2017,e0,85.43068496761806,85.377661,388652,200k-1M,0.05302396761805994
female,ES432,Caceres,2017,e65,22.798332110846086,22.739718,388652,200k-1M,0.058614110846086476
female,ES432,Caceres,2018,e0,85.96679892826745,85.90835799999999,388652,200k-1M,0.0584409282674585
female,ES432,Caceres,2018,e65,23.275017022280196,23.210997000000003,388652,200k-1M,0.06402002228019299
female,ES432,Caceres,2019,e0,86.46613247007306,86.40293,388652,200k-1M,0.06320247007306534
female,ES432,Caceres,2019,e65,23.45036308414308,23.382369999999998,388652,200k-1M,0.06799308414308314
female,ES432,Caceres,2020,e0,84.44791396944868,84.45325000000001,388652,200k-1M,-0.0053360305513336925
female,ES432,Caceres,2020,e65,21.772471933337286,21.776728,388652,200k-1M,-0.004256066662712499
female,ES432,Caceres,2021,e0,85.675658600416,85.60293699999998,388652,200k-1M,0.07272160041601694
female,ES432,Caceres,2021,e65,23.051519251059432,22.969551999999997,388652,200k-1M,0.08196725105943514
female,ES432,Caceres,2022,e0,85.08017684601886,85.04633199999999,388652,200k-1M,0.03384484601886584
female,ES432,Caceres,2022,e65,22.71128342994828,22.674180000000003,388652,200k-1M,0.03710342994827798
female,ES432,Caceres,2023,e0,85.9176472383993,85.826054,388652,200k-1M,0.09159323839929812
female,ES432,Caceres,2023,e65,23.183817177489725,23.086785999999996,388652,200k-1M,0.097031177489729
female,ES432,Caceres,2024,e0,86.54699263302693,86.48838599999999,388652,200k-1M,0.05860663302694036
female,ES432,Caceres,2024,e65,23.70321703171553,23.639665000000004,388652,200k-1M,0.06355203171552404
female,ES511,Barcelona,2002,e0,83.47134876590617,83.48864400000001,5877672,>1M,-0.017295234093836598
female,ES511,Barcelona,2002,e65,21.035048136858087,21.053064000000003,5877672,>1M,-0.01801586314191539
female,ES511,Barcelona,2003,e0,83.26918281089537,83.316918,5877672,>1M,-0.04773518910462826
female,ES511,Barcelona,2003,e65,20.83968116483944,20.890397,5877672,>1M,-0.050715835160559664
female,ES511,Barcelona,2004,e0,84.04543831235198,84.04811600000001,5877672,>1M,-0.002677687648031224
female,ES511,Barcelona,2004,e65,21.556941041708814,21.559932,5877672,>1M,-0.0029909582911855637
female,ES511,Barcelona,2005,e0,83.8601608562918,83.86831799999999,5877672,>1M,-0.008157143708189096
female,ES511,Barcelona,2005,e65,21.260921665797582,21.268349999999998,5877672,>1M,-0.007428334202415954
female,ES511,Barcelona,2006,e0,84.57293604704466,84.569884,5877672,>1M,0.0030520470446617765
female,ES511,Barcelona,2006,e65,21.90586071504404,21.902688999999995,5877672,>1M,0.003171715044043566
female,ES511,Barcelona,2007,e0,84.57205212932286,84.581128,5877672,>1M,-0.009075870677150988
female,ES511,Barcelona,2007,e65,21.884208771031513,21.893496,5877672,>1M,-0.00928722896848555
female,ES511,Barcelona,2008,e0,84.61411946807355,84.614817,5877672,>1M,-6.975319264483915e-4
female,ES511,Barcelona,2008,e65,22.033068361045167,22.033538999999998,5877672,>1M,-4.706389548303491e-4
female,ES511,Barcelona,2009,e0,84.86647519053588,84.85356900000001,5877672,>1M,0.012906190535872497
female,ES511,Barcelona,2009,e65,22.275007916471953,22.261098999999998,5877672,>1M,0.013908916471955024
female,ES511,Barcelona,2010,e0,85.32130947144027,85.280117,5877672,>1M,0.04119247144026872
female,ES511,Barcelona,2010,e65,22.68307403013103,22.638082,5877672,>1M,0.0449920301310307
female,ES511,Barcelona,2011,e0,85.528602218039,85.521484,5877672,>1M,0.007118218038996815
female,ES511,Barcelona,2011,e65,22.867870734807845,22.859778000000002,5877672,>1M,0.008092734807842561
female,ES511,Barcelona,2012,e0,85.39474983483693,85.38516999999999,5877672,>1M,0.009579834836941359
female,ES511,Barcelona,2012,e65,22.678598970512112,22.667521,5877672,>1M,0.01107797051211179
female,ES511,Barcelona,2013,e0,85.9303649161771,85.90480600000001,5877672,>1M,0.02555891617708994
female,ES511,Barcelona,2013,e65,23.060547499455936,23.033258000000004,5877672,>1M,0.027289499455932287
female,ES511,Barcelona,2014,e0,85.99792554616143,85.95420900000002,5877672,>1M,0.043716546161405745
female,ES511,Barcelona,2014,e65,23.20187678572841,23.154728000000002,5877672,>1M,0.04714878572840675
female,ES511,Barcelona,2015,e0,85.87627338616697,85.86582,5877672,>1M,0.010453386166972223
female,ES511,Barcelona,2015,e65,23.01866886187004,23.007445,5877672,>1M,0.011223861870039542
female,ES511,Barcelona,2016,e0,86.18321592972964,86.144176,5877672,>1M,0.039039929729639766
female,ES511,Barcelona,2016,e65,23.297092704792007,23.254734,5877672,>1M,0.042358704792007984
female,ES511,Barcelona,2017,e0,86.12039469564891,86.088428,5877672,>1M,0.03196669564891863
female,ES511,Barcelona,2017,e65,23.2177727365051,23.183805000000003,5877672,>1M,0.033967736505097434
female,ES511,Barcelona,2018,e0,86.26534977410263,86.226161,5877672,>1M,0.03918877410262667
female,ES511,Barcelona,2018,e65,23.348511896609836,23.306759,5877672,>1M,0.04175289660983594
female,ES511,Barcelona,2019,e0,86.72054093093273,86.648419,5877672,>1M,0.0721219309327239
female,ES511,Barcelona,2019,e65,23.73396503157392,23.657134000000003,5877672,>1M,0.07683103157391713
female,ES511,Barcelona,2020,e0,84.86240192334388,84.879923,5877672,>1M,-0.01752107665612357
female,ES511,Barcelona,2020,e65,22.047936796598627,22.066191,5877672,>1M,-0.018254203401372848
female,ES511,Barcelona,2021,e0,86.26370605890756,86.19033499999999,5877672,>1M,0.07337105890756845
female,ES511,Barcelona,2021,e65,23.39295263607287,23.314473000000003,5877672,>1M,0.07847963607286701
female,ES511,Barcelona,2022,e0,86.25761771159117,86.243578,5877672,>1M,0.014039711591166792
female,ES511,Barcelona,2022,e65,23.356798742861354,23.342101,5877672,>1M,0.014697742861354612
female,ES511,Barcelona,2023,e0,86.71532225181039,86.65470499999999,5877672,>1M,0.0606172518103989
female,ES511,Barcelona,2023,e65,23.767858789920172,23.703395,5877672,>1M,0.06446378992017188
female,ES511,Barcelona,2024,e0,86.87263566831835,86.835993,5877672,>1M,0.0366426683183505
female,ES511,Barcelona,2024,e65,23.856594089123917,23.817417000000003,5877672,>1M,0.039177089123914044
female,ES512,Girona,2002,e0,83.04140527453545,83.048208,821108,200k-1M,-0.00680272546455285
female,ES512,Girona,2002,e65,20.88895881529387,20.895285,821108,200k-1M,-0.006326184706132665
female,ES512,Girona,2003,e0,82.91482288017492,82.935412,821108,200k-1M,-0.020589119825075386
female,ES512,Girona,2003,e65,20.72767935934338,20.748306999999997,821108,200k-1M,-0.02062764065661682
female,ES512,Girona,2004,e0,83.90684692532986,83.90391500000001,821108,200k-1M,0.002931925329846763
female,ES512,Girona,2004,e65,21.46767679841315,21.465641999999992,821108,200k-1M,0.0020347984131596775
female,ES512,Girona,2005,e0,83.68848371592107,83.72246799999999,821108,200k-1M,-0.03398428407892595
female,ES512,Girona,2005,e65,21.23893904069169,21.276975000000004,821108,200k-1M,-0.038035959308313494
female,ES512,Girona,2006,e0,84.6788934513912,84.64440300000001,821108,200k-1M,0.03449045139119278
female,ES512,Girona,2006,e65,22.106743424150142,22.067645999999996,821108,200k-1M,0.039097424150146054
female,ES512,Girona,2007,e0,84.55349727103562,84.56611000000001,821108,200k-1M,-0.0126127289643847
female,ES512,Girona,2007,e65,21.897358350313695,21.912982,821108,200k-1M,-0.015623649686304475
female,ES512,Girona,2008,e0,84.81348778709736,84.82550499999999,821108,200k-1M,-0.012017212902634355
female,ES512,Girona,2008,e65,21.98064295867449,21.990574,821108,200k-1M,-0.00993104132550826
female,ES512,Girona,2009,e0,84.78792677111093,84.772027,821108,200k-1M,0.015899771110937877
female,ES512,Girona,2009,e65,22.290664864061903,22.272503999999998,821108,200k-1M,0.018160864061904647
female,ES512,Girona,2010,e0,85.13406271606199,85.075927,821108,200k-1M,0.0581357160619973
female,ES512,Girona,2010,e65,22.681747391072413,22.618909000000002,821108,200k-1M,0.06283839107241107
female,ES512,Girona,2011,e0,85.58124582393063,85.54227,821108,200k-1M,0.038975823930627485
female,ES512,Girona,2011,e65,23.057781674338333,23.014631,821108,200k-1M,0.04315067433833164
female,ES512,Girona,2012,e0,85.09271988710258,85.08368300000001,821108,200k-1M,0.009036887102567448
female,ES512,Girona,2012,e65,22.329626634421132,22.318436,821108,200k-1M,0.011190634421133439
female,ES512,Girona,2013,e0,85.718966030920825,85.67045999999999,821108,200k-1M,0.04850603092083361
female,ES512,Girona,2013,e65,22.932017386529527,22.879694,821108,200k-1M,0.05232338652952606
female,ES512,Girona,2014,e0,85.70568221824063,85.632025,821108,200k-1M,0.07365721824062632
female,ES512,Girona,2014,e65,23.057929182767385,22.978701999999995,821108,200k-1M,0.07922718276739005
female,ES512,Girona,2015,e0,85.44517065734664,85.438016,821108,200k-1M,0.007154657346632121
female,ES512,Girona,2015,e65,22.775316970742455,22.766319999999997,821108,200k-1M,0.008996970742458643
female,ES512,Girona,2016,e0,86.44115743062447,86.37741799999999,821108,200k-1M,0.06373943062448006
female,ES512,Girona,2016,e65,23.51271037906406,23.445131999999994,821108,200k-1M,0.0675783790640665
female,ES512,Girona,2017,e0,85.77297694177109,85.71702200000001,821108,200k-1M,0.05595494177107696
female,ES512,Girona,2017,e65,22.989237516930455,22.928908999999997,821108,200k-1M,0.06032851693045771
female,ES512,Girona,2018,e0,85.65151206343849,85.593271,821108,200k-1M,0.05824106343848712
female,ES512,Girona,2018,e65,22.878964173295582,22.816157000000004,821108,200k-1M,0.06280717329557817
female,ES512,Girona,2019,e0,85.93625082034323,85.877833,821108,200k-1M,0.05841782034323728
female,ES512,Girona,2019,e65,23.129681505399304,23.065588999999996,821108,200k-1M,0.06409250539930866
female,ES512,Girona,2020,e0,85.1634472036463,85.16845799999999,821108,200k-1M,-0.005010796353687397
female,ES512,Girona,2020,e65,22.400756429147318,22.406739999999996,821108,200k-1M,-0.005983570852677644
female,ES512,Girona,2021,e0,85.80639403778602,85.75845,821108,200k-1M,0.047944037786024296
female,ES512,Girona,2021,e65,22.930660547703354,22.878418999999997,821108,200k-1M,0.05224154770335687
female,ES512,Girona,2022,e0,85.66987496899608,85.684287,821108,200k-1M,-0.014412031003914194
female,ES512,Girona,2022,e65,23.002414043164578,23.015217,821108,200k-1M,-0.012802956835422208
female,ES512,Girona,2023,e0,86.20398964596824,86.17459199999999,821108,200k-1M,0.029397645968245456
female,ES512,Girona,2023,e65,23.65260280448043,23.620852000000003,821108,200k-1M,0.031750804480427774
female,ES512,Girona,2024,e0,86.44230248718812,86.47145300000001,821108,200k-1M,-0.029150512811895624
female,ES512,Girona,2024,e65,23.618583705011375,23.647445,821108,200k-1M,-0.02886129498862644
female,ES513,Lleida,2002,e0,82.66374347362535,82.663618,451707,200k-1M,1.2547362534576223e-4
female,ES513,Lleida,2002,e65,20.560588611402093,20.558056,451707,200k-1M,0.0025326114020920443
female,ES513,Lleida,2003,e0,83.41452427562702,83.45144400000001,451707,200k-1M,-0.036919724372992846
female,ES513,Lleida,2003,e65,20.77361901630503,20.81349,451707,200k-1M,-0.03987098369497133
female,ES513,Lleida,2004,e0,83.37466132865931,83.356393,451707,200k-1M,0.01826832865931749
female,ES513,Lleida,2004,e65,21.423267863309878,21.401956000000002,451707,200k-1M,0.02131186330987589
female,ES513,Lleida,2005,e0,83.25357796737504,83.259158,451707,200k-1M,-0.005580032624962428
female,ES513,Lleida,2005,e65,20.86951064878486,20.876961000000005,451707,200k-1M,-0.0074503512151444795
female,ES513,Lleida,2006,e0,84.01223051976326,84.030411,451707,200k-1M,-0.018180480236736685
female,ES513,Lleida,2006,e65,21.686394611995812,21.703746999999996,451707,200k-1M,-0.01735238800418415
female,ES513,Lleida,2007,e0,83.98821603020232,84.01329400000002,451707,200k-1M,-0.02507796979769239
female,ES513,Lleida,2007,e65,21.745195202805345,21.770507,451707,200k-1M,-0.025311797194653707
female,ES513,Lleida,2008,e0,84.29844045659708,84.34405300000002,451707,200k-1M,-0.045612543402938854
female,ES513,Lleida,2008,e65,21.520203582369945,21.567956000000002,451707,200k-1M,-0.047752417630057664
female,ES513,Lleida,2009,e0,84.41701371723322,84.41832600000001,451707,200k-1M,-0.0013122827667899628
female,ES513,Lleida,2009,e65,22.146954494504765,22.147399,451707,200k-1M,-4.445054952348926e-4
female,ES513,Lleida,2010,e0,84.83186529389782,84.793186,451707,200k-1M,0.03867929389781466
female,ES513,Lleida,2010,e65,22.4135709819868,22.374688000000003,451707,200k-1M,0.038882981986798626
female,ES513,Lleida,2011,e0,84.9465405856624,84.934388,451707,200k-1M,0.012152585662406068
female,ES513,Lleida,2011,e65,22.468032915932593,22.454535,451707,200k-1M,0.013497915932592974
female,ES513,Lleida,2012,e0,85.21967999148663,85.221347,451707,200k-1M,-0.001667008513365431
female,ES513,Lleida,2012,e65,22.655569728837918,22.656454000000004,451707,200k-1M,-8.842711620857813e-4
female,ES513,Lleida,2013,e0,85.20494499860737,85.0845,451707,200k-1M,0.12044499860736835
female,ES513,Lleida,2013,e65,23.165076306031548,23.033672,451707,200k-1M,0.1314043060315484
female,ES513,Lleida,2014,e0,85.66816315553316,85.60612400000001,451707,200k-1M,0.06203915553315653
female,ES513,Lleida,2014,e65,22.880359371478228,22.812908000000004,451707,200k-1M,0.06745137147822433
female,ES513,Lleida,2015,e0,85.42314919231677,85.426885,451707,200k-1M,-0.0037358076832276765
female,ES513,Lleida,2015,e65,22.520023246491046,22.521523,451707,200k-1M,-0.0014997535089520397
female,ES513,Lleida,2016,e0,86.434992593815693,86.36497,451707,200k-1M,0.07002259381569331
female,ES513,Lleida,2016,e65,23.402318988258173,23.326903,451707,200k-1M,0.07541598825817175
female,ES513,Lleida,2017,e0,85.71502576963665,85.727506,451707,200k-1M,-0.012480230363351552
female,ES513,Lleida,2017,e65,22.877712067469,22.888937,451707,200k-1M,-0.011224932530996767
female,ES513,Lleida,2018,e0,86.10628984737923,86.04481900000002,451707,200k-1M,0.061470847379212046
female,ES513,Lleida,2018,e65,23.167421755102524,23.102379,451707,200k-1M,0.06504275510252455
female,ES513,Lleida,2019,e0,86.31624655124955,86.285064,451707,200k-1M,0.031182551249543167
female,ES513,Lleida,2019,e65,23.450553254378416,23.417406,451707,200k-1M,0.03314725437841659
female,ES513,Lleida,2020,e0,85.23474068950708,85.27313099999999,451707,200k-1M,-0.03839031049291464
female,ES513,Lleida,2020,e65,22.573395125960797,22.613072000000003,451707,200k-1M,-0.0396768740392055
female,ES513,Lleida,2021,e0,85.886204034882,85.894884,451707,200k-1M,-0.008679965118005839
female,ES513,Lleida,2021,e65,22.883255418970855,22.892357,451707,200k-1M,-0.009101581029145933
female,ES513,Lleida,2022,e0,85.95277443744229,85.91911100000002,451707,200k-1M,0.033663437442271515
female,ES513,Lleida,2022,e65,23.082704911808058,23.045785,451707,200k-1M,0.036919911808059425
female,ES513,Lleida,2023,e0,86.4875737734172,86.44655100000001,451707,200k-1M,0.041022773417182634
female,ES513,Lleida,2023,e65,23.77723896462597,23.734225000000002,451707,200k-1M,0.04301396462596685
female,ES513,Lleida,2024,e0,86.71598353214733,86.67285999999999,451707,200k-1M,0.04312353214734799
female,ES513,Lleida,2024,e65,23.822687119684137,23.774978000000004,451707,200k-1M,0.04770911968413216
female,ES514,Tarragona,2002,e0,82.8038601170043,82.800851,861744,200k-1M,0.003009117004310724
female,ES514,Tarragona,2002,e65,20.66514249716699,20.661132,861744,200k-1M,0.0040104971669912
female,ES514,Tarragona,2003,e0,82.63101251803343,82.69719500000001,861744,200k-1M,-0.06618248196657817
female,ES514,Tarragona,2003,e65,20.457383963272502,20.528271,861744,200k-1M,-0.0708870367274983
female,ES514,Tarragona,2004,e0,83.51984029378245,83.533107,861744,200k-1M,-0.013266706217549995
female,ES514,Tarragona,2004,e65,20.953571211294026,20.966236999999996,861744,200k-1M,-0.012665788705970016
female,ES514,Tarragona,2005,e0,83.1658766997178,83.190589,861744,200k-1M,-0.024712300282203614
female,ES514,Tarragona,2005,e65,20.777073685854514,20.800881000000004,861744,200k-1M,-0.023807314145489755
female,ES514,Tarragona,2006,e0,83.81684661316191,83.828053,861744,200k-1M,-0.011206386838082949
female,ES514,Tarragona,2006,e65,21.479491886476126,21.491753,861744,200k-1M,-0.01226111352387349
female,ES514,Tarragona,2007,e0,84.04035851359653,84.056668,861744,200k-1M,-0.01630948640347185
female,ES514,Tarragona,2007,e65,21.572426502667717,21.590807,861744,200k-1M,-0.018380497332284307
female,ES514,Tarragona,2008,e0,84.08101906136726,84.073433,861744,200k-1M,0.007586061367263142
female,ES514,Tarragona,2008,e65,21.601864217783195,21.592785,861744,200k-1M,0.009079217783195759
female,ES514,Tarragona,2009,e0,84.63672935064413,84.657661,861744,200k-1M,-0.020931649355873105
female,ES514,Tarragona,2009,e65,21.88474105151097,21.906481,861744,200k-1M,-0.021739948489027938
female,ES514,Tarragona,2010,e0,85.07870066057514,85.095684,861744,200k-1M,-0.016983339424868404
female,ES514,Tarragona,2010,e65,22.21806774230398,22.235778999999997,861744,200k-1M,-0.017711257696017668
female,ES514,Tarragona,2011,e0,85.09551056676723,85.04141700000001,861744,200k-1M,0.054093566767221546
female,ES514,Tarragona,2011,e65,22.36247540497491,22.304962000000003,861744,200k-1M,0.05751340497490531
female,ES514,Tarragona,2012,e0,84.64409764549848,84.639473,861744,200k-1M,0.0046246454984810725
female,ES514,Tarragona,2012,e65,22.204443463864777,22.19878,861744,200k-1M,0.005663463864777896
female,ES514,Tarragona,2013,e0,85.44592677789798,85.400938,861744,200k-1M,0.04498877789798428
female,ES514,Tarragona,2013,e65,22.674254356401843,22.623820000000002,861744,200k-1M,0.050434356401840574
female,ES514,Tarragona,2014,e0,85.55331505793261,85.479474,861744,200k-1M,0.07384105793261142
female,ES514,Tarragona,2014,e65,23.0182027645776,22.938478999999997,861744,200k-1M,0.07972376457760433
female,ES514,Tarragona,2015,e0,85.35003745180974,85.32971699999999,861744,200k-1M,0.02032045180975217
female,ES514,Tarragona,2015,e65,22.63650745641987,22.614478000000005,861744,200k-1M,0.022029456419865312
female,ES514,Tarragona,2016,e0,85.43871642274408,85.39976999999999,861744,200k-1M,0.03894642274408966
female,ES514,Tarragona,2016,e65,22.927109352036606,22.884435,861744,200k-1M,0.04267435203660597
female,ES514,Tarragona,2017,e0,85.78198180347255,85.75569999999999,861744,200k-1M,0.02628180347255693
female,ES514,Tarragona,2017,e65,23.043740443045106,23.014763000000002,861744,200k-1M,0.028977443045103968
female,ES514,Tarragona,2018,e0,85.74745372708395,85.701132,861744,200k-1M,0.04632172708394933
female,ES514,Tarragona,2018,e65,23.031972420524337,22.981874,861744,200k-1M,0.05009842052433555
female,ES514,Tarragona,2019,e0,86.17328799260167,86.13524,861744,200k-1M,0.03804799260167613
female,ES514,Tarragona,2019,e65,23.254218038351368,23.212383,861744,200k-1M,0.041835038351369036
female,ES514,Tarragona,2020,e0,85.27429161908367,85.26001900000001,861744,200k-1M,0.014272619083655513
female,ES514,Tarragona,2020,e65,22.631923637244352,22.617268000000006,861744,200k-1M,0.014655637244345598
female,ES514,Tarragona,2021,e0,85.73193083578285,85.653984,861744,200k-1M,0.07794683578285344
female,ES514,Tarragona,2021,e65,22.989797053842338,22.905785999999996,861744,200k-1M,0.08401105384234242
female,ES514,Tarragona,2022,e0,85.52222441267392,85.55797199999999,861744,200k-1M,-0.035747587326071084
female,ES514,Tarragona,2022,e65,22.776997883082284,22.814021000000004,861744,200k-1M,-0.037023116917719534
female,ES514,Tarragona,2023,e0,85.77985988826966,85.721868,861744,200k-1M,0.05799188826965462
female,ES514,Tarragona,2023,e65,23.138687864415544,23.077028000000002,861744,200k-1M,0.06165986441554239
female,ES514,Tarragona,2024,e0,85.95232056449234,85.90127000000001,861744,200k-1M,0.051050564492328476
female,ES514,Tarragona,2024,e65,23.23660822475399,23.181128,861744,200k-1M,0.05548022475398895
female,ES521,Alicante/Alacant,2002,e0,82.56087281639874,82.530839,1993289,>1M,0.03003381639874192
female,ES521,Alicante/Alacant,2002,e65,20.379062968299333,20.347676,1993289,>1M,0.03138696829933352
female,ES521,Alicante/Alacant,2003,e0,82.30346233935497,82.35129300000001,1993289,>1M,-0.047830660645047374
female,ES521,Alicante/Alacant,2003,e65,20.07466839467514,20.124494000000002,1993289,>1M,-0.049825605324862465
female,ES521,Alicante/Alacant,2004,e0,83.0423807393573,83.07638099999998,1993289,>1M,-0.03400026064268502
female,ES521,Alicante/Alacant,2004,e65,20.643044662763334,20.679142,1993289,>1M,-0.036097337236665084
female,ES521,Alicante/Alacant,2005,e0,82.92976752312688,82.96967300000001,1993289,>1M,-0.0399054768731304
female,ES521,Alicante/Alacant,2005,e65,20.637065621351237,20.679576,1993289,>1M,-0.04251037864876395
female,ES521,Alicante/Alacant,2006,e0,83.70031501811705,83.68043099999998,1993289,>1M,0.01988401811706808
female,ES521,Alicante/Alacant,2006,e65,21.309926169010467,21.288994,1993289,>1M,0.020932169010468016
female,ES521,Alicante/Alacant,2007,e0,83.76467296355236,83.75570699999999,1993289,>1M,0.008965963552370226
female,ES521,Alicante/Alacant,2007,e65,21.411371167990975,21.400869,1993289,>1M,0.010502167990974698
female,ES521,Alicante/Alacant,2008,e0,84.18205505156232,84.20111500000002,1993289,>1M,-0.019059948437700314
female,ES521,Alicante/Alacant,2008,e65,21.662653522545757,21.683067,1993289,>1M,-0.0204134774542446
female,ES521,Alicante/Alacant,2009,e0,84.56693225142298,84.535279,1993289,>1M,0.03165325142298059
female,ES521,Alicante/Alacant,2009,e65,21.878301584166376,21.843054000000002,1993289,>1M,0.03524758416637397
female,ES521,Alicante/Alacant,2010,e0,84.57237806161739,84.57907799999998,1993289,>1M,-0.00669993838259586
female,ES521,Alicante/Alacant,2010,e65,21.94380011277792,21.951328999999998,1993289,>1M,-0.007528887222076008
female,ES521,Alicante/Alacant,2011,e0,84.68787588905329,84.66118900000001,1993289,>1M,0.026686889053280538
female,ES521,Alicante/Alacant,2011,e65,22.151395555938688,22.121488000000003,1993289,>1M,0.029907555938684993
female,ES521,Alicante/Alacant,2012,e0,84.66075095896865,84.64267,1993289,>1M,0.01808095896865325
female,ES521,Alicante/Alacant,2012,e65,22.043701185153623,22.0232,1993289,>1M,0.020501185153623425
female,ES521,Alicante/Alacant,2013,e0,84.99272497951722,84.88551799999999,1993289,>1M,0.10720697951722968
female,ES521,Alicante/Alacant,2013,e65,22.34928466780909,22.234173000000002,1993289,>1M,0.11511166780908866
female,ES521,Alicante/Alacant,2014,e0,85.09359104829241,85.05998799999999,1993289,>1M,0.03360304829242011
female,ES521,Alicante/Alacant,2014,e65,22.389399947014876,22.353615,1993289,>1M,0.035784947014875
female,ES521,Alicante/Alacant,2015,e0,85.06423253273837,85.065695,1993289,>1M,-0.0014624672616321277
female,ES521,Alicante/Alacant,2015,e65,22.274469177652428,22.274308,1993289,>1M,1.6117765242640303e-4
female,ES521,Alicante/Alacant,2016,e0,85.13115126252359,85.100584,1993289,>1M,0.03056726252358999
female,ES521,Alicante/Alacant,2016,e65,22.594118734584747,22.560691,1993289,>1M,0.03342773458474824
female,ES521,Alicante/Alacant,2017,e0,85.2468024450468,85.229945,1993289,>1M,0.01685744504679576
female,ES521,Alicante/Alacant,2017,e65,22.4825437942033,22.463767999999998,1993289,>1M,0.018775794203300222
female,ES521,Alicante/Alacant,2018,e0,85.25692115447616,85.213542,1993289,>1M,0.043379154476156145
female,ES521,Alicante/Alacant,2018,e65,22.422212549014525,22.37522,1993289,>1M,0.046992549014525764
female,ES521,Alicante/Alacant,2019,e0,85.78318185914831,85.724551,1993289,>1M,0.0586308591483089
female,ES521,Alicante/Alacant,2019,e65,22.889829164296636,22.826721999999997,1993289,>1M,0.06310716429663898
female,ES521,Alicante/Alacant,2020,e0,85.01362401922765,84.99205,1993289,>1M,0.021574019227642793
female,ES521,Alicante/Alacant,2020,e65,22.411283569756975,22.387393,1993289,>1M,0.023890569756975566
female,ES521,Alicante/Alacant,2021,e0,84.92785674820765,84.912101,1993289,>1M,0.015755748207638476
female,ES521,Alicante/Alacant,2021,e65,22.14893234402317,22.130616,1993289,>1M,0.018316344023169506
female,ES521,Alicante/Alacant,2022,e0,85.34754420103737,85.35752400000001,1993289,>1M,-0.009979798962646669
female,ES521,Alicante/Alacant,2022,e65,22.58876336262444,22.598548999999995,1993289,>1M,-0.009785637375554046
female,ES521,Alicante/Alacant,2023,e0,85.74760721433773,85.674643,1993289,>1M,0.07296421433773048
female,ES521,Alicante/Alacant,2023,e65,23.002146549623152,22.924164,1993289,>1M,0.07798254962315099
female,ES521,Alicante/Alacant,2024,e0,86.110140383,86.017488,1993289,>1M,0.09265238300000078
female,ES521,Alicante/Alacant,2024,e65,23.214378476995964,23.115698000000002,1993289,>1M,0.09868047699596261
female,ES522,Castellon/Castello,2002,e0,82.11647669573266,82.17868699999998,615188,200k-1M,-0.062210304267324545
female,ES522,Castellon/Castello,2002,e65,19.967771252305152,20.0334,615188,200k-1M,-0.0656287476948485
female,ES522,Castellon/Castello,2003,e0,82.39885971200452,82.440728000000007,615188,200k-1M,-0.041868287995484366
female,ES522,Castellon/Castello,2003,e65,19.94818395121423,19.992433999999996,615188,200k-1M,-0.04425004878576644
female,ES522,Castellon/Castello,2004,e0,83.13311497847553,83.173903,615188,200k-1M,-0.04078802152446315
female,ES522,Castellon/Castello,2004,e65,20.572329370129555,20.615224,615188,200k-1M,-0.04289462987044601
female,ES522,Castellon/Castello,2005,e0,82.70067448740122,82.72977699999998,615188,200k-1M,-0.029102512598768726
female,ES522,Castellon/Castello,2005,e65,20.500077665682024,20.531237,615188,200k-1M,-0.031159334317976572
female,ES522,Castellon/Castello,2006,e0,83.75947591608839,83.801408,615188,200k-1M,-0.04193208391160397
female,ES522,Castellon/Castello,2006,e65,21.039461691227427,21.081440999999998,615188,200k-1M,-0.0419793087725715
female,ES522,Castellon/Castello,2007,e0,83.79499346946545,83.801048,615188,200k-1M,-0.0060545305345414135
female,ES522,Castellon/Castello,2007,e65,21.29245038896455,21.298513999999997,615188,200k-1M,-0.0060636110354472805
female,ES522,Castellon/Castello,2008,e0,83.7149010878382,83.762715,615188,200k-1M,-0.047813912161799976
female,ES522,Castellon/Castello,2008,e65,21.203123466141193,21.252584,615188,200k-1M,-0.04946053385880589
female,ES522,Castellon/Castello,2009,e0,84.35448348967434,84.38652400000001,615188,200k-1M,-0.03204051032567179
female,ES522,Castellon/Castello,2009,e65,21.491254057533137,21.526505,615188,200k-1M,-0.03525094246686322
female,ES522,Castellon/Castello,2010,e0,84.57437033207087,84.554489,615188,200k-1M,0.01988133207086662
female,ES522,Castellon/Castello,2010,e65,21.866137750204683,21.844072,615188,200k-1M,0.022065750204681933
female,ES522,Castellon/Castello,2011,e0,84.82455974556734,84.80729500000001,615188,200k-1M,0.017264745567331374
female,ES522,Castellon/Castello,2011,e65,22.124204788384446,22.105338,615188,200k-1M,0.018866788384446664
female,ES522,Castellon/Castello,2012,e0,85.3944247381815,85.36868199999999,615188,200k-1M,0.025742738181506297
female,ES522,Castellon/Castello,2012,e65,22.45213927931517,22.426173,615188,200k-1M,0.025966279315170482
female,ES522,Castellon/Castello,2013,e0,85.21741048698365,85.194779,615188,200k-1M,0.02263148698365569
female,ES522,Castellon/Castello,2013,e65,22.37845069656796,22.35471,615188,200k-1M,0.023740696567958963
female,ES522,Castellon/Castello,2014,e0,85.12870103460159,85.105523,615188,200k-1M,0.023178034601585296
female,ES522,Castellon/Castello,2014,e65,22.222022984605076,22.196988000000005,615188,200k-1M,0.02503498460507103
female,ES522,Castellon/Castello,2015,e0,85.15814201978834,85.197061,615188,200k-1M,-0.03891898021166185
female,ES522,Castellon/Castello,2015,e65,22.115403916876424,22.156898000000005,615188,200k-1M,-0.04149408312358105
female,ES522,Castellon/Castello,2016,e0,85.52934643245578,85.528415,615188,200k-1M,9.314324557863074e-4
female,ES522,Castellon/Castello,2016,e65,22.53040401432949,22.529745999999996,615188,200k-1M,6.580143294954155e-4
female,ES522,Castellon/Castello,2017,e0,85.28212420243916,85.284741,615188,200k-1M,-0.0026167975608331062
female,ES522,Castellon/Castello,2017,e65,22.540487431000283,22.542576999999998,615188,200k-1M,-0.002089568999714686
female,ES522,Castellon/Castello,2018,e0,84.91145067900231,84.91103100000001,615188,200k-1M,4.1967900230588384e-4
female,ES522,Castellon/Castello,2018,e65,22.3202026882726,22.317645000000002,615188,200k-1M,0.002557688272599279
female,ES522,Castellon/Castello,2019,e0,85.64006548686538,85.57271799999998,615188,200k-1M,0.06734748686540115
female,ES522,Castellon/Castello,2019,e65,23.04024371107429,22.967679999999998,615188,200k-1M,0.0725637110742916
female,ES522,Castellon/Castello,2020,e0,85.0380885728688,85.04698400000001,615188,200k-1M,-0.008895427131207612
female,ES522,Castellon/Castello,2020,e65,22.530018656152322,22.537568000000004,615188,200k-1M,-0.007549343847681911
female,ES522,Castellon/Castello,2021,e0,85.03344599753659,85.04435000000001,615188,200k-1M,-0.010904002463419715
female,ES522,Castellon/Castello,2021,e65,22.433163847379515,22.444326999999998,615188,200k-1M,-0.011163152620483174
female,ES522,Castellon/Castello,2022,e0,85.38126750617417,85.41463200000001,615188,200k-1M,-0.033364493825843056
female,ES522,Castellon/Castello,2022,e65,22.854190456949826,22.888109999999998,615188,200k-1M,-0.033919543050171086
female,ES522,Castellon/Castello,2023,e0,85.92414744595159,85.91989000000001,615188,200k-1M,0.004257445951580507
female,ES522,Castellon/Castello,2023,e65,23.200290942710236,23.193728,615188,200k-1M,0.006562942710235831
female,ES522,Castellon/Castello,2024,e0,86.02569286444081,85.953384,615188,200k-1M,0.07230886444081364
female,ES522,Castellon/Castello,2024,e65,23.38416080820748,23.306667,615188,200k-1M,0.07749380820747831
female,ES523,Valencia/Valencia,2002,e0,82.25733506483283,82.268251,2710808,>1M,-0.010915935167176372
female,ES523,Valencia/Valencia,2002,e65,20.064254889425793,20.075626999999997,2710808,>1M,-0.011372110574203731
female,ES523,Valencia/Valencia,2003,e0,82.13039879297082,82.173825,2710808,>1M,-0.04342620702917088
female,ES523,Valencia/Valencia,2003,e65,19.799655410637087,19.845129999999997,2710808,>1M,-0.04547458936291093
female,ES523,Valencia/Valencia,2004,e0,82.73644377899714,82.76627900000001,2710808,>1M,-0.029835221002869616
female,ES523,Valencia/Valencia,2004,e65,20.36763931427877,20.399608,2710808,>1M,-0.03196868572123179
female,ES523,Valencia/Valencia,2005,e0,82.50841599336488,82.53311900000001,2710808,>1M,-0.024703006635135694
female,ES523,Valencia/Valencia,2005,e65,20.159172437546477,20.185166,2710808,>1M,-0.02599356245352169
female,ES523,Valencia/Valencia,2006,e0,83.20943024520828,83.24030400000001,2710808,>1M,-0.030873754791727492
female,ES523,Valencia/Valencia,2006,e65,20.820039646099886,20.852721,2710808,>1M,-0.03268135390011295
female,ES523,Valencia/Valencia,2007,e0,83.23665788494318,83.255284,2710808,>1M,-0.01862611505681855
female,ES523,Valencia/Valencia,2007,e65,20.85774360856524,20.878588999999998,2710808,>1M,-0.020845391434757943
female,ES523,Valencia/Valencia,2008,e0,83.4015477884273,83.42277699999998,2710808,>1M,-0.0212292115726882
female,ES523,Valencia/Valencia,2008,e65,20.933427198465147,20.955571999999997,2710808,>1M,-0.02214480153484999
female,ES523,Valencia/Valencia,2009,e0,83.89134625488117,83.893607,2710808,>1M,-0.0022607451188321193
female,ES523,Valencia/Valencia,2009,e65,21.339730974604464,21.340726999999998,2710808,>1M,-9.960253955334508e-4
female,ES523,Valencia/Valencia,2010,e0,84.09984642274557,84.09414100000001,2710808,>1M,0.005705422745563737
female,ES523,Valencia/Valencia,2010,e65,21.686392375149882,21.679856000000004,2710808,>1M,0.0065363751498779266
female,ES523,Valencia/Valencia,2011,e0,84.34087248348764,84.34832300000001,2710808,>1M,-0.007450516512363947
female,ES523,Valencia/Valencia,2011,e65,21.75590694803251,21.763778,2710808,>1M,-0.00787105196748783
female,ES523,Valencia/Valencia,2012,e0,84.36307166526024,84.38163300000001,2710808,>1M,-0.01856133473977195
female,ES523,Valencia/Valencia,2012,e65,21.68093400197215,21.700796999999998,2710808,>1M,-0.019862998027846857
female,ES523,Valencia/Valencia,2013,e0,84.81890599476499,84.79325900000002,2710808,>1M,0.025646994764969122
female,ES523,Valencia/Valencia,2013,e65,22.19092106880473,22.162094,2710808,>1M,0.028827068804730516
female,ES523,Valencia/Valencia,2014,e0,84.80226952716328,84.79795900000002,2710808,>1M,0.004310527163255529
female,ES523,Valencia/Valencia,2014,e65,22.15677858358421,22.151571000000004,2710808,>1M,0.005207583584205366
female,ES523,Valencia/Valencia,2015,e0,84.6899456839668,84.69422200000001,2710808,>1M,-0.004276316033212879
female,ES523,Valencia/Valencia,2015,e65,22.0105231872316,22.014388000000004,2710808,>1M,-0.0038648127684055567
female,ES523,Valencia/Valencia,2016,e0,85.12614235369071,85.12186,2710808,>1M,0.004282353690712171
female,ES523,Valencia/Valencia,2016,e65,22.39747364225386,22.392494,2710808,>1M,0.004979642253861272
female,ES523,Valencia/Valencia,2017,e0,84.91975968437096,84.90562500000001,2710808,>1M,0.014134684370944228
female,ES523,Valencia/Valencia,2017,e65,22.281404768676413,22.265897,2710808,>1M,0.015507768676414457
female,ES523,Valencia/Valencia,2018,e0,85.12898317761274,85.129054,2710808,>1M,-7.082238725786283e-5
female,ES523,Valencia/Valencia,2018,e65,22.291781006560246,22.291001,2710808,>1M,7.800065602445727e-4
female,ES523,Valencia/Valencia,2019,e0,85.61871862701277,85.543078,2710808,>1M,0.07564062701277408
female,ES523,Valencia/Valencia,2019,e65,22.81082754958559,22.72927,2710808,>1M,0.08155754958558958
female,ES523,Valencia/Valencia,2020,e0,84.8624139058486,84.855769,2710808,>1M,0.006644905848602889
female,ES523,Valencia/Valencia,2020,e65,22.184349395570145,22.177703,2710808,>1M,0.006646395570143682
female,ES523,Valencia/Valencia,2021,e0,85.06627814837977,85.01618400000001,2710808,>1M,0.05009414837975612
female,ES523,Valencia/Valencia,2021,e65,22.322181924903912,22.268435999999994,2710808,>1M,0.05374592490391805
female,ES523,Valencia/Valencia,2022,e0,84.79847799328894,84.807278,2710808,>1M,-0.00880000671105563
female,ES523,Valencia/Valencia,2022,e65,22.154013102190415,22.163228999999998,2710808,>1M,-0.00921589780958243
female,ES523,Valencia/Valencia,2023,e0,85.63577997246837,85.583089,2710808,>1M,0.05269097246836907
female,ES523,Valencia/Valencia,2023,e65,22.88165671533211,22.824294000000002,2710808,>1M,0.05736271533210768
female,ES523,Valencia/Valencia,2024,e0,85.73104135502325,85.68466500000001,2710808,>1M,0.046376355023241445
female,ES523,Valencia/Valencia,2024,e65,23.107192033835013,23.057650000000002,2710808,>1M,0.0495420338350101
female,ES532,"Balears, Illes",2002,e0,82.7818527811862,82.783839,1231768,>1M,-0.001986218813797791
female,ES532,"Balears, Illes",2002,e65,20.57115450796329,20.571352,1231768,>1M,-1.9749203671182158e-4
female,ES532,"Balears, Illes",2003,e0,82.90183068714494,82.91144700000001,1231768,>1M,-0.009616312855072806
female,ES532,"Balears, Illes",2003,e65,20.46996458123019,20.481722999999995,1231768,>1M,-0.01175841876980499
female,ES532,"Balears, Illes",2004,e0,83.44047883643331,83.430991,1231768,>1M,0.009487836433308416
female,ES532,"Balears, Illes",2004,e65,21.11564470150242,21.105784,1231768,>1M,0.009860701502418578
female,ES532,"Balears, Illes",2005,e0,83.51181485859,83.48308300000001,1231768,>1M,0.0287318585899925
female,ES532,"Balears, Illes",2005,e65,21.147390507076942,21.115951000000006,1231768,>1M,0.03143950707693577
female,ES532,"Balears, Illes",2006,e0,84.10398205124531,84.106428,1231768,>1M,-0.0024459487546835135
female,ES532,"Balears, Illes",2006,e65,21.301857215415204,21.303988000000004,1231768,>1M,-0.002130784584799983
female,ES532,"Balears, Illes",2007,e0,84.21135410610596,84.229893,1231768,>1M,-0.018538893894046282
female,ES532,"Balears, Illes",2007,e65,21.707917610741976,21.727388,1231768,>1M,-0.019470389258025023
female,ES532,"Balears, Illes",2008,e0,84.06665098456466,84.103509,1231768,>1M,-0.036858015435342395
female,ES532,"Balears, Illes",2008,e65,21.67663000141354,21.716574,1231768,>1M,-0.03994399858646247
female,ES532,"Balears, Illes",2009,e0,83.9627120781889,83.952189,1231768,>1M,0.010523078188896307
female,ES532,"Balears, Illes",2009,e65,21.614283691373995,21.601788000000003,1231768,>1M,0.012495691373992202
female,ES532,"Balears, Illes",2010,e0,84.42659929315059,84.388249,1231768,>1M,0.03835029315058591
female,ES532,"Balears, Illes",2010,e65,21.815360336505325,21.775951000000003,1231768,>1M,0.0394093365053223
female,ES532,"Balears, Illes",2011,e0,84.7891937657558,84.74404700000001,1231768,>1M,0.045146765755788465
female,ES532,"Balears, Illes",2011,e65,22.241511339017517,22.193233,1231768,>1M,0.04827833901751788
female,ES532,"Balears, Illes",2012,e0,84.527334395629,84.50599799999999,1231768,>1M,0.021336395629006688
female,ES532,"Balears, Illes",2012,e65,21.93396737005572,21.911925000000004,1231768,>1M,0.022042370055714855
female,ES532,"Balears, Illes",2013,e0,85.0985676340257,85.076366,1231768,>1M,0.02220163402570563
female,ES532,"Balears, Illes",2013,e65,22.28689657047649,22.262766999999997,1231768,>1M,0.024129570476493
female,ES532,"Balears, Illes",2014,e0,85.31642762071019,85.272415,1231768,>1M,0.044012620710191186
female,ES532,"Balears, Illes",2014,e65,22.427565160123503,22.380908,1231768,>1M,0.04665716012350174
female,ES532,"Balears, Illes",2015,e0,84.99022226963166,84.956021,1231768,>1M,0.0342012696316516
female,ES532,"Balears, Illes",2015,e65,22.173556860392566,22.137538000000003,1231768,>1M,0.03601886039256286
female,ES532,"Balears, Illes",2016,e0,85.33999242649031,85.31460500000001,1231768,>1M,0.02538742649029757
female,ES532,"Balears, Illes",2016,e65,22.527764935054858,22.499813,1231768,>1M,0.027951935054858268
female,ES532,"Balears, Illes",2017,e0,85.27391863118585,85.283998,1231768,>1M,-0.010079368814146505
female,ES532,"Balears, Illes",2017,e65,22.556995143463773,22.566485,1231768,>1M,-0.009489856536227137
female,ES532,"Balears, Illes",2018,e0,85.53982605842705,85.48242300000001,1231768,>1M,0.05740305842704174
female,ES532,"Balears, Illes",2018,e65,22.771597185313013,22.708658,1231768,>1M,0.06293918531301301
female,ES532,"Balears, Illes",2019,e0,85.82919263285648,85.77002900000001,1231768,>1M,0.05916363285646753
female,ES532,"Balears, Illes",2019,e65,23.07298852166879,23.00915,1231768,>1M,0.06383852166878867
female,ES532,"Balears, Illes",2020,e0,85.66512958991889,85.60377999999999,1231768,>1M,0.06134958991890471
female,ES532,"Balears, Illes",2020,e65,22.797053286498834,22.731764000000002,1231768,>1M,0.0652892864988317
female,ES532,"Balears, Illes",2021,e0,85.66973270607092,85.65289899999999,1231768,>1M,0.01683370607092627
female,ES532,"Balears, Illes",2021,e65,22.774954986276693,22.757441,1231768,>1M,0.017513986276693316
female,ES532,"Balears, Illes",2022,e0,85.63173341300877,85.641248,1231768,>1M,-0.00951458699123009
female,ES532,"Balears, Illes",2022,e65,22.54778491599459,22.557048,1231768,>1M,-0.009263084005411315
female,ES532,"Balears, Illes",2023,e0,86.08917909355007,86.035914,1231768,>1M,0.05326509355006692
female,ES532,"Balears, Illes",2023,e65,23.14070235727369,23.084609999999998,1231768,>1M,0.05609235727369111
female,ES532,"Balears, Illes",2024,e0,85.80684265668664,85.811487,1231768,>1M,-0.004644343313358945
female,ES532,"Balears, Illes",2024,e65,22.90119208032806,22.905622999999995,1231768,>1M,-0.0044309196719360955
female,ES611,Almeria,2002,e0,81.25629593244457,81.277645,760964,200k-1M,-0.021349067555433976
female,ES611,Almeria,2002,e65,19.577061984930506,19.599969,760964,200k-1M,-0.022907015069495884
female,ES611,Almeria,2003,e0,82.08360120627094,82.11929900000001,760964,200k-1M,-0.03569779372907078
female,ES611,Almeria,2003,e65,19.827654610519176,19.866452,760964,200k-1M,-0.03879738948082334
female,ES611,Almeria,2004,e0,82.3584828160285,82.352664,760964,200k-1M,0.005818816028494211
female,ES611,Almeria,2004,e65,20.082771338402544,20.077716,760964,200k-1M,0.005055338402545573
female,ES611,Almeria,2005,e0,81.93583119157653,81.953242,760964,200k-1M,-0.01741080842347742
female,ES611,Almeria,2005,e65,19.79622090870729,19.814480000000003,760964,200k-1M,-0.018259091292712526
female,ES611,Almeria,2006,e0,82.92643156101003,82.982816,760964,200k-1M,-0.0563844389899657
female,ES611,Almeria,2006,e65,20.78062020267719,20.840053,760964,200k-1M,-0.059432797322809705
female,ES611,Almeria,2007,e0,82.39469975111103,82.44399700000001,760964,200k-1M,-0.04929724888897624
female,ES611,Almeria,2007,e65,20.139915959858843,20.193868000000005,760964,200k-1M,-0.05395204014116217
female,ES611,Almeria,2008,e0,83.27016123005949,83.339531,760964,200k-1M,-0.06936976994050781
female,ES611,Almeria,2008,e65,20.83642785757884,20.911936,760964,200k-1M,-0.07550814242116033
female,ES611,Almeria,2009,e0,83.15595310823517,83.178255,760964,200k-1M,-0.02230189176482611
female,ES611,Almeria,2009,e65,20.935163447095206,20.960591999999995,760964,200k-1M,-0.025428552904788404
female,ES611,Almeria,2010,e0,83.63040583709576,83.643632,760964,200k-1M,-0.013226162904231842
female,ES611,Almeria,2010,e65,21.234677633822148,21.248964,760964,200k-1M,-0.014286366177852727
female,ES611,Almeria,2011,e0,83.73677635701578,83.68544199999998,760964,200k-1M,0.051334357015804244
female,ES611,Almeria,2011,e65,21.261357189541062,21.206678999999998,760964,200k-1M,0.054678189541064626
female,ES611,Almeria,2012,e0,83.77433421012688,83.81155700000001,760964,200k-1M,-0.03722278987312677
female,ES611,Almeria,2012,e65,21.032150836053887,21.070553,760964,200k-1M,-0.03840216394611318
female,ES611,Almeria,2013,e0,84.04122489075355,83.96717000000001,760964,200k-1M,0.0740548907535441
female,ES611,Almeria,2013,e65,21.438654727180882,21.361831000000002,760964,200k-1M,0.07682372718088004
female,ES611,Almeria,2014,e0,84.67945149874956,84.70382300000001,760964,200k-1M,-0.024371501250456618
female,ES611,Almeria,2014,e65,21.92931559112557,21.955938,760964,200k-1M,-0.026622408874430903
female,ES611,Almeria,2015,e0,83.8818975573255,83.91300100000001,760964,200k-1M,-0.03110344267450671
female,ES611,Almeria,2015,e65,21.23658618366014,21.269148999999995,760964,200k-1M,-0.032562816339854805
female,ES611,Almeria,2016,e0,84.31067866722664,84.29046300000002,760964,200k-1M,0.020215667226622713
female,ES611,Almeria,2016,e65,21.81402419001087,21.791515999999998,760964,200k-1M,0.022508190010871232
female,ES611,Almeria,2017,e0,84.23465311083878,84.218556,760964,200k-1M,0.0160971108387713
female,ES611,Almeria,2017,e65,21.59157179135629,21.573801000000003,760964,200k-1M,0.017770791356287674
female,ES611,Almeria,2018,e0,84.18258215930227,84.13033099999998,760964,200k-1M,0.052251159302286965
female,ES611,Almeria,2018,e65,21.794213141605443,21.738164,760964,200k-1M,0.05604914160544183
female,ES611,Almeria,2019,e0,84.93738983128736,84.856519,760964,200k-1M,0.08087083128735628
female,ES611,Almeria,2019,e65,22.11448490636878,22.026331,760964,200k-1M,0.08815390636878107
female,ES611,Almeria,2020,e0,84.01559284101756,84.016676,760964,200k-1M,-0.0010831589824391585
female,ES611,Almeria,2020,e65,21.91997736794283,21.920315999999996,760964,200k-1M,-3.3863205716500033e-4
female,ES611,Almeria,2021,e0,83.60961209691938,83.59928000000001,760964,200k-1M,0.010332096919370315
female,ES611,Almeria,2021,e65,21.387126919539355,21.377842,760964,200k-1M,0.009284919539354064
female,ES611,Almeria,2022,e0,84.08216334075814,84.098443,760964,200k-1M,-0.016279659241860145
female,ES611,Almeria,2022,e65,21.54636694193248,21.564035999999998,760964,200k-1M,-0.017669058067518506
female,ES611,Almeria,2023,e0,84.74492358674077,84.691809,760964,200k-1M,0.05311458674076164
female,ES611,Almeria,2023,e65,22.18404051133084,22.125827,760964,200k-1M,0.05821351133083752
female,ES611,Almeria,2024,e0,84.96208847405131,84.90291500000001,760964,200k-1M,0.05917347405130613
female,ES611,Almeria,2024,e65,22.33233937872303,22.269625999999995,760964,200k-1M,0.06271337872303562
female,ES612,Cadiz,2002,e0,81.16763009708987,81.18035099999999,1258730,>1M,-0.01272090291011807
female,ES612,Cadiz,2002,e65,19.243546418529107,19.255706999999997,1258730,>1M,-0.012160581470890719
female,ES612,Cadiz,2003,e0,81.0492838137935,81.113303,1258730,>1M,-0.06401918620650804
female,ES612,Cadiz,2003,e65,18.99024238109073,19.060158,1258730,>1M,-0.06991561890927045
female,ES612,Cadiz,2004,e0,81.62776461741277,81.620543,1258730,>1M,0.0072216174127675
female,ES612,Cadiz,2004,e65,19.310126322987575,19.301133,1258730,>1M,0.008993322987574714
female,ES612,Cadiz,2005,e0,81.61835505422589,81.60948699999999,1258730,>1M,0.008868054225899868
female,ES612,Cadiz,2005,e65,19.22303763667331,19.213164000000003,1258730,>1M,0.009873636673308539
female,ES612,Cadiz,2006,e0,82.24692690137756,82.234734,1258730,>1M,0.012192901377559906
female,ES612,Cadiz,2006,e65,19.907011944303708,19.894595000000002,1258730,>1M,0.012416944303705435
female,ES612,Cadiz,2007,e0,82.7130727987831,82.723493,1258730,>1M,-0.01042020121690257
female,ES612,Cadiz,2007,e65,20.11777070342625,20.128048999999997,1258730,>1M,-0.010278296573748236
female,ES612,Cadiz,2008,e0,82.60900392321672,82.630282,1258730,>1M,-0.021278076783275424
female,ES612,Cadiz,2008,e65,20.108786002029042,20.132527,1258730,>1M,-0.023740997970957523
female,ES612,Cadiz,2009,e0,82.78841038129892,82.742577,1258730,>1M,0.04583338129891956
female,ES612,Cadiz,2009,e65,20.373163837131575,20.323364,1258730,>1M,0.0497998371315731
female,ES612,Cadiz,2010,e0,83.22060913395674,83.17650099999999,1258730,>1M,0.044108133956754614
female,ES612,Cadiz,2010,e65,20.453457538737947,20.405461,1258730,>1M,0.04799653873794796
female,ES612,Cadiz,2011,e0,83.21972136738978,83.15584999999999,1258730,>1M,0.06387136738979393
female,ES612,Cadiz,2011,e65,20.70966817689167,20.639861000000007,1258730,>1M,0.06980717689166482
female,ES612,Cadiz,2012,e0,82.8730549694913,82.90035300000001,1258730,>1M,-0.027298030508703164
female,ES612,Cadiz,2012,e65,20.68836794244378,20.717677000000002,1258730,>1M,-0.029309057556222484
female,ES612,Cadiz,2013,e0,83.38299641763781,83.45104900000001,1258730,>1M,-0.06805258236219913
female,ES612,Cadiz,2013,e65,20.90690736323822,20.980275999999996,1258730,>1M,-0.07336863676177785
female,ES612,Cadiz,2014,e0,83.91554405949613,83.89733799999999,1258730,>1M,0.018206059496137073
female,ES612,Cadiz,2014,e65,21.154935411020524,21.134235000000004,1258730,>1M,0.02070041102052045
female,ES612,Cadiz,2015,e0,83.43082584113269,83.427576,1258730,>1M,0.0032498411326855603
female,ES612,Cadiz,2015,e65,20.74297695360109,20.738605999999997,1258730,>1M,0.004370953601092964
female,ES612,Cadiz,2016,e0,83.82202860533722,83.78835199999999,1258730,>1M,0.03367660533723438
female,ES612,Cadiz,2016,e65,21.148730066133062,21.111422,1258730,>1M,0.037308066133061146
female,ES612,Cadiz,2017,e0,83.760052430994,83.77741,1258730,>1M,-0.017357569006009044
female,ES612,Cadiz,2017,e65,21.275245276635665,21.293578,1258730,>1M,-0.01833272336433467
female,ES612,Cadiz,2018,e0,83.78334729924973,83.74254400000001,1258730,>1M,0.04080329924971693
female,ES612,Cadiz,2018,e65,21.15184847236479,21.107054000000005,1258730,>1M,0.044794472364785065
female,ES612,Cadiz,2019,e0,84.48839701316865,84.45368300000001,1258730,>1M,0.03471401316863876
female,ES612,Cadiz,2019,e65,21.811347474803334,21.773293,1258730,>1M,0.038054474803335125
female,ES612,Cadiz,2020,e0,83.9869993322402,83.96905900000002,1258730,>1M,0.017940332240186763
female,ES612,Cadiz,2020,e65,21.225170067073346,21.205021999999996,1258730,>1M,0.020148067073350262
female,ES612,Cadiz,2021,e0,83.48542608723365,83.480804,1258730,>1M,0.004622087233641992
female,ES612,Cadiz,2021,e65,20.95086312185295,20.946759999999998,1258730,>1M,0.004103121852953251
female,ES612,Cadiz,2022,e0,84.12019980648343,84.164896,1258730,>1M,-0.044696193516571725
female,ES612,Cadiz,2022,e65,21.43174100325389,21.478465,1258730,>1M,-0.04672399674610972
female,ES612,Cadiz,2023,e0,84.79378423621405,84.769436,1258730,>1M,0.024348236214052577
female,ES612,Cadiz,2023,e65,21.982764795795607,21.957316,1258730,>1M,0.025448795795607992
female,ES612,Cadiz,2024,e0,85.1937776470673,85.17650699999999,1258730,>1M,0.0172706470673063
female,ES612,Cadiz,2024,e65,22.246225510664186,22.227548999999996,1258730,>1M,0.018676510664189294
female,ES613,Cordoba,2002,e0,82.13939581164198,82.176295,774313,200k-1M,-0.03689918835802075
female,ES613,Cordoba,2002,e65,19.98839273973913,20.027870000000004,774313,200k-1M,-0.03947726026087395
female,ES613,Cordoba,2003,e0,82.48395355777039,82.512118,774313,200k-1M,-0.028164442229609676
female,ES613,Cordoba,2003,e65,20.343539282139062,20.373132,774313,200k-1M,-0.02959271786093609
female,ES613,Cordoba,2004,e0,82.98272094879223,83.008753,774313,200k-1M,-0.026032051207764084
female,ES613,Cordoba,2004,e65,20.507046738237182,20.53424,774313,200k-1M,-0.02719326176281811
female,ES613,Cordoba,2005,e0,83.05800686287552,83.04518900000001,774313,200k-1M,0.012817862875508013
female,ES613,Cordoba,2005,e65,20.514937817325738,20.502305,774313,200k-1M,0.012632817325737733
female,ES613,Cordoba,2006,e0,83.80193448979026,83.78661600000001,774313,200k-1M,0.015318489790246304
female,ES613,Cordoba,2006,e65,21.09447371408648,21.077456,774313,200k-1M,0.01701771408647801
female,ES613,Cordoba,2007,e0,83.53595960222215,83.522825,774313,200k-1M,0.013134602222152125
female,ES613,Cordoba,2007,e65,21.059259956473074,21.045548999999994,774313,200k-1M,0.01371095647307996
female,ES613,Cordoba,2008,e0,83.81654248754901,83.84891400000001,774313,200k-1M,-0.03237151245099312
female,ES613,Cordoba,2008,e65,21.294937548460297,21.329478,774313,200k-1M,-0.034540451539704975
female,ES613,Cordoba,2009,e0,84.26159354781406,84.18198799999999,774313,200k-1M,0.0796055478140687
female,ES613,Cordoba,2009,e65,21.84682566948329,21.76112,774313,200k-1M,0.08570566948329272
female,ES613,Cordoba,2010,e0,84.68952866451502,84.665954,774313,200k-1M,0.023574664515024324
female,ES613,Cordoba,2010,e65,22.03425390119971,22.009501,774313,200k-1M,0.024752901199708077
female,ES613,Cordoba,2011,e0,84.534569520698,84.56028900000001,774313,200k-1M,-0.025719479302011905
female,ES613,Cordoba,2011,e65,21.989810124255726,22.017431000000002,774313,200k-1M,-0.027620875744275963
female,ES613,Cordoba,2012,e0,84.40617271071261,84.41192500000002,774313,200k-1M,-0.005752289287414669
female,ES613,Cordoba,2012,e65,21.686226474781485,21.691066000000003,774313,200k-1M,-0.004839525218518048
female,ES613,Cordoba,2013,e0,85.1373949170278,85.083334,774313,200k-1M,0.054060917027811684
female,ES613,Cordoba,2013,e65,22.415782321155547,22.35884,774313,200k-1M,0.05694232115554598
female,ES613,Cordoba,2014,e0,85.49120440837049,85.512505,774313,200k-1M,-0.0213005916295117
female,ES613,Cordoba,2014,e65,22.515849655777004,22.538075000000003,774313,200k-1M,-0.022225344222999155
female,ES613,Cordoba,2015,e0,84.8020938987808,84.792881,774313,200k-1M,0.009212898780802448
female,ES613,Cordoba,2015,e65,21.983805217898677,21.97397,774313,200k-1M,0.009835217898675808
female,ES613,Cordoba,2016,e0,85.57916699482068,85.56627900000001,774313,200k-1M,0.012887994820673043
female,ES613,Cordoba,2016,e65,22.59780912234804,22.583345999999995,774313,200k-1M,0.014463122348043811
female,ES613,Cordoba,2017,e0,85.27273134757247,85.25576999999998,774313,200k-1M,0.016961347572490126
female,ES613,Cordoba,2017,e65,22.3482265166446,22.330374000000003,774313,200k-1M,0.017852516644598637
female,ES613,Cordoba,2018,e0,85.24742006726662,85.230387,774313,200k-1M,0.017033067266623902
female,ES613,Cordoba,2018,e65,22.45116460474775,22.433282,774313,200k-1M,0.01788260474775072
female,ES613,Cordoba,2019,e0,85.46288523046078,85.44055800000001,774313,200k-1M,0.022327230460774672
female,ES613,Cordoba,2019,e65,22.524392042941017,22.500548999999996,774313,200k-1M,0.023843042941020798
female,ES613,Cordoba,2020,e0,84.89656246098653,84.90016800000001,774313,200k-1M,-0.00360553901347771
female,ES613,Cordoba,2020,e65,22.236736995099548,22.240516999999997,774313,200k-1M,-0.00378000490044883
female,ES613,Cordoba,2021,e0,85.20536797757859,85.182205,774313,200k-1M,0.023162977578593313
female,ES613,Cordoba,2021,e65,22.31496260598786,22.290595,774313,200k-1M,0.02436760598785881
female,ES613,Cordoba,2022,e0,84.83940390649894,84.848761,774313,200k-1M,-0.00935709350105185
female,ES613,Cordoba,2022,e65,22.20597667067538,22.21469,774313,200k-1M,-0.0087133293246211
female,ES613,Cordoba,2023,e0,85.21481955416091,85.182723,774313,200k-1M,0.0320965541609155
female,ES613,Cordoba,2023,e65,22.725443569645332,22.690699,774313,200k-1M,0.034744569645333456
female,ES613,Cordoba,2024,e0,85.90493454545049,85.883252,774313,200k-1M,0.021682545450488533
female,ES613,Cordoba,2024,e65,23.206317257395344,23.184093,774313,200k-1M,0.022224257395343727
female,ES614,Granada,2002,e0,81.78804444974327,81.800966,939741,200k-1M,-0.012921550256734804
female,ES614,Granada,2002,e65,19.607109620886646,19.618321,939741,200k-1M,-0.011211379113355235
female,ES614,Granada,2003,e0,81.88747757333893,81.870729,939741,200k-1M,0.016748573338929873
female,ES614,Granada,2003,e65,19.612194329896116,19.593445999999997,939741,200k-1M,0.018748329896119742
female,ES614,Granada,2004,e0,82.14721474582774,82.154245,939741,200k-1M,-0.007030254172263994
female,ES614,Granada,2004,e65,20.13091677915091,20.137838000000006,939741,200k-1M,-0.006921220849097409
female,ES614,Granada,2005,e0,82.12080795730243,82.092329,939741,200k-1M,0.028478957302425556
female,ES614,Granada,2005,e65,20.042794961165132,20.012634,939741,200k-1M,0.03016096116513367
female,ES614,Granada,2006,e0,82.57503801130403,82.51977199999999,939741,200k-1M,0.05526601130404174
female,ES614,Granada,2006,e65,20.63928031138498,20.577853000000005,939741,200k-1M,0.061427311384974814
female,ES614,Granada,2007,e0,82.59683044674212,82.621495,939741,200k-1M,-0.024664553257878197
female,ES614,Granada,2007,e65,20.323288571733077,20.349642999999997,939741,200k-1M,-0.026354428266920138
female,ES614,Granada,2008,e0,82.90725711612741,82.95024900000001,939741,200k-1M,-0.04299188387260244
female,ES614,Granada,2008,e65,20.575857202015094,20.620845000000003,939741,200k-1M,-0.04498779798490915
female,ES614,Granada,2009,e0,83.48561447634258,83.419747,939741,200k-1M,0.06586747634257506
female,ES614,Granada,2009,e65,21.037673138232595,20.966098,939741,200k-1M,0.0715751382325962
female,ES614,Granada,2010,e0,83.5984620322671,83.62987499999998,939741,200k-1M,-0.031412967732890706
female,ES614,Granada,2010,e65,21.01869926366195,21.050645999999997,939741,200k-1M,-0.03194673633804612
female,ES614,Granada,2011,e0,83.40963733875698,83.38455900000001,939741,200k-1M,0.025078338756969742
female,ES614,Granada,2011,e65,21.280951872736846,21.253205,939741,200k-1M,0.027746872736845063
female,ES614,Granada,2012,e0,83.9924156553068,83.95320900000002,939741,200k-1M,0.03920665530678491
female,ES614,Granada,2012,e65,21.263036667964943,21.221711,939741,200k-1M,0.0413256679649443
female,ES614,Granada,2013,e0,84.71225569330412,84.644708,939741,200k-1M,0.06754769330412103
female,ES614,Granada,2013,e65,21.93426303459153,21.861327,939741,200k-1M,0.07293603459153175
female,ES614,Granada,2014,e0,84.67201681923099,84.62131099999999,939741,200k-1M,0.05070581923099837
female,ES614,Granada,2014,e65,21.955162389838833,21.901745999999996,939741,200k-1M,0.05341638983883712
female,ES614,Granada,2015,e0,83.89964877815912,83.893647,939741,200k-1M,0.006001778159117066
female,ES614,Granada,2015,e65,21.33873868899483,21.33332,939741,200k-1M,0.005418688994829779
female,ES614,Granada,2016,e0,84.81299162056618,84.788003,939741,200k-1M,0.024988620566176678
female,ES614,Granada,2016,e65,21.799254115589555,21.772986,939741,200k-1M,0.026268115589555663
female,ES614,Granada,2017,e0,84.63031305859303,84.645233,939741,200k-1M,-0.014919941406972725
female,ES614,Granada,2017,e65,21.81468443963994,21.829334,939741,200k-1M,-0.014649560360059155
female,ES614,Granada,2018,e0,84.44519721158645,84.41631300000002,939741,200k-1M,0.028884211586429842
female,ES614,Granada,2018,e65,21.89518914321519,21.862388999999997,939741,200k-1M,0.03280014321519431
female,ES614,Granada,2019,e0,84.88894014880442,84.838499,939741,200k-1M,0.050441148804424074
female,ES614,Granada,2019,e65,22.361662872450225,22.306445999999998,939741,200k-1M,0.05521687245022733
female,ES614,Granada,2020,e0,83.79413242027056,83.80333999999999,939741,200k-1M,-0.009207579729434201
female,ES614,Granada,2020,e65,21.255766926947842,21.265487999999998,939741,200k-1M,-0.009721073052155305
female,ES614,Granada,2021,e0,84.25996097507785,84.240987,939741,200k-1M,0.018973975077841487
female,ES614,Granada,2021,e65,21.91042454733349,21.89013,939741,200k-1M,0.02029454733349212
female,ES614,Granada,2022,e0,85.22317079008984,85.234333,939741,200k-1M,-0.01116220991016803
female,ES614,Granada,2022,e65,22.302076795019666,22.314323,939741,200k-1M,-0.012246204980336017
female,ES614,Granada,2023,e0,85.56109442434042,85.524162,939741,200k-1M,0.036932424340420766
female,ES614,Granada,2023,e65,22.72151828103484,22.681091000000002,939741,200k-1M,0.04042728103483739
female,ES614,Granada,2024,e0,85.99927206822328,85.94733300000001,939741,200k-1M,0.05193906822326255
female,ES614,Granada,2024,e65,23.327211170057613,23.271476,939741,200k-1M,0.05573517005761275
female,ES615,Huelva,2002,e0,82.08941341104384,82.10745,535734,200k-1M,-0.018036588956164223
female,ES615,Huelva,2002,e65,19.669765987307795,19.687935000000003,535734,200k-1M,-0.018169012692208497
female,ES615,Huelva,2003,e0,81.5235942274962,81.560351,535734,200k-1M,-0.036756772503792945
female,ES615,Huelva,2003,e65,19.35837440221324,19.395145999999997,535734,200k-1M,-0.03677159778675687
female,ES615,Huelva,2004,e0,82.09440250105419,82.10973499999999,535734,200k-1M,-0.015332498945795692
female,ES615,Huelva,2004,e65,19.823065909111946,19.840321999999997,535734,200k-1M,-0.01725609088805058
female,ES615,Huelva,2005,e0,82.17451785018594,82.16689799999999,535734,200k-1M,0.007619850185946575
female,ES615,Huelva,2005,e65,19.65495061270442,19.645169,535734,200k-1M,0.009781612704419018
female,ES615,Huelva,2006,e0,82.76826516923357,82.77722400000002,535734,200k-1M,-0.008958830766445658
female,ES615,Huelva,2006,e65,20.38558814636262,20.394144,535734,200k-1M,-0.008555853637382427
female,ES615,Huelva,2007,e0,82.01781038411706,82.0483,535734,200k-1M,-0.03048961588294219
female,ES615,Huelva,2007,e65,19.72428102781328,19.756505999999998,535734,200k-1M,-0.03222497218671805
female,ES615,Huelva,2008,e0,83.09201967708121,83.10471,535734,200k-1M,-0.012690322918786023
female,ES615,Huelva,2008,e65,20.325770868822396,20.337858000000008,535734,200k-1M,-0.012087131177612065
female,ES615,Huelva,2009,e0,83.08195018580705,83.114847,535734,200k-1M,-0.032896814192952206
female,ES615,Huelva,2009,e65,20.509176054867858,20.542084,535734,200k-1M,-0.032907945132141236
female,ES615,Huelva,2010,e0,83.21804994870092,83.19876,535734,200k-1M,0.019289948700929926
female,ES615,Huelva,2010,e65,20.79779687658995,20.774039,535734,200k-1M,0.023757876589950655
female,ES615,Huelva,2011,e0,83.48311730498115,83.475283,535734,200k-1M,0.007834304981145124
female,ES615,Huelva,2011,e65,20.955073588210624,20.945093999999997,535734,200k-1M,0.009979588210626389
female,ES615,Huelva,2012,e0,82.833722307845,82.83566300000001,535734,200k-1M,-0.0019406921550171319
female,ES615,Huelva,2012,e65,20.42220975852688,20.423201,535734,200k-1M,-9.912414731196861e-4
female,ES615,Huelva,2013,e0,83.76826294199932,83.788509,535734,200k-1M,-0.020246058000680023
female,ES615,Huelva,2013,e65,21.1035537373498,21.124735,535734,200k-1M,-0.02118126265020237
female,ES615,Huelva,2014,e0,83.95428746014109,83.955851,535734,200k-1M,-0.0015635398589068927
female,ES615,Huelva,2014,e65,21.11514271326411,21.116562000000002,535734,200k-1M,-0.0014192867358922001
female,ES615,Huelva,2015,e0,84.10188578416629,84.06121600000002,535734,200k-1M,0.040669784166269096
female,ES615,Huelva,2015,e65,21.389739442443144,21.345761999999997,535734,200k-1M,0.04397744244314694
female,ES615,Huelva,2016,e0,83.93113800564483,83.98552400000001,535734,200k-1M,-0.05438599435518654
female,ES615,Huelva,2016,e65,21.13644131262959,21.193295000000003,535734,200k-1M,-0.0568536873704133
female,ES615,Huelva,2017,e0,84.19913419562037,84.207328,535734,200k-1M,-0.00819380437962991
female,ES615,Huelva,2017,e65,21.305853454145552,21.316431,535734,200k-1M,-0.010577545854449255
female,ES615,Huelva,2018,e0,84.13782237309975,84.17294199999998,535734,200k-1M,-0.03511962690022585
female,ES615,Huelva,2018,e65,21.507065112447584,21.543281,535734,200k-1M,-0.03621588755241589
female,ES615,Huelva,2019,e0,84.69682072824696,84.61962400000002,535734,200k-1M,0.07719672824694612
female,ES615,Huelva,2019,e65,22.031765465540314,21.948627999999996,535734,200k-1M,0.08313746554031809
female,ES615,Huelva,2020,e0,84.14320010999214,84.200862,535734,200k-1M,-0.05766189000786426
female,ES615,Huelva,2020,e65,21.647782697821057,21.709872,535734,200k-1M,-0.062089302178943484
female,ES615,Huelva,2021,e0,84.05333531232013,84.070899,535734,200k-1M,-0.017563687679867712
female,ES615,Huelva,2021,e65,21.39821475854318,21.415715,535734,200k-1M,-0.017500241456819055
female,ES615,Huelva,2022,e0,84.58668109043869,84.56708,535734,200k-1M,0.019601090438683855
female,ES615,Huelva,2022,e65,21.75132900545109,21.729122999999998,535734,200k-1M,0.022206005451092636
female,ES615,Huelva,2023,e0,84.33998580782841,84.339583,535734,200k-1M,4.0280782840795837e-4
female,ES615,Huelva,2023,e65,22.19363842323072,22.192922,535734,200k-1M,7.164232307204088e-4
female,ES615,Huelva,2024,e0,85.39449796543285,85.339617,535734,200k-1M,0.05488096543284371
female,ES615,Huelva,2024,e65,22.443343947965648,22.385501999999995,535734,200k-1M,0.05784194796565245
female,ES616,Jaen,2002,e0,82.55182647458187,82.591632,619055,200k-1M,-0.03980552541813154
female,ES616,Jaen,2002,e65,20.209857605704475,20.251333,619055,200k-1M,-0.04147539429552438
female,ES616,Jaen,2003,e0,81.98398299554519,82.01024300000002,619055,200k-1M,-0.026260004454826458
female,ES616,Jaen,2003,e65,19.920038324506887,19.946938999999997,619055,200k-1M,-0.026900675493109816
female,ES616,Jaen,2004,e0,82.53291389788225,82.57630099999999,619055,200k-1M,-0.04338710211773389
female,ES616,Jaen,2004,e65,20.20494695951587,20.250054000000002,619055,200k-1M,-0.045107040484133165
female,ES616,Jaen,2005,e0,82.73970499128787,82.768339,619055,200k-1M,-0.02863400871213173
female,ES616,Jaen,2005,e65,20.20636791229514,20.237189,619055,200k-1M,-0.030821087704861583
female,ES616,Jaen,2006,e0,83.36693557109751,83.44710400000002,619055,200k-1M,-0.08016842890251041
female,ES616,Jaen,2006,e65,20.502496550156593,20.586599999999997,619055,200k-1M,-0.08410344984340412
female,ES616,Jaen,2007,e0,82.80545491108938,82.89414300000001,619055,200k-1M,-0.0886880889106294
female,ES616,Jaen,2007,e65,20.23839372973062,20.333069000000002,619055,200k-1M,-0.09467527026938072
female,ES616,Jaen,2008,e0,83.03208923492447,82.995375,619055,200k-1M,0.036714234924474454
female,ES616,Jaen,2008,e65,20.64038928958908,20.599941,619055,200k-1M,0.04044828958907942
female,ES616,Jaen,2009,e0,83.64101709657827,83.644342,619055,200k-1M,-0.003324903421727754
female,ES616,Jaen,2009,e65,20.92160192961291,20.922655999999996,619055,200k-1M,-0.0010540703870880463
female,ES616,Jaen,2010,e0,84.42129404901908,84.41637,619055,200k-1M,0.004924049019081167
female,ES616,Jaen,2010,e65,21.74509295953174,21.739579,619055,200k-1M,0.005513959531739943
female,ES616,Jaen,2011,e0,83.9772611779597,83.962202,619055,200k-1M,0.015059177959699355
female,ES616,Jaen,2011,e65,21.476667995756713,21.458961000000002,619055,200k-1M,0.017706995756711308
female,ES616,Jaen,2012,e0,84.21332683548003,84.23637699999999,619055,200k-1M,-0.023050164519958116
female,ES616,Jaen,2012,e65,21.364359388508387,21.387534,619055,200k-1M,-0.02317461149161204
female,ES616,Jaen,2013,e0,84.44803812254278,84.46504,619055,200k-1M,-0.017001877457218484
female,ES616,Jaen,2013,e65,21.865222523760067,21.881086,619055,200k-1M,-0.01586347623993234
female,ES616,Jaen,2014,e0,84.74666317259587,84.737442,619055,200k-1M,0.009221172595871963
female,ES616,Jaen,2014,e65,22.10875128976249,22.099671,619055,200k-1M,0.009080289762490423
female,ES616,Jaen,2015,e0,84.26802921607526,84.30847499999999,619055,200k-1M,-0.04044578392472431
female,ES616,Jaen,2015,e65,21.536697886944232,21.578178,619055,200k-1M,-0.04148011305576915
female,ES616,Jaen,2016,e0,85.10058242746366,85.056583,619055,200k-1M,0.04399942746366037
female,ES616,Jaen,2016,e65,22.19035107802271,22.14246,619055,200k-1M,0.04789107802271175
female,ES616,Jaen,2017,e0,84.88415676880835,84.893422,619055,200k-1M,-0.009265231191648127
female,ES616,Jaen,2017,e65,22.11653750595009,22.127318000000002,619055,200k-1M,-0.010780494049910772
female,ES616,Jaen,2018,e0,84.65586497451666,84.669255,619055,200k-1M,-0.013390025483346335
female,ES616,Jaen,2018,e65,21.744849721834555,21.761682999999998,619055,200k-1M,-0.016833278165442778
female,ES616,Jaen,2019,e0,85.02273292580207,85.000833,619055,200k-1M,0.02189992580207445
female,ES616,Jaen,2019,e65,22.352502992298426,22.330874000000005,619055,200k-1M,0.021628992298420968
female,ES616,Jaen,2020,e0,84.1591728488916,84.188285,619055,200k-1M,-0.029112151108392936
female,ES616,Jaen,2020,e65,21.371628702973386,21.403056,619055,200k-1M,-0.03142729702661384
female,ES616,Jaen,2021,e0,84.56746261847444,84.583344,619055,200k-1M,-0.015881381525559846
female,ES616,Jaen,2021,e65,22.013574218788783,22.029315,619055,200k-1M,-0.01574078121121758
female,ES616,Jaen,2022,e0,84.39896788500016,84.442677,619055,200k-1M,-0.04370911499984231
female,ES616,Jaen,2022,e65,21.716164074168326,21.761108,619055,200k-1M,-0.04494392583167439
female,ES616,Jaen,2023,e0,85.30298591142285,85.319642,619055,200k-1M,-0.016656088577150285
female,ES616,Jaen,2023,e65,22.422693860777056,22.439252,619055,200k-1M,-0.016558139222944135
female,ES616,Jaen,2024,e0,85.39765756368772,85.395194,619055,200k-1M,0.002463563687712167
female,ES616,Jaen,2024,e65,22.898911018386414,22.896798999999998,619055,200k-1M,0.002112018386416281
female,ES617,Malaga,2002,e0,81.91916857090378,81.91699700000001,1774701,>1M,0.002171570903769293
female,ES617,Malaga,2002,e65,19.719832682968754,19.718035999999998,1774701,>1M,0.0017966829687559027
female,ES617,Malaga,2003,e0,81.50229260984592,81.53982400000001,1774701,>1M,-0.03753139015408635
female,ES617,Malaga,2003,e65,19.46767644455133,19.508162,1774701,>1M,-0.04048555544866872
female,ES617,Malaga,2004,e0,82.00180722038014,81.976543,1774701,>1M,0.025264220380137203
female,ES617,Malaga,2004,e65,19.786386064828267,19.758822,1774701,>1M,0.027564064828268897
female,ES617,Malaga,2005,e0,81.87154947455686,81.894647,1774701,>1M,-0.02309752544314847
female,ES617,Malaga,2005,e65,19.597903612296257,19.622211,1774701,>1M,-0.02430738770374319
female,ES617,Malaga,2006,e0,82.55448793664341,82.529668,1774701,>1M,0.024819936643410756
female,ES617,Malaga,2006,e65,20.257823530987842,20.230591999999998,1774701,>1M,0.027231530987844366
female,ES617,Malaga,2007,e0,82.5736934560459,82.56032400000001,1774701,>1M,0.013369456045893457
female,ES617,Malaga,2007,e65,20.353525733638776,20.338786,1774701,>1M,0.014739733638776897
female,ES617,Malaga,2008,e0,82.68382978308348,82.664816,1774701,>1M,0.019013783083480007
female,ES617,Malaga,2008,e65,20.333872873059995,20.312096,1774701,>1M,0.021776873059994983
female,ES617,Malaga,2009,e0,83.21218455753677,83.22234999999999,1774701,>1M,-0.01016544246321871
female,ES617,Malaga,2009,e65,20.885405256985333,20.897077000000003,1774701,>1M,-0.01167174301467
female,ES617,Malaga,2010,e0,83.714763912996645,83.681551,1774701,>1M,0.03321291299664608
female,ES617,Malaga,2010,e65,21.325118538242787,21.287933,1774701,>1M,0.03718553824278814
female,ES617,Malaga,2011,e0,83.93846323977733,83.91632600000001,1774701,>1M,0.022137239777322293
female,ES617,Malaga,2011,e65,21.352977073868306,21.327755000000003,1774701,>1M,0.025222073868302886
female,ES617,Malaga,2012,e0,83.89800831192078,83.892489,1774701,>1M,0.005519311920778591
female,ES617,Malaga,2012,e65,21.284569015079278,21.277597,1774701,>1M,0.006972015079277583
female,ES617,Malaga,2013,e0,84.30948534108022,84.20022200000001,1774701,>1M,0.10926334108020797
female,ES617,Malaga,2013,e65,21.800779577307214,21.682508999999996,1774701,>1M,0.1182705773072179
female,ES617,Malaga,2014,e0,84.0509141981523,83.995938,1774701,>1M,0.05497619815230337
female,ES617,Malaga,2014,e65,21.521093568039806,21.461795,1774701,>1M,0.059298568039807265
female,ES617,Malaga,2015,e0,84.23470616204379,84.21655300000002,1774701,>1M,0.01815316204377382
female,ES617,Malaga,2015,e65,21.48554710776488,21.465629999999994,1774701,>1M,0.01991710776488631
female,ES617,Malaga,2016,e0,84.59197357633731,84.55895699999999,1774701,>1M,0.03301657633731736
female,ES617,Malaga,2016,e65,21.84923255441196,21.812689,1774701,>1M,0.03654355441195989
female,ES617,Malaga,2017,e0,84.67439494035438,84.64104,1774701,>1M,0.033354940354371365
female,ES617,Malaga,2017,e65,21.93836641755122,21.902465999999997,1774701,>1M,0.035900417551221864
female,ES617,Malaga,2018,e0,84.4578322213004,84.37294399999999,1774701,>1M,0.08488822130040319
female,ES617,Malaga,2018,e65,21.746310109314933,21.654925000000006,1774701,>1M,0.0913851093149276
female,ES617,Malaga,2019,e0,84.98767187291358,84.92142900000002,1774701,>1M,0.06624287291356268
female,ES617,Malaga,2019,e65,22.356163939064075,22.285973,1774701,>1M,0.07019093906407647
female,ES617,Malaga,2020,e0,84.49984378659275,84.505899,1774701,>1M,-0.006055213407250903
female,ES617,Malaga,2020,e65,21.745778977986898,21.750742999999996,1774701,>1M,-0.004964022013098202
female,ES617,Malaga,2021,e0,84.25857274061691,84.24366900000003,1774701,>1M,0.014903740616887262
female,ES617,Malaga,2021,e65,21.68783822123145,21.671881000000006,1774701,>1M,0.015957221231442276
female,ES617,Malaga,2022,e0,84.60384187508069,84.62299099999998,1774701,>1M,-0.01914912491929499
female,ES617,Malaga,2022,e65,21.902644957098882,21.922852,1774701,>1M,-0.020207042901116523
female,ES617,Malaga,2023,e0,85.30689431838157,85.2585,1774701,>1M,0.04839431838156827
female,ES617,Malaga,2023,e65,22.508149494432033,22.456245,1774701,>1M,0.05190449443203349
female,ES617,Malaga,2024,e0,85.45634975556983,85.37951199999999,1774701,>1M,0.07683775556984074
female,ES617,Malaga,2024,e65,22.75653181024392,22.673702,1774701,>1M,0.082829810243922
female,ES618,Sevilla,2002,e0,81.72090199935923,81.734538,1968624,>1M,-0.01363600064077275
female,ES618,Sevilla,2002,e65,19.41986398446182,19.434062,1968624,>1M,-0.014198015538180897
female,ES618,Sevilla,2003,e0,81.28158862342552,81.34122900000003,1968624,>1M,-0.059640376574506604
female,ES618,Sevilla,2003,e65,19.11004274910575,19.173223,1968624,>1M,-0.0631802508942485
female,ES618,Sevilla,2004,e0,81.97863460544792,81.99559300000001,1968624,>1M,-0.01695839455209125
female,ES618,Sevilla,2004,e65,19.72165545980084,19.738929,1968624,>1M,-0.0172735401991595
female,ES618,Sevilla,2005,e0,82.20081477712766,82.21426800000002,1968624,>1M,-0.013453222872357173
female,ES618,Sevilla,2005,e65,19.599139374182787,19.614092000000003,1968624,>1M,-0.014952625817215903
female,ES618,Sevilla,2006,e0,82.4152478748237,82.45825900000001,1968624,>1M,-0.043011125176306564
female,ES618,Sevilla,2006,e65,20.29934847090119,20.34567,1968624,>1M,-0.046321529098808156
female,ES618,Sevilla,2007,e0,82.72988444419411,82.75724400000001,1968624,>1M,-0.027359555805901437
female,ES618,Sevilla,2007,e65,20.163851845088608,20.192795,1968624,>1M,-0.0289431549113921
female,ES618,Sevilla,2008,e0,82.68099207849897,82.735179,1968624,>1M,-0.054186921501027996
female,ES618,Sevilla,2008,e65,20.28429411412959,20.34103,1968624,>1M,-0.056735885870409675
female,ES618,Sevilla,2009,e0,83.14917968655158,83.112827,1968624,>1M,0.03635268655158086
female,ES618,Sevilla,2009,e65,20.74608250344207,20.706553,1968624,>1M,0.039529503442071956
female,ES618,Sevilla,2010,e0,83.44268386112141,83.46144100000001,1968624,>1M,-0.018757138878598312
female,ES618,Sevilla,2010,e65,20.983147211108307,21.001947,1968624,>1M,-0.018799788891694647
female,ES618,Sevilla,2011,e0,83.35495697174751,83.381325,1968624,>1M,-0.026368028252491627
female,ES618,Sevilla,2011,e65,21.085642844116688,21.111469000000003,1968624,>1M,-0.025826155883315494
female,ES618,Sevilla,2012,e0,83.73447628979268,83.729028,1968624,>1M,0.005448289792681749
female,ES618,Sevilla,2012,e65,21.085095834393044,21.079745,1968624,>1M,0.0053508343930452895
female,ES618,Sevilla,2013,e0,84.0572249562164,84.08139,1968624,>1M,-0.024165043783597184
female,ES618,Sevilla,2013,e65,21.33739123670913,21.363376,1968624,>1M,-0.025984763290868074
female,ES618,Sevilla,2014,e0,84.25893402091457,84.266501,1968624,>1M,-0.0075669790854391294
female,ES618,Sevilla,2014,e65,21.599616551074064,21.607498000000003,1968624,>1M,-0.007881448925939338
female,ES618,Sevilla,2015,e0,83.80639699525669,83.85343999999999,1968624,>1M,-0.04704300474330125
female,ES618,Sevilla,2015,e65,21.1621844523133,21.211063000000003,1968624,>1M,-0.04887854768670152
female,ES618,Sevilla,2016,e0,84.39513165629299,84.40390300000001,1968624,>1M,-0.008771343707024926
female,ES618,Sevilla,2016,e65,21.594651309005723,21.602896,1968624,>1M,-0.008244690994278159
female,ES618,Sevilla,2017,e0,84.06667777948181,84.08006,1968624,>1M,-0.013382220518195709
female,ES618,Sevilla,2017,e65,21.43721393865882,21.450178,1968624,>1M,-0.012964061341179445
female,ES618,Sevilla,2018,e0,84.57062622804008,84.55733099999999,1968624,>1M,0.013295228040092866
female,ES618,Sevilla,2018,e65,21.863889817603763,21.849191,1968624,>1M,0.014698817603761682
female,ES618,Sevilla,2019,e0,84.81912119282461,84.78383199999999,1968624,>1M,0.03528919282462084
female,ES618,Sevilla,2019,e65,22.03789052610059,22.000268000000002,1968624,>1M,0.037622526100587805
female,ES618,Sevilla,2020,e0,84.28810686025787,84.29915600000001,1968624,>1M,-0.011049139742141278
female,ES618,Sevilla,2020,e65,21.551967254694745,21.562400999999998,1968624,>1M,-0.010433745305252984
female,ES618,Sevilla,2021,e0,84.34170812079904,84.36147,1968624,>1M,-0.0197618792009564
female,ES618,Sevilla,2021,e65,21.50507439429716,21.525063,1968624,>1M,-0.01998860570283867
female,ES618,Sevilla,2022,e0,84.39526674420583,84.421435,1968624,>1M,-0.026168255794175366
female,ES618,Sevilla,2022,e65,21.709227672321127,21.736478,1968624,>1M,-0.027250327678874697
female,ES618,Sevilla,2023,e0,85.17270699804128,85.160676,1968624,>1M,0.012030998041282714
female,ES618,Sevilla,2023,e65,22.228620291154282,22.214872000000003,1968624,>1M,0.013748291154279002
female,ES618,Sevilla,2024,e0,85.37905013069381,85.348444,1968624,>1M,0.030606130693811906
female,ES618,Sevilla,2024,e65,22.451061543301947,22.417787,1968624,>1M,0.033274543301946125
female,ES620,Murcia,2002,e0,82.01148156561607,82.035941,1568492,>1M,-0.02445943438392817
female,ES620,Murcia,2002,e65,19.981483435986085,20.006548,1568492,>1M,-0.025064564013913326
female,ES620,Murcia,2003,e0,81.99448075205581,82.046446,1568492,>1M,-0.05196524794419588
female,ES620,Murcia,2003,e65,19.88581028438917,19.94088,1568492,>1M,-0.05506971561083063
female,ES620,Murcia,2004,e0,82.54730062859942,82.622209,1568492,>1M,-0.07490837140058204
female,ES620,Murcia,2004,e65,20.31793690460954,20.397805000000005,1568492,>1M,-0.07986809539046646
female,ES620,Murcia,2005,e0,82.85605988480877,82.894333,1568492,>1M,-0.038273115191231
female,ES620,Murcia,2005,e65,20.255932434455495,20.295657,1568492,>1M,-0.03972456554450332
female,ES620,Murcia,2006,e0,83.2987825805543,83.340275,1568492,>1M,-0.04149241944570292
female,ES620,Murcia,2006,e65,20.62844404811279,20.671528000000002,1568492,>1M,-0.043083951887211924
female,ES620,Murcia,2007,e0,83.38299535897356,83.405905,1568492,>1M,-0.02290964102644466
female,ES620,Murcia,2007,e65,20.801027647862572,20.82506,1568492,>1M,-0.024032352137428603
female,ES620,Murcia,2008,e0,82.9863780155555,83.04548799999999,1568492,>1M,-0.05910998444448978
female,ES620,Murcia,2008,e65,20.610789391122974,20.674315000000004,1568492,>1M,-0.06352560887702907
female,ES620,Murcia,2009,e0,83.59581379042254,83.583351,1568492,>1M,0.012462790422546277
female,ES620,Murcia,2009,e65,20.97648424672085,20.961419999999997,1568492,>1M,0.015064246720854158
female,ES620,Murcia,2010,e0,84.23458824675681,84.29782100000001,1568492,>1M,-0.06323275324319866
female,ES620,Murcia,2010,e65,21.497887969907136,21.565636999999995,1568492,>1M,-0.06774903009285893
female,ES620,Murcia,2011,e0,84.40170849474741,84.44369300000002,1568492,>1M,-0.04198450525261421
female,ES620,Murcia,2011,e65,21.633085499252207,21.677707,1568492,>1M,-0.044621500747794585
female,ES620,Murcia,2012,e0,84.59300345389126,84.600043,1568492,>1M,-0.007039546108742911
female,ES620,Murcia,2012,e65,21.673278475770726,21.681001000000002,1568492,>1M,-0.0077225242292762175
female,ES620,Murcia,2013,e0,84.76542589669221,84.772325,1568492,>1M,-0.006899103307787868
female,ES620,Murcia,2013,e65,22.063837007743086,22.070625999999997,1568492,>1M,-0.006788992256911541
female,ES620,Murcia,2014,e0,84.86925723679984,84.88098799999999,1568492,>1M,-0.01173076320014843
female,ES620,Murcia,2014,e65,22.183732995798497,22.195374,1568492,>1M,-0.011641004201504046
female,ES620,Murcia,2015,e0,84.66852439805199,84.69247899999999,1568492,>1M,-0.023954601948005916
female,ES620,Murcia,2015,e65,21.694753018788628,21.719844000000002,1568492,>1M,-0.025090981211373986
female,ES620,Murcia,2016,e0,84.83437440318612,84.87049999999999,1568492,>1M,-0.03612559681387495
female,ES620,Murcia,2016,e65,22.32263573217147,22.359915000000004,1568492,>1M,-0.0372792678285343
female,ES620,Murcia,2017,e0,85.00125974248672,85.038237,1568492,>1M,-0.03697725751327141
female,ES620,Murcia,2017,e65,22.09851114562369,22.137322,1568492,>1M,-0.03881085437631171
female,ES620,Murcia,2018,e0,85.19563674408732,85.17510999999999,1568492,>1M,0.020526744087334237
female,ES620,Murcia,2018,e65,22.337074669565798,22.314338000000003,1568492,>1M,0.022736669565794898
female,ES620,Murcia,2019,e0,85.14011095526638,85.170925,1568492,>1M,-0.030814044733617152
female,ES620,Murcia,2019,e65,22.382629982480204,22.416085000000002,1568492,>1M,-0.03345501751979896
female,ES620,Murcia,2020,e0,85.03041069556227,85.019036,1568492,>1M,0.011374695562267334
female,ES620,Murcia,2020,e65,22.183006665649447,22.169808000000003,1568492,>1M,0.013198665649444052
female,ES620,Murcia,2021,e0,84.85068692225447,84.853006,1568492,>1M,-0.002319077745525533
female,ES620,Murcia,2021,e65,22.093636241857567,22.095298,1568492,>1M,-0.0016617581424327454
female,ES620,Murcia,2022,e0,84.82193270611626,84.854399,1568492,>1M,-0.03246629388374345
female,ES620,Murcia,2022,e65,21.94218063864933,21.977121,1568492,>1M,-0.03494036135067091
female,ES620,Murcia,2023,e0,85.27016431223126,85.27829799999999,1568492,>1M,-0.008133687768733466
female,ES620,Murcia,2023,e65,22.42625342765943,22.434896000000002,1568492,>1M,-0.008642572340573196
female,ES620,Murcia,2024,e0,85.91638731123608,85.867545,1568492,>1M,0.04884231123607208
female,ES620,Murcia,2024,e65,22.992152614754094,22.941195,1568492,>1M,0.05095761475409333
female,ES630,Ceuta,2002,e0,80.38355152971667,80.37937699999998,83179,<200k,0.004174529716692632
female,ES630,Ceuta,2002,e65,18.4626205027959,18.458959,83179,<200k,0.0036615027959001623
female,ES630,Ceuta,2003,e0,80.41944361530878,80.599992,83179,<200k,-0.18054838469122103
female,ES630,Ceuta,2003,e65,18.661954896411284,18.868768,83179,<200k,-0.20681310358871485
female,ES630,Ceuta,2004,e0,81.16628318511589,81.245052,83179,<200k,-0.07876881488411414
female,ES630,Ceuta,2004,e65,19.34766850442819,19.44089,83179,<200k,-0.09322149557181092
female,ES630,Ceuta,2005,e0,80.51848698317386,80.43109100000001,83179,<200k,0.08739598317384889
female,ES630,Ceuta,2005,e65,18.49675977094284,18.398773,83179,<200k,0.09798677094284258
female,ES630,Ceuta,2006,e0,81.0900214496563,81.23164900000002,83179,<200k,-0.14162755034371344
female,ES630,Ceuta,2006,e65,19.6282607005573,19.780476999999998,83179,<200k,-0.1522162994426992
female,ES630,Ceuta,2007,e0,80.52595207945323,80.60885199999998,83179,<200k,-0.0828999205467511
female,ES630,Ceuta,2007,e65,18.78983896596243,18.870922,83179,<200k,-0.08108303403756878
female,ES630,Ceuta,2008,e0,81.14474755797917,81.074027,83179,<200k,0.07072055797917187
female,ES630,Ceuta,2008,e65,19.10508562566921,19.026752,83179,<200k,0.07833362566921309
female,ES630,Ceuta,2009,e0,80.74958067181711,80.68466000000001,83179,<200k,0.06492067181710581
female,ES630,Ceuta,2009,e65,19.28297299288048,19.209708,83179,<200k,0.07326499288048183
female,ES630,Ceuta,2010,e0,81.42531290110317,81.44093400000001,83179,<200k,-0.015621098896843932
female,ES630,Ceuta,2010,e65,20.011740194385666,20.030435,83179,<200k,-0.018694805614334342
female,ES630,Ceuta,2011,e0,82.20839968462518,82.308206,83179,<200k,-0.09980631537482054
female,ES630,Ceuta,2011,e65,20.023024547252565,20.132337,83179,<200k,-0.10931245274743517
female,ES630,Ceuta,2012,e0,82.28338699287015,81.828167,83179,<200k,0.45521999287015547
female,ES630,Ceuta,2012,e65,19.551881190563787,19.062769999999997,83179,<200k,0.48911119056378993
female,ES630,Ceuta,2013,e0,81.59348683669246,81.263761,83179,<200k,0.3297258366924609
female,ES630,Ceuta,2013,e65,20.58763758949669,20.21923,83179,<200k,0.36840758949669095
female,ES630,Ceuta,2014,e0,83.52796643001943,83.32318699999999,83179,<200k,0.20477943001944254
female,ES630,Ceuta,2014,e65,21.139787774042667,20.917578000000002,83179,<200k,0.22220977404266407
female,ES630,Ceuta,2015,e0,83.97041402036734,83.54490100000001,83179,<200k,0.4255130203673332
female,ES630,Ceuta,2015,e65,21.439218185823844,20.985568999999995,83179,<200k,0.45364918582384917
female,ES630,Ceuta,2016,e0,83.81832520358716,83.73092500000001,83179,<200k,0.08740020358715128
female,ES630,Ceuta,2016,e65,20.86485023787573,20.771065000000004,83179,<200k,0.0937852378757249
female,ES630,Ceuta,2017,e0,82.53105677688355,82.023966,83179,<200k,0.507090776883544
female,ES630,Ceuta,2017,e65,20.556778393007953,19.99917,83179,<200k,0.5576083930079534
female,ES630,Ceuta,2018,e0,82.67074692337648,82.266468,83179,<200k,0.40427892337648075
female,ES630,Ceuta,2018,e65,20.82236290686736,20.380077,83179,<200k,0.4422859068673617
female,ES630,Ceuta,2019,e0,82.98264492496942,82.57318799999999,83179,<200k,0.4094569249694331
female,ES630,Ceuta,2019,e65,20.441729320382297,19.999258,83179,<200k,0.4424713203822961
female,ES630,Ceuta,2020,e0,81.39837826162285,81.147361,83179,<200k,0.25101726162284876
female,ES630,Ceuta,2020,e65,18.843667125709597,18.570608999999997,83179,<200k,0.27305812570959986
female,ES630,Ceuta,2021,e0,81.29411171491165,81.117542,83179,<200k,0.17656971491165052
female,ES630,Ceuta,2021,e65,19.133998991096707,18.947052,83179,<200k,0.18694699109670765
female,ES630,Ceuta,2022,e0,81.78094545155237,81.44664700000001,83179,<200k,0.3342984515523568
female,ES630,Ceuta,2022,e65,19.931460996367363,19.554136,83179,<200k,0.3773249963673635
female,ES630,Ceuta,2023,e0,83.51545164862398,83.42969500000001,83179,<200k,0.08575664862397048
female,ES630,Ceuta,2023,e65,21.11369863957882,21.01565,83179,<200k,0.09804863957882048
female,ES630,Ceuta,2024,e0,83.72451237507562,83.510931,83179,<200k,0.21358137507561992
female,ES630,Ceuta,2024,e65,21.12902770453328,20.902805,83179,<200k,0.22622270453327786
female,ES640,Melilla,2002,e0,80.53999994900185,80.551773,85985,<200k,-0.011773050998144186
female,ES640,Melilla,2002,e65,18.421859460319784,18.439435999999997,85985,<200k,-0.017576539680213443
female,ES640,Melilla,2003,e0,79.7697538470985,79.75022100000001,85985,<200k,0.019532847098489015
female,ES640,Melilla,2003,e65,18.975637810100928,18.956531,85985,<200k,0.019106810100929295
female,ES640,Melilla,2004,e0,80.07497825989529,80.17390699999999,85985,<200k,-0.09892874010469654
female,ES640,Melilla,2004,e65,18.000120431279594,18.100725999999998,85985,<200k,-0.10060556872040394
female,ES640,Melilla,2005,e0,80.91478048591635,80.804288,85985,<200k,0.11049248591635319
female,ES640,Melilla,2005,e65,19.28992405080359,19.166075000000003,85985,<200k,0.12384905080358877
female,ES640,Melilla,2006,e0,80.867148841328,80.867876999999993,85985,<200k,-7.281586719898314e-4
female,ES640,Melilla,2006,e65,18.975390529005466,18.980439999999994,85985,<200k,-0.005049470994528349
female,ES640,Melilla,2007,e0,81.1991463211962,80.896054,85985,<200k,0.3030923211961891
female,ES640,Melilla,2007,e65,19.542741655541285,19.197789,85985,<200k,0.3449526555412845
female,ES640,Melilla,2008,e0,82.36622135044934,81.79313900000001,85985,<200k,0.5730823504493259
female,ES640,Melilla,2008,e65,20.68709390225005,20.054867000000005,85985,<200k,0.6322269022500464
female,ES640,Melilla,2009,e0,83.5402018122872,82.897551000000007,85985,<200k,0.6426508122871866
female,ES640,Melilla,2009,e65,21.145978444008104,20.460272999999997,85985,<200k,0.6857054440081072
female,ES640,Melilla,2010,e0,83.94513449352854,83.67016199999999,85985,<200k,0.27497249352855135
female,ES640,Melilla,2010,e65,21.071276606685025,20.770969,85985,<200k,0.3003076066850241
female,ES640,Melilla,2011,e0,82.99441389938197,83.06586999999999,85985,<200k,-0.07145610061802188
female,ES640,Melilla,2011,e65,19.95207783839781,20.025811,85985,<200k,-0.0737331616021919
female,ES640,Melilla,2012,e0,82.61903968346226,82.59114400000001,85985,<200k,0.02789568346224769
female,ES640,Melilla,2012,e65,20.49490466103952,20.466369999999998,85985,<200k,0.02853466103952229
female,ES640,Melilla,2013,e0,82.46917003794732,82.12524199999999,85985,<200k,0.34392803794733595
female,ES640,Melilla,2013,e65,20.802891455071883,20.431452,85985,<200k,0.3714394550718829
female,ES640,Melilla,2014,e0,82.82785501680354,82.40965800000001,85985,<200k,0.41819701680353205
female,ES640,Melilla,2014,e65,20.82317565804622,20.373871000000005,85985,<200k,0.44930465804621633
female,ES640,Melilla,2015,e0,81.38579363762511,81.47216900000001,85985,<200k,-0.08637536237489485
female,ES640,Melilla,2015,e65,20.095876267929626,20.201013,85985,<200k,-0.105136732070374
female,ES640,Melilla,2016,e0,82.40265189282596,82.087697,85985,<200k,0.314954892825952
female,ES640,Melilla,2016,e65,20.88328273588108,20.543196,85985,<200k,0.3400867358810835
female,ES640,Melilla,2017,e0,82.93495201926164,82.71631400000001,85985,<200k,0.21863801926163262
female,ES640,Melilla,2017,e65,20.375082704759176,20.137197000000004,85985,<200k,0.23788570475917226
female,ES640,Melilla,2018,e0,82.32266254921842,82.08007199999999,85985,<200k,0.24259054921843415
female,ES640,Melilla,2018,e65,20.506780805220192,20.236264000000002,85985,<200k,0.27051680522018984
female,ES640,Melilla,2019,e0,83.49435922175547,83.14032999999999,85985,<200k,0.3540292217554821
female,ES640,Melilla,2019,e65,21.737847802039774,21.34114,85985,<200k,0.3967078020397743
female,ES640,Melilla,2020,e0,80.6614126361004,80.45875699999999,85985,<200k,0.2026556361004026
female,ES640,Melilla,2020,e65,19.28397123873016,19.050515,85985,<200k,0.23345623873015953
female,ES640,Melilla,2021,e0,82.24734690146123,82.27377999999999,85985,<200k,-0.02643309853876019
female,ES640,Melilla,2021,e65,19.702855136088132,19.735501999999997,85985,<200k,-0.03264686391186444
female,ES640,Melilla,2022,e0,83.6276426637504,83.842272,85985,<200k,-0.214629336249601
female,ES640,Melilla,2022,e65,21.24475806487198,21.470015,85985,<200k,-0.22525693512801936
female,ES640,Melilla,2023,e0,83.29981575942081,83.45124600000001,85985,<200k,-0.1514302405792023
female,ES640,Melilla,2023,e65,21.304184285699268,21.468583999999996,85985,<200k,-0.1643997143007283
female,ES640,Melilla,2024,e0,85.82125837011588,85.202544,85985,<200k,0.6187143701158817
female,ES640,Melilla,2024,e65,22.711478011600384,22.05441,85985,<200k,0.6570680116003835
female,ES705,"Palmas, Las",2002,e0,81.40353392923214,81.37678799999998,1159890,>1M,0.026745929232163235
female,ES705,"Palmas, Las",2002,e65,19.772063932524937,19.739231999999998,1159890,>1M,0.03283193252493888
female,ES705,"Palmas, Las",2003,e0,81.74720081198488,81.77568799999999,1159890,>1M,-0.028487188015105858
female,ES705,"Palmas, Las",2003,e65,19.901862691761924,19.930979,1159890,>1M,-0.029116308238076982
female,ES705,"Palmas, Las",2004,e0,81.84703221378376,81.815696,1159890,>1M,0.03133621378376006
female,ES705,"Palmas, Las",2004,e65,20.153368958559575,20.117453000000005,1159890,>1M,0.03591595855957053
female,ES705,"Palmas, Las",2005,e0,82.18183249170556,82.146879,1159890,>1M,0.03495349170556494
female,ES705,"Palmas, Las",2005,e65,20.16650392722612,20.123869000000003,1159890,>1M,0.042634927226117725
female,ES705,"Palmas, Las",2006,e0,82.6478740721012,82.675523,1159890,>1M,-0.02764892789879525
female,ES705,"Palmas, Las",2006,e65,20.424840545652856,20.454869000000002,1159890,>1M,-0.030028454347146294
female,ES705,"Palmas, Las",2007,e0,83.12706823005016,83.119576,1159890,>1M,0.007492230050161197
female,ES705,"Palmas, Las",2007,e65,20.71568398552757,20.705790999999998,1159890,>1M,0.00989298552757134
female,ES705,"Palmas, Las",2008,e0,82.50754574184839,82.500843,1159890,>1M,0.00670274184838604
female,ES705,"Palmas, Las",2008,e65,20.580949476781512,20.573241999999997,1159890,>1M,0.00770747678151551
female,ES705,"Palmas, Las",2009,e0,83.89459858783046,83.85858099999999,1159890,>1M,0.0360175878304716
female,ES705,"Palmas, Las",2009,e65,21.373509770311365,21.33372,1159890,>1M,0.03978977031136566
female,ES705,"Palmas, Las",2010,e0,84.28237970720457,84.232179,1159890,>1M,0.05020070720456715
female,ES705,"Palmas, Las",2010,e65,21.560633524933,21.506131,1159890,>1M,0.05450252493299956
female,ES705,"Palmas, Las",2011,e0,84.18258898134155,84.130561,1159890,>1M,0.05202798134155273
female,ES705,"Palmas, Las",2011,e65,21.728847055164525,21.671438000000002,1159890,>1M,0.05740905516452344
female,ES705,"Palmas, Las",2012,e0,84.03575222799331,83.93287699999999,1159890,>1M,0.10287522799332294
female,ES705,"Palmas, Las",2012,e65,21.564675745125363,21.453264,1159890,>1M,0.11141174512536267
female,ES705,"Palmas, Las",2013,e0,84.4274679389269,84.32523099999999,1159890,>1M,0.10223693892690733
female,ES705,"Palmas, Las",2013,e65,21.86379448159546,21.752765999999998,1159890,>1M,0.11102848159546141
female,ES705,"Palmas, Las",2014,e0,84.30768040882184,84.17369199999999,1159890,>1M,0.1339884088218497
female,ES705,"Palmas, Las",2014,e65,21.746416323235053,21.601378000000004,1159890,>1M,0.14503832323504895
female,ES705,"Palmas, Las",2015,e0,83.93976028931816,83.91211100000001,1159890,>1M,0.027649289318148362
female,ES705,"Palmas, Las",2015,e65,21.68767900150962,21.656245000000002,1159890,>1M,0.031434001509616394
female,ES705,"Palmas, Las",2016,e0,84.3990472627138,84.317987,1159890,>1M,0.08106026271379108
female,ES705,"Palmas, Las",2016,e65,22.059189759862743,21.970345,1159890,>1M,0.08884475986274509
female,ES705,"Palmas, Las",2017,e0,84.46761420808865,84.336121,1159890,>1M,0.13149320808864218
female,ES705,"Palmas, Las",2017,e65,22.10088568529358,21.957861000000005,1159890,>1M,0.14302468529357526
female,ES705,"Palmas, Las",2018,e0,84.45180003896492,84.42857199999999,1159890,>1M,0.02322803896493042
female,ES705,"Palmas, Las",2018,e65,21.941943476801974,21.915238999999996,1159890,>1M,0.02670447680197796
female,ES705,"Palmas, Las",2019,e0,84.96937263721084,84.91852800000001,1159890,>1M,0.050844637210829546
female,ES705,"Palmas, Las",2019,e65,22.27324671369832,22.217736,1159890,>1M,0.05551071369832172
female,ES705,"Palmas, Las",2020,e0,84.61289058624816,84.53280099999999,1159890,>1M,0.08008958624816387
female,ES705,"Palmas, Las",2020,e65,22.031129529453267,21.944119999999998,1159890,>1M,0.0870095294532689
female,ES705,"Palmas, Las",2021,e0,84.49175899560097,84.500802,1159890,>1M,-0.009043004399018173
female,ES705,"Palmas, Las",2021,e65,22.185538942593904,22.19581,1159890,>1M,-0.010271057406097128
female,ES705,"Palmas, Las",2022,e0,83.94718409611549,83.975533,1159890,>1M,-0.02834890388450617
female,ES705,"Palmas, Las",2022,e65,21.563045608215297,21.593598,1159890,>1M,-0.030552391784702593
female,ES705,"Palmas, Las",2023,e0,84.71491127988158,84.692298,1159890,>1M,0.02261327988158257
female,ES705,"Palmas, Las",2023,e65,21.975328204172612,21.948387999999998,1159890,>1M,0.026940204172614557
female,ES705,"Palmas, Las",2024,e0,85.1237036785659,85.009915,1159890,>1M,0.11378867856589636
female,ES705,"Palmas, Las",2024,e65,22.620424106537506,22.497351000000002,1159890,>1M,0.12307310653750392
female,ES709,Santa Cruz de Tenerife,2002,e0,82.63530179840625,82.620684,1078864,>1M,0.014617798406248994
female,ES709,Santa Cruz de Tenerife,2002,e65,20.40135906707707,20.384629999999998,1078864,>1M,0.016729067077072557
female,ES709,Santa Cruz de Tenerife,2003,e0,82.20393757796958,82.236987,1078864,>1M,-0.033049422030416054
female,ES709,Santa Cruz de Tenerife,2003,e65,20.50244276956464,20.538153,1078864,>1M,-0.03571023043535959
female,ES709,Santa Cruz de Tenerife,2004,e0,81.99891826950798,82.01217199999999,1078864,>1M,-0.013253730492010618
female,ES709,Santa Cruz de Tenerife,2004,e65,20.350704971692007,20.364973000000003,1078864,>1M,-0.01426802830799545
female,ES709,Santa Cruz de Tenerife,2005,e0,82.52631961176617,82.46755400000002,1078864,>1M,0.05876561176614814
female,ES709,Santa Cruz de Tenerife,2005,e65,20.487538605568442,20.421431999999996,1078864,>1M,0.0661066055684465
female,ES709,Santa Cruz de Tenerife,2006,e0,83.16017059761371,83.11978799999999,1078864,>1M,0.04038259761372842
female,ES709,Santa Cruz de Tenerife,2006,e65,21.00571631864062,20.963200999999998,1078864,>1M,0.0425153186406213
female,ES709,Santa Cruz de Tenerife,2007,e0,82.87868382168652,82.847497,1078864,>1M,0.031186821686517874
female,ES709,Santa Cruz de Tenerife,2007,e65,20.97709085778599,20.941802,1078864,>1M,0.035288857785989336
female,ES709,Santa Cruz de Tenerife,2008,e0,83.31047318766633,83.29390000000001,1078864,>1M,0.01657318766632443
female,ES709,Santa Cruz de Tenerife,2008,e65,21.341554544410776,21.323019,1078864,>1M,0.01853554441077776
female,ES709,Santa Cruz de Tenerife,2009,e0,83.39829154567039,83.327587,1078864,>1M,0.07070454567039519
female,ES709,Santa Cruz de Tenerife,2009,e65,21.247738728637433,21.169748999999996,1078864,>1M,0.07798972863743714
female,ES709,Santa Cruz de Tenerife,2010,e0,84.49456218917662,84.36706300000002,1078864,>1M,0.12749918917660352
female,ES709,Santa Cruz de Tenerife,2010,e65,22.220418917616996,22.082852,1078864,>1M,0.13756691761699713
female,ES709,Santa Cruz de Tenerife,2011,e0,84.37431587284927,84.318175,1078864,>1M,0.056140872849269385
female,ES709,Santa Cruz de Tenerife,2011,e65,21.99965762362242,21.938634999999998,1078864,>1M,0.061022623622420724
female,ES709,Santa Cruz de Tenerife,2012,e0,84.33087196214659,84.186544,1078864,>1M,0.1443279621465905
female,ES709,Santa Cruz de Tenerife,2012,e65,21.859774054401733,21.703521,1078864,>1M,0.1562530544017342
female,ES709,Santa Cruz de Tenerife,2013,e0,84.7639830922197,84.62738799999998,1078864,>1M,0.13659509221972144
female,ES709,Santa Cruz de Tenerife,2013,e65,22.38841530382848,22.240235999999996,1078864,>1M,0.14817930382848488
female,ES709,Santa Cruz de Tenerife,2014,e0,84.79856366330752,84.716732,1078864,>1M,0.08183166330752556
female,ES709,Santa Cruz de Tenerife,2014,e65,22.397518997291517,22.310345,1078864,>1M,0.08717399729151509
female,ES709,Santa Cruz de Tenerife,2015,e0,84.24446609452376,84.199058,1078864,>1M,0.04540809452376493
female,ES709,Santa Cruz de Tenerife,2015,e65,21.899847368212914,21.849571,1078864,>1M,0.050276368212912814
female,ES709,Santa Cruz de Tenerife,2016,e0,84.97082875493685,84.90412800000001,1078864,>1M,0.06670075493683214
female,ES709,Santa Cruz de Tenerife,2016,e65,22.40958742400621,22.338085000000003,1078864,>1M,0.07150242400620854
female,ES709,Santa Cruz de Tenerife,2017,e0,84.9385503284408,84.867287,1078864,>1M,0.07126332844079286
female,ES709,Santa Cruz de Tenerife,2017,e65,22.395088744786946,22.317940000000004,1078864,>1M,0.07714874478694256
female,ES709,Santa Cruz de Tenerife,2018,e0,84.47863230205637,84.40102700000001,1078864,>1M,0.07760530205635519
female,ES709,Santa Cruz de Tenerife,2018,e65,22.061072534949968,21.976156,1078864,>1M,0.08491653494996854
female,ES709,Santa Cruz de Tenerife,2019,e0,85.15286076515004,85.077557,1078864,>1M,0.07530376515003923
female,ES709,Santa Cruz de Tenerife,2019,e65,22.70929245529345,22.627136,1078864,>1M,0.08215645529345039
female,ES709,Santa Cruz de Tenerife,2020,e0,85.11550903847288,85.04830799999999,1078864,>1M,0.06720103847288783
female,ES709,Santa Cruz de Tenerife,2020,e65,22.606725439080062,22.534144,1078864,>1M,0.07258143908006076
female,ES709,Santa Cruz de Tenerife,2021,e0,85.08487433767023,84.99514,1078864,>1M,0.08973433767022243
female,ES709,Santa Cruz de Tenerife,2021,e65,22.582153198022205,22.483433999999995,1078864,>1M,0.0987191980222093
female,ES709,Santa Cruz de Tenerife,2022,e0,84.66244873517063,84.621605,1078864,>1M,0.04084373517062545
female,ES709,Santa Cruz de Tenerife,2022,e65,22.042060374513056,21.997328999999997,1078864,>1M,0.04473137451305931
female,ES709,Santa Cruz de Tenerife,2023,e0,85.37800380703094,85.26255400000001,1078864,>1M,0.11544980703092733
female,ES709,Santa Cruz de Tenerife,2023,e65,22.543134819773158,22.418235,1078864,>1M,0.12489981977315878
female,ES709,Santa Cruz de Tenerife,2024,e0,85.07887178282131,84.942472,1078864,>1M,0.13639978282131437
female,ES709,Santa Cruz de Tenerife,2024,e65,22.76599491536776,22.618350000000003,1078864,>1M,0.14764491536775637
male,ES111,A Coruna,2002,e0,76.3379927499676,76.355043,1128449,>1M,-0.017050250032397685
male,ES111,A Coruna,2002,e65,17.248529385364677,17.268129999999996,1128449,>1M,-0.019600614635319147
male,ES111,A Coruna,2003,e0,75.99491170993072,76.02587399999999,1128449,>1M,-0.03096229006926876
male,ES111,A Coruna,2003,e65,16.962881163094586,16.996147999999998,1128449,>1M,-0.03326683690541188
male,ES111,A Coruna,2004,e0,76.66318211763272,76.711188,1128449,>1M,-0.048005882367291974
male,ES111,A Coruna,2004,e65,17.21203434315993,17.265330999999996,1128449,>1M,-0.05329665684006457
male,ES111,A Coruna,2005,e0,76.46065319071424,76.50520300000001,1128449,>1M,-0.044549809285769015
male,ES111,A Coruna,2005,e65,17.379310751998894,17.429966,1128449,>1M,-0.050655248001106656
male,ES111,A Coruna,2006,e0,77.05795661544843,77.093636,1128449,>1M,-0.03567938455157105
male,ES111,A Coruna,2006,e65,17.822528220573115,17.862886,1128449,>1M,-0.04035777942688412
male,ES111,A Coruna,2007,e0,76.92882521362277,76.95152400000002,1128449,>1M,-0.02269878637724787
male,ES111,A Coruna,2007,e65,17.638405038482297,17.661044,1128449,>1M,-0.022638961517703393
male,ES111,A Coruna,2008,e0,77.52959512405602,77.533902,1128449,>1M,-0.004306875943981936
male,ES111,A Coruna,2008,e65,18.004226605610086,18.005247999999998,1128449,>1M,-0.0010213943899124445
male,ES111,A Coruna,2009,e0,77.84618250157665,77.851033,1128449,>1M,-0.004850498423351723
male,ES111,A Coruna,2009,e65,18.007676033943277,18.010704,1128449,>1M,-0.003027966056723841
male,ES111,A Coruna,2010,e0,78.38132151116314,78.395695,1128449,>1M,-0.014373488836866954
male,ES111,A Coruna,2010,e65,18.504124261525867,18.515865000000005,1128449,>1M,-0.011740738474138368
male,ES111,A Coruna,2011,e0,78.65509061518144,78.66419900000001,1128449,>1M,-0.009108384818574677
male,ES111,A Coruna,2011,e65,18.532065944543966,18.540957000000002,1128449,>1M,-0.008891055456036412
male,ES111,A Coruna,2012,e0,79.0175971396635,79.03752000000001,1128449,>1M,-0.019922860336521353
male,ES111,A Coruna,2012,e65,18.7161125250916,18.734818000000004,1128449,>1M,-0.018705474908404796
male,ES111,A Coruna,2013,e0,79.35917277028963,79.37991799999999,1128449,>1M,-0.020745229710357194
male,ES111,A Coruna,2013,e65,18.677541693458664,18.697564000000003,1128449,>1M,-0.020022306541338963
male,ES111,A Coruna,2014,e0,79.4083897758725,79.42435300000001,1128449,>1M,-0.015963224127517606
male,ES111,A Coruna,2014,e65,19.00067709835998,19.018579,1128449,>1M,-0.017901901640019702
male,ES111,A Coruna,2015,e0,79.25904617128207,79.246797,1128449,>1M,0.012249171282064708
male,ES111,A Coruna,2015,e65,18.59879046017423,18.580681999999996,1128449,>1M,0.018108460174232732
male,ES111,A Coruna,2016,e0,79.16456389532296,79.17272399999999,1128449,>1M,-0.008160104677031654
male,ES111,A Coruna,2016,e65,18.77669590721746,18.781271,1128449,>1M,-0.004575092782541645
male,ES111,A Coruna,2017,e0,79.95673724163092,79.95662200000001,1128449,>1M,1.1524163090825823e-4
male,ES111,A Coruna,2017,e65,19.163979208261964,19.1604,1128449,>1M,0.0035792082619643395
male,ES111,A Coruna,2018,e0,79.71896897592393,79.73878099999999,1128449,>1M,-0.019812024076060197
male,ES111,A Coruna,2018,e65,18.83868010246441,18.859767,1128449,>1M,-0.021086897535592897
male,ES111,A Coruna,2019,e0,80.5409378854787,80.511738,1128449,>1M,0.02919988547870389
male,ES111,A Coruna,2019,e65,19.52895919175554,19.493268999999998,1128449,>1M,0.03569019175554189
male,ES111,A Coruna,2020,e0,80.49188848099996,80.481316,1128449,>1M,0.010572480999954337
male,ES111,A Coruna,2020,e65,19.33753933555913,19.32335,1128449,>1M,0.014189335559127159
male,ES111,A Coruna,2021,e0,80.29662285064549,80.276551,1128449,>1M,0.020071850645493328
male,ES111,A Coruna,2021,e65,19.141576541177134,19.115478000000003,1128449,>1M,0.02609854117713084
male,ES111,A Coruna,2022,e0,80.11544649199908,80.126823,1128449,>1M,-0.011376508000921604
male,ES111,A Coruna,2022,e65,19.04769314976759,19.060088999999998,1128449,>1M,-0.012395850232408634
male,ES111,A Coruna,2023,e0,80.82336658418599,80.78201,1128449,>1M,0.04135658418599064
male,ES111,A Coruna,2023,e65,19.712846556720525,19.66377,1128449,>1M,0.04907655672052513
male,ES111,A Coruna,2024,e0,81.20642531164016,81.173999,1128449,>1M,0.032426311640165295
male,ES111,A Coruna,2024,e65,19.6762194962499,19.637505000000004,1128449,>1M,0.03871449624989509
male,ES112,Lugo,2002,e0,75.97860245387238,75.986011,325048,200k-1M,-0.007408546127621207
male,ES112,Lugo,2002,e65,17.734490152919417,17.738881000000003,325048,200k-1M,-0.004390847080586013
male,ES112,Lugo,2003,e0,76.08980694754212,76.131884,325048,200k-1M,-0.04207705245788418
male,ES112,Lugo,2003,e65,17.71879835412505,17.767628999999996,325048,200k-1M,-0.04883064587494701
male,ES112,Lugo,2004,e0,77.24559210262764,77.25973699999999,325048,200k-1M,-0.014144897372347032
male,ES112,Lugo,2004,e65,18.045366625407894,18.056438999999997,325048,200k-1M,-0.011072374592103529
male,ES112,Lugo,2005,e0,77.20452500209892,77.226895,325048,200k-1M,-0.022369997901080296
male,ES112,Lugo,2005,e65,18.18008040522966,18.199356,325048,200k-1M,-0.019275594770341797
male,ES112,Lugo,2006,e0,77.53212751705132,77.5517,325048,200k-1M,-0.019572482948674974
male,ES112,Lugo,2006,e65,18.479067810681535,18.498795999999995,325048,200k-1M,-0.01972818931846021
male,ES112,Lugo,2007,e0,77.9049505837983,77.93228500000001,325048,200k-1M,-0.027334416201711065
male,ES112,Lugo,2007,e65,18.434580517440878,18.460009999999997,325048,200k-1M,-0.02542948255911881
male,ES112,Lugo,2008,e0,78.02888373748397,78.016596,325048,200k-1M,0.01228773748395895
male,ES112,Lugo,2008,e65,18.508287960011305,18.49091,325048,200k-1M,0.01737796001130576
male,ES112,Lugo,2009,e0,77.87008581247656,77.877646,325048,200k-1M,-0.007560187523438344
male,ES112,Lugo,2009,e65,18.58697256237722,18.594231,325048,200k-1M,-0.007258437622780889
male,ES112,Lugo,2010,e0,78.61425748818637,78.636141,325048,200k-1M,-0.02188351181362691
male,ES112,Lugo,2010,e65,18.77237319091159,18.794206,325048,200k-1M,-0.021832809088408567
male,ES112,Lugo,2011,e0,78.9883814409218,78.96184000000001,325048,200k-1M,0.026541440921789672
male,ES112,Lugo,2011,e65,19.228189894612438,19.194804000000005,325048,200k-1M,0.03338589461243302
male,ES112,Lugo,2012,e0,78.54684431665626,78.60273999999998,325048,200k-1M,-0.05589568334372075
male,ES112,Lugo,2012,e65,18.89470684574101,18.952651,325048,200k-1M,-0.057944154258990466
male,ES112,Lugo,2013,e0,79.41350764116126,79.44161200000002,325048,200k-1M,-0.02810435883876039
male,ES112,Lugo,2013,e65,19.241506869999636,19.268199999999997,325048,200k-1M,-0.026693130000360554
male,ES112,Lugo,2014,e0,79.72255383949663,79.698519,325048,200k-1M,0.024034839496621885
male,ES112,Lugo,2014,e65,19.296086512399793,19.264877000000002,325048,200k-1M,0.03120951239979064
male,ES112,Lugo,2015,e0,79.36561592823092,79.377102,325048,200k-1M,-0.01148607176907035
male,ES112,Lugo,2015,e65,19.048492715334103,19.057166000000002,325048,200k-1M,-0.008673284665899672
male,ES112,Lugo,2016,e0,79.51676832450237,79.540048,325048,200k-1M,-0.023279675497633434
male,ES112,Lugo,2016,e65,19.19425856073905,19.217837000000003,325048,200k-1M,-0.02357843926095171
male,ES112,Lugo,2017,e0,80.03768315985657,80.03045,325048,200k-1M,0.00723315985656825
male,ES112,Lugo,2017,e65,19.20226378899318,19.187454000000002,325048,200k-1M,0.014809788993176198
male,ES112,Lugo,2018,e0,79.6885818155038,79.684496,325048,200k-1M,0.004085815503799495
male,ES112,Lugo,2018,e65,19.353512360468983,19.346303,325048,200k-1M,0.007209360468984016
male,ES112,Lugo,2019,e0,80.80083665629864,80.79425200000001,325048,200k-1M,0.006584656298628033
male,ES112,Lugo,2019,e65,19.821131357876173,19.814016000000002,325048,200k-1M,0.007115357876170236
male,ES112,Lugo,2020,e0,80.40253842746452,80.390974,325048,200k-1M,0.011564427464520577
male,ES112,Lugo,2020,e65,19.555217155693548,19.538712999999998,325048,200k-1M,0.016504155693549905
male,ES112,Lugo,2021,e0,80.72628822449288,80.73445300000002,325048,200k-1M,-0.00816477550714012
male,ES112,Lugo,2021,e65,19.8124866084203,19.820296,325048,200k-1M,-0.007809391579698399
male,ES112,Lugo,2022,e0,80.7355526005136,80.742743,325048,200k-1M,-0.007190399486404431
male,ES112,Lugo,2022,e65,19.24576499268608,19.254127,325048,200k-1M,-0.008362007313920117
male,ES112,Lugo,2023,e0,80.71898141087514,80.71504,325048,200k-1M,0.003941410875142992
male,ES112,Lugo,2023,e65,19.56245978882677,19.555989,325048,200k-1M,0.006470788826771212
male,ES112,Lugo,2024,e0,81.20160242218098,81.14736400000001,325048,200k-1M,0.054238422180972634
male,ES112,Lugo,2024,e65,19.971634626084672,19.908882,325048,200k-1M,0.06275262608467358
male,ES113,Ourense,2002,e0,77.54136113225584,77.54366500000002,304467,200k-1M,-0.0023038677441746813
male,ES113,Ourense,2002,e65,18.13036042171498,18.127810000000004,304467,200k-1M,0.002550421714975215
male,ES113,Ourense,2003,e0,76.90090538620626,76.93700600000001,304467,200k-1M,-0.0361006137937494
male,ES113,Ourense,2003,e65,17.924516435479227,17.961617999999998,304467,200k-1M,-0.03710156452077129
male,ES113,Ourense,2004,e0,77.64575766524868,77.654764,304467,200k-1M,-0.0090063347513194
male,ES113,Ourense,2004,e65,18.550285435889105,18.560211,304467,200k-1M,-0.009925564110893959
male,ES113,Ourense,2005,e0,77.5047293329502,77.483982,304467,200k-1M,0.02074733295020792
male,ES113,Ourense,2005,e65,18.220389763985303,18.191014000000003,304467,200k-1M,0.02937576398529984
male,ES113,Ourense,2006,e0,77.3054716024594,77.34626300000002,304467,200k-1M,-0.040791397540616
male,ES113,Ourense,2006,e65,18.513222563437438,18.559818000000003,304467,200k-1M,-0.046595436562565595
male,ES113,Ourense,2007,e0,78.17306965223732,78.21451900000002,304467,200k-1M,-0.04144934776270759
male,ES113,Ourense,2007,e65,18.39516174734064,18.442648999999992,304467,200k-1M,-0.0474872526593515
male,ES113,Ourense,2008,e0,77.87171281794681,77.90016800000001,304467,200k-1M,-0.028455182053193084
male,ES113,Ourense,2008,e65,18.606685965880693,18.642273,304467,200k-1M,-0.03558703411930608
male,ES113,Ourense,2009,e0,79.02406129749095,79.01318900000001,304467,200k-1M,0.010872297490934102
male,ES113,Ourense,2009,e65,18.84627472022783,18.828989,304467,200k-1M,0.017285720227828705
male,ES113,Ourense,2010,e0,79.26728797422254,79.26912100000001,304467,200k-1M,-0.0018330257774721304
male,ES113,Ourense,2010,e65,18.91109118837121,18.909685999999997,304467,200k-1M,0.0014051883712120627
male,ES113,Ourense,2011,e0,78.4497625218539,78.435148,304467,200k-1M,0.014614521853900442
male,ES113,Ourense,2011,e65,19.24716660622186,19.223455,304467,200k-1M,0.023711606221858972
male,ES113,Ourense,2012,e0,79.42928677033679,79.448734,304467,200k-1M,-0.019447229663214216
male,ES113,Ourense,2012,e65,19.06613377051137,19.083278,304467,200k-1M,-0.017144229488629037
male,ES113,Ourense,2013,e0,79.55806406851276,79.57539399999999,304467,200k-1M,-0.01732993148722528
male,ES113,Ourense,2013,e65,19.301907919802098,19.319738,304467,200k-1M,-0.017830080197903442
male,ES113,Ourense,2014,e0,80.53867404633978,80.52336,304467,200k-1M,0.01531404633978184
male,ES113,Ourense,2014,e65,19.530558774291965,19.509011,304467,200k-1M,0.02154777429196386
male,ES113,Ourense,2015,e0,79.99346858916485,79.98009,304467,200k-1M,0.013378589164844357
male,ES113,Ourense,2015,e65,19.58403298186651,19.562331999999994,304467,200k-1M,0.021700981866516145
male,ES113,Ourense,2016,e0,80.19691840071248,80.19379199999999,304467,200k-1M,0.0031264007124889304
male,ES113,Ourense,2016,e65,19.80885146517149,19.804343,304467,200k-1M,0.0045084651714901725
male,ES113,Ourense,2017,e0,81.10130031160797,81.073134,304467,200k-1M,0.028166311607975558
male,ES113,Ourense,2017,e65,19.841301555142334,19.810154000000004,304467,200k-1M,0.031147555142329253
male,ES113,Ourense,2018,e0,80.1941309740915,80.163855,304467,200k-1M,0.030275974091495073
male,ES113,Ourense,2018,e65,19.43498571409118,19.397233,304467,200k-1M,0.037752714091180195
male,ES113,Ourense,2019,e0,80.55176950866085,80.518733,304467,200k-1M,0.03303650866085661
male,ES113,Ourense,2019,e65,19.82473503978895,19.784785,304467,200k-1M,0.03995003978895184
male,ES113,Ourense,2020,e0,80.04325552133368,80.07769,304467,200k-1M,-0.034434478666327095
male,ES113,Ourense,2020,e65,19.101507135828026,19.138274000000003,304467,200k-1M,-0.03676686417197672
male,ES113,Ourense,2021,e0,80.46728525535423,80.425605,304467,200k-1M,0.041680255354222595
male,ES113,Ourense,2021,e65,19.73899008042271,19.688795999999996,304467,200k-1M,0.05019408042271323
male,ES113,Ourense,2022,e0,80.5716065433608,80.578105,304467,200k-1M,-0.006498456639192796
male,ES113,Ourense,2022,e65,19.455238639161408,19.460255,304467,200k-1M,-0.005016360838592249
male,ES113,Ourense,2023,e0,80.22337104639747,80.19875599999999,304467,200k-1M,0.024615046397485685
male,ES113,Ourense,2023,e65,20.059447934527764,20.025525,304467,200k-1M,0.03392293452776585
male,ES113,Ourense,2024,e0,81.20832482912924,81.183295,304467,200k-1M,0.025029829129238124
male,ES113,Ourense,2024,e65,20.15111728436003,20.121228000000002,304467,200k-1M,0.0298892843600278
male,ES114,Pontevedra,2002,e0,75.93769328182411,75.97715600000001,947869,200k-1M,-0.03946271817589775
male,ES114,Pontevedra,2002,e65,16.8899202841765,16.933618999999997,947869,200k-1M,-0.043698715823495604
male,ES114,Pontevedra,2003,e0,76.27708730562831,76.32208799999998,947869,200k-1M,-0.04500069437166587
male,ES114,Pontevedra,2003,e65,17.21982365476805,17.272585999999997,947869,200k-1M,-0.05276234523194745
male,ES114,Pontevedra,2004,e0,76.81346150493037,76.837168,947869,200k-1M,-0.023706495069632183
male,ES114,Pontevedra,2004,e65,17.33430223071591,17.361245999999998,947869,200k-1M,-0.026943769284088148
male,ES114,Pontevedra,2005,e0,76.84116569178975,76.86115400000001,947869,200k-1M,-0.019988308210258765
male,ES114,Pontevedra,2005,e65,17.372039755314223,17.391643,947869,200k-1M,-0.019603244685775678
male,ES114,Pontevedra,2006,e0,76.97218291352927,77.002026,947869,200k-1M,-0.029843086470734193
male,ES114,Pontevedra,2006,e65,17.424148588018355,17.458637999999997,947869,200k-1M,-0.03448941198164235
male,ES114,Pontevedra,2007,e0,77.03114611278806,77.081356,947869,200k-1M,-0.050209887211934756
male,ES114,Pontevedra,2007,e65,17.413547966451038,17.470532999999996,947869,200k-1M,-0.05698503354895834
male,ES114,Pontevedra,2008,e0,77.90130644446116,77.98011300000002,947869,200k-1M,-0.07880655553886129
male,ES114,Pontevedra,2008,e65,18.065484394499293,18.15924,947869,200k-1M,-0.09375560550070716
male,ES114,Pontevedra,2009,e0,78.11389635484669,78.07930599999999,947869,200k-1M,0.034590354846699256
male,ES114,Pontevedra,2009,e65,18.202176438806315,18.158584,947869,200k-1M,0.04359243880631425
male,ES114,Pontevedra,2010,e0,78.50866506017452,78.49782500000002,947869,200k-1M,0.010840060174501787
male,ES114,Pontevedra,2010,e65,18.274677356914335,18.256648,947869,200k-1M,0.018029356914336603
male,ES114,Pontevedra,2011,e0,78.93216828794323,78.877626,947869,200k-1M,0.05454228794322091
male,ES114,Pontevedra,2011,e65,18.336228167260217,18.270072,947869,200k-1M,0.06615616726021756
male,ES114,Pontevedra,2012,e0,79.03011071678365,79.030084,947869,200k-1M,2.6716783651181686e-5
male,ES114,Pontevedra,2012,e65,18.505081209250953,18.499508999999996,947869,200k-1M,0.0055722092509569165
male,ES114,Pontevedra,2013,e0,79.75808292164966,79.74861000000001,947869,200k-1M,0.009472921649646082
male,ES114,Pontevedra,2013,e65,18.87533638333771,18.862589999999997,947869,200k-1M,0.012746383337713496
male,ES114,Pontevedra,2014,e0,79.89308852320012,79.886944,947869,200k-1M,0.006144523200120489
male,ES114,Pontevedra,2014,e65,19.14497807352654,19.136299,947869,200k-1M,0.008679073526540293
male,ES114,Pontevedra,2015,e0,79.88279236612813,79.862822,947869,200k-1M,0.019970366128134742
male,ES114,Pontevedra,2015,e65,19.121679228652088,19.097268000000003,947869,200k-1M,0.02441122865208456
male,ES114,Pontevedra,2016,e0,79.39737071485155,79.37499,947869,200k-1M,0.022380714851550465
male,ES114,Pontevedra,2016,e65,19.115936730435084,19.086553,947869,200k-1M,0.02938373043508591
male,ES114,Pontevedra,2017,e0,80.0095325838316,80.010085,947869,200k-1M,-5.524161684036244e-4
male,ES114,Pontevedra,2017,e65,19.10863645321445,19.104672,947869,200k-1M,0.003964453214450714
male,ES114,Pontevedra,2018,e0,80.62448051694551,80.611887,947869,200k-1M,0.012593516945514693
male,ES114,Pontevedra,2018,e65,19.23670885263394,19.220468999999998,947869,200k-1M,0.0162398526339409
male,ES114,Pontevedra,2019,e0,80.62588516857394,80.593011,947869,200k-1M,0.03287416857394021
male,ES114,Pontevedra,2019,e65,19.563174922245366,19.524088000000003,947869,200k-1M,0.03908692224536381
male,ES114,Pontevedra,2020,e0,80.2954889569098,80.248997,947869,200k-1M,0.04649195690979013
male,ES114,Pontevedra,2020,e65,19.509462389026375,19.453048,947869,200k-1M,0.056414389026375744
male,ES114,Pontevedra,2021,e0,80.38331229755435,80.377889,947869,200k-1M,0.005423297554358442
male,ES114,Pontevedra,2021,e65,19.20825245978364,19.20059,947869,200k-1M,0.007662459783642106
male,ES114,Pontevedra,2022,e0,80.48555191224915,80.48896300000001,947869,200k-1M,-0.003411087750862407
male,ES114,Pontevedra,2022,e65,19.366926547283068,19.368738999999994,947869,200k-1M,-0.001812452716926316
male,ES114,Pontevedra,2023,e0,80.54841863001084,80.49427600000001,947869,200k-1M,0.05414263001082986
male,ES114,Pontevedra,2023,e65,19.849671966608746,19.783305,947869,200k-1M,0.06636696660874719
male,ES114,Pontevedra,2024,e0,81.32202793261017,81.274793,947869,200k-1M,0.047234932610166425
male,ES114,Pontevedra,2024,e65,20.002076347202717,19.946098999999997,947869,200k-1M,0.055977347202720296
male,ES120,Asturias,2002,e0,75.68368719493004,75.707057,1009599,>1M,-0.023369805069961558
male,ES120,Asturias,2002,e65,16.342198632490934,16.366815000000003,1009599,>1M,-0.024616367509068482
male,ES120,Asturias,2003,e0,75.26867248844684,75.31118300000001,1009599,>1M,-0.04251051155317498
male,ES120,Asturias,2003,e65,16.444918775245668,16.492760999999998,1009599,>1M,-0.047842224754329976
male,ES120,Asturias,2004,e0,76.07035766745321,76.12267099999998,1009599,>1M,-0.05231333254677395
male,ES120,Asturias,2004,e65,16.725132613486497,16.788412999999995,1009599,>1M,-0.06328038651349743
male,ES120,Asturias,2005,e0,76.18907943605717,76.19962500000001,1009599,>1M,-0.01054556394284134
male,ES120,Asturias,2005,e65,16.841761365345135,16.850475000000003,1009599,>1M,-0.00871363465486752
male,ES120,Asturias,2006,e0,76.26784638560453,76.294708,1009599,>1M,-0.026861614395471634
male,ES120,Asturias,2006,e65,17.173672444213953,17.202435999999995,1009599,>1M,-0.028763555786042616
male,ES120,Asturias,2007,e0,76.71590302436213,76.73715900000002,1009599,>1M,-0.02125597563788517
male,ES120,Asturias,2007,e65,17.167775441733486,17.191786,1009599,>1M,-0.024010558266514437
male,ES120,Asturias,2008,e0,77.00458966703282,77.04842000000001,1009599,>1M,-0.043830332967189634
male,ES120,Asturias,2008,e65,17.45776385246809,17.508795,1009599,>1M,-0.051031147531908516
male,ES120,Asturias,2009,e0,77.68422104561422,77.71413000000001,1009599,>1M,-0.02990895438578889
male,ES120,Asturias,2009,e65,17.57032369693262,17.604891000000006,1009599,>1M,-0.0345673030673872
male,ES120,Asturias,2010,e0,77.55401973906078,77.56589699999999,1009599,>1M,-0.011877260939215262
male,ES120,Asturias,2010,e65,17.72284827243622,17.733591999999998,1009599,>1M,-0.010743727563777838
male,ES120,Asturias,2011,e0,77.79817692171383,77.785724,1009599,>1M,0.012452921713830278
male,ES120,Asturias,2011,e65,17.995629677596302,17.977203,1009599,>1M,0.018426677596302454
male,ES120,Asturias,2012,e0,78.18179612754122,78.209746,1009599,>1M,-0.02794987245877678
male,ES120,Asturias,2012,e65,17.850722511033652,17.880903,1009599,>1M,-0.03018048896634795
male,ES120,Asturias,2013,e0,78.8786653176589,78.907378,1009599,>1M,-0.028712682341094364
male,ES120,Asturias,2013,e65,18.32452404034975,18.358050000000002,1009599,>1M,-0.033525959650251735
male,ES120,Asturias,2014,e0,78.96272109064257,78.989536,1009599,>1M,-0.026814909357426586
male,ES120,Asturias,2014,e65,18.349921066875133,18.378673,1009599,>1M,-0.028751933124866014
male,ES120,Asturias,2015,e0,79.01067472123476,79.028268,1009599,>1M,-0.017593278765232867
male,ES120,Asturias,2015,e65,18.217552910357092,18.236950000000004,1009599,>1M,-0.019397089642911425
male,ES120,Asturias,2016,e0,79.15572154574068,79.1732,1009599,>1M,-0.01747845425931871
male,ES120,Asturias,2016,e65,18.436825619512142,18.456371999999998,1009599,>1M,-0.019546380487856396
male,ES120,Asturias,2017,e0,79.50934452769684,79.499888,1009599,>1M,0.009456527696841022
male,ES120,Asturias,2017,e65,18.59705977821451,18.583579999999998,1009599,>1M,0.013479778214513516
male,ES120,Asturias,2018,e0,79.62144862877945,79.62432199999999,1009599,>1M,-0.0028733712205450956
male,ES120,Asturias,2018,e65,18.618548474239944,18.618959000000004,1009599,>1M,-4.1052576005995434e-4
male,ES120,Asturias,2019,e0,79.87688334464819,79.871279,1009599,>1M,0.005604344648190818
male,ES120,Asturias,2019,e65,18.931589507453037,18.92337,1009599,>1M,0.008219507453038233
male,ES120,Asturias,2020,e0,79.08477922048206,79.11537399999999,1009599,>1M,-0.03059477951792644
male,ES120,Asturias,2020,e65,17.99850912614995,18.029475,1009599,>1M,-0.03096587385005023
male,ES120,Asturias,2021,e0,80.0273492240535,80.007005,1009599,>1M,0.020344224053488347
male,ES120,Asturias,2021,e65,18.939167234188655,18.911754000000002,1009599,>1M,0.02741323418865349
male,ES120,Asturias,2022,e0,79.62093125852844,79.64943199999999,1009599,>1M,-0.028500741471546576
male,ES120,Asturias,2022,e65,18.644407469193787,18.67593,1009599,>1M,-0.03152253080621392
male,ES120,Asturias,2023,e0,80.308676600827,80.29766200000002,1009599,>1M,0.011014600826982246
male,ES120,Asturias,2023,e65,19.248014646967693,19.234677,1009599,>1M,0.013337646967691796
male,ES120,Asturias,2024,e0,80.38570727105875,80.354116,1009599,>1M,0.03159127105874404
male,ES120,Asturias,2024,e65,19.4438953961365,19.405596999999997,1009599,>1M,0.03829839613650421
male,ES130,Cantabria,2002,e0,76.21707619001174,76.24522700000001,590851,200k-1M,-0.028150809988275682
male,ES130,Cantabria,2002,e65,16.669347672851135,16.698612999999998,590851,200k-1M,-0.029265327148863207
male,ES130,Cantabria,2003,e0,76.62425168199,76.65399699999999,590851,200k-1M,-0.029745318009986477
male,ES130,Cantabria,2003,e65,17.001302363259473,17.036983000000003,590851,200k-1M,-0.03568063674052979
male,ES130,Cantabria,2004,e0,76.98267466018406,76.99224600000001,590851,200k-1M,-0.009571339815948932
male,ES130,Cantabria,2004,e65,17.189629767692583,17.196976000000003,590851,200k-1M,-0.007346232307419598
male,ES130,Cantabria,2005,e0,77.35173330951874,77.38649199999999,590851,200k-1M,-0.03475869048125446
male,ES130,Cantabria,2005,e65,17.16473265708283,17.200053,590851,200k-1M,-0.03532034291717068
male,ES130,Cantabria,2006,e0,77.45840853340981,77.48188900000001,590851,200k-1M,-0.02348046659020042
male,ES130,Cantabria,2006,e65,17.5394672809543,17.565911999999997,590851,200k-1M,-0.026444719045695564
male,ES130,Cantabria,2007,e0,77.3951608763725,77.41682300000002,590851,200k-1M,-0.021662123627521623
male,ES130,Cantabria,2007,e65,17.461261527497456,17.486129999999996,590851,200k-1M,-0.024868472502539873
male,ES130,Cantabria,2008,e0,78.18820803401773,78.220148,590851,200k-1M,-0.03193996598226079
male,ES130,Cantabria,2008,e65,17.83715494390137,17.869232999999998,590851,200k-1M,-0.03207805609862646
male,ES130,Cantabria,2009,e0,78.49334754586638,78.50666300000002,590851,200k-1M,-0.013315454133632443
male,ES130,Cantabria,2009,e65,17.93067578646141,17.942433999999995,590851,200k-1M,-0.011758213538584528
male,ES130,Cantabria,2010,e0,78.49496634584135,78.499882,590851,200k-1M,-0.00491565415865125
male,ES130,Cantabria,2010,e65,18.255528843013696,18.262051,590851,200k-1M,-0.006522156986303429
male,ES130,Cantabria,2011,e0,79.06111969186593,79.07183199999999,590851,200k-1M,-0.010712308134060322
male,ES130,Cantabria,2011,e65,18.427407659473648,18.43355,590851,200k-1M,-0.006142340526352541
male,ES130,Cantabria,2012,e0,79.32915215725613,79.33867599999999,590851,200k-1M,-0.0095238427438602
male,ES130,Cantabria,2012,e65,18.32776540156292,18.337604000000002,590851,200k-1M,-0.009838598437081458
male,ES130,Cantabria,2013,e0,79.99284178541974,79.99041000000001,590851,200k-1M,0.0024317854197306588
male,ES130,Cantabria,2013,e65,18.86401250364448,18.859783,590851,200k-1M,0.0042295036444812695
male,ES130,Cantabria,2014,e0,79.61950112172204,79.612243,590851,200k-1M,0.007258121722031774
male,ES130,Cantabria,2014,e65,18.670032165817116,18.659257000000004,590851,200k-1M,0.010775165817111798
male,ES130,Cantabria,2015,e0,79.70288200679491,79.71446000000002,590851,200k-1M,-0.011577993205108328
male,ES130,Cantabria,2015,e65,18.70359459758182,18.711920000000003,590851,200k-1M,-0.008325402418183359
male,ES130,Cantabria,2016,e0,80.09245925866479,80.09024300000002,590851,200k-1M,0.002216258664773818
male,ES130,Cantabria,2016,e65,18.83258095104213,18.828708,590851,200k-1M,0.003872951042129813
male,ES130,Cantabria,2017,e0,80.32507115825787,80.30380099999999,590851,200k-1M,0.02127015825787737
male,ES130,Cantabria,2017,e65,18.97231602625061,18.948588999999995,590851,200k-1M,0.02372702625061507
male,ES130,Cantabria,2018,e0,80.30227981185968,80.307031,590851,200k-1M,-0.004751188140318163
male,ES130,Cantabria,2018,e65,18.809015614672397,18.814469000000003,590851,200k-1M,-0.005453385327605531
male,ES130,Cantabria,2019,e0,80.86777789835425,80.887039,590851,200k-1M,-0.019261101645753342
male,ES130,Cantabria,2019,e65,19.16585527064918,19.184321999999998,590851,200k-1M,-0.018466729350819833
male,ES130,Cantabria,2020,e0,80.29857212646779,80.29782500000002,590851,200k-1M,7.471264677718636e-4
male,ES130,Cantabria,2020,e65,18.69256624016514,18.691070000000003,590851,200k-1M,0.0014962401651352764
male,ES130,Cantabria,2021,e0,80.657829816413,80.66162800000001,590851,200k-1M,-0.0037981835870084524
male,ES130,Cantabria,2021,e65,19.182050638226187,19.187895000000005,590851,200k-1M,-0.005844361773817752
male,ES130,Cantabria,2022,e0,80.41775367631728,80.427932,590851,200k-1M,-0.01017832368272309
male,ES130,Cantabria,2022,e65,18.830698406556916,18.840251000000002,590851,200k-1M,-0.00955259344308601
male,ES130,Cantabria,2023,e0,81.33415810523711,81.368459,590851,200k-1M,-0.03430089476289311
male,ES130,Cantabria,2023,e65,19.50027481988281,19.538131999999997,590851,200k-1M,-0.03785718011718586
male,ES130,Cantabria,2024,e0,81.03446065413326,81.01464100000001,590851,200k-1M,0.019819654133243603
male,ES130,Cantabria,2024,e65,19.67098681454277,19.646857000000004,590851,200k-1M,0.024129814542764194
male,ES211,Araba/Alava,2002,e0,78.40655794819605,78.43728600000001,338594,200k-1M,-0.030728051803961876
male,ES211,Araba/Alava,2002,e65,17.84523054241143,17.880161,338594,200k-1M,-0.034930457588572494
male,ES211,Araba/Alava,2003,e0,78.08869310517521,78.11199400000001,338594,200k-1M,-0.02330089482479991
male,ES211,Araba/Alava,2003,e65,17.532098629813106,17.554296,338594,200k-1M,-0.022197370186894716
male,ES211,Araba/Alava,2004,e0,78.52440754555924,78.570189,338594,200k-1M,-0.045781454440756875
male,ES211,Araba/Alava,2004,e65,17.909993250472205,17.962617999999996,338594,200k-1M,-0.052624749527790726
male,ES211,Araba/Alava,2005,e0,77.11434283380925,77.12753099999999,338594,200k-1M,-0.013188166190744255
male,ES211,Araba/Alava,2005,e65,17.04637222957098,17.060415,338594,200k-1M,-0.014042770429018248
male,ES211,Araba/Alava,2006,e0,78.82722683053686,78.81764600000001,338594,200k-1M,0.009580830536847884
male,ES211,Araba/Alava,2006,e65,18.367622609453953,18.352899,338594,200k-1M,0.014723609453952236
male,ES211,Araba/Alava,2007,e0,78.85607988783383,78.83326300000002,338594,200k-1M,0.022816887833812416
male,ES211,Araba/Alava,2007,e65,18.249115147409626,18.219261000000003,338594,200k-1M,0.029854147409622556
male,ES211,Araba/Alava,2008,e0,79.56672798686648,79.52477099999999,338594,200k-1M,0.04195698686649507
male,ES211,Araba/Alava,2008,e65,18.43830424801753,18.389595999999997,338594,200k-1M,0.04870824801753315
male,ES211,Araba/Alava,2009,e0,79.4617448737046,79.455612,338594,200k-1M,0.006132873704601138
male,ES211,Araba/Alava,2009,e65,18.695116109476917,18.683817,338594,200k-1M,0.011299109476915703
male,ES211,Araba/Alava,2010,e0,80.23275394787804,80.297835,338594,200k-1M,-0.06508105212196824
male,ES211,Araba/Alava,2010,e65,18.946794330628894,19.017986000000004,338594,200k-1M,-0.07119166937111032
male,ES211,Araba/Alava,2011,e0,79.94434434867561,79.95499400000001,338594,200k-1M,-0.010649651324399656
male,ES211,Araba/Alava,2011,e65,18.850802709620353,18.859786,338594,200k-1M,-0.008983290379646292
male,ES211,Araba/Alava,2012,e0,80.6322918149734,80.705094,338594,200k-1M,-0.07280218502660318
male,ES211,Araba/Alava,2012,e65,19.47279001507419,19.555111999999998,338594,200k-1M,-0.08232198492580878
male,ES211,Araba/Alava,2013,e0,80.20090573092882,80.206433,338594,200k-1M,-0.005527269071180285
male,ES211,Araba/Alava,2013,e65,19.182961188121027,19.191183000000002,338594,200k-1M,-0.008221811878975416
male,ES211,Araba/Alava,2014,e0,81.77051172135131,81.756556,338594,200k-1M,0.013955721351308625
male,ES211,Araba/Alava,2014,e65,20.242714762380263,20.224635999999997,338594,200k-1M,0.01807876238026651
male,ES211,Araba/Alava,2015,e0,80.80767623759645,80.79881,338594,200k-1M,0.008866237596450333
male,ES211,Araba/Alava,2015,e65,19.416777241190644,19.403364,338594,200k-1M,0.013413241190644243
male,ES211,Araba/Alava,2016,e0,81.15587236819947,81.18203399999999,338594,200k-1M,-0.026161631800519558
male,ES211,Araba/Alava,2016,e65,19.709610884365038,19.737174000000003,338594,200k-1M,-0.027563115634965385
male,ES211,Araba/Alava,2017,e0,81.2100540925227,81.159409,338594,200k-1M,0.0506450925227
male,ES211,Araba/Alava,2017,e65,19.41747408200582,19.356931000000003,338594,200k-1M,0.06054308200581815
male,ES211,Araba/Alava,2018,e0,81.60607950120048,81.58109,338594,200k-1M,0.024989501200479936
male,ES211,Araba/Alava,2018,e65,19.864238032922845,19.833901000000004,338594,200k-1M,0.030337032922840734
male,ES211,Araba/Alava,2019,e0,81.75254377716142,81.802658,338594,200k-1M,-0.05011422283857314
male,ES211,Araba/Alava,2019,e65,20.35850429350991,20.411322,338594,200k-1M,-0.05281770649008877
male,ES211,Araba/Alava,2020,e0,80.71258741038496,80.73161400000002,338594,200k-1M,-0.019026589615066314
male,ES211,Araba/Alava,2020,e65,19.09704960938808,19.116745,338594,200k-1M,-0.019695390611921937
male,ES211,Araba/Alava,2021,e0,81.68537413284861,81.69038499999999,338594,200k-1M,-0.005010867151383991
male,ES211,Araba/Alava,2021,e65,19.945605863591908,19.947657,338594,200k-1M,-0.002051136408091736
male,ES211,Araba/Alava,2022,e0,81.70666188618586,81.70318300000001,338594,200k-1M,0.0034788861858459086
male,ES211,Araba/Alava,2022,e65,19.986693839197482,19.981871,338594,200k-1M,0.0048228391974802776
male,ES211,Araba/Alava,2023,e0,82.39591660408121,82.371867,338594,200k-1M,0.02404960408121326
male,ES211,Araba/Alava,2023,e65,20.660352509630194,20.632406,338594,200k-1M,0.027946509630194072
male,ES211,Araba/Alava,2024,e0,82.40330320203836,82.426541,338594,200k-1M,-0.023237797961641604
male,ES211,Araba/Alava,2024,e65,20.566236339615802,20.592864000000002,338594,200k-1M,-0.02662766038420017
male,ES212,Gipuzkoa,2002,e0,76.30723462526711,76.316852,729722,200k-1M,-0.009617374732883377
male,ES212,Gipuzkoa,2002,e65,16.53076912602531,16.539324,729722,200k-1M,-0.008554873974691901
male,ES212,Gipuzkoa,2003,e0,76.62440067208506,76.65096,729722,200k-1M,-0.026559327914938535
male,ES212,Gipuzkoa,2003,e65,16.743170491182717,16.771033,729722,200k-1M,-0.02786250881728236
male,ES212,Gipuzkoa,2004,e0,77.3928531217336,77.394202,729722,200k-1M,-0.001348878266412612
male,ES212,Gipuzkoa,2004,e65,17.348725980431396,17.344171000000003,729722,200k-1M,0.004554980431393574
male,ES212,Gipuzkoa,2005,e0,77.4780203041414,77.47278299999999,729722,200k-1M,0.005237304141402888
male,ES212,Gipuzkoa,2005,e65,17.29966275979677,17.289855000000003,729722,200k-1M,0.009807759796768067
male,ES212,Gipuzkoa,2006,e0,78.33957311392075,78.32193099999999,729722,200k-1M,0.01764211392075765
male,ES212,Gipuzkoa,2006,e65,17.905929515183598,17.881438999999997,729722,200k-1M,0.02449051518360079
male,ES212,Gipuzkoa,2007,e0,77.77782441662755,77.77084599999999,729722,200k-1M,0.006978416627561046
male,ES212,Gipuzkoa,2007,e65,17.75318145784053,17.742226999999996,729722,200k-1M,0.010954457840533394
male,ES212,Gipuzkoa,2008,e0,78.32665451015527,78.34257699999999,729722,200k-1M,-0.01592248984472633
male,ES212,Gipuzkoa,2008,e65,17.92307319846052,17.939844,729722,200k-1M,-0.016770801539479407
male,ES212,Gipuzkoa,2009,e0,78.90793901204201,78.93895,729722,200k-1M,-0.03101098795799828
male,ES212,Gipuzkoa,2009,e65,18.155946593729556,18.187758000000002,729722,200k-1M,-0.031811406270445985
male,ES212,Gipuzkoa,2010,e0,79.65272905189009,79.66835499999999,729722,200k-1M,-0.015625948109899923
male,ES212,Gipuzkoa,2010,e65,18.673568098133465,18.692014,729722,200k-1M,-0.018445901866535053
male,ES212,Gipuzkoa,2011,e0,79.39318350981283,79.404587,729722,200k-1M,-0.011403490187177567
male,ES212,Gipuzkoa,2011,e65,18.62973362621455,18.639252000000003,729722,200k-1M,-0.00951837378545406
male,ES212,Gipuzkoa,2012,e0,79.52257433669574,79.57878899999999,729722,200k-1M,-0.05621466330424596
male,ES212,Gipuzkoa,2012,e65,18.559031815933523,18.620937,729722,200k-1M,-0.061905184066478824
male,ES212,Gipuzkoa,2013,e0,79.68289606180775,79.67560999999999,729722,200k-1M,0.007286061807761257
male,ES212,Gipuzkoa,2013,e65,18.87974905466197,18.869811000000002,729722,200k-1M,0.009938054661969176
male,ES212,Gipuzkoa,2014,e0,80.23006675840999,80.25902400000001,729722,200k-1M,-0.028957241590021
male,ES212,Gipuzkoa,2014,e65,18.946384121517074,18.977097,729722,200k-1M,-0.030712878482926698
male,ES212,Gipuzkoa,2015,e0,80.11628238105372,80.144977,729722,200k-1M,-0.02869461894627534
male,ES212,Gipuzkoa,2015,e65,19.080366400566593,19.111954000000008,729722,200k-1M,-0.03158759943341494
male,ES212,Gipuzkoa,2016,e0,80.56486044186408,80.56857199999999,729722,200k-1M,-0.0037115581359046246
male,ES212,Gipuzkoa,2016,e65,19.060280415095573,19.062220999999997,729722,200k-1M,-0.0019405849044247248
male,ES212,Gipuzkoa,2017,e0,80.43071696243503,80.415836,729722,200k-1M,0.014880962435029232
male,ES212,Gipuzkoa,2017,e65,19.26964169500777,19.250297,729722,200k-1M,0.019344695007770696
male,ES212,Gipuzkoa,2018,e0,80.85818760208744,80.84933199999999,729722,200k-1M,0.00885560208745062
male,ES212,Gipuzkoa,2018,e65,19.280358079108254,19.267811000000002,729722,200k-1M,0.012547079108252035
male,ES212,Gipuzkoa,2019,e0,81.47891809463079,81.47237899999999,729722,200k-1M,0.0065390946307957165
male,ES212,Gipuzkoa,2019,e65,19.89408057291522,19.886735999999996,729722,200k-1M,0.007344572915226166
male,ES212,Gipuzkoa,2020,e0,80.51471264476798,80.51660300000002,729722,200k-1M,-0.00189035523203529
male,ES212,Gipuzkoa,2020,e65,19.0222541682672,19.023062,729722,200k-1M,-8.078317327999684e-4
male,ES212,Gipuzkoa,2021,e0,80.60689483477665,80.64045300000001,729722,200k-1M,-0.03355816522335431
male,ES212,Gipuzkoa,2021,e65,19.143136888766175,19.177898000000006,729722,200k-1M,-0.03476111123383063
male,ES212,Gipuzkoa,2022,e0,80.3586358267957,80.37359699999999,729722,200k-1M,-0.01496117320428425
male,ES212,Gipuzkoa,2022,e65,19.117644600249434,19.132603,729722,200k-1M,-0.014958399750565121
male,ES212,Gipuzkoa,2023,e0,81.33065732270221,81.336222,729722,200k-1M,-0.005564677297797971
male,ES212,Gipuzkoa,2023,e65,19.653410624898715,19.658070000000002,729722,200k-1M,-0.004659375101287111
male,ES212,Gipuzkoa,2024,e0,81.66627215542287,81.639543,729722,200k-1M,0.026729155422870576
male,ES212,Gipuzkoa,2024,e65,19.935215215392585,19.90301,729722,200k-1M,0.032205215392586695
male,ES213,Bizkaia,2002,e0,76.20147040225206,76.26756600000002,1159368,>1M,-0.06609559774796026
male,ES213,Bizkaia,2002,e65,16.588111083663524,16.664619,1159368,>1M,-0.07650791633647458
male,ES213,Bizkaia,2003,e0,76.3862299130823,76.44049700000001,1159368,>1M,-0.05426708691770443
male,ES213,Bizkaia,2003,e65,16.710136095063284,16.771160000000002,1159368,>1M,-0.061023904936718054
male,ES213,Bizkaia,2004,e0,76.81915041432765,76.86756100000001,1159368,>1M,-0.04841058567235734
male,ES213,Bizkaia,2004,e65,17.13706278847161,17.193499,1159368,>1M,-0.05643621152838918
male,ES213,Bizkaia,2005,e0,76.94561700940038,76.977489,1159368,>1M,-0.03187199059962609
male,ES213,Bizkaia,2005,e65,16.976220419287884,17.012338999999997,1159368,>1M,-0.03611858071211316
male,ES213,Bizkaia,2006,e0,77.42754031592254,77.471461,1159368,>1M,-0.04392068407746308
male,ES213,Bizkaia,2006,e65,17.381826681435058,17.430907,1159368,>1M,-0.049080318564943326
male,ES213,Bizkaia,2007,e0,77.73861953173535,77.765138,1159368,>1M,-0.02651846826464066
male,ES213,Bizkaia,2007,e65,17.648611596888998,17.675928000000003,1159368,>1M,-0.027316403111004917
male,ES213,Bizkaia,2008,e0,78.03977255569352,78.04394500000001,1159368,>1M,-0.004172444306490775
male,ES213,Bizkaia,2008,e65,17.701216812114446,17.702676999999998,1159368,>1M,-0.0014601878855522443
male,ES213,Bizkaia,2009,e0,78.14363765302926,78.17827599999998,1159368,>1M,-0.03463834697072343
male,ES213,Bizkaia,2009,e65,17.95297223510815,17.991568,1159368,>1M,-0.038595764891852014
male,ES213,Bizkaia,2010,e0,78.57733275690303,78.58849599999999,1159368,>1M,-0.011163243096959263
male,ES213,Bizkaia,2010,e65,18.15411852829067,18.16505,1159368,>1M,-0.01093147170933051
male,ES213,Bizkaia,2011,e0,78.90974886850604,78.90153000000001,1159368,>1M,0.008218868506034482
male,ES213,Bizkaia,2011,e65,18.25943646802123,18.248048999999995,1159368,>1M,0.011387468021236913
male,ES213,Bizkaia,2012,e0,79.21698026131267,79.24218,1159368,>1M,-0.02519973868733416
male,ES213,Bizkaia,2012,e65,18.388104813278684,18.414145,1159368,>1M,-0.026040186721317582
male,ES213,Bizkaia,2013,e0,79.89033591716203,79.909541,1159368,>1M,-0.019205082837970622
male,ES213,Bizkaia,2013,e65,18.868977196797065,18.888708999999995,1159368,>1M,-0.01973180320293011
male,ES213,Bizkaia,2014,e0,80.07100302831144,80.09325000000001,1159368,>1M,-0.022246971688574035
male,ES213,Bizkaia,2014,e65,18.82052144441731,18.843591,1159368,>1M,-0.023069555582690526
male,ES213,Bizkaia,2015,e0,79.87684445241032,79.90878199999999,1159368,>1M,-0.031937547589663495
male,ES213,Bizkaia,2015,e65,18.75143644341969,18.784667,1159368,>1M,-0.03323055658031038
male,ES213,Bizkaia,2016,e0,80.06971841768832,80.07338699999998,1159368,>1M,-0.003668582311661339
male,ES213,Bizkaia,2016,e65,18.866119715694268,18.864631,1159368,>1M,0.0014887156942684499
male,ES213,Bizkaia,2017,e0,80.53757325544203,80.54868,1159368,>1M,-0.011106744557977777
male,ES213,Bizkaia,2017,e65,19.040648820211615,19.050667,1159368,>1M,-0.010018179788385595
male,ES213,Bizkaia,2018,e0,80.64617989004867,80.637346,1159368,>1M,0.008833890048677517
male,ES213,Bizkaia,2018,e65,19.225771955211858,19.215254,1159368,>1M,0.010517955211856389
male,ES213,Bizkaia,2019,e0,80.60528571165665,80.56811,1159368,>1M,0.03717571165664424
male,ES213,Bizkaia,2019,e65,19.23297723408535,19.190533,1159368,>1M,0.042444234085351695
male,ES213,Bizkaia,2020,e0,80.04419100014944,80.053166,1159368,>1M,-0.008974999850565268
male,ES213,Bizkaia,2020,e65,18.659537027968533,18.66667,1159368,>1M,-0.007132972031467233
male,ES213,Bizkaia,2021,e0,80.81305228881888,80.813422,1159368,>1M,-3.697111811220566e-4
male,ES213,Bizkaia,2021,e65,19.216659756967523,19.216095000000003,1159368,>1M,5.647569675204522e-4
male,ES213,Bizkaia,2022,e0,80.6588574775939,80.664724,1159368,>1M,-0.005866522406108743
male,ES213,Bizkaia,2022,e65,19.174940197981016,19.179867000000005,1159368,>1M,-0.004926802018989207
male,ES213,Bizkaia,2023,e0,81.69926052785,81.669916,1159368,>1M,0.02934452785000019
male,ES213,Bizkaia,2023,e65,19.82055434304649,19.787608,1159368,>1M,0.0329463430464898
male,ES213,Bizkaia,2024,e0,81.99922691587975,81.953497,1159368,>1M,0.04572991587974684
male,ES213,Bizkaia,2024,e65,19.987436422541762,19.935105999999998,1159368,>1M,0.052330422541764676
male,ES220,Navarra,2002,e0,76.98296507616978,76.99050100000001,678333,200k-1M,-0.007535923830232605
male,ES220,Navarra,2002,e65,17.50149798717257,17.506597,678333,200k-1M,-0.005099012827429306
male,ES220,Navarra,2003,e0,77.65659445192104,77.69397699999999,678333,200k-1M,-0.03738254807895203
male,ES220,Navarra,2003,e65,17.31964988833869,17.359701,678333,200k-1M,-0.04005111166130959
male,ES220,Navarra,2004,e0,78.32016144731575,78.324273,678333,200k-1M,-0.004111552684250341
male,ES220,Navarra,2004,e65,17.76140861877379,17.764005,678333,200k-1M,-0.0025963812262119745
male,ES220,Navarra,2005,e0,78.62019344726424,78.63335599999999,678333,200k-1M,-0.013162552735749955
male,ES220,Navarra,2005,e65,17.8467579826235,17.859493,678333,200k-1M,-0.012735017376499513
male,ES220,Navarra,2006,e0,78.59663447349936,78.585267,678333,200k-1M,0.01136747349936229
male,ES220,Navarra,2006,e65,18.407314023932376,18.392864000000003,678333,200k-1M,0.014450023932372602
male,ES220,Navarra,2007,e0,78.98227753628099,79.00337599999999,678333,200k-1M,-0.021098463718999483
male,ES220,Navarra,2007,e65,18.27140045638269,18.294694,678333,200k-1M,-0.023293543617310064
male,ES220,Navarra,2008,e0,79.241744817202,79.238309,678333,200k-1M,0.003435817202003477
male,ES220,Navarra,2008,e65,18.32294358560532,18.316176000000002,678333,200k-1M,0.006767585605317095
male,ES220,Navarra,2009,e0,79.74880672965003,79.763012,678333,200k-1M,-0.014205270349975763
male,ES220,Navarra,2009,e65,18.631000620883327,18.645139999999998,678333,200k-1M,-0.014139379116670625
male,ES220,Navarra,2010,e0,80.7547434225813,80.751705,678333,200k-1M,0.0030384225812980503
male,ES220,Navarra,2010,e65,19.369065887244982,19.361515,678333,200k-1M,0.007550887244981652
male,ES220,Navarra,2011,e0,80.82005993626191,80.812739,678333,200k-1M,0.007320936261919542
male,ES220,Navarra,2011,e65,19.409391118559782,19.400595,678333,200k-1M,0.008796118559782684
male,ES220,Navarra,2012,e0,80.32756780920195,80.345127,678333,200k-1M,-0.017559190798053237
male,ES220,Navarra,2012,e65,19.136640600925187,19.152531,678333,200k-1M,-0.015890399074812933
male,ES220,Navarra,2013,e0,80.59385256710456,80.614039,678333,200k-1M,-0.020186432895442863
male,ES220,Navarra,2013,e65,19.38637365825316,19.407258000000002,678333,200k-1M,-0.02088434174684295
male,ES220,Navarra,2014,e0,80.61542519457973,80.62948699999998,678333,200k-1M,-0.014061805420254814
male,ES220,Navarra,2014,e65,19.434000169590675,19.449988,678333,200k-1M,-0.015987830409326165
male,ES220,Navarra,2015,e0,80.94531361176551,80.94243,678333,200k-1M,0.0028836117655117732
male,ES220,Navarra,2015,e65,19.282251102538655,19.276472,678333,200k-1M,0.005779102538657099
male,ES220,Navarra,2016,e0,81.09520749553184,81.089622,678333,200k-1M,0.005585495531832407
male,ES220,Navarra,2016,e65,19.28022763143366,19.273778999999998,678333,200k-1M,0.0064486314336633654
male,ES220,Navarra,2017,e0,81.06837689568091,81.049485,678333,200k-1M,0.018891895680908988
male,ES220,Navarra,2017,e65,19.28855326282968,19.264125,678333,200k-1M,0.024428262829680136
male,ES220,Navarra,2018,e0,81.44091538786681,81.44176200000001,678333,200k-1M,-8.466121332020293e-4
male,ES220,Navarra,2018,e65,19.77862192995929,19.780058,678333,200k-1M,-0.0014360700407110016
male,ES220,Navarra,2019,e0,82.08904434593452,82.10426600000001,678333,200k-1M,-0.015221654065484813
male,ES220,Navarra,2019,e65,20.124396580094015,20.138541999999998,678333,200k-1M,-0.014145419905982948
male,ES220,Navarra,2020,e0,80.69063362961495,80.70415400000002,678333,200k-1M,-0.013520370385066371
male,ES220,Navarra,2020,e65,18.94391612915903,18.954421,678333,200k-1M,-0.010504870840968294
male,ES220,Navarra,2021,e0,81.64507840787391,81.623564,678333,200k-1M,0.02151440787390868
male,ES220,Navarra,2021,e65,19.711483512386984,19.686024,678333,200k-1M,0.025459512386984073
male,ES220,Navarra,2022,e0,81.00569543990639,81.04902900000002,678333,200k-1M,-0.043333560093628876
male,ES220,Navarra,2022,e65,19.492894796633383,19.537719,678333,200k-1M,-0.04482420336661619
male,ES220,Navarra,2023,e0,82.276572547304,82.26862500000001,678333,200k-1M,0.007947547303984948
male,ES220,Navarra,2023,e65,20.273980563154396,20.264442999999996,678333,200k-1M,0.009537563154399464
male,ES220,Navarra,2024,e0,81.98314998404602,81.963368,678333,200k-1M,0.01978198404601983
male,ES220,Navarra,2024,e65,20.067867497721945,20.044557,678333,200k-1M,0.023310497721944046
male,ES230,La Rioja,2002,e0,77.17094848176049,77.132567,324184,200k-1M,0.03838148176049572
male,ES230,La Rioja,2002,e65,17.499811450691293,17.449122999999997,324184,200k-1M,0.050688450691296794
male,ES230,La Rioja,2003,e0,77.26694876265235,77.28357799999999,324184,200k-1M,-0.016629237347643766
male,ES230,La Rioja,2003,e65,17.378854028062094,17.395419999999998,324184,200k-1M,-0.016565971937904322
male,ES230,La Rioja,2004,e0,78.37265216950496,78.402859,324184,200k-1M,-0.030206830495046688
male,ES230,La Rioja,2004,e65,18.213869314644484,18.243277,324184,200k-1M,-0.02940768535551541
male,ES230,La Rioja,2005,e0,77.63495121241463,77.667508,324184,200k-1M,-0.03255678758536362
male,ES230,La Rioja,2005,e65,17.701970460129676,17.73669,324184,200k-1M,-0.0347195398703235
male,ES230,La Rioja,2006,e0,78.46284234900965,78.52900199999999,324184,200k-1M,-0.06615965099034327
male,ES230,La Rioja,2006,e65,18.056332273331307,18.129609,324184,200k-1M,-0.07327672666869134
male,ES230,La Rioja,2007,e0,77.91931955478218,77.95418300000001,324184,200k-1M,-0.03486344521783735
male,ES230,La Rioja,2007,e65,17.84083830427792,17.8817,324184,200k-1M,-0.04086169572207865
male,ES230,La Rioja,2008,e0,78.95246960043585,79.024962,324184,200k-1M,-0.07249239956415465
male,ES230,La Rioja,2008,e65,18.27471244121515,18.357363000000003,324184,200k-1M,-0.08265055878485228
male,ES230,La Rioja,2009,e0,79.54666329886169,79.554561,324184,200k-1M,-0.00789770113831878
male,ES230,La Rioja,2009,e65,18.68648600098018,18.694278000000004,324184,200k-1M,-0.007791999019822526
male,ES230,La Rioja,2010,e0,80.17094310085888,80.17970799999998,324184,200k-1M,-0.008764899141098681
male,ES230,La Rioja,2010,e65,18.95101048214949,18.958098,324184,200k-1M,-0.007087517850511205
male,ES230,La Rioja,2011,e0,79.84577991103463,79.85373499999999,324184,200k-1M,-0.007955088965360346
male,ES230,La Rioja,2011,e65,18.789205860399857,18.794304,324184,200k-1M,-0.00509813960014327
male,ES230,La Rioja,2012,e0,79.62061070920329,79.63223799999999,324184,200k-1M,-0.011627290796695888
male,ES230,La Rioja,2012,e65,18.45043949561741,18.464957000000002,324184,200k-1M,-0.01451750438259225
male,ES230,La Rioja,2013,e0,80.83386146067988,80.846494,324184,200k-1M,-0.01263253932012276
male,ES230,La Rioja,2013,e65,19.37881310697652,19.393513,324184,200k-1M,-0.014699893023479405
male,ES230,La Rioja,2014,e0,80.73023551641447,80.687286,324184,200k-1M,0.04294951641446687
male,ES230,La Rioja,2014,e65,19.448994685554812,19.397249,324184,200k-1M,0.05174568555481329
male,ES230,La Rioja,2015,e0,80.60399885295884,80.635849,324184,200k-1M,-0.03185014704115474
male,ES230,La Rioja,2015,e65,19.252070393622823,19.285463999999997,324184,200k-1M,-0.03339360637717448
male,ES230,La Rioja,2016,e0,81.19149300263214,81.18343199999998,324184,200k-1M,0.008061002632160807
male,ES230,La Rioja,2016,e65,19.460869106466717,19.451,324184,200k-1M,0.00986910646671646
male,ES230,La Rioja,2017,e0,80.93640455421095,80.90807,324184,200k-1M,0.028334554210957208
male,ES230,La Rioja,2017,e65,19.83329332058147,19.799568999999998,324184,200k-1M,0.033724320581470124
male,ES230,La Rioja,2018,e0,80.87022773010038,80.89736300000001,324184,200k-1M,-0.027135269899630998
male,ES230,La Rioja,2018,e65,19.199684329229274,19.226960000000002,324184,200k-1M,-0.027275670770727345
male,ES230,La Rioja,2019,e0,81.11757755306229,81.08887699999998,324184,200k-1M,0.028700553062307677
male,ES230,La Rioja,2019,e65,19.66694682297475,19.631833000000004,324184,200k-1M,0.03511382297474697
male,ES230,La Rioja,2020,e0,79.6410374082815,79.64496600000001,324184,200k-1M,-0.003928591718505459
male,ES230,La Rioja,2020,e65,18.38906847493284,18.390938000000002,324184,200k-1M,-0.001869525067160538
male,ES230,La Rioja,2021,e0,80.45508427241954,80.460571,324184,200k-1M,-0.005486727580461093
male,ES230,La Rioja,2021,e65,19.142829382363292,19.149106,324184,200k-1M,-0.0062766176367077264
male,ES230,La Rioja,2022,e0,80.41114146331758,80.46025000000002,324184,200k-1M,-0.04910853668243931
male,ES230,La Rioja,2022,e65,19.2773680950101,19.332748,324184,200k-1M,-0.05537990498989842
male,ES230,La Rioja,2023,e0,81.45016309234579,81.435257000000007,324184,200k-1M,0.01490609234578244
male,ES230,La Rioja,2023,e65,19.77457235406644,19.754641999999997,324184,200k-1M,0.01993035406644239
male,ES230,La Rioja,2024,e0,81.2701767876208,81.29623300000002,324184,200k-1M,-0.02605621237921696
male,ES230,La Rioja,2024,e65,19.931429231730053,19.960549999999998,324184,200k-1M,-0.029120768269944364
male,ES241,Huesca,2002,e0,77.4667196060529,77.49689300000001,228519,200k-1M,-0.03017339394710916
male,ES241,Huesca,2002,e65,17.666081964815774,17.697560000000003,228519,200k-1M,-0.03147803518422876
male,ES241,Huesca,2003,e0,77.94262792859435,77.97479,228519,200k-1M,-0.03216207140565075
male,ES241,Huesca,2003,e65,18.001357255575307,18.032429999999998,228519,200k-1M,-0.031072744424690768
male,ES241,Huesca,2004,e0,78.15315660645338,78.177605,228519,200k-1M,-0.02444839354662065
male,ES241,Huesca,2004,e65,18.44626870499283,18.475789999999996,228519,200k-1M,-0.029521295007167936
male,ES241,Huesca,2005,e0,78.62478151052284,78.636533,228519,200k-1M,-0.01175148947716309
male,ES241,Huesca,2005,e65,18.09898173790125,18.110308000000003,228519,200k-1M,-0.011326262098751982
male,ES241,Huesca,2006,e0,78.54161170859612,78.479,228519,200k-1M,0.06261170859612264
male,ES241,Huesca,2006,e65,18.215636188621666,18.141507,228519,200k-1M,0.07412918862166507
male,ES241,Huesca,2007,e0,79.41652638433469,79.38534699999998,228519,200k-1M,0.03117938433470613
male,ES241,Huesca,2007,e65,18.71675418470634,18.681605,228519,200k-1M,0.03514918470633788
male,ES241,Huesca,2008,e0,80.04951977483702,80.084998,228519,200k-1M,-0.03547822516297572
male,ES241,Huesca,2008,e65,19.035052186108356,19.070306,228519,200k-1M,-0.03525381389164295
male,ES241,Huesca,2009,e0,79.23105813402552,79.221432,228519,200k-1M,0.009626134025523925
male,ES241,Huesca,2009,e65,18.48854396672453,18.468493999999996,228519,200k-1M,0.020049966724535295
male,ES241,Huesca,2010,e0,79.84408227343573,79.867658,228519,200k-1M,-0.023575726564274646
male,ES241,Huesca,2010,e65,18.99082048423432,19.017698000000003,228519,200k-1M,-0.026877515765683313
male,ES241,Huesca,2011,e0,79.97804074791084,79.995721,228519,200k-1M,-0.017680252089164128
male,ES241,Huesca,2011,e65,19.257124089226387,19.274181000000002,228519,200k-1M,-0.01705691077361493
male,ES241,Huesca,2012,e0,80.51470094670658,80.49022900000003,228519,200k-1M,0.02447194670655506
male,ES241,Huesca,2012,e65,19.102499976436317,19.071474000000002,228519,200k-1M,0.03102597643631455
male,ES241,Huesca,2013,e0,80.60972378696638,80.62244599999998,228519,200k-1M,-0.012722213033597995
male,ES241,Huesca,2013,e65,19.705403160847126,19.719833,228519,200k-1M,-0.01442983915287499
male,ES241,Huesca,2014,e0,80.75041642122238,80.76122700000002,228519,200k-1M,-0.010810578777636692
male,ES241,Huesca,2014,e65,19.647563857184398,19.654118000000004,228519,200k-1M,-0.006554142815605957
male,ES241,Huesca,2015,e0,79.8276850054988,79.87087399999999,228519,200k-1M,-0.04318899450119318
male,ES241,Huesca,2015,e65,18.648224870901537,18.699149,228519,200k-1M,-0.05092412909846189
male,ES241,Huesca,2016,e0,79.9963804264823,79.94949300000002,228519,200k-1M,0.04688742648228583
male,ES241,Huesca,2016,e65,19.06441684408728,19.009607,228519,200k-1M,0.054809844087280624
male,ES241,Huesca,2017,e0,80.40348944143294,80.41596500000001,228519,200k-1M,-0.012475558567075495
male,ES241,Huesca,2017,e65,19.72695433033082,19.73849,228519,200k-1M,-0.011535669669179072
male,ES241,Huesca,2018,e0,80.65164920426918,80.63466700000001,228519,200k-1M,0.016982204269169188
male,ES241,Huesca,2018,e65,19.651670687958127,19.632489,228519,200k-1M,0.01918168795812747
male,ES241,Huesca,2019,e0,81.52816150701084,81.44521900000002,228519,200k-1M,0.08294250701081296
male,ES241,Huesca,2019,e65,20.04342175820508,19.946395999999996,228519,200k-1M,0.09702575820508486
male,ES241,Huesca,2020,e0,80.21180702840546,80.218791,228519,200k-1M,-0.006983971594536342
male,ES241,Huesca,2020,e65,18.821156774472087,18.826776,228519,200k-1M,-0.005619225527912164
male,ES241,Huesca,2021,e0,81.22717520832579,81.248032,228519,200k-1M,-0.02085679167420551
male,ES241,Huesca,2021,e65,19.536601891554405,19.555764,228519,200k-1M,-0.019162108445595294
male,ES241,Huesca,2022,e0,80.096048896327,80.12571699999998,228519,200k-1M,-0.02966810367297512
male,ES241,Huesca,2022,e65,19.406859562414418,19.434981000000004,228519,200k-1M,-0.02812143758558605
male,ES241,Huesca,2023,e0,81.73646191516846,81.69466400000002,228519,200k-1M,0.04179791516844489
male,ES241,Huesca,2023,e65,20.210168153923487,20.159857000000006,228519,200k-1M,0.050311153923480845
male,ES241,Huesca,2024,e0,81.82991717997163,81.811807,228519,200k-1M,0.01811017997162878
male,ES241,Huesca,2024,e65,20.31407928745494,20.289828,228519,200k-1M,0.024251287454941206
male,ES242,Teruel,2002,e0,78.67546523612462,78.62692999999999,135309,<200k,0.04853523612463562
male,ES242,Teruel,2002,e65,18.287198851540598,18.227386,135309,<200k,0.0598128515405989
male,ES242,Teruel,2003,e0,78.36414416372396,78.38236799999999,135309,<200k,-0.018223836276021643
male,ES242,Teruel,2003,e65,18.432160526057746,18.450665,135309,<200k,-0.018504473942254407
male,ES242,Teruel,2004,e0,78.03835908163447,77.96677199999999,135309,<200k,0.07158708163447614
male,ES242,Teruel,2004,e65,18.98446388376918,18.891947000000002,135309,<200k,0.09251688376917855
male,ES242,Teruel,2005,e0,78.27569430751304,78.26082900000002,135309,<200k,0.014865307513019843
male,ES242,Teruel,2005,e65,18.683811974573057,18.666972,135309,<200k,0.016839974573056082
male,ES242,Teruel,2006,e0,79.3440292869846,79.399017,135309,<200k,-0.05498771301540728
male,ES242,Teruel,2006,e65,19.001568435917886,19.065429999999996,135309,<200k,-0.06386156408211008
male,ES242,Teruel,2007,e0,78.55572762275145,78.59175300000001,135309,<200k,-0.03602537724856347
male,ES242,Teruel,2007,e65,18.752884045638385,18.790471999999998,135309,<200k,-0.03758795436161222
male,ES242,Teruel,2008,e0,80.09999710568175,80.05679099999999,135309,<200k,0.04320610568176164
male,ES242,Teruel,2008,e65,19.569819590529402,19.516662,135309,<200k,0.053157590529401944
male,ES242,Teruel,2009,e0,79.32492454721336,79.354761,135309,<200k,-0.02983645278663971
male,ES242,Teruel,2009,e65,19.085299582890578,19.112099,135309,<200k,-0.026799417109423018
male,ES242,Teruel,2010,e0,79.53055138801659,79.546131,135309,<200k,-0.015579611983412178
male,ES242,Teruel,2010,e65,19.286139925934947,19.299067,135309,<200k,-0.012927074065054
male,ES242,Teruel,2011,e0,79.44537600232951,79.396548,135309,<200k,0.048828002329514675
male,ES242,Teruel,2011,e65,19.084664450214845,19.027745999999997,135309,<200k,0.05691845021484809
male,ES242,Teruel,2012,e0,80.70210267988045,80.67860199999998,135309,<200k,0.023500679880470443
male,ES242,Teruel,2012,e65,19.21294803606659,19.179992000000002,135309,<200k,0.03295603606658659
male,ES242,Teruel,2013,e0,79.85441582713887,79.872615,135309,<200k,-0.01819917286113082
male,ES242,Teruel,2013,e65,19.74265554275108,19.758511999999996,135309,<200k,-0.01585645724891549
male,ES242,Teruel,2014,e0,80.77891999505107,80.756936,135309,<200k,0.02198399505107318
male,ES242,Teruel,2014,e65,19.5699708230962,19.543532999999996,135309,<200k,0.02643782309620235
male,ES242,Teruel,2015,e0,80.67408243046884,80.676244,135309,<200k,-0.002161569531153873
male,ES242,Teruel,2015,e65,19.243984600705126,19.245005999999997,135309,<200k,-0.0010213992948706618
male,ES242,Teruel,2016,e0,80.70685323657902,80.637761,135309,<200k,0.0690922365790243
male,ES242,Teruel,2016,e65,19.934307155893062,19.857472,135309,<200k,0.07683515589306111
male,ES242,Teruel,2017,e0,81.08324127272432,80.94727200000001,135309,<200k,0.13596927272431003
male,ES242,Teruel,2017,e65,19.498388166740384,19.346581999999998,135309,<200k,0.1518061667403856
male,ES242,Teruel,2018,e0,81.27063629812628,81.252204,135309,<200k,0.018432298126271007
male,ES242,Teruel,2018,e65,19.597930974063324,19.576184,135309,<200k,0.02174697406332271
male,ES242,Teruel,2019,e0,82.08337479965118,82.072265,135309,<200k,0.011109799651180197
male,ES242,Teruel,2019,e65,19.90598777939899,19.889833,135309,<200k,0.016154779398991792
male,ES242,Teruel,2020,e0,80.03237033738844,80.012551,135309,<200k,0.019819337388440772
male,ES242,Teruel,2020,e65,18.934410181705115,18.906542999999996,135309,<200k,0.027867181705119037
male,ES242,Teruel,2021,e0,81.186353764942,81.206395,135309,<200k,-0.02004123505800237
male,ES242,Teruel,2021,e65,19.995722276418025,20.012765,135309,<200k,-0.01704272358197656
male,ES242,Teruel,2022,e0,80.22202069462503,80.27640699999999,135309,<200k,-0.05438630537496181
male,ES242,Teruel,2022,e65,19.03772455789982,19.093785,135309,<200k,-0.05606044210017913
male,ES242,Teruel,2023,e0,81.38692718372123,81.42921900000002,135309,<200k,-0.04229181627879086
male,ES242,Teruel,2023,e65,20.404950423497013,20.451486,135309,<200k,-0.04653557650298623
male,ES242,Teruel,2024,e0,81.5943162695781,81.59967,135309,<200k,-0.005353730421902014
male,ES242,Teruel,2024,e65,20.130460906896026,20.135373,135309,<200k,-0.004912093103975224
male,ES243,Zaragoza,2002,e0,76.92631425436898,76.955754,987763,200k-1M,-0.029439745631023584
male,ES243,Zaragoza,2002,e65,17.081582200330256,17.113596,987763,200k-1M,-0.032013799669744714
male,ES243,Zaragoza,2003,e0,76.80013973793089,76.837187,987763,200k-1M,-0.03704726206910891
male,ES243,Zaragoza,2003,e65,16.9166941138788,16.958628999999995,987763,200k-1M,-0.04193488612119367
male,ES243,Zaragoza,2004,e0,76.59390091706724,76.621228,987763,200k-1M,-0.027327082932757207
male,ES243,Zaragoza,2004,e65,17.134142762897937,17.164946,987763,200k-1M,-0.030803237102063008
male,ES243,Zaragoza,2005,e0,77.22690862079958,77.263886,987763,200k-1M,-0.03697737920042243
male,ES243,Zaragoza,2005,e65,17.30119838206038,17.343145,987763,200k-1M,-0.04194661793961885
male,ES243,Zaragoza,2006,e0,78.16646545148238,78.18283599999998,987763,200k-1M,-0.01637054851759956
male,ES243,Zaragoza,2006,e65,17.683050180493417,17.69621,987763,200k-1M,-0.013159819506583403
male,ES243,Zaragoza,2007,e0,77.79205726481311,77.841348,987763,200k-1M,-0.049290735186886536
male,ES243,Zaragoza,2007,e65,17.63184080654777,17.688191999999997,987763,200k-1M,-0.056351193452226056
male,ES243,Zaragoza,2008,e0,78.65083735777219,78.665161,987763,200k-1M,-0.014323642227807909
male,ES243,Zaragoza,2008,e65,17.978344955687806,17.992825,987763,200k-1M,-0.01448004431219374
male,ES243,Zaragoza,2009,e0,78.76611959200169,78.79021300000002,987763,200k-1M,-0.024093407998336147
male,ES243,Zaragoza,2009,e65,17.98009629878795,18.004301,987763,200k-1M,-0.02420470121205298
male,ES243,Zaragoza,2010,e0,79.08413734589143,79.113135,987763,200k-1M,-0.02899765410856503
male,ES243,Zaragoza,2010,e65,18.3463062368479,18.376739999999998,987763,200k-1M,-0.03043376315209656
male,ES243,Zaragoza,2011,e0,79.19646139169616,79.23725600000002,987763,200k-1M,-0.040794608303855284
male,ES243,Zaragoza,2011,e65,18.324944897417463,18.371234,987763,200k-1M,-0.04628910258253782
male,ES243,Zaragoza,2012,e0,79.61069117937132,79.614354,987763,200k-1M,-0.0036628206286906106
male,ES243,Zaragoza,2012,e65,18.51231753709918,18.513116,987763,200k-1M,-7.984629008213062e-4
male,ES243,Zaragoza,2013,e0,79.99507137177353,80.034745,987763,200k-1M,-0.03967362822646692
male,ES243,Zaragoza,2013,e65,18.816795000614473,18.862239999999996,987763,200k-1M,-0.04544499938552349
male,ES243,Zaragoza,2014,e0,79.72487159148832,79.73156300000002,987763,200k-1M,-0.006691408511699137
male,ES243,Zaragoza,2014,e65,18.872315042045628,18.878415,987763,200k-1M,-0.00609995795437257
male,ES243,Zaragoza,2015,e0,79.77258437136342,79.781743,987763,200k-1M,-0.009158628636583899
male,ES243,Zaragoza,2015,e65,18.50671387070734,18.517105000000004,987763,200k-1M,-0.010391129292663948
male,ES243,Zaragoza,2016,e0,80.34701409556506,80.35344099999999,987763,200k-1M,-0.006426904434931657
male,ES243,Zaragoza,2016,e65,18.966759064611562,18.971529999999998,987763,200k-1M,-0.00477093538843576
male,ES243,Zaragoza,2017,e0,80.31178073437019,80.30207699999998,987763,200k-1M,0.009703734370205552
male,ES243,Zaragoza,2017,e65,19.019154402913415,19.007724,987763,200k-1M,0.01143040291341535
male,ES243,Zaragoza,2018,e0,80.61923348914901,80.58248799999998,987763,200k-1M,0.036745489149026866
male,ES243,Zaragoza,2018,e65,19.135277420861385,19.091553,987763,200k-1M,0.04372442086138406
male,ES243,Zaragoza,2019,e0,81.1239644895642,81.085865,987763,200k-1M,0.03809948956420328
male,ES243,Zaragoza,2019,e65,19.423513236157053,19.379151000000004,987763,200k-1M,0.04436223615704904
male,ES243,Zaragoza,2020,e0,79.56448081639688,79.588573,987763,200k-1M,-0.02409218360311627
male,ES243,Zaragoza,2020,e65,18.111351293434787,18.137704000000003,987763,200k-1M,-0.026352706565216266
male,ES243,Zaragoza,2021,e0,80.28314361795108,80.29311000000001,987763,200k-1M,-0.009966382048929745
male,ES243,Zaragoza,2021,e65,18.81454717390173,18.823887000000003,987763,200k-1M,-0.009339826098273107
male,ES243,Zaragoza,2022,e0,80.20033382111487,80.21661600000002,987763,200k-1M,-0.016282178885148824
male,ES243,Zaragoza,2022,e65,18.893652441553698,18.911239,987763,200k-1M,-0.017586558446300415
male,ES243,Zaragoza,2023,e0,81.08732608266716,81.08834599999999,987763,200k-1M,-0.0010199173328260258
male,ES243,Zaragoza,2023,e65,19.540104262234156,19.540618999999996,987763,200k-1M,-5.147377658403229e-4
male,ES243,Zaragoza,2024,e0,81.72678625978735,81.68811699999999,987763,200k-1M,0.038669259787354804
male,ES243,Zaragoza,2024,e65,19.95973549167088,19.916167,987763,200k-1M,0.04356849167087873
male,ES300,Madrid,2002,e0,77.22466254378269,77.24609300000002,7009268,>1M,-0.021430456217331084
male,ES300,Madrid,2002,e65,17.229741725204523,17.251968000000005,7009268,>1M,-0.022226274795482226
male,ES300,Madrid,2003,e0,77.11926465114914,77.1519,7009268,>1M,-0.03263534885086017
male,ES300,Madrid,2003,e65,17.153081255472454,17.188977,7009268,>1M,-0.03589574452754718
male,ES300,Madrid,2004,e0,77.86839818367854,77.89309300000001,7009268,>1M,-0.02469481632147108
male,ES300,Madrid,2004,e65,17.63161423540167,17.657479000000002,7009268,>1M,-0.025864764598331647
male,ES300,Madrid,2005,e0,78.13565735113029,78.151951,7009268,>1M,-0.016293648869705635
male,ES300,Madrid,2005,e65,17.681881651508277,17.698441,7009268,>1M,-0.016559348491721693
male,ES300,Madrid,2006,e0,78.69093443000861,78.717532,7009268,>1M,-0.026597569991395176
male,ES300,Madrid,2006,e65,18.178303379133425,18.206404,7009268,>1M,-0.02810062086657439
male,ES300,Madrid,2007,e0,78.77568995251903,78.78462900000002,7009268,>1M,-0.008939047480993167
male,ES300,Madrid,2007,e65,18.17549600397503,18.182892,7009268,>1M,-0.007395996024968099
male,ES300,Madrid,2008,e0,79.34582358988983,79.364757,7009268,>1M,-0.018933410110165028
male,ES300,Madrid,2008,e65,18.44889492880029,18.468601999999994,7009268,>1M,-0.019707071199704274
male,ES300,Madrid,2009,e0,79.80332018315441,79.818952,7009268,>1M,-0.015631816845584012
male,ES300,Madrid,2009,e65,18.81537335529086,18.831531000000002,7009268,>1M,-0.016157644709142716
male,ES300,Madrid,2010,e0,80.36628164064581,80.366592,7009268,>1M,-3.1035935418799454e-4
male,ES300,Madrid,2010,e65,19.120886922750934,19.120397,7009268,>1M,4.899227509334025e-4
male,ES300,Madrid,2011,e0,80.6665635865324,80.67672699999999,7009268,>1M,-0.01016341346758054
male,ES300,Madrid,2011,e65,19.284682570232192,19.294328999999998,7009268,>1M,-0.009646429767805387
male,ES300,Madrid,2012,e0,80.79751781770872,80.80317199999999,7009268,>1M,-0.005654182291266352
male,ES300,Madrid,2012,e65,19.49348669006658,19.498555,7009268,>1M,-0.005068309933420778
male,ES300,Madrid,2013,e0,81.24316612652436,81.234938,7009268,>1M,0.008228126524358004
male,ES300,Madrid,2013,e65,19.727346743770244,19.71663,7009268,>1M,0.010716743770245785
male,ES300,Madrid,2014,e0,81.44605174184044,81.43700400000002,7009268,>1M,0.009047741840419121
male,ES300,Madrid,2014,e65,19.89182518885039,19.880018999999997,7009268,>1M,0.011806188850393085
male,ES300,Madrid,2015,e0,81.14796503925363,81.14973599999999,7009268,>1M,-0.001770960746355854
male,ES300,Madrid,2015,e65,19.607041516713835,19.608463,7009268,>1M,-0.0014214832861654259
male,ES300,Madrid,2016,e0,81.75225694891161,81.74221600000001,7009268,>1M,0.010040948911594683
male,ES300,Madrid,2016,e65,20.04703777478514,20.034188000000004,7009268,>1M,0.012849774785134827
male,ES300,Madrid,2017,e0,81.86505776840289,81.850513,7009268,>1M,0.014544768402885211
male,ES300,Madrid,2017,e65,20.04273097227234,20.025188999999997,7009268,>1M,0.017541972272343997
male,ES300,Madrid,2018,e0,82.05743341410103,82.000691,7009268,>1M,0.05674241410102354
male,ES300,Madrid,2018,e65,20.292363021053863,20.228215999999996,7009268,>1M,0.06414702105386638
male,ES300,Madrid,2019,e0,82.40732181643051,82.332296,7009268,>1M,0.07502581643051087
male,ES300,Madrid,2019,e65,20.485500520967825,20.400882,7009268,>1M,0.08461852096782607
male,ES300,Madrid,2020,e0,79.3624576111686,79.37258399999999,7009268,>1M,-0.010126388831395161
male,ES300,Madrid,2020,e65,17.71841087844134,17.729091999999998,7009268,>1M,-0.010681121558658191
male,ES300,Madrid,2021,e0,81.7427064984725,81.72332999999999,7009268,>1M,0.01937649847251066
male,ES300,Madrid,2021,e65,19.90265041563246,19.879725999999998,7009268,>1M,0.02292441563246328
male,ES300,Madrid,2022,e0,82.08338954534368,82.083449,7009268,>1M,-5.945465632350988e-5
male,ES300,Madrid,2022,e65,20.280735708255094,20.279376,7009268,>1M,0.0013597082550944606
male,ES300,Madrid,2023,e0,82.97730105467589,82.922233,7009268,>1M,0.05506805467588549
male,ES300,Madrid,2023,e65,20.91746324063414,20.855698,7009268,>1M,0.06176524063414135
male,ES300,Madrid,2024,e0,83.13191558563355,83.074073,7009268,>1M,0.05784258563355138
male,ES300,Madrid,2024,e65,21.059443176529925,20.995158999999997,7009268,>1M,0.06428417652992735
male,ES411,Avila,2002,e0,76.81489750164063,76.827906,160463,<200k,-0.013008498359369014
male,ES411,Avila,2002,e65,18.371344868584142,18.381671,160463,<200k,-0.010326131415858697
male,ES411,Avila,2003,e0,78.17886354827748,78.17917799999998,160463,<200k,-3.1445172250244013e-4
male,ES411,Avila,2003,e65,18.336298514331926,18.333255000000005,160463,<200k,0.00304351433192096
male,ES411,Avila,2004,e0,78.518961638983,78.53806900000001,160463,<200k,-0.019107361017006497
male,ES411,Avila,2004,e65,18.052265425520854,18.069074,160463,<200k,-0.016808574479146188
male,ES411,Avila,2005,e0,78.12193452853381,78.154517,160463,<200k,-0.03258247146618487
male,ES411,Avila,2005,e65,18.40686915014157,18.447523999999998,160463,<200k,-0.040654849858427156
male,ES411,Avila,2006,e0,78.1264144695895,78.15778499999999,160463,<200k,-0.03137053041048432
male,ES411,Avila,2006,e65,18.607143506770147,18.646800000000002,160463,<200k,-0.03965649322985598
male,ES411,Avila,2007,e0,78.5327066268485,78.54066100000001,160463,<200k,-0.007954373151520144
male,ES411,Avila,2007,e65,18.554971428346672,18.562533999999996,160463,<200k,-0.007562571653323857
male,ES411,Avila,2008,e0,79.74302080237833,79.76301000000001,160463,<200k,-0.019989197621683275
male,ES411,Avila,2008,e65,19.184571702433832,19.205516999999997,160463,<200k,-0.02094529756616481
male,ES411,Avila,2009,e0,80.3999923579598,80.37989699999999,160463,<200k,0.02009535795981776
male,ES411,Avila,2009,e65,19.460633100289566,19.437859000000003,160463,<200k,0.022774100289563393
male,ES411,Avila,2010,e0,79.17330057067066,79.189844,160463,<200k,-0.016543429329331616
male,ES411,Avila,2010,e65,18.925839852007044,18.946987,160463,<200k,-0.021147147992955695
male,ES411,Avila,2011,e0,80.6473831768757,80.65627699999999,160463,<200k,-0.008893823124282108
male,ES411,Avila,2011,e65,19.503038557415948,19.508595,160463,<200k,-0.005556442584051524
male,ES411,Avila,2012,e0,80.71234470969362,80.733677,160463,<200k,-0.021332290306375512
male,ES411,Avila,2012,e65,19.259674527299726,19.282677999999997,160463,<200k,-0.023003472700271033
male,ES411,Avila,2013,e0,80.05682814469107,80.012828,160463,<200k,0.0440001446910685
male,ES411,Avila,2013,e65,19.18022900852944,19.126798,160463,<200k,0.05343100852944005
male,ES411,Avila,2014,e0,80.60892811143987,80.614798,160463,<200k,-0.005869888560127379
male,ES411,Avila,2014,e65,19.405476345603436,19.40919,160463,<200k,-0.0037136543965630153
male,ES411,Avila,2015,e0,79.79139801989713,79.765917,160463,<200k,0.025481019897128476
male,ES411,Avila,2015,e65,19.53840456442894,19.507713,160463,<200k,0.03069156442894183
male,ES411,Avila,2016,e0,81.26476486080948,81.264838,160463,<200k,-7.313919051910034e-5
male,ES411,Avila,2016,e65,19.736999680842715,19.73284,160463,<200k,0.004159680842715119
male,ES411,Avila,2017,e0,81.33608779928812,81.302203,160463,<200k,0.03388479928811705
male,ES411,Avila,2017,e65,19.514192118107584,19.471351000000002,160463,<200k,0.04284111810758162
male,ES411,Avila,2018,e0,81.24263083111093,81.08336999999999,160463,<200k,0.15926083111094158
male,ES411,Avila,2018,e65,20.345195216022077,20.160531999999996,160463,<200k,0.1846632160220807
male,ES411,Avila,2019,e0,81.22033544050744,81.15047999999999,160463,<200k,0.06985544050745318
male,ES411,Avila,2019,e65,19.688838854145192,19.603554000000003,160463,<200k,0.08528485414518983
male,ES411,Avila,2020,e0,79.82576180509858,79.81726200000001,160463,<200k,0.008499805098566071
male,ES411,Avila,2020,e65,18.59087871348246,18.580052,160463,<200k,0.010826713482462225
male,ES411,Avila,2021,e0,80.74438799676354,80.734368,160463,<200k,0.010019996763531935
male,ES411,Avila,2021,e65,19.76715004638899,19.751585000000002,160463,<200k,0.015565046388989145
male,ES411,Avila,2022,e0,81.40351986885462,81.43472700000001,160463,<200k,-0.03120713114539342
male,ES411,Avila,2022,e65,19.764272021405528,19.796485,160463,<200k,-0.032212978594472474
male,ES411,Avila,2023,e0,82.48065642506951,82.44148400000002,160463,<200k,0.03917242506949492
male,ES411,Avila,2023,e65,20.51332476920936,20.466472999999997,160463,<200k,0.046851769209361294
male,ES411,Avila,2024,e0,82.06760357245334,81.988422,160463,<200k,0.07918157245333646
male,ES411,Avila,2024,e65,20.259061118949973,20.170756,160463,<200k,0.08830511894997173
male,ES412,Burgos,2002,e0,77.36617876114788,77.359605,359740,200k-1M,0.006573761147876667
male,ES412,Burgos,2002,e65,17.784681774629902,17.77469,359740,200k-1M,0.00999177462990275
male,ES412,Burgos,2003,e0,77.44008584742093,77.462498,359740,200k-1M,-0.022412152579065037
male,ES412,Burgos,2003,e65,17.867148725501355,17.888904,359740,200k-1M,-0.021755274498644894
male,ES412,Burgos,2004,e0,78.76205019564723,78.79450300000002,359740,200k-1M,-0.0324528043527863
male,ES412,Burgos,2004,e65,18.563068321275658,18.597203,359740,200k-1M,-0.03413467872434239
male,ES412,Burgos,2005,e0,77.2349754759843,77.24492600000002,359740,200k-1M,-0.009950524015721385
male,ES412,Burgos,2005,e65,17.737248322290586,17.750011,359740,200k-1M,-0.012762677709414305
male,ES412,Burgos,2006,e0,78.88767717721528,78.86762700000001,359740,200k-1M,0.020050177215267695
male,ES412,Burgos,2006,e65,18.710167356365154,18.685271999999998,359740,200k-1M,0.02489535636515683
male,ES412,Burgos,2007,e0,78.89754746725434,78.94732100000002,359740,200k-1M,-0.0497735327456752
male,ES412,Burgos,2007,e65,18.65911170049742,18.720035,359740,200k-1M,-0.06092329950257991
male,ES412,Burgos,2008,e0,78.73751384103339,78.73643,359740,200k-1M,0.0010838410333917636
male,ES412,Burgos,2008,e65,18.461513288916365,18.458995,359740,200k-1M,0.002518288916363076
male,ES412,Burgos,2009,e0,79.17411620917123,79.15162900000001,359740,200k-1M,0.02248720917121716
male,ES412,Burgos,2009,e65,18.585344278512352,18.557331,359740,200k-1M,0.02801327851235058
male,ES412,Burgos,2010,e0,80.14297678312768,80.17398999999999,359740,200k-1M,-0.031013216872310068
male,ES412,Burgos,2010,e65,19.178024423836177,19.213807000000003,359740,200k-1M,-0.0357825761638253
male,ES412,Burgos,2011,e0,80.1704591808655,80.179116,359740,200k-1M,-0.008656819134486682
male,ES412,Burgos,2011,e65,19.427891079668168,19.435063,359740,200k-1M,-0.0071719203318316715
male,ES412,Burgos,2012,e0,79.53765132409607,79.601007,359740,200k-1M,-0.06335567590392088
male,ES412,Burgos,2012,e65,18.90361261577935,18.977875000000004,359740,200k-1M,-0.07426238422065623
male,ES412,Burgos,2013,e0,80.57999979628731,80.598368,359740,200k-1M,-0.018368203712682885
male,ES412,Burgos,2013,e65,19.364819753098516,19.38447,359740,200k-1M,-0.019650246901484536
male,ES412,Burgos,2014,e0,80.46251758118339,80.440437,359740,200k-1M,0.022080581183388404
male,ES412,Burgos,2014,e65,19.273044164210155,19.242192999999997,359740,200k-1M,0.030851164210158544
male,ES412,Burgos,2015,e0,81.1706749370199,81.20634199999999,359740,200k-1M,-0.03566706298009592
male,ES412,Burgos,2015,e65,19.582552276731068,19.617705000000004,359740,200k-1M,-0.03515272326893637
male,ES412,Burgos,2016,e0,81.17688304193084,81.135593,359740,200k-1M,0.04129004193083574
male,ES412,Burgos,2016,e65,19.778320571081657,19.725136999999997,359740,200k-1M,0.05318357108166083
male,ES412,Burgos,2017,e0,81.07734255865515,81.07246999999998,359740,200k-1M,0.004872558655165449
male,ES412,Burgos,2017,e65,19.842440207067575,19.834705000000003,359740,200k-1M,0.007735207067572247
male,ES412,Burgos,2018,e0,81.40332767697258,81.346887,359740,200k-1M,0.056440676972584924
male,ES412,Burgos,2018,e65,20.14885996504246,20.083581999999996,359740,200k-1M,0.06527796504246197
male,ES412,Burgos,2019,e0,81.70037988235492,81.61799500000001,359740,200k-1M,0.08238488235491559
male,ES412,Burgos,2019,e65,20.042655126607237,19.950022999999998,359740,200k-1M,0.09263212660723852
male,ES412,Burgos,2020,e0,80.24128866311186,80.27545099999999,359740,200k-1M,-0.034162336888130085
male,ES412,Burgos,2020,e65,18.427654920924862,18.461603999999998,359740,200k-1M,-0.03394907907513556
male,ES412,Burgos,2021,e0,81.58557895186503,81.588233,359740,200k-1M,-0.0026540481349712763
male,ES412,Burgos,2021,e65,19.89148541768565,19.893078000000003,359740,200k-1M,-0.001592582314351887
male,ES412,Burgos,2022,e0,81.0076606336597,81.045085,359740,200k-1M,-0.03742436634030355
male,ES412,Burgos,2022,e65,19.597258511088583,19.639284000000004,359740,200k-1M,-0.04202548891142044
male,ES412,Burgos,2023,e0,81.7318079316667,81.724897,359740,200k-1M,0.006910931666695319
male,ES412,Burgos,2023,e65,19.808976234058484,19.799488999999998,359740,200k-1M,0.009487234058486393
male,ES412,Burgos,2024,e0,81.94147190938216,81.93806900000001,359740,200k-1M,0.0034029093821459355
male,ES412,Burgos,2024,e65,20.422942675450173,20.415918,359740,200k-1M,0.0070246754501717135
male,ES413,Leon,2002,e0,77.53611600174516,77.523951,447802,200k-1M,0.012165001745159998
male,ES413,Leon,2002,e65,17.822269430979475,17.804513,447802,200k-1M,0.017756430979474658
male,ES413,Leon,2003,e0,76.97826861935756,77.01412200000001,447802,200k-1M,-0.03585338064245036
male,ES413,Leon,2003,e65,17.695149226053868,17.737083000000002,447802,200k-1M,-0.04193377394613407
male,ES413,Leon,2004,e0,77.27892545248358,77.30279199999998,447802,200k-1M,-0.02386654751640549
male,ES413,Leon,2004,e65,17.93660869665189,17.966455999999997,447802,200k-1M,-0.029847303348105925
male,ES413,Leon,2005,e0,77.4886561284012,77.50791500000001,447802,200k-1M,-0.019258871598808014
male,ES413,Leon,2005,e65,18.092080478211663,18.112108000000003,447802,200k-1M,-0.020027521788339442
male,ES413,Leon,2006,e0,78.12790844150973,78.164383,447802,200k-1M,-0.03647455849026926
male,ES413,Leon,2006,e65,18.620997378892373,18.663105,447802,200k-1M,-0.042107621107629
male,ES413,Leon,2007,e0,77.67135949181421,77.749402,447802,200k-1M,-0.0780425081857885
male,ES413,Leon,2007,e65,18.054459038799383,18.144398000000002,447802,200k-1M,-0.08993896120061962
male,ES413,Leon,2008,e0,78.75284969312602,78.735976,447802,200k-1M,0.01687369312602982
male,ES413,Leon,2008,e65,18.777689548413985,18.757544,447802,200k-1M,0.020145548413985637
male,ES413,Leon,2009,e0,79.25452634185282,79.23150100000001,447802,200k-1M,0.023025341852815018
male,ES413,Leon,2009,e65,18.835210242958418,18.804065000000005,447802,200k-1M,0.031145242958412922
male,ES413,Leon,2010,e0,79.18714540588692,79.200005,447802,200k-1M,-0.01285959411308113
male,ES413,Leon,2010,e65,18.838982726546668,18.848934,447802,200k-1M,-0.009951273453332021
male,ES413,Leon,2011,e0,79.93262480782992,79.89922100000001,447802,200k-1M,0.033403807829913035
male,ES413,Leon,2011,e65,19.61904007701628,19.578847,447802,200k-1M,0.04019307701627994
male,ES413,Leon,2012,e0,79.78316017298184,79.78392400000001,447802,200k-1M,-7.638270181757889e-4
male,ES413,Leon,2012,e65,19.22584197411329,19.226935,447802,200k-1M,-0.0010930258867105636
male,ES413,Leon,2013,e0,79.90035262676685,79.896761,447802,200k-1M,0.0035916267668483215
male,ES413,Leon,2013,e65,19.290039700248457,19.283509999999996,447802,200k-1M,0.006529700248460557
male,ES413,Leon,2014,e0,80.29866485001716,80.289701,447802,200k-1M,0.008963850017167374
male,ES413,Leon,2014,e65,19.351675025251424,19.341023,447802,200k-1M,0.01065202525142439
male,ES413,Leon,2015,e0,80.75537662941457,80.77500199999999,447802,200k-1M,-0.019625370585416135
male,ES413,Leon,2015,e65,19.44723903947885,19.469285999999997,447802,200k-1M,-0.022046960521148407
male,ES413,Leon,2016,e0,80.43122816138198,80.39501,447802,200k-1M,0.03621816138198142
male,ES413,Leon,2016,e65,19.765495295425627,19.721598,447802,200k-1M,0.04389729542562648
male,ES413,Leon,2017,e0,81.04079968029464,81.006508,447802,200k-1M,0.034291680294643356
male,ES413,Leon,2017,e65,19.58282986702844,19.539975000000005,447802,200k-1M,0.042854867028434995
male,ES413,Leon,2018,e0,80.7850119320616,80.769636,447802,200k-1M,0.015375932061587605
male,ES413,Leon,2018,e65,19.57013482716935,19.5521,447802,200k-1M,0.018034827169351786
male,ES413,Leon,2019,e0,80.93887595916624,80.89606900000001,447802,200k-1M,0.0428069591662279
male,ES413,Leon,2019,e65,19.574550328578386,19.52321,447802,200k-1M,0.05134032857838733
male,ES413,Leon,2020,e0,79.65576379122028,79.716476,447802,200k-1M,-0.06071220877971939
male,ES413,Leon,2020,e65,18.174978660632746,18.239890000000003,447802,200k-1M,-0.06491133936725646
male,ES413,Leon,2021,e0,80.61714585347866,80.585194,447802,200k-1M,0.031951853478659586
male,ES413,Leon,2021,e65,19.479175503136467,19.440500999999998,447802,200k-1M,0.038674503136469696
male,ES413,Leon,2022,e0,80.42375568289367,80.45038199999999,447802,200k-1M,-0.02662631710632013
male,ES413,Leon,2022,e65,19.08385597745718,19.113936000000002,447802,200k-1M,-0.030080022542822604
male,ES413,Leon,2023,e0,81.48959684126848,81.46021900000002,447802,200k-1M,0.029377841268455995
male,ES413,Leon,2023,e65,20.27835571166302,20.244191,447802,200k-1M,0.0341647116630206
male,ES413,Leon,2024,e0,81.02778367626892,81.006759,447802,200k-1M,0.02102467626892235
male,ES413,Leon,2024,e65,20.01158056931628,19.983268999999996,447802,200k-1M,0.028311569316283425
male,ES414,Palencia,2002,e0,76.01764948679713,76.034412,158063,<200k,-0.01676251320287747
male,ES414,Palencia,2002,e65,17.308127893543677,17.321061000000004,158063,<200k,-0.012933106456326726
male,ES414,Palencia,2003,e0,76.76088730600877,76.755539,158063,<200k,0.00534830600877001
male,ES414,Palencia,2003,e65,17.164501887218087,17.156174000000004,158063,<200k,0.008327887218083418
male,ES414,Palencia,2004,e0,77.13357852699434,77.15084399999999,158063,<200k,-0.017265473005650733
male,ES414,Palencia,2004,e65,17.636312171710376,17.654378000000005,158063,<200k,-0.018065828289628882
male,ES414,Palencia,2005,e0,76.86228165365655,76.83792600000001,158063,<200k,0.02435565365654213
male,ES414,Palencia,2005,e65,17.363693928456605,17.333987000000004,158063,<200k,0.02970692845660139
male,ES414,Palencia,2006,e0,77.66513778665639,77.67477399999999,158063,<200k,-0.009636213343597433
male,ES414,Palencia,2006,e65,17.899328609308135,17.906478,158063,<200k,-0.00714939069186471
male,ES414,Palencia,2007,e0,77.25280283829721,77.27243999999999,158063,<200k,-0.019637161702775074
male,ES414,Palencia,2007,e65,17.44279315441156,17.463085999999997,158063,<200k,-0.020292845588436137
male,ES414,Palencia,2008,e0,78.88714186207736,78.951147,158063,<200k,-0.06400513792264917
male,ES414,Palencia,2008,e65,18.226064350721167,18.301965000000006,158063,<200k,-0.07590064927883944
male,ES414,Palencia,2009,e0,77.87010844950153,77.85287299999999,158063,<200k,0.01723544950154121
male,ES414,Palencia,2009,e65,18.396200866471087,18.370796,158063,<200k,0.02540486647108864
male,ES414,Palencia,2010,e0,78.29967101562343,78.343098,158063,<200k,-0.043426984376566224
male,ES414,Palencia,2010,e65,18.475395194155023,18.522335999999996,158063,<200k,-0.04694080584497229
male,ES414,Palencia,2011,e0,79.24177052791457,79.21422600000002,158063,<200k,0.027544527914542982
male,ES414,Palencia,2011,e65,19.089355754901216,19.058559,158063,<200k,0.030796754901217582
male,ES414,Palencia,2012,e0,79.14470165116359,79.15601799999999,158063,<200k,-0.011316348836402312
male,ES414,Palencia,2012,e65,18.372739796806226,18.387272,158063,<200k,-0.014532203193773796
male,ES414,Palencia,2013,e0,80.33437019935246,80.283812,158063,<200k,0.05055819935246575
male,ES414,Palencia,2013,e65,18.93095649292797,18.872429999999998,158063,<200k,0.05852649292797096
male,ES414,Palencia,2014,e0,79.19760499162366,79.196531,158063,<200k,0.0010739916236701674
male,ES414,Palencia,2014,e65,18.32610707738342,18.322553,158063,<200k,0.0035540773834199513
male,ES414,Palencia,2015,e0,80.00350403116772,80.01780500000001,158063,<200k,-0.014300968832287708
male,ES414,Palencia,2015,e65,18.664419754361667,18.675991000000003,158063,<200k,-0.011571245638336336
male,ES414,Palencia,2016,e0,79.94648160735315,79.97922700000001,158063,<200k,-0.03274539264685927
male,ES414,Palencia,2016,e65,18.601322595715978,18.635379,158063,<200k,-0.03405640428402279
male,ES414,Palencia,2017,e0,79.97845522151539,79.96899300000001,158063,<200k,0.009462221515377678
male,ES414,Palencia,2017,e65,18.91834266932347,18.906246999999997,158063,<200k,0.012095669323471725
male,ES414,Palencia,2018,e0,80.25525214877636,80.271461,158063,<200k,-0.01620885122363802
male,ES414,Palencia,2018,e65,19.03751206305136,19.054431,158063,<200k,-0.016918936948641772
male,ES414,Palencia,2019,e0,80.08542110195879,80.07992999999999,158063,<200k,0.005491101958796207
male,ES414,Palencia,2019,e65,19.235236317935964,19.224816,158063,<200k,0.010420317935963652
male,ES414,Palencia,2020,e0,78.22060558804914,78.239728,158063,<200k,-0.019122411950860396
male,ES414,Palencia,2020,e65,17.236822356392718,17.25751,158063,<200k,-0.020687643607281814
male,ES414,Palencia,2021,e0,79.43987412032716,79.422367,158063,<200k,0.01750712032716706
male,ES414,Palencia,2021,e65,18.26186316006188,18.239889,158063,<200k,0.021974160061876802
male,ES414,Palencia,2022,e0,78.99254688678549,78.981377,158063,<200k,0.011169886785495464
male,ES414,Palencia,2022,e65,18.43572943613183,18.422290999999998,158063,<200k,0.013438436131831821
male,ES414,Palencia,2023,e0,81.02316485495632,81.02320900000001,158063,<200k,-4.4145043688104124e-5
male,ES414,Palencia,2023,e65,19.46502411523485,19.460740999999995,158063,<200k,0.004283115234855472
male,ES414,Palencia,2024,e0,80.89291121344112,80.90920900000002,158063,<200k,-0.016297786558894245
male,ES414,Palencia,2024,e65,19.250095765496273,19.264848,158063,<200k,-0.01475223450372809
male,ES415,Salamanca,2002,e0,77.80181600743721,77.772579,327552,200k-1M,0.029237007437217244
male,ES415,Salamanca,2002,e65,18.474573190555844,18.434545,327552,200k-1M,0.04002819055584439
male,ES415,Salamanca,2003,e0,77.70724030373093,77.73537199999998,327552,200k-1M,-0.02813169626905676
male,ES415,Salamanca,2003,e65,18.097110319802,18.126798,327552,200k-1M,-0.029687680198001942
male,ES415,Salamanca,2004,e0,79.8116444915384,79.809666000000007,327552,200k-1M,0.001978491538395133
male,ES415,Salamanca,2004,e65,19.14149921857025,19.134389000000002,327552,200k-1M,0.007110218570247184
male,ES415,Salamanca,2005,e0,79.37304830458645,79.37841699999998,327552,200k-1M,-0.005368695413537239
male,ES415,Salamanca,2005,e65,18.843845450186,18.850329,327552,200k-1M,-0.0064835498139999
male,ES415,Salamanca,2006,e0,79.76239970132754,79.74623900000002,327552,200k-1M,0.016160701327521565
male,ES415,Salamanca,2006,e65,19.29441566666512,19.276412999999998,327552,200k-1M,0.01800266666512229
male,ES415,Salamanca,2007,e0,79.55566287197564,79.523595,327552,200k-1M,0.03206787197564154
male,ES415,Salamanca,2007,e65,19.257216399866866,19.214624,327552,200k-1M,0.042592399866865804
male,ES415,Salamanca,2008,e0,79.90592672466167,79.92965000000001,327552,200k-1M,-0.023723275338340954
male,ES415,Salamanca,2008,e65,19.553925648252445,19.579226,327552,200k-1M,-0.025300351747553407
male,ES415,Salamanca,2009,e0,80.04931729528904,80.01553799999999,327552,200k-1M,0.03377929528905099
male,ES415,Salamanca,2009,e65,19.560294590083217,19.518195000000002,327552,200k-1M,0.04209959008321462
male,ES415,Salamanca,2010,e0,80.79441489349745,80.81282300000001,327552,200k-1M,-0.018408106502562305
male,ES415,Salamanca,2010,e65,19.817589646950687,19.834904000000005,327552,200k-1M,-0.0173143530493185
male,ES415,Salamanca,2011,e0,80.93661673825954,80.98485300000002,327552,200k-1M,-0.048236261740470354
male,ES415,Salamanca,2011,e65,20.253306330742586,20.304316,327552,200k-1M,-0.05100966925741446
male,ES415,Salamanca,2012,e0,81.06122275762783,81.081995,327552,200k-1M,-0.020772242372174787
male,ES415,Salamanca,2012,e65,19.930355770922823,19.950926,327552,200k-1M,-0.020570229077176094
male,ES415,Salamanca,2013,e0,81.63818894044134,81.691011,327552,200k-1M,-0.05282205955866459
male,ES415,Salamanca,2013,e65,20.043214099596348,20.098435,327552,200k-1M,-0.055220900403650575
male,ES415,Salamanca,2014,e0,81.76402724529673,81.74948400000001,327552,200k-1M,0.014543245296721352
male,ES415,Salamanca,2014,e65,20.509282676045,20.493498,327552,200k-1M,0.015784676045001333
male,ES415,Salamanca,2015,e0,82.18368712131374,82.2127,327552,200k-1M,-0.02901287868625957
male,ES415,Salamanca,2015,e65,20.07027038463451,20.099081,327552,200k-1M,-0.028810615365490122
male,ES415,Salamanca,2016,e0,81.88227637712572,81.853704,327552,200k-1M,0.02857237712572669
male,ES415,Salamanca,2016,e65,20.394063797346103,20.359187000000002,327552,200k-1M,0.03487679734610083
male,ES415,Salamanca,2017,e0,81.92274691471309,81.840427,327552,200k-1M,0.0823199147130822
male,ES415,Salamanca,2017,e65,20.412620986860315,20.319041000000002,327552,200k-1M,0.09357998686031266
male,ES415,Salamanca,2018,e0,82.23570022222704,82.158622,327552,200k-1M,0.07707822222704408
male,ES415,Salamanca,2018,e65,20.84320367443684,20.755568999999998,327552,200k-1M,0.08763467443684192
male,ES415,Salamanca,2019,e0,82.06298645719757,82.015258,327552,200k-1M,0.04772845719756447
male,ES415,Salamanca,2019,e65,20.66687572693559,20.610741,327552,200k-1M,0.056134726935589185
male,ES415,Salamanca,2020,e0,79.85661415281353,79.86096500000001,327552,200k-1M,-0.004350847186472606
male,ES415,Salamanca,2020,e65,18.761878911542784,18.763308,327552,200k-1M,-0.0014290884572147888
male,ES415,Salamanca,2021,e0,81.70450217925361,81.6482,327552,200k-1M,0.056302179253606255
male,ES415,Salamanca,2021,e65,20.29418604078951,20.230596,327552,200k-1M,0.06359004078951003
male,ES415,Salamanca,2022,e0,81.55999965626151,81.550049,327552,200k-1M,0.009950656261509039
male,ES415,Salamanca,2022,e65,20.005485080511,19.992511999999994,327552,200k-1M,0.01297308051100643
male,ES415,Salamanca,2023,e0,82.72529155194007,82.638612,327552,200k-1M,0.08667955194007959
male,ES415,Salamanca,2023,e65,21.043020173405353,20.944183,327552,200k-1M,0.0988371734053537
male,ES415,Salamanca,2024,e0,83.45836286780201,83.46381600000001,327552,200k-1M,-0.005453132197999366
male,ES415,Salamanca,2024,e65,21.130822500206225,21.134224000000003,327552,200k-1M,-0.003401499793778129
male,ES416,Segovia,2002,e0,78.36404405819503,78.39123400000001,156620,<200k,-0.027189941804977025
male,ES416,Segovia,2002,e65,18.43570566569297,18.458351999999998,156620,<200k,-0.02264633430702645
male,ES416,Segovia,2003,e0,78.27052648757147,78.31782900000002,156620,<200k,-0.04730251242854422
male,ES416,Segovia,2003,e65,18.586085158137195,18.635733,156620,<200k,-0.04964784186280369
male,ES416,Segovia,2004,e0,78.1031441187887,78.089667,156620,<200k,0.013477118788699727
male,ES416,Segovia,2004,e65,18.177689702086155,18.163525,156620,<200k,0.0141647020861555
male,ES416,Segovia,2005,e0,79.23224327305694,79.270698,156620,<200k,-0.038454726943058404
male,ES416,Segovia,2005,e65,18.663592121303946,18.70165,156620,<200k,-0.038057878696054814
male,ES416,Segovia,2006,e0,79.59277801036016,79.67179199999998,156620,<200k,-0.07901398963981876
male,ES416,Segovia,2006,e65,18.776665671181185,18.867291,156620,<200k,-0.0906253288188168
male,ES416,Segovia,2007,e0,79.70053218830307,79.753075,156620,<200k,-0.052542811696923764
male,ES416,Segovia,2007,e65,18.97293879407875,19.026398,156620,<200k,-0.053459205921249975
male,ES416,Segovia,2008,e0,80.20648825597483,80.166905,156620,<200k,0.03958325597483281
male,ES416,Segovia,2008,e65,19.230783476042873,19.177311000000003,156620,<200k,0.0534724760428702
male,ES416,Segovia,2009,e0,80.80773890991965,80.80574099999998,156620,<200k,0.0019979099196660854
male,ES416,Segovia,2009,e65,19.29050991026327,19.288894,156620,<200k,0.0016159102632720135
male,ES416,Segovia,2010,e0,80.78384199455296,80.81217799999999,156620,<200k,-0.028336005447030743
male,ES416,Segovia,2010,e65,19.147931485333185,19.18255,156620,<200k,-0.03461851466681409
male,ES416,Segovia,2011,e0,80.7330723472774,80.81582999999999,156620,<200k,-0.0827576527225915
male,ES416,Segovia,2011,e65,19.558807533630727,19.647142,156620,<200k,-0.08833446636927178
male,ES416,Segovia,2012,e0,81.34029683664632,81.355691,156620,<200k,-0.01539416335367605
male,ES416,Segovia,2012,e65,19.677056842401832,19.696936,156620,<200k,-0.019879157598168717
male,ES416,Segovia,2013,e0,81.1255185747765,81.15385699999999,156620,<200k,-0.028338425223481067
male,ES416,Segovia,2013,e65,19.749219410325534,19.784528999999996,156620,<200k,-0.03530958967446196
male,ES416,Segovia,2014,e0,81.24846633834143,81.29312900000002,156620,<200k,-0.044662661658591674
male,ES416,Segovia,2014,e65,19.228738430344382,19.272330999999998,156620,<200k,-0.04359256965561542
male,ES416,Segovia,2015,e0,80.2054763065777,80.20843099999999,156620,<200k,-0.0029546934222963728
male,ES416,Segovia,2015,e65,18.74649023520614,18.752135,156620,<200k,-0.005644764793860446
male,ES416,Segovia,2016,e0,81.30835635576463,81.317977,156620,<200k,-0.009620644235369014
male,ES416,Segovia,2016,e65,19.820619340400558,19.826147,156620,<200k,-0.005527659599440682
male,ES416,Segovia,2017,e0,81.52629088279738,81.51321000000002,156620,<200k,0.013080882797368076
male,ES416,Segovia,2017,e65,19.744081487713952,19.727672,156620,<200k,0.016409487713954007
male,ES416,Segovia,2018,e0,81.45613722898223,81.426409,156620,<200k,0.02972822898222205
male,ES416,Segovia,2018,e65,19.984725134896706,19.947015999999998,156620,<200k,0.03770913489670846
male,ES416,Segovia,2019,e0,82.36550769920534,82.33807699999998,156620,<200k,0.027430699205353903
male,ES416,Segovia,2019,e65,20.400634109396556,20.364992,156620,<200k,0.0356421093965551
male,ES416,Segovia,2020,e0,78.33120296893249,78.33729000000001,156620,<200k,-0.00608703106752273
male,ES416,Segovia,2020,e65,17.44255132625181,17.448330999999996,156620,<200k,-0.0057796737481865534
male,ES416,Segovia,2021,e0,81.45880125426002,81.41876400000001,156620,<200k,0.04003725426001381
male,ES416,Segovia,2021,e65,19.743391007084583,19.698683,156620,<200k,0.044708007084583556
male,ES416,Segovia,2022,e0,81.7615601387117,81.76959500000001,156620,<200k,-0.008034861288308548
male,ES416,Segovia,2022,e65,20.191331192384453,20.195847,156620,<200k,-0.004515807615547374
male,ES416,Segovia,2023,e0,81.27473247519023,81.24956300000002,156620,<200k,0.025169475190210733
male,ES416,Segovia,2023,e65,20.725278219981025,20.694250000000004,156620,<200k,0.03102821998102101
male,ES416,Segovia,2024,e0,82.83014488762876,82.78078,156620,<200k,0.04936488762876934
male,ES416,Segovia,2024,e65,20.852242366941663,20.798068999999998,156620,<200k,0.05417336694166508
male,ES417,Soria,2002,e0,78.7326770291686,78.73920400000002,90073,<200k,-0.006526970831416179
male,ES417,Soria,2002,e65,19.18018246920073,19.183486,90073,<200k,-0.0033035307992683727
male,ES417,Soria,2003,e0,79.91660096737294,79.902361,90073,<200k,0.014239967372944307
male,ES417,Soria,2003,e65,19.679426946732825,19.662807,90073,<200k,0.016619946732824076
male,ES417,Soria,2004,e0,77.72654578388526,77.721452,90073,<200k,0.005093783885257608
male,ES417,Soria,2004,e65,18.861250542736528,18.849284,90073,<200k,0.011966542736526975
male,ES417,Soria,2005,e0,78.82715929675808,78.78026500000001,90073,<200k,0.046894296758068776
male,ES417,Soria,2005,e65,18.845277034742796,18.793428,90073,<200k,0.051849034742797784
male,ES417,Soria,2006,e0,80.0199747106596,79.97896,90073,<200k,0.04101471065959572
male,ES417,Soria,2006,e65,18.850370454750013,18.798391,90073,<200k,0.05197945475001475
male,ES417,Soria,2007,e0,80.17417954998554,80.21309400000001,90073,<200k,-0.0389144500144738
male,ES417,Soria,2007,e65,19.24615134598172,19.287276,90073,<200k,-0.04112465401827947
male,ES417,Soria,2008,e0,80.13172966507035,80.177683,90073,<200k,-0.04595333492964926
male,ES417,Soria,2008,e65,19.465547980087834,19.516282,90073,<200k,-0.05073401991216642
male,ES417,Soria,2009,e0,80.28943100486217,80.27989,90073,<200k,0.009541004862171576
male,ES417,Soria,2009,e65,19.68492270823998,19.674075000000006,90073,<200k,0.010847708239975162
male,ES417,Soria,2010,e0,81.51362956642672,81.407756,90073,<200k,0.10587356642670898
male,ES417,Soria,2010,e65,19.733614042763502,19.614542,90073,<200k,0.11907204276350214
male,ES417,Soria,2011,e0,81.12095260519412,81.086541,90073,<200k,0.034411605194122785
male,ES417,Soria,2011,e65,20.457119473133584,20.410819,90073,<200k,0.04630047313358432
male,ES417,Soria,2012,e0,80.72990498629304,80.728321,90073,<200k,0.0015839862930420168
male,ES417,Soria,2012,e65,20.488585926284728,20.486002999999997,90073,<200k,0.002582926284731002
male,ES417,Soria,2013,e0,82.41321793153631,82.33126900000002,90073,<200k,0.08194893153628868
male,ES417,Soria,2013,e65,20.877767278083343,20.782107999999997,90073,<200k,0.09565927808334607
male,ES417,Soria,2014,e0,81.12468210446868,81.086557,90073,<200k,0.03812510446867634
male,ES417,Soria,2014,e65,19.85800085315327,19.814624000000002,90073,<200k,0.043376853153269224
male,ES417,Soria,2015,e0,81.30563731912956,81.30804199999999,90073,<200k,-0.0024046808704270006
male,ES417,Soria,2015,e65,19.545658321947062,19.546877000000002,90073,<200k,-0.0012186780529397367
male,ES417,Soria,2016,e0,80.81646187317907,80.786957,90073,<200k,0.02950487317906436
male,ES417,Soria,2016,e65,19.592467128651027,19.560230999999998,90073,<200k,0.03223612865102865
male,ES417,Soria,2017,e0,81.8415395839944,81.77687199999998,90073,<200k,0.06466758399442085
male,ES417,Soria,2017,e65,20.7218505718899,20.650238,90073,<200k,0.07161257188989723
male,ES417,Soria,2018,e0,82.09312348955052,81.993301,90073,<200k,0.09982248955051887
male,ES417,Soria,2018,e65,20.039922499314624,19.927291999999998,90073,<200k,0.11263049931462632
male,ES417,Soria,2019,e0,82.29276606814071,82.248537,90073,<200k,0.044229068140708705
male,ES417,Soria,2019,e65,20.180251928855633,20.129312,90073,<200k,0.05093992885563381
male,ES417,Soria,2020,e0,80.04504313594526,80.02657799999999,90073,<200k,0.01846513594527721
male,ES417,Soria,2020,e65,18.233152147692184,18.219628999999998,90073,<200k,0.013523147692186654
male,ES417,Soria,2021,e0,81.45710779157002,81.36232799999999,90073,<200k,0.09477979157003347
male,ES417,Soria,2021,e65,20.37681140414751,20.270636999999997,90073,<200k,0.106174404147513
male,ES417,Soria,2022,e0,80.7797838289525,80.824379,90073,<200k,-0.04459517104749011
male,ES417,Soria,2022,e65,19.894029514536296,19.938454,90073,<200k,-0.044424485463704144
male,ES417,Soria,2023,e0,81.84820481877246,81.81202400000001,90073,<200k,0.03618081877245061
male,ES417,Soria,2023,e65,20.301031989647797,20.264702999999997,90073,<200k,0.0363289896477994
male,ES417,Soria,2024,e0,82.5072809692223,82.498277,90073,<200k,0.00900396922229163
male,ES417,Soria,2024,e65,20.969234052335874,20.958031999999996,90073,<200k,0.011202052335878676
male,ES418,Valladolid,2002,e0,77.09564872282046,77.16593699999999,525116,200k-1M,-0.07028827717952879
male,ES418,Valladolid,2002,e65,17.304852579196563,17.387398,525116,200k-1M,-0.08254542080343796
male,ES418,Valladolid,2003,e0,77.74933921569995,77.810445,525116,200k-1M,-0.061105784300053756
male,ES418,Valladolid,2003,e65,17.047516572842515,17.116693,525116,200k-1M,-0.06917642715748684
male,ES418,Valladolid,2004,e0,77.6165800988096,77.67551799999998,525116,200k-1M,-0.058937901190375896
male,ES418,Valladolid,2004,e65,17.293514346663272,17.357771000000003,525116,200k-1M,-0.0642566533367308
male,ES418,Valladolid,2005,e0,77.78575176020848,77.805309,525116,200k-1M,-0.019557239791510028
male,ES418,Valladolid,2005,e65,17.644150135808037,17.664991000000004,525116,200k-1M,-0.020840864191967512
male,ES418,Valladolid,2006,e0,78.57859550491408,78.643545,525116,200k-1M,-0.0649494950859264
male,ES418,Valladolid,2006,e65,18.190729824540664,18.260501999999995,525116,200k-1M,-0.06977217545933101
male,ES418,Valladolid,2007,e0,78.86458004529811,78.91892300000002,525116,200k-1M,-0.05434295470190875
male,ES418,Valladolid,2007,e65,18.009729786184728,18.06956,525116,200k-1M,-0.059830213815271094
male,ES418,Valladolid,2008,e0,78.80690549734753,78.85497699999999,525116,200k-1M,-0.04807150265246207
male,ES418,Valladolid,2008,e65,18.291569150494862,18.345872,525116,200k-1M,-0.054302849505138084
male,ES418,Valladolid,2009,e0,80.03135423003431,80.063721,525116,200k-1M,-0.03236676996569088
male,ES418,Valladolid,2009,e65,18.90637442223703,18.940659999999998,525116,200k-1M,-0.0342855777629687
male,ES418,Valladolid,2010,e0,79.42529878949026,79.448598,525116,200k-1M,-0.023299210509748036
male,ES418,Valladolid,2010,e65,18.71146586201346,18.736275000000003,525116,200k-1M,-0.024809137986544272
male,ES418,Valladolid,2011,e0,79.9070574083338,79.933898,525116,200k-1M,-0.026840591666200453
male,ES418,Valladolid,2011,e65,18.8086655605946,18.836198000000003,525116,200k-1M,-0.027532439405401732
male,ES418,Valladolid,2012,e0,80.17468195103359,80.20482300000002,525116,200k-1M,-0.030141048966427775
male,ES418,Valladolid,2012,e65,19.126062140830115,19.157787000000003,525116,200k-1M,-0.031724859169887765
male,ES418,Valladolid,2013,e0,81.03277819726576,81.04638,525116,200k-1M,-0.013601802734243051
male,ES418,Valladolid,2013,e65,19.529677758763274,19.547948,525116,200k-1M,-0.018270241236727713
male,ES418,Valladolid,2014,e0,81.21451757496666,81.232576,525116,200k-1M,-0.018058425033331105
male,ES418,Valladolid,2014,e65,19.503765088158282,19.522081999999997,525116,200k-1M,-0.018316911841715466
male,ES418,Valladolid,2015,e0,80.36844536159755,80.381957,525116,200k-1M,-0.013511638402448511
male,ES418,Valladolid,2015,e65,19.101913544376178,19.113104000000003,525116,200k-1M,-0.011190455623825812
male,ES418,Valladolid,2016,e0,81.44754858134088,81.432721,525116,200k-1M,0.01482758134088158
male,ES418,Valladolid,2016,e65,19.675696321229182,19.657219,525116,200k-1M,0.018477321229180887
male,ES418,Valladolid,2017,e0,81.35123075854241,81.32218099999999,525116,200k-1M,0.02904975854242764
male,ES418,Valladolid,2017,e65,19.64122576191565,19.607059000000003,525116,200k-1M,0.03416676191564605
male,ES418,Valladolid,2018,e0,81.93472021233735,81.93425900000003,525116,200k-1M,4.6121233732776545e-4
male,ES418,Valladolid,2018,e65,19.998285449311012,19.995405999999996,525116,200k-1M,0.002879449311016913
male,ES418,Valladolid,2019,e0,82.1818430657356,82.17287499999998,525116,200k-1M,0.008968065735629693
male,ES418,Valladolid,2019,e65,20.20820780387867,20.193168000000004,525116,200k-1M,0.01503980387866477
male,ES418,Valladolid,2020,e0,80.17183214036193,80.18053599999999,525116,200k-1M,-0.008703859638060862
male,ES418,Valladolid,2020,e65,18.592164788712225,18.600876000000003,525116,200k-1M,-0.008711211287778298
male,ES418,Valladolid,2021,e0,81.069876520774,81.0592,525116,200k-1M,0.010676520773998277
male,ES418,Valladolid,2021,e65,19.46423231164882,19.451476,525116,200k-1M,0.01275631164882185
male,ES418,Valladolid,2022,e0,81.44895079946633,81.48154300000002,525116,200k-1M,-0.032592200533684945
male,ES418,Valladolid,2022,e65,19.697191045363237,19.727804000000003,525116,200k-1M,-0.03061295463676572
male,ES418,Valladolid,2023,e0,82.37542189545984,82.334433,525116,200k-1M,0.040988895459832975
male,ES418,Valladolid,2023,e65,20.464613098267993,20.417983000000003,525116,200k-1M,0.046630098267989695
male,ES418,Valladolid,2024,e0,82.52051514288053,82.479052,525116,200k-1M,0.04146314288053077
male,ES418,Valladolid,2024,e65,20.67026761221495,20.623564000000002,525116,200k-1M,0.04670361221494801
male,ES419,Zamora,2002,e0,78.04047290469151,78.042167,166253,<200k,-0.0016940953084940702
male,ES419,Zamora,2002,e65,18.52377537710788,18.522775999999997,166253,<200k,9.993771078846692e-4
male,ES419,Zamora,2003,e0,77.3447126880304,77.36874999999999,166253,<200k,-0.024037311969593134
male,ES419,Zamora,2003,e65,18.617480968561573,18.645379,166253,<200k,-0.02789803143842562
male,ES419,Zamora,2004,e0,79.56743312334898,79.55307799999999,166253,<200k,0.014355123348991583
male,ES419,Zamora,2004,e65,18.9438246480492,18.920815,166253,<200k,0.023009648049200138
male,ES419,Zamora,2005,e0,78.33683170212349,78.35638499999999,166253,<200k,-0.019553297876498732
male,ES419,Zamora,2005,e65,18.6202200216084,18.641047,166253,<200k,-0.020826978391600193
male,ES419,Zamora,2006,e0,79.3383222033071,79.34729000000002,166253,<200k,-0.008967796692914476
male,ES419,Zamora,2006,e65,19.470433354500972,19.480379999999997,166253,<200k,-0.009946645499024243
male,ES419,Zamora,2007,e0,79.76666568269262,79.751804,166253,<200k,0.014861682692611566
male,ES419,Zamora,2007,e65,19.100617038677672,19.082218999999995,166253,<200k,0.01839803867767742
male,ES419,Zamora,2008,e0,79.66814050661287,79.640835,166253,<200k,0.02730550661287623
male,ES419,Zamora,2008,e65,19.127029647011234,19.097298000000002,166253,<200k,0.0297316470112321
male,ES419,Zamora,2009,e0,80.12639804977225,80.14621500000001,166253,<200k,-0.01981695022776364
male,ES419,Zamora,2009,e65,19.283502870572665,19.303954000000004,166253,<200k,-0.02045112942733951
male,ES419,Zamora,2010,e0,80.34447239643652,80.39873799999998,166253,<200k,-0.05426560356346499
male,ES419,Zamora,2010,e65,19.55676014780199,19.611309000000002,166253,<200k,-0.05454885219801042
male,ES419,Zamora,2011,e0,80.39841162070432,80.43352900000002,166253,<200k,-0.03511737929569847
male,ES419,Zamora,2011,e65,20.19823794166199,20.238038,166253,<200k,-0.03980005833800959
male,ES419,Zamora,2012,e0,80.71872139894687,80.712945,166253,<200k,0.005776398946863992
male,ES419,Zamora,2012,e65,19.24727408947156,19.23643,166253,<200k,0.010844089471561347
male,ES419,Zamora,2013,e0,80.43175793359104,80.438111,166253,<200k,-0.006353066408962604
male,ES419,Zamora,2013,e65,19.558231653829594,19.566478,166253,<200k,-0.008246346170405872
male,ES419,Zamora,2014,e0,80.91391744349048,80.92454400000001,166253,<200k,-0.01062655650953559
male,ES419,Zamora,2014,e65,19.786411715354152,19.797456,166253,<200k,-0.011044284645848279
male,ES419,Zamora,2015,e0,80.66180616354951,80.655525,166253,<200k,0.006281163549516577
male,ES419,Zamora,2015,e65,19.868368755495393,19.858181000000002,166253,<200k,0.01018775549539086
male,ES419,Zamora,2016,e0,80.45594092337791,80.44759400000002,166253,<200k,0.008346923377885673
male,ES419,Zamora,2016,e65,19.418869551802995,19.404225999999998,166253,<200k,0.014643551802997479
male,ES419,Zamora,2017,e0,80.45293849956965,80.46405900000002,166253,<200k,-0.01112050043036561
male,ES419,Zamora,2017,e65,19.979050163849962,19.986125999999995,166253,<200k,-0.007075836150033155
male,ES419,Zamora,2018,e0,80.30572353887489,80.265141,166253,<200k,0.04058253887488661
male,ES419,Zamora,2018,e65,19.7435209550277,19.694390000000002,166253,<200k,0.049130955027699486
male,ES419,Zamora,2019,e0,80.79553112483585,80.723369,166253,<200k,0.07216212483584172
male,ES419,Zamora,2019,e65,19.786579308591236,19.700913,166253,<200k,0.08566630859123592
male,ES419,Zamora,2020,e0,80.25357096966928,80.26629900000002,166253,<200k,-0.012728030330734441
male,ES419,Zamora,2020,e65,18.858196264808775,18.870059,166253,<200k,-0.011862735191225937
male,ES419,Zamora,2021,e0,81.41309073382871,81.410532,166253,<200k,0.0025587338287067496
male,ES419,Zamora,2021,e65,19.94957841891303,19.948775999999995,166253,<200k,8.024189130360071e-4
male,ES419,Zamora,2022,e0,80.91544056773458,80.93456500000002,166253,<200k,-0.019124432265442692
male,ES419,Zamora,2022,e65,19.58216921405898,19.600435,166253,<200k,-0.018265785941022017
male,ES419,Zamora,2023,e0,82.53666938957147,82.512108,166253,<200k,0.024561389571474024
male,ES419,Zamora,2023,e65,20.25953952136002,20.234242,166253,<200k,0.02529752136002017
male,ES419,Zamora,2024,e0,81.93083008678137,81.94139600000001,166253,<200k,-0.010565913218641754
male,ES419,Zamora,2024,e65,20.439687769832446,20.444188,166253,<200k,-0.00450023016755452
male,ES421,Albacete,2002,e0,77.6382230012339,77.68470599999999,389070,200k-1M,-0.04648299876609485
male,ES421,Albacete,2002,e65,17.489758225908233,17.544759,389070,200k-1M,-0.0550007740917664
male,ES421,Albacete,2003,e0,77.39042250453589,77.41236400000001,389070,200k-1M,-0.021941495464119498
male,ES421,Albacete,2003,e65,17.404234300816857,17.422088999999996,389070,200k-1M,-0.017854699183139644
male,ES421,Albacete,2004,e0,78.43816635073081,78.51312000000001,389070,200k-1M,-0.07495364926920445
male,ES421,Albacete,2004,e65,17.970240665610103,18.054913000000003,389070,200k-1M,-0.08467233438990007
male,ES421,Albacete,2005,e0,78.30728212531251,78.344441,389070,200k-1M,-0.037158874687492016
male,ES421,Albacete,2005,e65,17.83518852826233,17.874518000000002,389070,200k-1M,-0.039329471737673316
male,ES421,Albacete,2006,e0,78.78343678259999,78.818602,389070,200k-1M,-0.035165217400006554
male,ES421,Albacete,2006,e65,18.252802511184782,18.294568,389070,200k-1M,-0.04176548881521924
male,ES421,Albacete,2007,e0,79.1317244653361,79.153295,389070,200k-1M,-0.021570534663894136
male,ES421,Albacete,2007,e65,17.893562808733346,17.916990000000002,389070,200k-1M,-0.02342719126665571
male,ES421,Albacete,2008,e0,79.09349880463937,79.09279199999999,389070,200k-1M,7.068046393783334e-4
male,ES421,Albacete,2008,e65,18.31336912283143,18.311835000000006,389070,200k-1M,0.001534122831422735
male,ES421,Albacete,2009,e0,78.94414460816077,78.973411,389070,200k-1M,-0.0292663918392293
male,ES421,Albacete,2009,e65,18.568402018118444,18.600938000000003,389070,200k-1M,-0.032535981881558484
male,ES421,Albacete,2010,e0,80.23066189994034,80.27847599999998,389070,200k-1M,-0.047814100059639486
male,ES421,Albacete,2010,e65,19.33213975787586,19.389068,389070,200k-1M,-0.05692824212414038
male,ES421,Albacete,2011,e0,79.9643209872184,80.004891,389070,200k-1M,-0.04057001278160044
male,ES421,Albacete,2011,e65,18.95042896958152,18.992077,389070,200k-1M,-0.041648030418478754
male,ES421,Albacete,2012,e0,80.12289144621758,80.15985799999999,389070,200k-1M,-0.03696655378240621
male,ES421,Albacete,2012,e65,18.870758917937643,18.911922,389070,200k-1M,-0.04116308206235786
male,ES421,Albacete,2013,e0,80.5332065521525,80.56461200000001,389070,200k-1M,-0.03140544784750432
male,ES421,Albacete,2013,e65,19.23539355122962,19.269218999999996,389070,200k-1M,-0.03382544877037574
male,ES421,Albacete,2014,e0,79.79348561391328,79.81661000000001,389070,200k-1M,-0.02312438608673517
male,ES421,Albacete,2014,e65,18.66049123439162,18.68641,389070,200k-1M,-0.02591876560837747
male,ES421,Albacete,2015,e0,80.4320804798828,80.44359900000002,389070,200k-1M,-0.011518520117220987
male,ES421,Albacete,2015,e65,19.42089605248671,19.430167,389070,200k-1M,-0.00927094751328994
male,ES421,Albacete,2016,e0,80.75453174864958,80.71288,389070,200k-1M,0.041651748649584874
male,ES421,Albacete,2016,e65,19.1562525270962,19.103946,389070,200k-1M,0.05230652709619932
male,ES421,Albacete,2017,e0,81.05719498749684,81.05232799999999,389070,200k-1M,0.004866987496853881
male,ES421,Albacete,2017,e65,19.28319249479396,19.275816,389070,200k-1M,0.0073764947939594094
male,ES421,Albacete,2018,e0,80.86258189134604,80.832329,389070,200k-1M,0.030252891346037813
male,ES421,Albacete,2018,e65,19.598811380313606,19.559836,389070,200k-1M,0.03897538031360526
male,ES421,Albacete,2019,e0,80.86617113644955,80.86233199999998,389070,200k-1M,0.0038391364495709013
male,ES421,Albacete,2019,e65,19.359549957433615,19.35384,389070,200k-1M,0.0057099574336128
male,ES421,Albacete,2020,e0,78.93776566889962,78.92751300000002,389070,200k-1M,0.010252668899596529
male,ES421,Albacete,2020,e65,17.478092410866562,17.463575,389070,200k-1M,0.014517410866563552
male,ES421,Albacete,2021,e0,80.50130908523549,80.50893099999999,389070,200k-1M,-0.007621914764499138
male,ES421,Albacete,2021,e65,19.253195725737783,19.25749,389070,200k-1M,-0.004294274262218067
male,ES421,Albacete,2022,e0,80.2634040664168,80.30046999999999,389070,200k-1M,-0.0370659335831931
male,ES421,Albacete,2022,e65,18.89373576023782,18.932333999999997,389070,200k-1M,-0.03859823976217669
male,ES421,Albacete,2023,e0,81.14666204300414,81.13065300000001,389070,200k-1M,0.016009043004132195
male,ES421,Albacete,2023,e65,19.57297841245175,19.555947,389070,200k-1M,0.017031412451750327
male,ES421,Albacete,2024,e0,81.10140702907431,81.10174199999999,389070,200k-1M,-3.3497092567813525e-4
male,ES421,Albacete,2024,e65,19.68343555062492,19.684456,389070,200k-1M,-0.001020449375079835
male,ES422,Ciudad Real,2002,e0,76.21197717508343,76.21834199999999,492948,200k-1M,-0.006364824916559542
male,ES422,Ciudad Real,2002,e65,16.527386246678798,16.529991000000003,492948,200k-1M,-0.002604753321204356
male,ES422,Ciudad Real,2003,e0,76.38301895649624,76.433941,492948,200k-1M,-0.050922043503760506
male,ES422,Ciudad Real,2003,e65,16.886178711945117,16.944711999999996,492948,200k-1M,-0.05853328805487834
male,ES422,Ciudad Real,2004,e0,76.67086269451194,76.69703,492948,200k-1M,-0.0261673054880589
male,ES422,Ciudad Real,2004,e65,17.290206740840606,17.320705999999998,492948,200k-1M,-0.030499259159391556
male,ES422,Ciudad Real,2005,e0,77.14099995888324,77.147851,492948,200k-1M,-0.006851041116760825
male,ES422,Ciudad Real,2005,e65,17.221827072246477,17.233031,492948,200k-1M,-0.011203927753523857
male,ES422,Ciudad Real,2006,e0,77.83638990951414,77.896726,492948,200k-1M,-0.06033609048586186
male,ES422,Ciudad Real,2006,e65,17.856217079612154,17.922699999999995,492948,200k-1M,-0.0664829203878412
male,ES422,Ciudad Real,2007,e0,78.02097134995418,78.0892,492948,200k-1M,-0.06822865004582468
male,ES422,Ciudad Real,2007,e65,17.706794130304488,17.783134999999998,492948,200k-1M,-0.07634086969551035
male,ES422,Ciudad Real,2008,e0,78.18448078781184,78.231052,492948,200k-1M,-0.0465712121881694
male,ES422,Ciudad Real,2008,e65,17.87360963724341,17.921587,492948,200k-1M,-0.04797736275659048
male,ES422,Ciudad Real,2009,e0,78.72497850722137,78.732106,492948,200k-1M,-0.007127492778636224
male,ES422,Ciudad Real,2009,e65,17.972779170416466,17.976596999999998,492948,200k-1M,-0.003817829583532273
male,ES422,Ciudad Real,2010,e0,79.28602825687585,79.316728,492948,200k-1M,-0.030699743124145584
male,ES422,Ciudad Real,2010,e65,18.63028659280642,18.662454,492948,200k-1M,-0.03216740719357958
male,ES422,Ciudad Real,2011,e0,79.55481645593377,79.59112300000002,492948,200k-1M,-0.03630654406624956
male,ES422,Ciudad Real,2011,e65,18.74557717086934,18.783148999999995,492948,200k-1M,-0.03757182913065549
male,ES422,Ciudad Real,2012,e0,79.38964383808408,79.392673,492948,200k-1M,-0.003029161915918621
male,ES422,Ciudad Real,2012,e65,18.353977524379086,18.354351000000005,492948,200k-1M,-3.7347562091838427e-4
male,ES422,Ciudad Real,2013,e0,79.66831927213283,79.71171000000001,492948,200k-1M,-0.04339072786717679
male,ES422,Ciudad Real,2013,e65,18.592312399748984,18.641762,492948,200k-1M,-0.04944960025101608
male,ES422,Ciudad Real,2014,e0,79.66853950608184,79.67447599999998,492948,200k-1M,-0.005936493918142105
male,ES422,Ciudad Real,2014,e65,18.76961943343298,18.772135999999996,492948,200k-1M,-0.0025165665670172643
male,ES422,Ciudad Real,2015,e0,79.18124307196463,79.194502,492948,200k-1M,-0.013258928035369877
male,ES422,Ciudad Real,2015,e65,18.20688339776987,18.225436999999996,492948,200k-1M,-0.018553602230124255
male,ES422,Ciudad Real,2016,e0,79.74450787628425,79.735812,492948,200k-1M,0.008695876284249948
male,ES422,Ciudad Real,2016,e65,18.593741967043563,18.578601,492948,200k-1M,0.015140967043564046
male,ES422,Ciudad Real,2017,e0,79.65284807244905,79.633999,492948,200k-1M,0.018849072449043547
male,ES422,Ciudad Real,2017,e65,18.448534414279763,18.425475,492948,200k-1M,0.023059414279764212
male,ES422,Ciudad Real,2018,e0,80.22417286633704,80.153611,492948,200k-1M,0.07056186633704442
male,ES422,Ciudad Real,2018,e65,19.166156641369135,19.081847,492948,200k-1M,0.08430964136913488
male,ES422,Ciudad Real,2019,e0,80.66283420583807,80.609029,492948,200k-1M,0.05380520583806003
male,ES422,Ciudad Real,2019,e65,19.078541444936207,19.01341,492948,200k-1M,0.06513144493620615
male,ES422,Ciudad Real,2020,e0,77.60344504929228,77.618216,492948,200k-1M,-0.014770950707728048
male,ES422,Ciudad Real,2020,e65,16.81895233841821,16.834628000000002,492948,200k-1M,-0.0156756615817919
male,ES422,Ciudad Real,2021,e0,79.4674004793653,79.437897,492948,200k-1M,0.029503479365288854
male,ES422,Ciudad Real,2021,e65,18.26468943529149,18.230972,492948,200k-1M,0.033717435291489295
male,ES422,Ciudad Real,2022,e0,80.23846825630496,80.24563300000001,492948,200k-1M,-0.007164743695057041
male,ES422,Ciudad Real,2022,e65,18.946591766391904,18.950595999999997,492948,200k-1M,-0.0040042336080929886
male,ES422,Ciudad Real,2023,e0,80.49600278515702,80.49064500000001,492948,200k-1M,0.005357785157002581
male,ES422,Ciudad Real,2023,e65,18.890888004267154,18.881958000000004,492948,200k-1M,0.008930004267149627
male,ES422,Ciudad Real,2024,e0,80.53361384248188,80.54059500000001,492948,200k-1M,-0.006981157518126224
male,ES422,Ciudad Real,2024,e65,19.208933376019008,19.214232,492948,200k-1M,-0.005298623980991124
male,ES423,Cuenca,2002,e0,78.30407596080877,78.31916400000001,199025,<200k,-0.01508803919124091
male,ES423,Cuenca,2002,e65,18.18971210102502,18.203268,199025,<200k,-0.013555898974981773
male,ES423,Cuenca,2003,e0,78.94103939839357,78.955864,199025,<200k,-0.01482460160643484
male,ES423,Cuenca,2003,e65,18.702695487354124,18.717229,199025,<200k,-0.014533512645876101
male,ES423,Cuenca,2004,e0,78.65929486444786,78.68173799999998,199025,<200k,-0.022443135552123294
male,ES423,Cuenca,2004,e65,18.634871410191792,18.652388000000002,199025,<200k,-0.017516589808209915
male,ES423,Cuenca,2005,e0,78.89314733600463,78.81486600000001,199025,<200k,0.07828133600462195
male,ES423,Cuenca,2005,e65,18.672275257675306,18.581816,199025,<200k,0.09045925767530605
male,ES423,Cuenca,2006,e0,79.01327909304538,79.041478,199025,<200k,-0.028198906954614245
male,ES423,Cuenca,2006,e65,18.488278047417996,18.51638,199025,<200k,-0.02810195258200565
male,ES423,Cuenca,2007,e0,79.76002739001981,79.77745,199025,<200k,-0.017422609980187076
male,ES423,Cuenca,2007,e65,19.19161586080671,19.20726,199025,<200k,-0.01564413919329155
male,ES423,Cuenca,2008,e0,79.10369128032025,79.10573099999998,199025,<200k,-0.0020397196797290462
male,ES423,Cuenca,2008,e65,18.84762228096089,18.845298999999997,199025,<200k,0.0023232809608941807
male,ES423,Cuenca,2009,e0,80.64876699769218,80.65334699999998,199025,<200k,-0.0045800023078044205
male,ES423,Cuenca,2009,e65,19.675248023912765,19.677333,199025,<200k,-0.0020849760872359013
male,ES423,Cuenca,2010,e0,80.39029473245732,80.35484799999999,199025,<200k,0.035446732457330654
male,ES423,Cuenca,2010,e65,19.46956160209664,19.425812999999998,199025,<200k,0.043748602096641775
male,ES423,Cuenca,2011,e0,80.29322382392489,80.309147,199025,<200k,-0.015923176075105516
male,ES423,Cuenca,2011,e65,19.48343498363946,19.500425,199025,<200k,-0.016990016360541205
male,ES423,Cuenca,2012,e0,79.4243161993262,79.36924300000001,199025,<200k,0.055073199326187705
male,ES423,Cuenca,2012,e65,19.332081896891314,19.265658999999996,199025,<200k,0.06642289689131786
male,ES423,Cuenca,2013,e0,79.76094414275224,79.73533199999999,199025,<200k,0.025612142752251543
male,ES423,Cuenca,2013,e65,19.387756550734437,19.359186,199025,<200k,0.02857055073443604
male,ES423,Cuenca,2014,e0,81.00575144408683,81.052203,199025,<200k,-0.04645155591317973
male,ES423,Cuenca,2014,e65,19.64234485979166,19.689828000000002,199025,<200k,-0.047483140208342434
male,ES423,Cuenca,2015,e0,80.26246122066321,80.302189,199025,<200k,-0.039727779336786284
male,ES423,Cuenca,2015,e65,19.177569859181535,19.219437,199025,<200k,-0.04186714081846432
male,ES423,Cuenca,2016,e0,80.68222077952628,80.61384799999999,199025,<200k,0.0683727795262854
male,ES423,Cuenca,2016,e65,19.515576066347933,19.436135,199025,<200k,0.07944106634793258
male,ES423,Cuenca,2017,e0,80.50645323867454,80.503541,199025,<200k,0.0029122386745399353
male,ES423,Cuenca,2017,e65,19.529337824892053,19.522997,199025,<200k,0.006340824892053121
male,ES423,Cuenca,2018,e0,81.04734534190915,81.034722,199025,<200k,0.012623341909147712
male,ES423,Cuenca,2018,e65,19.52999237067185,19.516281000000003,199025,<200k,0.013711370671845913
male,ES423,Cuenca,2019,e0,81.1993557900912,81.212462,199025,<200k,-0.013106209908798405
male,ES423,Cuenca,2019,e65,19.434506628075482,19.448733999999995,199025,<200k,-0.01422737192451251
male,ES423,Cuenca,2020,e0,77.85693004064517,77.85999199999999,199025,<200k,-0.0030619593548237845
male,ES423,Cuenca,2020,e65,17.35246443925774,17.354277000000003,199025,<200k,-0.0018125607422625478
male,ES423,Cuenca,2021,e0,80.41952102288693,80.401475,199025,<200k,0.01804602288692081
male,ES423,Cuenca,2021,e65,19.195543109793437,19.172785,199025,<200k,0.022758109793436176
male,ES423,Cuenca,2022,e0,80.94642056330967,80.95921400000002,199025,<200k,-0.012793436690344606
male,ES423,Cuenca,2022,e65,19.362946459267626,19.377714,199025,<200k,-0.014767540732375295
male,ES423,Cuenca,2023,e0,80.79215722006602,80.69537899999999,199025,<200k,0.0967782200660281
male,ES423,Cuenca,2023,e65,19.939463109776085,19.825706999999998,199025,<200k,0.1137561097760873
male,ES423,Cuenca,2024,e0,81.16467322378658,81.162021,199025,<200k,0.002652223786583363
male,ES423,Cuenca,2024,e65,20.060304857128642,20.055615,199025,<200k,0.004689857128642672
male,ES424,Guadalajara,2002,e0,79.02326192299768,79.008679,280225,200k-1M,0.014582922997675496
male,ES424,Guadalajara,2002,e65,18.54739925247404,18.525873,280225,200k-1M,0.02152625247403961
male,ES424,Guadalajara,2003,e0,80.16944597666246,80.12199799999999,280225,200k-1M,0.04744797666246825
male,ES424,Guadalajara,2003,e65,19.35751657330252,19.30531,280225,200k-1M,0.0522065733025201
male,ES424,Guadalajara,2004,e0,78.77219915410593,78.780574,280225,200k-1M,-0.008374845894067562
male,ES424,Guadalajara,2004,e65,18.487388256900402,18.493148999999995,280225,200k-1M,-0.005760743099592958
male,ES424,Guadalajara,2005,e0,79.81094933375239,79.81226400000001,280225,200k-1M,-0.0013146662476231086
male,ES424,Guadalajara,2005,e65,19.392130598596474,19.39035,280225,200k-1M,0.0017805985964720605
male,ES424,Guadalajara,2006,e0,80.84690544216144,80.90413900000001,280225,200k-1M,-0.05723355783857187
male,ES424,Guadalajara,2006,e65,19.264236648809327,19.326311,280225,200k-1M,-0.06207435119067384
male,ES424,Guadalajara,2007,e0,79.64078890047185,79.62627699999999,280225,200k-1M,0.014511900471859462
male,ES424,Guadalajara,2007,e65,19.057913433148844,19.036975000000005,280225,200k-1M,0.020938433148838698
male,ES424,Guadalajara,2008,e0,80.55038894063108,80.584135,280225,200k-1M,-0.03374605936892294
male,ES424,Guadalajara,2008,e65,19.18712831090639,19.224331,280225,200k-1M,-0.03720268909360769
male,ES424,Guadalajara,2009,e0,81.23922209827575,81.21578199999999,280225,200k-1M,0.023440098275756327
male,ES424,Guadalajara,2009,e65,20.034278998071443,20.005518999999996,280225,200k-1M,0.028759998071446802
male,ES424,Guadalajara,2010,e0,81.24175638888222,81.31051000000001,280225,200k-1M,-0.06875361111778489
male,ES424,Guadalajara,2010,e65,20.236557609045295,20.310146,280225,200k-1M,-0.07358839095470415
male,ES424,Guadalajara,2011,e0,80.90165639631437,80.871864,280225,200k-1M,0.029792396314363145
male,ES424,Guadalajara,2011,e65,19.59181262382581,19.555463,280225,200k-1M,0.036349623825810085
male,ES424,Guadalajara,2012,e0,81.4662834649499,81.46192700000002,280225,200k-1M,0.004356464949879069
male,ES424,Guadalajara,2012,e65,19.561318992655256,19.552211999999997,280225,200k-1M,0.009106992655258495
male,ES424,Guadalajara,2013,e0,82.04391181404993,82.060822,280225,200k-1M,-0.016910185950067103
male,ES424,Guadalajara,2013,e65,20.30337634653191,20.320355000000003,280225,200k-1M,-0.016978653468093796
male,ES424,Guadalajara,2014,e0,81.92941453339289,81.93709100000001,280225,200k-1M,-0.007676466607122734
male,ES424,Guadalajara,2014,e65,20.092031282170268,20.099583,280225,200k-1M,-0.007551717829731075
male,ES424,Guadalajara,2015,e0,80.87174815979388,80.90846,280225,200k-1M,-0.036711840206123725
male,ES424,Guadalajara,2015,e65,19.143862628301786,19.184085000000003,280225,200k-1M,-0.040222371698217074
male,ES424,Guadalajara,2016,e0,81.3894611644235,81.34460100000001,280225,200k-1M,0.04486016442348273
male,ES424,Guadalajara,2016,e65,20.13179258682382,20.080964,280225,200k-1M,0.050828586823818966
male,ES424,Guadalajara,2017,e0,81.83117700486237,81.84194300000001,280225,200k-1M,-0.0107659951376462
male,ES424,Guadalajara,2017,e65,19.88216531724826,19.895131999999997,280225,200k-1M,-0.01296668275173829
male,ES424,Guadalajara,2018,e0,82.07438871500148,81.95772500000001,280225,200k-1M,0.11666371500146511
male,ES424,Guadalajara,2018,e65,20.43425182007761,20.306385000000002,280225,200k-1M,0.12786682007760675
male,ES424,Guadalajara,2019,e0,82.82248399766641,82.665354,280225,200k-1M,0.15712999766641644
male,ES424,Guadalajara,2019,e65,20.641319888168077,20.469231999999995,280225,200k-1M,0.17208788816808251
male,ES424,Guadalajara,2020,e0,79.37857662637283,79.42715000000001,280225,200k-1M,-0.048573373627178285
male,ES424,Guadalajara,2020,e65,17.84241710911638,17.894877000000005,280225,200k-1M,-0.05245989088362535
male,ES424,Guadalajara,2021,e0,81.43713539689871,81.3628,280225,200k-1M,0.07433539689871793
male,ES424,Guadalajara,2021,e65,19.48482294831906,19.402627999999996,280225,200k-1M,0.0821949483190636
male,ES424,Guadalajara,2022,e0,81.89905117822467,81.91165100000002,280225,200k-1M,-0.012599821775353348
male,ES424,Guadalajara,2022,e65,20.05257792889393,20.067164000000002,280225,200k-1M,-0.014586071106073462
male,ES424,Guadalajara,2023,e0,82.54296074685263,82.515857,280225,200k-1M,0.027103746852631616
male,ES424,Guadalajara,2023,e65,20.606936472540955,20.578007,280225,200k-1M,0.02892947254095546
male,ES424,Guadalajara,2024,e0,82.50303345655061,82.52971699999999,280225,200k-1M,-0.026683543449379954
male,ES424,Guadalajara,2024,e65,20.088005625837422,20.117300000000004,280225,200k-1M,-0.02929437416258196
male,ES425,Toledo,2002,e0,77.90556230053431,77.91841500000001,743165,200k-1M,-0.01285269946569656
male,ES425,Toledo,2002,e65,17.496537227101655,17.50866,743165,200k-1M,-0.01212277289834418
male,ES425,Toledo,2003,e0,77.60102739253146,77.655329,743165,200k-1M,-0.05430160746853119
male,ES425,Toledo,2003,e65,17.40790048548653,17.468859,743165,200k-1M,-0.06095851451346945
male,ES425,Toledo,2004,e0,78.32634179533169,78.396905,743165,200k-1M,-0.07056320466831778
male,ES425,Toledo,2004,e65,17.852782940370545,17.932105,743165,200k-1M,-0.0793220596294546
male,ES425,Toledo,2005,e0,77.92543521955531,77.93069600000001,743165,200k-1M,-0.005260780444700686
male,ES425,Toledo,2005,e65,17.821191857795142,17.826618999999997,743165,200k-1M,-0.005427142204855073
male,ES425,Toledo,2006,e0,79.22771276295626,79.24642200000001,743165,200k-1M,-0.01870923704375116
male,ES425,Toledo,2006,e65,18.499104511357235,18.521635,743165,200k-1M,-0.02253048864276508
male,ES425,Toledo,2007,e0,78.5728566735903,78.61015300000001,743165,200k-1M,-0.037296326409716585
male,ES425,Toledo,2007,e65,18.191740494358942,18.233081000000002,743165,200k-1M,-0.04134050564105962
male,ES425,Toledo,2008,e0,78.96601769224611,79.03284099999999,743165,200k-1M,-0.06682330775387868
male,ES425,Toledo,2008,e65,18.35152288348999,18.425895,743165,200k-1M,-0.07437211651000908
male,ES425,Toledo,2009,e0,79.91419240240695,79.933757,743165,200k-1M,-0.019564597593046074
male,ES425,Toledo,2009,e65,18.829000301999955,18.8465,743165,200k-1M,-0.01749969800004436
male,ES425,Toledo,2010,e0,80.27167400824801,80.30994199999999,743165,200k-1M,-0.03826799175197948
male,ES425,Toledo,2010,e65,19.122921038390416,19.164241999999998,743165,200k-1M,-0.041320961609581985
male,ES425,Toledo,2011,e0,81.0145707375419,81.01461600000002,743165,200k-1M,-4.526245811575791e-5
male,ES425,Toledo,2011,e65,19.228794553799194,19.226858000000004,743165,200k-1M,0.0019365537991902215
male,ES425,Toledo,2012,e0,80.4915906380362,80.495275,743165,200k-1M,-0.003684361963806282
male,ES425,Toledo,2012,e65,19.207012268855554,19.209526999999998,743165,200k-1M,-0.0025147311444442266
male,ES425,Toledo,2013,e0,80.7972032738684,80.817717,743165,200k-1M,-0.020513726131596854
male,ES425,Toledo,2013,e65,19.72449452192322,19.745666999999997,743165,200k-1M,-0.021172478076778134
male,ES425,Toledo,2014,e0,81.43838050383836,81.456528,743165,200k-1M,-0.018147496161645904
male,ES425,Toledo,2014,e65,19.919934732866924,19.938992,743165,200k-1M,-0.019057267133074873
male,ES425,Toledo,2015,e0,80.70845774826248,80.680684,743165,200k-1M,0.027773748262475806
male,ES425,Toledo,2015,e65,19.449625774930173,19.415175,743165,200k-1M,0.034450774930171235
male,ES425,Toledo,2016,e0,80.9935759924785,81.00492700000001,743165,200k-1M,-0.011351007521511747
male,ES425,Toledo,2016,e65,19.452502376396144,19.464841999999997,743165,200k-1M,-0.012339623603853767
male,ES425,Toledo,2017,e0,80.40103670415692,80.37784199999999,743165,200k-1M,0.023194704156935586
male,ES425,Toledo,2017,e65,18.991085344923594,18.964928,743165,200k-1M,0.02615734492359323
male,ES425,Toledo,2018,e0,81.24779031361676,81.24489900000002,743165,200k-1M,0.0028913136167432185
male,ES425,Toledo,2018,e65,19.39428935638291,19.38708,743165,200k-1M,0.007209356382908538
male,ES425,Toledo,2019,e0,81.26508630689409,81.25225300000001,743165,200k-1M,0.012833306894080465
male,ES425,Toledo,2019,e65,19.901894195071407,19.884445999999997,743165,200k-1M,0.0174481950714096
male,ES425,Toledo,2020,e0,79.05977484769775,79.07541699999999,743165,200k-1M,-0.015642152302234535
male,ES425,Toledo,2020,e65,17.627649660629174,17.645941,743165,200k-1M,-0.018291339370826165
male,ES425,Toledo,2021,e0,80.49673590768334,80.508862,743165,200k-1M,-0.012126092316648851
male,ES425,Toledo,2021,e65,18.964318753519464,18.976972,743165,200k-1M,-0.012653246480535785
male,ES425,Toledo,2022,e0,81.3619815076837,81.343383,743165,200k-1M,0.018598507683691423
male,ES425,Toledo,2022,e65,19.767193008024424,19.744153,743165,200k-1M,0.02304000802442374
male,ES425,Toledo,2023,e0,81.97779269874923,81.950855,743165,200k-1M,0.02693769874922225
male,ES425,Toledo,2023,e65,20.234289238768152,20.200701999999996,743165,200k-1M,0.03358723876815617
male,ES425,Toledo,2024,e0,81.90597525172629,81.892051,743165,200k-1M,0.013924251726294301
male,ES425,Toledo,2024,e65,20.15469193451809,20.138538999999998,743165,200k-1M,0.016152934518093076
male,ES431,Badajoz,2002,e0,75.44749580322079,75.46969600000001,666029,200k-1M,-0.022200196779223802
male,ES431,Badajoz,2002,e65,15.962595575124244,15.985089000000002,666029,200k-1M,-0.02249342487575845
male,ES431,Badajoz,2003,e0,75.67060733627137,75.72504199999999,666029,200k-1M,-0.05443466372861394
male,ES431,Badajoz,2003,e65,15.939570242357163,16.000028999999998,666029,200k-1M,-0.06045875764283437
male,ES431,Badajoz,2004,e0,76.23406623852517,76.28898799999999,666029,200k-1M,-0.05492176147481587
male,ES431,Badajoz,2004,e65,16.751036479351637,16.812944,666029,200k-1M,-0.06190752064836502
male,ES431,Badajoz,2005,e0,75.89055287854478,75.943335,666029,200k-1M,-0.05278212145522332
male,ES431,Badajoz,2005,e65,16.08043343487578,16.137707000000002,666029,200k-1M,-0.057273565124223325
male,ES431,Badajoz,2006,e0,76.65320955331661,76.67254699999998,666029,200k-1M,-0.01933744668336601
male,ES431,Badajoz,2006,e65,16.768119406519013,16.784658999999998,666029,200k-1M,-0.016539593480985104
male,ES431,Badajoz,2007,e0,77.0431489546895,77.09958900000001,666029,200k-1M,-0.05644004531050939
male,ES431,Badajoz,2007,e65,16.896933981611866,16.958601999999996,666029,200k-1M,-0.0616680183881293
male,ES431,Badajoz,2008,e0,77.62727578565499,77.739028,666029,200k-1M,-0.11175221434501736
male,ES431,Badajoz,2008,e65,17.284070197497304,17.414098000000003,666029,200k-1M,-0.13002780250269907
male,ES431,Badajoz,2009,e0,77.17475829164212,77.17920799999999,666029,200k-1M,-0.004449708357867621
male,ES431,Badajoz,2009,e65,17.008226837490223,17.008709999999997,666029,200k-1M,-4.8316250977364916e-4
male,ES431,Badajoz,2010,e0,77.73675505860116,77.754758,666029,200k-1M,-0.018002941398833627
male,ES431,Badajoz,2010,e65,17.325278144716822,17.342391999999997,666029,200k-1M,-0.017113855283174217
male,ES431,Badajoz,2011,e0,78.13103772069454,78.15712400000001,666029,200k-1M,-0.026086279305474136
male,ES431,Badajoz,2011,e65,17.71605356205629,17.746547999999997,666029,200k-1M,-0.030494437943708874
male,ES431,Badajoz,2012,e0,78.1491767201065,78.168824,666029,200k-1M,-0.019647279893504788
male,ES431,Badajoz,2012,e65,17.48438073003033,17.504816,666029,200k-1M,-0.0204352699696706
male,ES431,Badajoz,2013,e0,78.67091854482692,78.688603,666029,200k-1M,-0.01768445517308237
male,ES431,Badajoz,2013,e65,17.858232308589994,17.876132,666029,200k-1M,-0.017899691410004692
male,ES431,Badajoz,2014,e0,78.96106311914005,78.94968000000001,666029,200k-1M,0.011383119140035092
male,ES431,Badajoz,2014,e65,18.162472661431277,18.147841000000003,666029,200k-1M,0.014631661431273812
male,ES431,Badajoz,2015,e0,78.76235124414607,78.77828,666029,200k-1M,-0.015928755853920507
male,ES431,Badajoz,2015,e65,17.937655841684364,17.952166,666029,200k-1M,-0.014510158315633959
male,ES431,Badajoz,2016,e0,79.28239818483046,79.29427700000001,666029,200k-1M,-0.011878815169552581
male,ES431,Badajoz,2016,e65,18.148683310883438,18.161015000000003,666029,200k-1M,-0.012331689116564348
male,ES431,Badajoz,2017,e0,79.40455758293217,79.410378,666029,200k-1M,-0.005820417067823769
male,ES431,Badajoz,2017,e65,18.279850243894934,18.285112999999996,666029,200k-1M,-0.005262756105061328
male,ES431,Badajoz,2018,e0,79.4735182866772,79.468722,666029,200k-1M,0.00479628667720533
male,ES431,Badajoz,2018,e65,18.141867268053215,18.134011000000005,666029,200k-1M,0.007856268053210158
male,ES431,Badajoz,2019,e0,79.49729729330252,79.484441,666029,200k-1M,0.012856293302519362
male,ES431,Badajoz,2019,e65,18.49350848376696,18.476638999999995,666029,200k-1M,0.016869483766964066
male,ES431,Badajoz,2020,e0,79.11047937659936,79.13222900000001,666029,200k-1M,-0.021749623400651785
male,ES431,Badajoz,2020,e65,17.971983904163977,17.994578,666029,200k-1M,-0.022594095836023342
male,ES431,Badajoz,2021,e0,79.0634105546761,79.077196,666029,200k-1M,-0.013785445323904355
male,ES431,Badajoz,2021,e65,18.04177929910077,18.057217,666029,200k-1M,-0.015437700899230578
male,ES431,Badajoz,2022,e0,79.53561155687545,79.55316900000001,666029,200k-1M,-0.017557443124559313
male,ES431,Badajoz,2022,e65,18.242729435393983,18.257968000000005,666029,200k-1M,-0.015238564606022464
male,ES431,Badajoz,2023,e0,80.33892567875435,80.339399,666029,200k-1M,-4.7332124565002687e-4
male,ES431,Badajoz,2023,e65,19.014813831712704,19.014460000000003,666029,200k-1M,3.5383171270098046e-4
male,ES431,Badajoz,2024,e0,80.0679516754148,80.063461,666029,200k-1M,0.004490675414800194
male,ES431,Badajoz,2024,e65,18.925225434705858,18.918038,666029,200k-1M,0.007187434705858919
male,ES432,Caceres,2002,e0,76.79857928408228,76.74128100000001,388652,200k-1M,0.05729828408226467
male,ES432,Caceres,2002,e65,17.188127774283586,17.112858000000006,388652,200k-1M,0.07526977428357995
male,ES432,Caceres,2003,e0,76.2132762752092,76.258143,388652,200k-1M,-0.044866724790807666
male,ES432,Caceres,2003,e65,16.82966411999195,16.881923,388652,200k-1M,-0.05225888000805057
male,ES432,Caceres,2004,e0,76.61842482675561,76.62846999999998,388652,200k-1M,-0.010045173244364491
male,ES432,Caceres,2004,e65,17.455240000501124,17.463544999999996,388652,200k-1M,-0.008304999498871979
male,ES432,Caceres,2005,e0,76.91422977809641,76.91331500000001,388652,200k-1M,9.147780964013918e-4
male,ES432,Caceres,2005,e65,17.01472826644279,17.006860000000003,388652,200k-1M,0.007868266442788041
male,ES432,Caceres,2006,e0,77.82751288106752,77.834562,388652,200k-1M,-0.007049118932485499
male,ES432,Caceres,2006,e65,17.979038779358024,17.984708999999995,388652,200k-1M,-0.005670220641970758
male,ES432,Caceres,2007,e0,77.86895415196466,77.85043999999999,388652,200k-1M,0.018514151964666326
male,ES432,Caceres,2007,e65,17.76559489883319,17.739976000000002,388652,200k-1M,0.02561889883318713
male,ES432,Caceres,2008,e0,78.45921011560644,78.498151000000007,388652,200k-1M,-0.038940884393568354
male,ES432,Caceres,2008,e65,17.97740373265526,18.021614,388652,200k-1M,-0.044210267344737986
male,ES432,Caceres,2009,e0,78.94636532464558,78.93122900000003,388652,200k-1M,0.015136324645553145
male,ES432,Caceres,2009,e65,17.968729596563175,17.951937,388652,200k-1M,0.016792596563174556
male,ES432,Caceres,2010,e0,78.92263059178258,78.90241,388652,200k-1M,0.02022059178257507
male,ES432,Caceres,2010,e65,18.378623957061688,18.351824000000004,388652,200k-1M,0.0267999570616837
male,ES432,Caceres,2011,e0,79.32834058072312,79.34445400000001,388652,200k-1M,-0.01611341927689125
male,ES432,Caceres,2011,e65,18.78078484085734,18.795945999999997,388652,200k-1M,-0.015161159142657255
male,ES432,Caceres,2012,e0,78.95988193674162,78.96763700000001,388652,200k-1M,-0.007755063258386485
male,ES432,Caceres,2012,e65,18.220004969696234,18.223655,388652,200k-1M,-0.0036500303037669823
male,ES432,Caceres,2013,e0,79.50538129000257,79.53520400000001,388652,200k-1M,-0.02982270999743264
male,ES432,Caceres,2013,e65,18.414167191659566,18.44447,388652,200k-1M,-0.03030280834043353
male,ES432,Caceres,2014,e0,80.50614188497586,80.476933,388652,200k-1M,0.029208884975858496
male,ES432,Caceres,2014,e65,19.250137650710005,19.214792,388652,200k-1M,0.03534565071000628
male,ES432,Caceres,2015,e0,79.64292759886308,79.66119300000001,388652,200k-1M,-0.018265401136929427
male,ES432,Caceres,2015,e65,18.530427132321513,18.547791999999998,388652,200k-1M,-0.01736486767848433
male,ES432,Caceres,2016,e0,80.01696641798134,79.971407,388652,200k-1M,0.04555941798133745
male,ES432,Caceres,2016,e65,18.92959066906465,18.871312,388652,200k-1M,0.058278669064648625
male,ES432,Caceres,2017,e0,79.71031033714007,79.677569,388652,200k-1M,0.03274133714006666
male,ES432,Caceres,2017,e65,18.739937504038227,18.699941000000003,388652,200k-1M,0.039996504038224856
male,ES432,Caceres,2018,e0,80.01211282737988,79.96577199999999,388652,200k-1M,0.04634082737989331
male,ES432,Caceres,2018,e65,19.086054916060057,19.029586,388652,200k-1M,0.05646891606005866
male,ES432,Caceres,2019,e0,80.69949979461727,80.654585,388652,200k-1M,0.044914794617270104
male,ES432,Caceres,2019,e65,19.368228109321155,19.31641,388652,200k-1M,0.05181810932115383
male,ES432,Caceres,2020,e0,79.14502316953156,79.148212,388652,200k-1M,-0.003188830468445758
male,ES432,Caceres,2020,e65,17.767437548614872,17.767677,388652,200k-1M,-2.3945138512715403e-4
male,ES432,Caceres,2021,e0,79.82540181719574,79.810001,388652,200k-1M,0.015400817195740046
male,ES432,Caceres,2021,e65,18.772905350622146,18.752709999999997,388652,200k-1M,0.020195350622149277
male,ES432,Caceres,2022,e0,80.08119128446988,80.11091300000001,388652,200k-1M,-0.0297217155301297
male,ES432,Caceres,2022,e65,18.61649897439129,18.645072,388652,200k-1M,-0.02857302560870778
male,ES432,Caceres,2023,e0,80.83616793424649,80.79854900000001,388652,200k-1M,0.03761893424648122
male,ES432,Caceres,2023,e65,19.536164092568903,19.491005,388652,200k-1M,0.045159092568901826
male,ES432,Caceres,2024,e0,80.92651017356165,80.87114799999999,388652,200k-1M,0.05536217356166162
male,ES432,Caceres,2024,e65,19.43761964535597,19.374809000000003,388652,200k-1M,0.0628106453559667
male,ES511,Barcelona,2002,e0,76.6759755097929,76.702547,5877672,>1M,-0.02657149020708971
male,ES511,Barcelona,2002,e65,16.78599090763368,16.814536,5877672,>1M,-0.028545092366321967
male,ES511,Barcelona,2003,e0,76.63902574283568,76.683005,5877672,>1M,-0.043979257164309615
male,ES511,Barcelona,2003,e65,16.662034592436804,16.712095,5877672,>1M,-0.05006040756319763
male,ES511,Barcelona,2004,e0,77.27558414282345,77.30243799999998,5877672,>1M,-0.026853857176533324
male,ES511,Barcelona,2004,e65,17.202864561598123,17.232168,5877672,>1M,-0.02930343840187888
male,ES511,Barcelona,2005,e0,77.10152736865216,77.11887699999998,5877672,>1M,-0.017349631347826744
male,ES511,Barcelona,2005,e65,16.912535560998823,16.929987,5877672,>1M,-0.01745143900117796
male,ES511,Barcelona,2006,e0,78.01875085078781,78.043884,5877672,>1M,-0.025133149212194894
male,ES511,Barcelona,2006,e65,17.690446289625825,17.716665000000003,5877672,>1M,-0.026218710374177334
male,ES511,Barcelona,2007,e0,78.06401011723557,78.08786300000001,5877672,>1M,-0.023852882764444416
male,ES511,Barcelona,2007,e65,17.604055111311276,17.62849,5877672,>1M,-0.024434888688723788
male,ES511,Barcelona,2008,e0,78.5548783561539,78.587102,5877672,>1M,-0.032223643846094774
male,ES511,Barcelona,2008,e65,17.99794952304994,18.033244,5877672,>1M,-0.03529447695006027
male,ES511,Barcelona,2009,e0,78.90881059298034,78.91967500000001,5877672,>1M,-0.01086440701966751
male,ES511,Barcelona,2009,e65,18.18150787126667,18.191344,5877672,>1M,-0.00983612873332973
male,ES511,Barcelona,2010,e0,79.22241495299737,79.231731,5877672,>1M,-0.00931604700262767
male,ES511,Barcelona,2010,e65,18.375894857094988,18.384771999999998,5877672,>1M,-0.008877142905010516
male,ES511,Barcelona,2011,e0,79.58622602242545,79.606254,5877672,>1M,-0.0200279775745571
male,ES511,Barcelona,2011,e65,18.603142867497265,18.62341,5877672,>1M,-0.020267132502734597
male,ES511,Barcelona,2012,e0,79.55332823981018,79.577827,5877672,>1M,-0.02449876018981456
male,ES511,Barcelona,2012,e65,18.505994361106293,18.532117,5877672,>1M,-0.026122638893706807
male,ES511,Barcelona,2013,e0,80.03716594325284,80.035126,5877672,>1M,0.0020399432528392936
male,ES511,Barcelona,2013,e65,18.8956744556065,18.890178000000002,5877672,>1M,0.0054964556064973635
male,ES511,Barcelona,2014,e0,80.37571702626566,80.39273699999998,5877672,>1M,-0.01701997373432107
male,ES511,Barcelona,2014,e65,19.165852960774437,19.183192,5877672,>1M,-0.017339039225561237
male,ES511,Barcelona,2015,e0,80.40418353749386,80.413371,5877672,>1M,-0.00918746250613367
male,ES511,Barcelona,2015,e65,19.039246122475163,19.047537,5877672,>1M,-0.008290877524835594
male,ES511,Barcelona,2016,e0,80.70602174622522,80.710722,5877672,>1M,-0.004700253774785779
male,ES511,Barcelona,2016,e65,19.28780369242888,19.29161,5877672,>1M,-0.003806307571117884
male,ES511,Barcelona,2017,e0,80.54098919920776,80.53732500000001,5877672,>1M,0.0036641992077477425
male,ES511,Barcelona,2017,e65,19.08209146469399,19.07638,5877672,>1M,0.005711464693987978
male,ES511,Barcelona,2018,e0,80.70346892457948,80.69278699999998,5877672,>1M,0.010681924579500901
male,ES511,Barcelona,2018,e65,19.269817956988586,19.255622999999996,5877672,>1M,0.014194956988589524
male,ES511,Barcelona,2019,e0,81.19790150574588,81.17864699999998,5877672,>1M,0.019254505745891493
male,ES511,Barcelona,2019,e65,19.653723571457853,19.631287000000004,5877672,>1M,0.02243657145784894
male,ES511,Barcelona,2020,e0,79.44354710003405,79.46166800000002,5877672,>1M,-0.018120899965964554
male,ES511,Barcelona,2020,e65,17.96298147575031,17.982107999999997,5877672,>1M,-0.019126524249685417
male,ES511,Barcelona,2021,e0,80.62572272040771,80.622519,5877672,>1M,0.00320372040771133
male,ES511,Barcelona,2021,e65,19.09760923524161,19.092616999999997,5877672,>1M,0.004992235241612519
male,ES511,Barcelona,2022,e0,80.93381860160864,80.952167,5877672,>1M,-0.018348398391367482
male,ES511,Barcelona,2022,e65,19.2938587814928,19.313042,5877672,>1M,-0.019183218507198063
male,ES511,Barcelona,2023,e0,81.46018162412449,81.45622700000001,5877672,>1M,0.0039546241244750036
male,ES511,Barcelona,2023,e65,19.79628160291057,19.790548999999995,5877672,>1M,0.005732602910576645
male,ES511,Barcelona,2024,e0,81.8677909218975,81.84465700000001,5877672,>1M,0.023133921897482423
male,ES511,Barcelona,2024,e65,20.13224732928064,20.105579,5877672,>1M,0.026668329280642666
male,ES512,Girona,2002,e0,76.81590023319164,76.83275199999999,821108,200k-1M,-0.016851766808343882
male,ES512,Girona,2002,e65,17.275470683628896,17.288500999999997,821108,200k-1M,-0.013030316371100525
male,ES512,Girona,2003,e0,77.18103651362883,77.203591,821108,200k-1M,-0.022554486371177518
male,ES512,Girona,2003,e65,17.3030233075573,17.326445999999997,821108,200k-1M,-0.023422692442697013
male,ES512,Girona,2004,e0,77.36454834980668,77.387893,821108,200k-1M,-0.02334465019332299
male,ES512,Girona,2004,e65,17.44842415635096,17.47066,821108,200k-1M,-0.022235843649038856
male,ES512,Girona,2005,e0,77.64685476361316,77.634594,821108,200k-1M,0.0122607636131562
male,ES512,Girona,2005,e65,17.525312310932293,17.506884000000003,821108,200k-1M,0.018428310932289804
male,ES512,Girona,2006,e0,78.27249945605266,78.283052,821108,200k-1M,-0.010552543947341064
male,ES512,Girona,2006,e65,17.868835494451034,17.877768000000003,821108,200k-1M,-0.008932505548969516
male,ES512,Girona,2007,e0,78.60676046465808,78.64066900000002,821108,200k-1M,-0.033908535341936386
male,ES512,Girona,2007,e65,18.128754381789058,18.164427,821108,200k-1M,-0.03567261821094192
male,ES512,Girona,2008,e0,78.84344654224844,78.829595,821108,200k-1M,0.01385154224844598
male,ES512,Girona,2008,e65,18.26827950503663,18.247308,821108,200k-1M,0.02097150503663059
male,ES512,Girona,2009,e0,79.02303298099069,79.00992900000001,821108,200k-1M,0.01310398099067811
male,ES512,Girona,2009,e65,18.34438864532688,18.323878000000004,821108,200k-1M,0.020510645326876187
male,ES512,Girona,2010,e0,79.48074260408043,79.507281,821108,200k-1M,-0.026538395919573077
male,ES512,Girona,2010,e65,18.46740332833563,18.495575999999996,821108,200k-1M,-0.028172671664364657
male,ES512,Girona,2011,e0,79.69591044579478,79.693949,821108,200k-1M,0.0019614457947767505
male,ES512,Girona,2011,e65,18.860695652004033,18.855428,821108,200k-1M,0.005267652004032897
male,ES512,Girona,2012,e0,79.66624672724252,79.69997099999999,821108,200k-1M,-0.03372427275746759
male,ES512,Girona,2012,e65,18.743174931895695,18.780510999999997,821108,200k-1M,-0.037336068104302456
male,ES512,Girona,2013,e0,80.36382792981442,80.371183,821108,200k-1M,-0.007355070185582235
male,ES512,Girona,2013,e65,19.235689233128035,19.244245999999997,821108,200k-1M,-0.00855676687196194
male,ES512,Girona,2014,e0,80.12842062448587,80.131003,821108,200k-1M,-0.002582375514137425
male,ES512,Girona,2014,e65,18.98892514983988,18.988033999999995,821108,200k-1M,8.911498398838091e-4
male,ES512,Girona,2015,e0,80.10553694294322,80.095853,821108,200k-1M,0.009683942943212287
male,ES512,Girona,2015,e65,19.07101090515389,19.056487,821108,200k-1M,0.014523905153890126
male,ES512,Girona,2016,e0,80.31509329798911,80.319039,821108,200k-1M,-0.003945702010895502
male,ES512,Girona,2016,e65,19.184764591556366,19.186064000000002,821108,200k-1M,-0.0012994084436357412
male,ES512,Girona,2017,e0,80.59947098431121,80.557071,821108,200k-1M,0.042399984311217054
male,ES512,Girona,2017,e65,19.25721175902745,19.20738,821108,200k-1M,0.049831759027448186
male,ES512,Girona,2018,e0,80.68209341714913,80.693034,821108,200k-1M,-0.010940582850864189
male,ES512,Girona,2018,e65,19.38759912529625,19.398076,821108,200k-1M,-0.010476874703748251
male,ES512,Girona,2019,e0,80.4870398659577,80.46302400000002,821108,200k-1M,0.02401586595767924
male,ES512,Girona,2019,e65,19.40008523209367,19.369863000000002,821108,200k-1M,0.030222232093667145
male,ES512,Girona,2020,e0,80.12465981572821,80.138295,821108,200k-1M,-0.013635184271791445
male,ES512,Girona,2020,e65,18.81996270958034,18.833815000000005,821108,200k-1M,-0.013852290419663404
male,ES512,Girona,2021,e0,80.36674997552288,80.360326,821108,200k-1M,0.006423975522878322
male,ES512,Girona,2021,e65,19.084035653318526,19.073142999999998,821108,200k-1M,0.01089265331852829
male,ES512,Girona,2022,e0,80.41817876335053,80.41668700000001,821108,200k-1M,0.0014917633505149297
male,ES512,Girona,2022,e65,19.229751560326267,19.226860000000002,821108,200k-1M,0.0028915603262653633
male,ES512,Girona,2023,e0,80.87722908205063,80.88298499999999,821108,200k-1M,-0.005755917949358036
male,ES512,Girona,2023,e65,19.465520982617882,19.469619999999995,821108,200k-1M,-0.004099017382113601
male,ES512,Girona,2024,e0,81.23511233475398,81.200881,821108,200k-1M,0.03423133475398288
male,ES512,Girona,2024,e65,19.86540594595717,19.824304,821108,200k-1M,0.04110194595716976
male,ES513,Lleida,2002,e0,76.60312083732535,76.62302799999999,451707,200k-1M,-0.019907162674641654
male,ES513,Lleida,2002,e65,17.34209259261282,17.362015,451707,200k-1M,-0.019922407387181096
male,ES513,Lleida,2003,e0,76.25110125485564,76.27666900000001,451707,200k-1M,-0.025567745144371656
male,ES513,Lleida,2003,e65,17.26142002529313,17.287484,451707,200k-1M,-0.02606397470686872
male,ES513,Lleida,2004,e0,76.93887987526212,76.96427600000001,451707,200k-1M,-0.02539612473789532
male,ES513,Lleida,2004,e65,17.933001617627337,17.961501,451707,200k-1M,-0.028499382372661586
male,ES513,Lleida,2005,e0,77.22003482170835,77.231305,451707,200k-1M,-0.01127017829165311
male,ES513,Lleida,2005,e65,17.5448031761297,17.556603,451707,200k-1M,-0.011799823870298098
male,ES513,Lleida,2006,e0,77.88430399121901,77.91370900000001,451707,200k-1M,-0.029405008780997832
male,ES513,Lleida,2006,e65,18.18347173374896,18.213843,451707,200k-1M,-0.030371266251041362
male,ES513,Lleida,2007,e0,77.93504206001121,77.959187,451707,200k-1M,-0.024144939988786973
male,ES513,Lleida,2007,e65,18.266791243680792,18.292403999999998,451707,200k-1M,-0.025612756319205232
male,ES513,Lleida,2008,e0,79.02959298957353,79.04636,451707,200k-1M,-0.016767010426477214
male,ES513,Lleida,2008,e65,18.692364590425232,18.70745,451707,200k-1M,-0.01508540957476967
male,ES513,Lleida,2009,e0,79.15807929895203,79.196236,451707,200k-1M,-0.03815670104796709
male,ES513,Lleida,2009,e65,18.534094443767103,18.575259,451707,200k-1M,-0.04116455623289639
male,ES513,Lleida,2010,e0,78.9720834730593,78.98052200000001,451707,200k-1M,-0.008438526940707902
male,ES513,Lleida,2010,e65,18.685342728815485,18.690214,451707,200k-1M,-0.004871271184516246
male,ES513,Lleida,2011,e0,79.3344255274001,79.361821,451707,200k-1M,-0.027395472599906157
male,ES513,Lleida,2011,e65,18.847054229287902,18.875542999999997,451707,200k-1M,-0.028488770712094436
male,ES513,Lleida,2012,e0,79.73843212134112,79.77876199999999,451707,200k-1M,-0.04032987865886639
male,ES513,Lleida,2012,e65,18.711670680850553,18.753827,451707,200k-1M,-0.04215631914944851
male,ES513,Lleida,2013,e0,80.15628670539512,80.17610599999999,451707,200k-1M,-0.019819294604872084
male,ES513,Lleida,2013,e65,19.048713274134705,19.070583,451707,200k-1M,-0.021869725865293788
male,ES513,Lleida,2014,e0,80.30728966829442,80.320266,451707,200k-1M,-0.01297633170558754
male,ES513,Lleida,2014,e65,19.247750628384377,19.260161,451707,200k-1M,-0.01241037161562275
male,ES513,Lleida,2015,e0,80.23297494903996,80.231892,451707,200k-1M,0.0010829490399544284
male,ES513,Lleida,2015,e65,19.11554161450022,19.110017000000003,451707,200k-1M,0.00552461450021724
male,ES513,Lleida,2016,e0,80.6733768865919,80.63990799999999,451707,200k-1M,0.033468886591904834
male,ES513,Lleida,2016,e65,19.611063526612917,19.569101999999997,451707,200k-1M,0.04196152661291919
male,ES513,Lleida,2017,e0,80.58762661184062,80.589405,451707,200k-1M,-0.0017783881593800288
male,ES513,Lleida,2017,e65,19.38538033874814,19.385679999999997,451707,200k-1M,-2.9966125185865167e-4
male,ES513,Lleida,2018,e0,80.40606408375989,80.39684199999999,451707,200k-1M,0.009222083759894417
male,ES513,Lleida,2018,e65,19.18208282842936,19.170134,451707,200k-1M,0.011948828429357405
male,ES513,Lleida,2019,e0,80.89793496973971,80.892424,451707,200k-1M,0.005510969739702887
male,ES513,Lleida,2019,e65,19.723402647710675,19.711408000000002,451707,200k-1M,0.011994647710672268
male,ES513,Lleida,2020,e0,79.43019885107273,79.46127200000001,451707,200k-1M,-0.03107314892727686
male,ES513,Lleida,2020,e65,18.488894042630935,18.520208999999998,451707,200k-1M,-0.03131495736906231
male,ES513,Lleida,2021,e0,79.83013201367102,79.837508,451707,200k-1M,-0.007375986328980844
male,ES513,Lleida,2021,e65,18.783486125583703,18.791218999999998,451707,200k-1M,-0.007732874416294777
male,ES513,Lleida,2022,e0,80.281120888688,80.269715,451707,200k-1M,0.011405888687988863
male,ES513,Lleida,2022,e65,19.104661869499946,19.090163,451707,200k-1M,0.0144988694999455
male,ES513,Lleida,2023,e0,80.94023985264973,80.96943900000001,451707,200k-1M,-0.029199147350283283
male,ES513,Lleida,2023,e65,19.669064482295386,19.699285000000003,451707,200k-1M,-0.030220517704616867
male,ES513,Lleida,2024,e0,81.32816970429117,81.31757900000001,451707,200k-1M,0.010590704291161046
male,ES513,Lleida,2024,e65,19.806747439995835,19.793231,451707,200k-1M,0.013516439995836294
male,ES514,Tarragona,2002,e0,76.39970650102242,76.43602100000001,861744,200k-1M,-0.03631449897758898
male,ES514,Tarragona,2002,e65,17.05525361856851,17.097761000000002,861744,200k-1M,-0.04250738143149135
male,ES514,Tarragona,2003,e0,76.61935372878801,76.67262799999999,861744,200k-1M,-0.05327427121197559
male,ES514,Tarragona,2003,e65,17.27348278268877,17.331186000000002,861744,200k-1M,-0.05770321731123218
male,ES514,Tarragona,2004,e0,76.9852157977776,77.006531,861744,200k-1M,-0.02131520222239658
male,ES514,Tarragona,2004,e65,17.382468295797942,17.405298999999996,861744,200k-1M,-0.02283070420205391
male,ES514,Tarragona,2005,e0,77.0649234777984,77.086522,861744,200k-1M,-0.02159852220160019
male,ES514,Tarragona,2005,e65,17.23004450041469,17.251599,861744,200k-1M,-0.021554499585310083
male,ES514,Tarragona,2006,e0,77.79207087409446,77.83294699999999,861744,200k-1M,-0.040876125905526806
male,ES514,Tarragona,2006,e65,17.973195786711603,18.017613,861744,200k-1M,-0.04441721328839776
male,ES514,Tarragona,2007,e0,77.98575883872397,77.974936,861744,200k-1M,0.01082283872396772
male,ES514,Tarragona,2007,e65,17.843860097501018,17.828877000000002,861744,200k-1M,0.014983097501016118
male,ES514,Tarragona,2008,e0,78.29527498963076,78.32868099999999,861744,200k-1M,-0.03340601036923374
male,ES514,Tarragona,2008,e65,18.294586025219015,18.32979,861744,200k-1M,-0.035203974780984026
male,ES514,Tarragona,2009,e0,78.48239620419824,78.49826900000002,861744,200k-1M,-0.015872795801783468
male,ES514,Tarragona,2009,e65,18.23273441972145,18.248743999999995,861744,200k-1M,-0.0160095802785456
male,ES514,Tarragona,2010,e0,79.03462533450208,79.051875,861744,200k-1M,-0.01724966549791418
male,ES514,Tarragona,2010,e65,18.6582723765593,18.676288000000003,861744,200k-1M,-0.01801562344070362
male,ES514,Tarragona,2011,e0,79.52953627420369,79.542528,861744,200k-1M,-0.01299172579631147
male,ES514,Tarragona,2011,e65,18.577145299682332,18.588911999999997,861744,200k-1M,-0.011766700317664913
male,ES514,Tarragona,2012,e0,79.55748375093249,79.536547,861744,200k-1M,0.020936750932492032
male,ES514,Tarragona,2012,e65,18.790086167292007,18.761422999999997,861744,200k-1M,0.02866316729200946
male,ES514,Tarragona,2013,e0,79.73805983285006,79.75375,861744,200k-1M,-0.015690167149941203
male,ES514,Tarragona,2013,e65,18.883219061179187,18.899060000000002,861744,200k-1M,-0.01584093882081561
male,ES514,Tarragona,2014,e0,80.27199135098434,80.276895,861744,200k-1M,-0.004903649015659539
male,ES514,Tarragona,2014,e65,19.21001044911373,19.21132,861744,200k-1M,-0.0013095508862690508
male,ES514,Tarragona,2015,e0,79.82651966412793,79.82488699999999,861744,200k-1M,0.0016326641279391652
male,ES514,Tarragona,2015,e65,18.765931341576447,18.763386999999998,861744,200k-1M,0.002544341576449227
male,ES514,Tarragona,2016,e0,80.34596094658188,80.32642999999999,861744,200k-1M,0.019530946581895137
male,ES514,Tarragona,2016,e65,19.01004707938781,18.983782999999995,861744,200k-1M,0.02626407938781483
male,ES514,Tarragona,2017,e0,80.40945025939182,80.393576,861744,200k-1M,0.015874259391821965
male,ES514,Tarragona,2017,e65,19.248301096373407,19.226691999999996,861744,200k-1M,0.021609096373410352
male,ES514,Tarragona,2018,e0,79.97008804534369,79.93916400000002,861744,200k-1M,0.030924045343667217
male,ES514,Tarragona,2018,e65,19.132204519367303,19.097724,861744,200k-1M,0.03448051936730323
male,ES514,Tarragona,2019,e0,80.56521562737045,80.54726200000002,861744,200k-1M,0.01795362737043149
male,ES514,Tarragona,2019,e65,19.45470184324115,19.432173,861744,200k-1M,0.02252884324115101
male,ES514,Tarragona,2020,e0,79.32655150771262,79.342207,861744,200k-1M,-0.015655492287379502
male,ES514,Tarragona,2020,e65,18.2553715731594,18.270701,861744,200k-1M,-0.015329426840597904
male,ES514,Tarragona,2021,e0,80.31595012986048,80.30836999999998,861744,200k-1M,0.007580129860500051
male,ES514,Tarragona,2021,e65,18.973220097068943,18.963607999999997,861744,200k-1M,0.009612097068945502
male,ES514,Tarragona,2022,e0,80.19839579546168,80.224495,861744,200k-1M,-0.02609920453832615
male,ES514,Tarragona,2022,e65,19.153469696133598,19.181567,861744,200k-1M,-0.028097303866402967
male,ES514,Tarragona,2023,e0,80.74910416370015,80.778579,861744,200k-1M,-0.02947483629984049
male,ES514,Tarragona,2023,e65,19.389768096080882,19.418164,861744,200k-1M,-0.028395903919118837
male,ES514,Tarragona,2024,e0,80.83838906005559,80.882103,861744,200k-1M,-0.04371393994441064
male,ES514,Tarragona,2024,e65,19.553209516984207,19.601285000000004,861744,200k-1M,-0.048075483015797005
male,ES521,Alicante/Alacant,2002,e0,76.11972681798883,76.14800199999999,1993289,>1M,-0.028275182011157085
male,ES521,Alicante/Alacant,2002,e65,16.724467308291832,16.75306,1993289,>1M,-0.028592691708169582
male,ES521,Alicante/Alacant,2003,e0,76.29750671698731,76.324509,1993289,>1M,-0.02700228301269192
male,ES521,Alicante/Alacant,2003,e65,16.85919444476673,16.888163,1993289,>1M,-0.02896855523326991
male,ES521,Alicante/Alacant,2004,e0,77.14953499434495,77.18153099999999,1993289,>1M,-0.03199600565504568
male,ES521,Alicante/Alacant,2004,e65,17.255646222878926,17.288236999999995,1993289,>1M,-0.032590777121068726
male,ES521,Alicante/Alacant,2005,e0,77.21552123152166,77.20221400000001,1993289,>1M,0.01330723152165092
male,ES521,Alicante/Alacant,2005,e65,17.49125994102996,17.472744999999996,1993289,>1M,0.018514941029962984
male,ES521,Alicante/Alacant,2006,e0,78.05517207775468,78.079354,1993289,>1M,-0.024181922245318788
male,ES521,Alicante/Alacant,2006,e65,18.006605565270178,18.030884000000004,1993289,>1M,-0.02427843472982616
male,ES521,Alicante/Alacant,2007,e0,78.13219358437084,78.14974,1993289,>1M,-0.017546415629155376
male,ES521,Alicante/Alacant,2007,e65,17.965774715760006,17.984420999999998,1993289,>1M,-0.018646284239991928
male,ES521,Alicante/Alacant,2008,e0,78.40110563588874,78.41148500000001,1993289,>1M,-0.010379364111273048
male,ES521,Alicante/Alacant,2008,e65,18.179580366607446,18.188734999999998,1993289,>1M,-0.009154633392551403
male,ES521,Alicante/Alacant,2009,e0,79.36270230764397,79.32086,1993289,>1M,0.04184230764397512
male,ES521,Alicante/Alacant,2009,e65,18.59917314717318,18.549195,1993289,>1M,0.049978147173177945
male,ES521,Alicante/Alacant,2010,e0,79.61102431878254,79.61577599999998,1993289,>1M,-0.004751681217442183
male,ES521,Alicante/Alacant,2010,e65,18.713256821217318,18.714894000000005,1993289,>1M,-0.0016371787826869877
male,ES521,Alicante/Alacant,2011,e0,79.72481812132244,79.71519900000001,1993289,>1M,0.009619121322430146
male,ES521,Alicante/Alacant,2011,e65,18.922815151814575,18.909302999999998,1993289,>1M,0.013512151814577322
male,ES521,Alicante/Alacant,2012,e0,79.39741597750788,79.41896900000002,1993289,>1M,-0.021553022492142304
male,ES521,Alicante/Alacant,2012,e65,18.570608086944375,18.593031,1993289,>1M,-0.022422913055624605
male,ES521,Alicante/Alacant,2013,e0,80.27310870637247,80.269073,1993289,>1M,0.004035706372462755
male,ES521,Alicante/Alacant,2013,e65,19.20351812953809,19.196735,1993289,>1M,0.006783129538089128
male,ES521,Alicante/Alacant,2014,e0,80.2914214433909,80.27367,1993289,>1M,0.01775144339090673
male,ES521,Alicante/Alacant,2014,e65,19.204704854344925,19.182338999999995,1993289,>1M,0.02236585434492966
male,ES521,Alicante/Alacant,2015,e0,80.00182178161151,80.006007,1993289,>1M,-0.004185218388485623
male,ES521,Alicante/Alacant,2015,e65,18.84008105713288,18.841978000000005,1993289,>1M,-0.0018969428671233857
male,ES521,Alicante/Alacant,2016,e0,80.63228311857871,80.601161,1993289,>1M,0.031122118578707614
male,ES521,Alicante/Alacant,2016,e65,19.343880305339507,19.306655000000003,1993289,>1M,0.03722530533950419
male,ES521,Alicante/Alacant,2017,e0,80.18417494056291,80.157607,1993289,>1M,0.026567940562912895
male,ES521,Alicante/Alacant,2017,e65,19.08307998035378,19.049138999999997,1993289,>1M,0.033940980353783345
male,ES521,Alicante/Alacant,2018,e0,80.21343737253005,80.19287199999998,1993289,>1M,0.020565372530072068
male,ES521,Alicante/Alacant,2018,e65,19.11763473036503,19.09304,1993289,>1M,0.024594730365031126
male,ES521,Alicante/Alacant,2019,e0,80.54124377311854,80.483427,1993289,>1M,0.05781677311853173
male,ES521,Alicante/Alacant,2019,e65,19.266465568339992,19.199217,1993289,>1M,0.06724856833999127
male,ES521,Alicante/Alacant,2020,e0,79.87897783991923,79.89387799999999,1993289,>1M,-0.014900160080756564
male,ES521,Alicante/Alacant,2020,e65,18.616073811215447,18.632004000000002,1993289,>1M,-0.0159301887845551
male,ES521,Alicante/Alacant,2021,e0,79.6010023968625,79.57811699999999,1993289,>1M,0.022885396862506013
male,ES521,Alicante/Alacant,2021,e65,18.439223861470474,18.411843,1993289,>1M,0.027380861470472695
male,ES521,Alicante/Alacant,2022,e0,79.93986483165484,79.95528900000001,1993289,>1M,-0.015424168345163025
male,ES521,Alicante/Alacant,2022,e65,18.875826400256088,18.891228,1993289,>1M,-0.015401599743913863
male,ES521,Alicante/Alacant,2023,e0,80.75764305846798,80.74789500000001,1993289,>1M,0.009748058467963006
male,ES521,Alicante/Alacant,2023,e65,19.54418909599024,19.5326,1993289,>1M,0.01158909599024227
male,ES521,Alicante/Alacant,2024,e0,81.20795813716649,81.18420900000001,1993289,>1M,0.023749137166475975
male,ES521,Alicante/Alacant,2024,e65,19.733308490343493,19.705385999999997,1993289,>1M,0.02792249034349581
male,ES522,Castellon/Castello,2002,e0,76.45131326684307,76.47455500000001,615188,200k-1M,-0.02324173315693656
male,ES522,Castellon/Castello,2002,e65,17.051167586757884,17.073812,615188,200k-1M,-0.022644413242115746
male,ES522,Castellon/Castello,2003,e0,76.31133043182493,76.379169,615188,200k-1M,-0.06783856817507683
male,ES522,Castellon/Castello,2003,e65,16.468228195047093,16.543798,615188,200k-1M,-0.07556980495290588
male,ES522,Castellon/Castello,2004,e0,77.04019875937452,77.085165,615188,200k-1M,-0.04496624062548449
male,ES522,Castellon/Castello,2004,e65,17.021563537139855,17.07057,615188,200k-1M,-0.049006462860145206
male,ES522,Castellon/Castello,2005,e0,76.73161574155085,76.745692,615188,200k-1M,-0.014076258449151169
male,ES522,Castellon/Castello,2005,e65,16.91109805673555,16.927348999999996,615188,200k-1M,-0.01625094326444554
male,ES522,Castellon/Castello,2006,e0,77.23463665388927,77.273567,615188,200k-1M,-0.03893034611073176
male,ES522,Castellon/Castello,2006,e65,17.294874216519187,17.336890000000004,615188,200k-1M,-0.04201578348081725
male,ES522,Castellon/Castello,2007,e0,77.59103516557367,77.63536699999999,615188,200k-1M,-0.04433183442631616
male,ES522,Castellon/Castello,2007,e65,17.633457622685622,17.682451999999998,615188,200k-1M,-0.048994377314375726
male,ES522,Castellon/Castello,2008,e0,78.27498971425119,78.31794500000001,615188,200k-1M,-0.04295528574881757
male,ES522,Castellon/Castello,2008,e65,17.783636142545767,17.831639,615188,200k-1M,-0.048002857454232384
male,ES522,Castellon/Castello,2009,e0,77.64331280316215,77.671803,615188,200k-1M,-0.02849019683785059
male,ES522,Castellon/Castello,2009,e65,17.803582586296972,17.832197,615188,200k-1M,-0.02861441370302842
male,ES522,Castellon/Castello,2010,e0,79.27045567581222,79.275646,615188,200k-1M,-0.005190324187779538
male,ES522,Castellon/Castello,2010,e65,18.38374580415224,18.388071999999998,615188,200k-1M,-0.004326195847756509
male,ES522,Castellon/Castello,2011,e0,79.0830575886774,79.07548399999999,615188,200k-1M,0.007573588677416865
male,ES522,Castellon/Castello,2011,e65,18.350611559834334,18.340327,615188,200k-1M,0.010284559834335738
male,ES522,Castellon/Castello,2012,e0,79.62878236413988,79.66938199999998,615188,200k-1M,-0.0405996358601044
male,ES522,Castellon/Castello,2012,e65,18.453572603715386,18.496218999999996,615188,200k-1M,-0.04264639628460998
male,ES522,Castellon/Castello,2013,e0,79.72822196649327,79.751951,615188,200k-1M,-0.02372903350673994
male,ES522,Castellon/Castello,2013,e65,18.839577389496416,18.864722999999998,615188,200k-1M,-0.025145610503582105
male,ES522,Castellon/Castello,2014,e0,79.78498968243288,79.780986,615188,200k-1M,0.004003682432880851
male,ES522,Castellon/Castello,2014,e65,18.931720800088097,18.925662999999997,615188,200k-1M,0.006057800088100862
male,ES522,Castellon/Castello,2015,e0,79.50865967347384,79.533146,615188,200k-1M,-0.024486326526158564
male,ES522,Castellon/Castello,2015,e65,18.58889947999221,18.613443,615188,200k-1M,-0.024543520007789255
male,ES522,Castellon/Castello,2016,e0,79.91750134304172,79.89756300000002,615188,200k-1M,0.0199383430417015
male,ES522,Castellon/Castello,2016,e65,18.949253633941584,18.926785999999996,615188,200k-1M,0.022467633941587906
male,ES522,Castellon/Castello,2017,e0,80.1975360563951,80.17726400000001,615188,200k-1M,0.020272056395086224
male,ES522,Castellon/Castello,2017,e65,19.193162168803983,19.166342999999998,615188,200k-1M,0.026819168803985605
male,ES522,Castellon/Castello,2018,e0,79.92469676082075,79.935349,615188,200k-1M,-0.010652239179250955
male,ES522,Castellon/Castello,2018,e65,18.660608177111122,18.670621,615188,200k-1M,-0.010012822888878503
male,ES522,Castellon/Castello,2019,e0,80.17715245819024,80.152204,615188,200k-1M,0.024948458190237943
male,ES522,Castellon/Castello,2019,e65,19.03865386267841,19.007658000000003,615188,200k-1M,0.030995862678405928
male,ES522,Castellon/Castello,2020,e0,80.4015858581868,80.36892999999999,615188,200k-1M,0.03265585818681416
male,ES522,Castellon/Castello,2020,e65,18.925443308332348,18.887752,615188,200k-1M,0.03769130833234868
male,ES522,Castellon/Castello,2021,e0,79.35369539435175,79.350611,615188,200k-1M,0.0030843943517453454
male,ES522,Castellon/Castello,2021,e65,18.662059351736936,18.656205000000003,615188,200k-1M,0.005854351736932273
male,ES522,Castellon/Castello,2022,e0,79.78997222149907,79.820819,615188,200k-1M,-0.030846778500929872
male,ES522,Castellon/Castello,2022,e65,18.69920594161467,18.732994,615188,200k-1M,-0.03378805838532983
male,ES522,Castellon/Castello,2023,e0,80.69922079869072,80.687853,615188,200k-1M,0.011367798690713471
male,ES522,Castellon/Castello,2023,e65,19.23515326589554,19.220836,615188,200k-1M,0.014317265895542164
male,ES522,Castellon/Castello,2024,e0,80.642189298945,80.616818,615188,200k-1M,0.025371298945003673
male,ES522,Castellon/Castello,2024,e65,19.57674955484826,19.546812,615188,200k-1M,0.029937554848260106
male,ES523,Valencia/Valencia,2002,e0,75.25800260382057,75.28566400000001,2710808,>1M,-0.027661396179439635
male,ES523,Valencia/Valencia,2002,e65,15.990532738455366,16.019483,2710808,>1M,-0.02895026154463487
male,ES523,Valencia/Valencia,2003,e0,75.4074891869092,75.44945400000002,2710808,>1M,-0.041964813090814346
male,ES523,Valencia/Valencia,2003,e65,15.944506905155306,15.990680000000001,2710808,>1M,-0.04617309484469523
male,ES523,Valencia/Valencia,2004,e0,76.22030105935472,76.258621,2710808,>1M,-0.038319940645280326
male,ES523,Valencia/Valencia,2004,e65,16.496217829866836,16.540172,2710808,>1M,-0.04395417013316205
male,ES523,Valencia/Valencia,2005,e0,76.16570177431879,76.18671499999999,2710808,>1M,-0.021013225681201675
male,ES523,Valencia/Valencia,2005,e65,16.457750836734913,16.478658,2710808,>1M,-0.020907163265086126
male,ES523,Valencia/Valencia,2006,e0,76.94455827813564,76.97496300000002,2710808,>1M,-0.03040472186437171
male,ES523,Valencia/Valencia,2006,e65,17.00870927654971,17.042318999999996,2710808,>1M,-0.033609723450286566
male,ES523,Valencia/Valencia,2007,e0,76.93174427271833,76.957042,2710808,>1M,-0.025297727281667903
male,ES523,Valencia/Valencia,2007,e65,16.98326101938894,17.013485000000003,2710808,>1M,-0.030223980611062018
male,ES523,Valencia/Valencia,2008,e0,77.52187514951191,77.545682,2710808,>1M,-0.02380685048808573
male,ES523,Valencia/Valencia,2008,e65,17.358009552725434,17.384393,2710808,>1M,-0.026383447274564986
male,ES523,Valencia/Valencia,2009,e0,77.83353340099421,77.851435,2710808,>1M,-0.017901599005782032
male,ES523,Valencia/Valencia,2009,e65,17.391133829287355,17.410953000000003,2710808,>1M,-0.019819170712647605
male,ES523,Valencia/Valencia,2010,e0,77.96082421063562,77.99950500000001,2710808,>1M,-0.0386807893643919
male,ES523,Valencia/Valencia,2010,e65,17.609506596740815,17.652574,2710808,>1M,-0.043067403259186676
male,ES523,Valencia/Valencia,2011,e0,78.3871921591553,78.416768,2710808,>1M,-0.029575840844699997
male,ES523,Valencia/Valencia,2011,e65,17.717468661147127,17.751282,2710808,>1M,-0.03381333885287319
male,ES523,Valencia/Valencia,2012,e0,78.70513834844867,78.74221300000002,2710808,>1M,-0.03707465155135026
male,ES523,Valencia/Valencia,2012,e65,17.996959604650968,18.038194,2710808,>1M,-0.04123439534903284
male,ES523,Valencia/Valencia,2013,e0,79.43089653710398,79.438635,2710808,>1M,-0.007738462896028864
male,ES523,Valencia/Valencia,2013,e65,18.419065354972346,18.426066,2710808,>1M,-0.007000645027652297
male,ES523,Valencia/Valencia,2014,e0,79.46343712338252,79.465767,2710808,>1M,-0.0023298766174804086
male,ES523,Valencia/Valencia,2014,e65,18.491734875961345,18.492758,2710808,>1M,-0.0010231240386531226
male,ES523,Valencia/Valencia,2015,e0,79.10644778922602,79.12810099999999,2710808,>1M,-0.021653210773962428
male,ES523,Valencia/Valencia,2015,e65,18.163657567932436,18.185472999999998,2710808,>1M,-0.021815432067562313
male,ES523,Valencia/Valencia,2016,e0,79.40077091998914,79.41154000000002,2710808,>1M,-0.010769080010874177
male,ES523,Valencia/Valencia,2016,e65,18.555328749886804,18.564742999999996,2710808,>1M,-0.009414250113191969
male,ES523,Valencia/Valencia,2017,e0,79.51259577051353,79.528521,2710808,>1M,-0.015925229486470016
male,ES523,Valencia/Valencia,2017,e65,18.33170025733495,18.349254000000002,2710808,>1M,-0.01755374266505072
male,ES523,Valencia/Valencia,2018,e0,79.69560039325535,79.68074399999999,2710808,>1M,0.014856393255357148
male,ES523,Valencia/Valencia,2018,e65,18.65311515560575,18.633913000000003,2710808,>1M,0.019202155605746896
male,ES523,Valencia/Valencia,2019,e0,80.10933834984654,80.10609199999999,2710808,>1M,0.0032463498465489238
male,ES523,Valencia/Valencia,2019,e65,18.778162952870705,18.773388,2710808,>1M,0.0047749528707043964
male,ES523,Valencia/Valencia,2020,e0,79.38572941778443,79.39721800000001,2710808,>1M,-0.011488582215577026
male,ES523,Valencia/Valencia,2020,e65,18.277777130906564,18.288313999999996,2710808,>1M,-0.010536869093431989
male,ES523,Valencia/Valencia,2021,e0,79.3652241360298,79.36664300000001,2710808,>1M,-0.0014188639702155115
male,ES523,Valencia/Valencia,2021,e65,18.23796165177936,18.2373,2710808,>1M,6.616517793602839e-4
male,ES523,Valencia/Valencia,2022,e0,79.74578619400431,79.760816,2710808,>1M,-0.015029805995695256
male,ES523,Valencia/Valencia,2022,e65,18.55731547163361,18.571607,2710808,>1M,-0.014291528366388917
male,ES523,Valencia/Valencia,2023,e0,80.2520701683653,80.24601900000002,2710808,>1M,0.006051168365274862
male,ES523,Valencia/Valencia,2023,e65,19.1615347023041,19.152497,2710808,>1M,0.009037702304098616
male,ES523,Valencia/Valencia,2024,e0,80.74027213144164,80.72710000000001,2710808,>1M,0.013172131441635315
male,ES523,Valencia/Valencia,2024,e65,19.51543008242989,19.499325,2710808,>1M,0.016105082429891837
male,ES532,"Balears, Illes",2002,e0,76.18478575542426,76.22716700000001,1231768,>1M,-0.04238124457575054
male,ES532,"Balears, Illes",2002,e65,16.642566627807923,16.6894,1231768,>1M,-0.04683337219207573
male,ES532,"Balears, Illes",2003,e0,76.68239858113188,76.713288,1231768,>1M,-0.030889418868127905
male,ES532,"Balears, Illes",2003,e65,16.508351990117017,16.544972,1231768,>1M,-0.036620009882984306
male,ES532,"Balears, Illes",2004,e0,77.09896435414004,77.141892,1231768,>1M,-0.04292764585996167
male,ES532,"Balears, Illes",2004,e65,16.959436747313678,17.009939,1231768,>1M,-0.05050225268632147
male,ES532,"Balears, Illes",2005,e0,77.19002854889676,77.24762800000002,1231768,>1M,-0.05759945110325759
male,ES532,"Balears, Illes",2005,e65,17.060235155630476,17.126305000000002,1231768,>1M,-0.06606984436952601
male,ES532,"Balears, Illes",2006,e0,77.66413898772565,77.68511099999999,1231768,>1M,-0.020972012274341978
male,ES532,"Balears, Illes",2006,e65,17.473776246916934,17.494521999999996,1231768,>1M,-0.020745753083062368
male,ES532,"Balears, Illes",2007,e0,78.28774200924238,78.299379,1231768,>1M,-0.011636990757622812
male,ES532,"Balears, Illes",2007,e65,17.739940811471218,17.750471,1231768,>1M,-0.010530188528782958
male,ES532,"Balears, Illes",2008,e0,78.30800873044517,78.329235,1231768,>1M,-0.021226269554830424
male,ES532,"Balears, Illes",2008,e65,18.003441067557038,18.025116999999998,1231768,>1M,-0.02167593244296029
male,ES532,"Balears, Illes",2009,e0,78.37781848178943,78.392343,1231768,>1M,-0.014524518210563997
male,ES532,"Balears, Illes",2009,e65,17.88159364665717,17.897573,1231768,>1M,-0.01597935334283207
male,ES532,"Balears, Illes",2010,e0,78.81071550242436,78.76794000000001,1231768,>1M,0.04277550242434813
male,ES532,"Balears, Illes",2010,e65,18.35315676131516,18.300050000000002,1231768,>1M,0.05310676131515635
male,ES532,"Balears, Illes",2011,e0,79.12921191625693,79.14303,1231768,>1M,-0.013818083743061038
male,ES532,"Balears, Illes",2011,e65,18.315255919799863,18.331383000000002,1231768,>1M,-0.016127080200138977
male,ES532,"Balears, Illes",2012,e0,79.22512602994553,79.22290199999999,1231768,>1M,0.002224029945537609
male,ES532,"Balears, Illes",2012,e65,18.32896631802884,18.321878000000005,1231768,>1M,0.007088318028834806
male,ES532,"Balears, Illes",2013,e0,80.02583776553368,80.01944900000001,1231768,>1M,0.006388765533671403
male,ES532,"Balears, Illes",2013,e65,18.829855371155425,18.821261000000003,1231768,>1M,0.008594371155421499
male,ES532,"Balears, Illes",2014,e0,79.92851075536304,79.93003900000001,1231768,>1M,-0.0015282446369724312
male,ES532,"Balears, Illes",2014,e65,18.83521215961123,18.835913,1231768,>1M,-7.008403887702741e-4
male,ES532,"Balears, Illes",2015,e0,79.64070802619135,79.63958,1231768,>1M,0.0011280261913526601
male,ES532,"Balears, Illes",2015,e65,18.3743977353266,18.371357000000003,1231768,>1M,0.003040735326596433
male,ES532,"Balears, Illes",2016,e0,80.39697966503627,80.35294799999998,1231768,>1M,0.04403166503628597
male,ES532,"Balears, Illes",2016,e65,19.208009680256854,19.156699,1231768,>1M,0.05131068025685437
male,ES532,"Balears, Illes",2017,e0,80.08700699420666,80.07474199999999,1231768,>1M,0.012264994206674373
male,ES532,"Balears, Illes",2017,e65,18.976550154576262,18.961165,1231768,>1M,0.015385154576261328
male,ES532,"Balears, Illes",2018,e0,80.47126489746421,80.44228300000002,1231768,>1M,0.028981897464191775
male,ES532,"Balears, Illes",2018,e65,19.069909230431865,19.037002,1231768,>1M,0.03290723043186361
male,ES532,"Balears, Illes",2019,e0,80.99123444992172,80.96814400000001,1231768,>1M,0.023090449921710388
male,ES532,"Balears, Illes",2019,e65,19.544478898219122,19.515826,1231768,>1M,0.028652898219121425
male,ES532,"Balears, Illes",2020,e0,80.62838182007367,80.602674,1231768,>1M,0.025707820073677112
male,ES532,"Balears, Illes",2020,e65,18.962563466447776,18.932045,1231768,>1M,0.030518466447777115
male,ES532,"Balears, Illes",2021,e0,80.32360864466568,80.357592,1231768,>1M,-0.03398335533431407
male,ES532,"Balears, Illes",2021,e65,18.94759895317418,18.986395999999996,1231768,>1M,-0.03879704682581675
male,ES532,"Balears, Illes",2022,e0,80.16650511407421,80.19060300000001,1231768,>1M,-0.02409788592579787
male,ES532,"Balears, Illes",2022,e65,18.749826067734073,18.776899,1231768,>1M,-0.027072932265927108
male,ES532,"Balears, Illes",2023,e0,81.29991635019601,81.32548199999998,1231768,>1M,-0.025565649803965584
male,ES532,"Balears, Illes",2023,e65,19.44899226081512,19.477564,1231768,>1M,-0.028571739184879874
male,ES532,"Balears, Illes",2024,e0,81.0551606795552,81.06284,1231768,>1M,-0.007679320444793802
male,ES532,"Balears, Illes",2024,e65,19.499933587043767,19.508121,1231768,>1M,-0.008187412956232265
male,ES611,Almeria,2002,e0,74.7918159339567,74.813132,760964,200k-1M,-0.02131606604329761
male,ES611,Almeria,2002,e65,16.119572356924543,16.140853000000003,760964,200k-1M,-0.021280643075460404
male,ES611,Almeria,2003,e0,74.8368420270681,74.88630599999999,760964,200k-1M,-0.04946397293188909
male,ES611,Almeria,2003,e65,16.18888397153777,16.248329999999996,760964,200k-1M,-0.0594460284622258
male,ES611,Almeria,2004,e0,75.4804518751797,75.538405,760964,200k-1M,-0.05795312482030113
male,ES611,Almeria,2004,e65,16.21635210506475,16.284298999999997,760964,200k-1M,-0.06794689493524686
male,ES611,Almeria,2005,e0,75.71486925250991,75.745801,760964,200k-1M,-0.030931747490086536
male,ES611,Almeria,2005,e65,16.423625474335815,16.456925000000002,760964,200k-1M,-0.03329952566418726
male,ES611,Almeria,2006,e0,76.16735135822996,76.15583199999998,760964,200k-1M,0.011519358229989507
male,ES611,Almeria,2006,e65,16.991372188304375,16.976415999999997,760964,200k-1M,0.01495618830437806
male,ES611,Almeria,2007,e0,76.72592053346902,76.74041900000002,760964,200k-1M,-0.014498466530994847
male,ES611,Almeria,2007,e65,16.716646447702043,16.72926,760964,200k-1M,-0.012613552297956687
male,ES611,Almeria,2008,e0,76.78445580976489,76.79172300000002,760964,200k-1M,-0.007267190235126009
male,ES611,Almeria,2008,e65,17.164167265957623,17.169221999999998,760964,200k-1M,-0.0050547340423747755
male,ES611,Almeria,2009,e0,77.47048853007111,77.44918900000002,760964,200k-1M,0.02129953007109009
male,ES611,Almeria,2009,e65,17.53724325601503,17.507547,760964,200k-1M,0.029696256015032674
male,ES611,Almeria,2010,e0,78.30761436198844,78.35810099999999,760964,200k-1M,-0.050486638011548735
male,ES611,Almeria,2010,e65,17.701811967859204,17.756882,760964,200k-1M,-0.05507003214079731
male,ES611,Almeria,2011,e0,78.02898498145078,78.060401,760964,200k-1M,-0.03141601854922271
male,ES611,Almeria,2011,e65,17.724560729807447,17.760035999999996,760964,200k-1M,-0.035475270192549146
male,ES611,Almeria,2012,e0,78.34230912678795,78.355299,760964,200k-1M,-0.012989873212049474
male,ES611,Almeria,2012,e65,17.653925836417482,17.666892,760964,200k-1M,-0.012966163582518675
male,ES611,Almeria,2013,e0,79.22154931101527,79.234672,760964,200k-1M,-0.013122688984736897
male,ES611,Almeria,2013,e65,18.3044891324407,18.319179000000002,760964,200k-1M,-0.014689867559301462
male,ES611,Almeria,2014,e0,79.08437099706148,79.055883,760964,200k-1M,0.028487997061489523
male,ES611,Almeria,2014,e65,18.252700333705665,18.220619999999997,760964,200k-1M,0.032080333705668096
male,ES611,Almeria,2015,e0,78.4578784766161,78.449538,760964,200k-1M,0.008340476616098158
male,ES611,Almeria,2015,e65,17.830698234137206,17.820116,760964,200k-1M,0.010582234137206825
male,ES611,Almeria,2016,e0,79.25353573731674,79.210931,760964,200k-1M,0.04260473731673642
male,ES611,Almeria,2016,e65,18.548061197707938,18.496278,760964,200k-1M,0.05178319770793749
male,ES611,Almeria,2017,e0,79.36112288045487,79.35667699999999,760964,200k-1M,0.004445880454881035
male,ES611,Almeria,2017,e65,18.401594499628757,18.392782999999998,760964,200k-1M,0.008811499628759378
male,ES611,Almeria,2018,e0,78.37144232912435,78.338839,760964,200k-1M,0.03260332912435615
male,ES611,Almeria,2018,e65,17.72858208819427,17.686714,760964,200k-1M,0.04186808819427057
male,ES611,Almeria,2019,e0,79.18379756485012,79.161937,760964,200k-1M,0.02186056485012955
male,ES611,Almeria,2019,e65,18.30668380651597,18.276745999999996,760964,200k-1M,0.02993780651597433
male,ES611,Almeria,2020,e0,78.55212609024002,78.540181,760964,200k-1M,0.011945090240018885
male,ES611,Almeria,2020,e65,18.077634951286555,18.061988000000003,760964,200k-1M,0.015646951286552024
male,ES611,Almeria,2021,e0,77.85691172904454,77.851134,760964,200k-1M,0.00577772904453866
male,ES611,Almeria,2021,e65,17.4092114833265,17.401428999999997,760964,200k-1M,0.007782483326504774
male,ES611,Almeria,2022,e0,78.67072014590556,78.67634399999999,760964,200k-1M,-0.005623854094423564
male,ES611,Almeria,2022,e65,17.953964228028063,17.953615999999997,760964,200k-1M,3.4822802806644404e-4
male,ES611,Almeria,2023,e0,79.10791632931667,79.10672,760964,200k-1M,0.0011963293166701305
male,ES611,Almeria,2023,e65,18.33395486453352,18.332495,760964,200k-1M,0.0014598645335190952
male,ES611,Almeria,2024,e0,79.45522802230715,79.429507,760964,200k-1M,0.025721022307152452
male,ES611,Almeria,2024,e65,18.68293394063618,18.652103,760964,200k-1M,0.03083094063617864
male,ES612,Cadiz,2002,e0,74.59627445282152,74.636884,1258730,>1M,-0.040609547178476646
male,ES612,Cadiz,2002,e65,15.326334088248347,15.372888000000001,1258730,>1M,-0.04655391175165491
male,ES612,Cadiz,2003,e0,74.31290073777998,74.36732300000001,1258730,>1M,-0.05442226222002944
male,ES612,Cadiz,2003,e65,14.935193216721538,15.000904,1258730,>1M,-0.0657107832784618
male,ES612,Cadiz,2004,e0,74.47812610039716,74.54199500000001,1258730,>1M,-0.06386889960285203
male,ES612,Cadiz,2004,e65,15.083854403983201,15.159866000000001,1258730,>1M,-0.07601159601679974
male,ES612,Cadiz,2005,e0,74.68159333278052,74.692962,1258730,>1M,-0.011368667219471718
male,ES612,Cadiz,2005,e65,15.027946298460616,15.038887999999998,1258730,>1M,-0.01094170153938201
male,ES612,Cadiz,2006,e0,76.38260682987449,76.41849400000001,1258730,>1M,-0.035887170125519674
male,ES612,Cadiz,2006,e65,16.24389454956099,16.286191999999996,1258730,>1M,-0.04229745043900479
male,ES612,Cadiz,2007,e0,76.95540413698859,76.971408,1258730,>1M,-0.016003863011405883
male,ES612,Cadiz,2007,e65,16.583427290803677,16.599225999999998,1258730,>1M,-0.015798709196321425
male,ES612,Cadiz,2008,e0,76.50163404551776,76.53836999999999,1258730,>1M,-0.036735954482225
male,ES612,Cadiz,2008,e65,16.384985241431977,16.426658999999997,1258730,>1M,-0.04167375856802025
male,ES612,Cadiz,2009,e0,76.75008903719626,76.79662400000002,1258730,>1M,-0.04653496280376146
male,ES612,Cadiz,2009,e65,16.56380468239835,16.617570000000004,1258730,>1M,-0.05376531760165548
male,ES612,Cadiz,2010,e0,77.19723434137326,77.237887,1258730,>1M,-0.04065265862674039
male,ES612,Cadiz,2010,e65,16.83431390508011,16.879334,1258730,>1M,-0.04502009491989156
male,ES612,Cadiz,2011,e0,77.36066210717199,77.39439300000001,1258730,>1M,-0.033730892828018
male,ES612,Cadiz,2011,e65,16.894559433039557,16.930445999999996,1258730,>1M,-0.035886566960439126
male,ES612,Cadiz,2012,e0,77.16249449139355,77.191765,1258730,>1M,-0.029270508606458634
male,ES612,Cadiz,2012,e65,16.640936113231497,16.670723,1258730,>1M,-0.02978688676850183
male,ES612,Cadiz,2013,e0,77.83283655827249,77.87995199999999,1258730,>1M,-0.04711544172749882
male,ES612,Cadiz,2013,e65,17.208143433429182,17.260838,1258730,>1M,-0.052694566570817614
male,ES612,Cadiz,2014,e0,78.39659310605205,78.44428200000002,1258730,>1M,-0.047688893947963606
male,ES612,Cadiz,2014,e65,17.60462480017491,17.657329,1258730,>1M,-0.052704199825090114
male,ES612,Cadiz,2015,e0,78.23579147261897,78.239281,1258730,>1M,-0.003489527381034918
male,ES612,Cadiz,2015,e65,17.217018993304393,17.218505,1258730,>1M,-0.0014860066956075002
male,ES612,Cadiz,2016,e0,78.33703093465705,78.32539099999998,1258730,>1M,0.011639934657068807
male,ES612,Cadiz,2016,e65,17.59630746250918,17.576864000000004,1258730,>1M,0.019443462509176612
male,ES612,Cadiz,2017,e0,78.71745619414507,78.73916400000002,1258730,>1M,-0.021707805854944695
male,ES612,Cadiz,2017,e65,17.727553422301238,17.75156,1258730,>1M,-0.024006577698763465
male,ES612,Cadiz,2018,e0,78.2827488084618,78.29496800000001,1258730,>1M,-0.012219191538207497
male,ES612,Cadiz,2018,e65,17.58121111749428,17.593098,1258730,>1M,-0.011886882505720564
male,ES612,Cadiz,2019,e0,78.9729215580062,78.97683599999999,1258730,>1M,-0.003914441993785545
male,ES612,Cadiz,2019,e65,17.92876688665417,17.931117,1258730,>1M,-0.0023501133458303514
male,ES612,Cadiz,2020,e0,78.24079017785539,78.24669100000001,1258730,>1M,-0.00590082214462484
male,ES612,Cadiz,2020,e65,17.409511486595246,17.414145,1258730,>1M,-0.004633513404755263
male,ES612,Cadiz,2021,e0,78.0539875422193,78.052215,1258730,>1M,0.0017725422192995666
male,ES612,Cadiz,2021,e65,17.417524780099576,17.41521,1258730,>1M,0.0023147800995779733
male,ES612,Cadiz,2022,e0,78.72786613133954,78.745711,1258730,>1M,-0.01784486866046109
male,ES612,Cadiz,2022,e65,17.85654174725539,17.875705,1258730,>1M,-0.019163252744611725
male,ES612,Cadiz,2023,e0,79.2528585761413,79.243075,1258730,>1M,0.00978357614130232
male,ES612,Cadiz,2023,e65,18.185904008005405,18.174002,1258730,>1M,0.01190200800540353
male,ES612,Cadiz,2024,e0,79.91262180037941,79.89240699999999,1258730,>1M,0.020214800379420694
male,ES612,Cadiz,2024,e65,18.77925276243531,18.754638999999997,1258730,>1M,0.02461376243531177
male,ES613,Cordoba,2002,e0,75.86630073821257,75.899739,774313,200k-1M,-0.03343826178742404
male,ES613,Cordoba,2002,e65,16.36162129417019,16.403033999999998,774313,200k-1M,-0.041412705829806384
male,ES613,Cordoba,2003,e0,75.81547134185351,75.88994699999999,774313,200k-1M,-0.07447565814648271
male,ES613,Cordoba,2003,e65,16.415316615741883,16.502304,774313,200k-1M,-0.0869873842581157
male,ES613,Cordoba,2004,e0,76.40427832116592,76.47004199999999,774313,200k-1M,-0.06576367883407386
male,ES613,Cordoba,2004,e65,16.58321435603323,16.662547999999997,774313,200k-1M,-0.07933364396676623
male,ES613,Cordoba,2005,e0,76.22941614948924,76.255493,774313,200k-1M,-0.02607685051076203
male,ES613,Cordoba,2005,e65,16.594378608017955,16.627236,774313,200k-1M,-0.03285739198204496
male,ES613,Cordoba,2006,e0,77.1600627975938,77.16648099999999,774313,200k-1M,-0.0064182024061949505
male,ES613,Cordoba,2006,e65,17.040576952764333,17.040710999999998,774313,200k-1M,-1.3404723566523558e-4
male,ES613,Cordoba,2007,e0,77.19123114980292,77.21364700000001,774313,200k-1M,-0.022415850197091913
male,ES613,Cordoba,2007,e65,16.86795821380336,16.891652,774313,200k-1M,-0.023693786196641753
male,ES613,Cordoba,2008,e0,77.52702239414327,77.589911,774313,200k-1M,-0.06288860585672751
male,ES613,Cordoba,2008,e65,17.325169175764994,17.397890000000004,774313,200k-1M,-0.07272082423500947
male,ES613,Cordoba,2009,e0,77.86949714765879,77.883566,774313,200k-1M,-0.014068852341210913
male,ES613,Cordoba,2009,e65,17.503712169352575,17.517977000000005,774313,200k-1M,-0.01426483064743067
male,ES613,Cordoba,2010,e0,78.34430192027638,78.382228,774313,200k-1M,-0.0379260797236185
male,ES613,Cordoba,2010,e65,17.87111207182814,17.912166,774313,200k-1M,-0.041053928171859155
male,ES613,Cordoba,2011,e0,78.61868364549748,78.712008,774313,200k-1M,-0.09332435450251353
male,ES613,Cordoba,2011,e65,17.939260402630673,18.047593,774313,200k-1M,-0.10833259736932632
male,ES613,Cordoba,2012,e0,78.39363202564527,78.44914300000002,774313,200k-1M,-0.05551097435474617
male,ES613,Cordoba,2012,e65,17.730045172862564,17.791733999999998,774313,200k-1M,-0.06168882713743429
male,ES613,Cordoba,2013,e0,79.0634936978976,79.07357999999999,774313,200k-1M,-0.01008630210239403
male,ES613,Cordoba,2013,e65,18.44925995498106,18.459363,774313,200k-1M,-0.010103045018940549
male,ES613,Cordoba,2014,e0,79.20216851281579,79.21037199999999,774313,200k-1M,-0.00820348718420405
male,ES613,Cordoba,2014,e65,18.35658140924106,18.363872,774313,200k-1M,-0.007290590758941562
male,ES613,Cordoba,2015,e0,79.1677099776463,79.162724,774313,200k-1M,0.004985977646299489
male,ES613,Cordoba,2015,e65,18.003896620462722,17.994395,774313,200k-1M,0.009501620462721405
male,ES613,Cordoba,2016,e0,79.3919956545077,79.36177599999999,774313,200k-1M,0.030219654507703808
male,ES613,Cordoba,2016,e65,18.220473170889008,18.18247,774313,200k-1M,0.0380031708890094
male,ES613,Cordoba,2017,e0,79.14576293735789,79.15803599999998,774313,200k-1M,-0.012273062642094601
male,ES613,Cordoba,2017,e65,18.302325155666598,18.311099000000002,774313,200k-1M,-0.008773844333404668
male,ES613,Cordoba,2018,e0,79.7444837686473,79.72538899999999,774313,200k-1M,0.019094768647306637
male,ES613,Cordoba,2018,e65,18.41069731650577,18.387083,774313,200k-1M,0.02361431650577117
male,ES613,Cordoba,2019,e0,79.97845862672834,79.985767,774313,200k-1M,-0.007308373271655455
male,ES613,Cordoba,2019,e65,18.924297172732626,18.929206999999998,774313,200k-1M,-0.004909827267372435
male,ES613,Cordoba,2020,e0,79.52017628466301,79.538395,774313,200k-1M,-0.01821871533698527
male,ES613,Cordoba,2020,e65,18.267653343501255,18.286540999999996,774313,200k-1M,-0.018887656498741023
male,ES613,Cordoba,2021,e0,79.06860822063562,79.07202799999999,774313,200k-1M,-0.003419779364364217
male,ES613,Cordoba,2021,e65,18.101703616305414,18.102363,774313,200k-1M,-6.593836945860687e-4
male,ES613,Cordoba,2022,e0,79.01960970783571,79.02284099999999,774313,200k-1M,-0.0032312921642727588
male,ES613,Cordoba,2022,e65,18.114030213245083,18.115286,774313,200k-1M,-0.001255786754917665
male,ES613,Cordoba,2023,e0,80.00656949577703,79.99515600000001,774313,200k-1M,0.011413495777020444
male,ES613,Cordoba,2023,e65,18.72981827779579,18.712278,774313,200k-1M,0.017540277795788484
male,ES613,Cordoba,2024,e0,80.40354324374704,80.392066,774313,200k-1M,0.011477243747037846
male,ES613,Cordoba,2024,e65,19.191054984277816,19.175667,774313,200k-1M,0.015387984277815292
male,ES614,Granada,2002,e0,75.57025491385389,75.60519799999999,939741,200k-1M,-0.0349430861461002
male,ES614,Granada,2002,e65,15.990563921091725,16.028731999999994,939741,200k-1M,-0.03816807890826901
male,ES614,Granada,2003,e0,75.64041519554075,75.64663,939741,200k-1M,-0.006214804459247603
male,ES614,Granada,2003,e65,16.353901094706615,16.360452,939741,200k-1M,-0.0065509052933840906
male,ES614,Granada,2004,e0,75.92880644152895,75.96718200000001,939741,200k-1M,-0.03837555847105989
male,ES614,Granada,2004,e65,16.361497663407658,16.405393999999998,939741,200k-1M,-0.043896336592339935
male,ES614,Granada,2005,e0,76.20724644536489,76.23100000000001,939741,200k-1M,-0.023753554635121077
male,ES614,Granada,2005,e65,16.508146725914486,16.532013,939741,200k-1M,-0.02386627408551334
male,ES614,Granada,2006,e0,76.91292285786656,76.90998,939741,200k-1M,0.002942857866557347
male,ES614,Granada,2006,e65,17.080675416544665,17.07669,939741,200k-1M,0.003985416544665554
male,ES614,Granada,2007,e0,76.55720286036374,76.571596,939741,200k-1M,-0.01439313963625466
male,ES614,Granada,2007,e65,16.486848575804938,16.501611,939741,200k-1M,-0.014762424195062351
male,ES614,Granada,2008,e0,77.37864231920561,77.41616500000002,939741,200k-1M,-0.037522680794410235
male,ES614,Granada,2008,e65,17.229758408838535,17.270481999999998,939741,200k-1M,-0.040723591161462735
male,ES614,Granada,2009,e0,77.39862364780565,77.390602,939741,200k-1M,0.008021647805648513
male,ES614,Granada,2009,e65,17.184791590102858,17.17424,939741,200k-1M,0.010551590102856778
male,ES614,Granada,2010,e0,77.93110858074144,77.89084199999999,939741,200k-1M,0.04026658074144507
male,ES614,Granada,2010,e65,17.772601538668273,17.721528,939741,200k-1M,0.051073538668273244
male,ES614,Granada,2011,e0,78.73081495832224,78.68910799999999,939741,200k-1M,0.04170695832225135
male,ES614,Granada,2011,e65,17.950498693162185,17.899855000000006,939741,200k-1M,0.050643693162179204
male,ES614,Granada,2012,e0,78.37414321478327,78.37053799999998,939741,200k-1M,0.003605214783291899
male,ES614,Granada,2012,e65,17.689802284757402,17.683183,939741,200k-1M,0.006619284757402255
male,ES614,Granada,2013,e0,79.23235918004468,79.21050900000002,939741,200k-1M,0.02185018004466599
male,ES614,Granada,2013,e65,18.328163762686593,18.301998000000005,939741,200k-1M,0.026165762686588323
male,ES614,Granada,2014,e0,79.1932723264438,79.224987,939741,200k-1M,-0.03171467355619484
male,ES614,Granada,2014,e65,18.42838856955792,18.463585999999996,939741,200k-1M,-0.03519743044207502
male,ES614,Granada,2015,e0,78.88146621578025,78.889644,939741,200k-1M,-0.008177784219753903
male,ES614,Granada,2015,e65,17.967543348978005,17.974954000000004,939741,200k-1M,-0.007410651021999115
male,ES614,Granada,2016,e0,79.59674652602767,79.600165,939741,200k-1M,-0.003418473972331526
male,ES614,Granada,2016,e65,18.441480208189873,18.444894,939741,200k-1M,-0.0034137918101286857
male,ES614,Granada,2017,e0,79.58395447152898,79.566562,939741,200k-1M,0.017392471528978604
male,ES614,Granada,2017,e65,18.43206861947797,18.409115,939741,200k-1M,0.022953619477970477
male,ES614,Granada,2018,e0,79.27959465161757,79.22166700000001,939741,200k-1M,0.05792765161756108
male,ES614,Granada,2018,e65,18.47029131516865,18.401031999999997,939741,200k-1M,0.06925931516865447
male,ES614,Granada,2019,e0,79.98047997450779,79.956491,939741,200k-1M,0.023988974507787475
male,ES614,Granada,2019,e65,18.955648138331476,18.927812,939741,200k-1M,0.02783613833147669
male,ES614,Granada,2020,e0,78.93325765782377,78.97019900000001,939741,200k-1M,-0.03694134217623457
male,ES614,Granada,2020,e65,17.845799185264834,17.887286,939741,200k-1M,-0.04148681473516547
male,ES614,Granada,2021,e0,79.35781214398435,79.32652,939741,200k-1M,0.03129214398434499
male,ES614,Granada,2021,e65,18.550067696974516,18.512878000000004,939741,200k-1M,0.03718969697451158
male,ES614,Granada,2022,e0,80.12569740931583,80.101202,939741,200k-1M,0.024495409315832717
male,ES614,Granada,2022,e65,19.034069466972827,19.005261,939741,200k-1M,0.028808466972826352
male,ES614,Granada,2023,e0,80.35982581799632,80.323599,939741,200k-1M,0.036226817996322325
male,ES614,Granada,2023,e65,19.30761647020748,19.266388999999997,939741,200k-1M,0.04122747020748463
male,ES614,Granada,2024,e0,80.85097914434131,80.826961,939741,200k-1M,0.02401814434131211
male,ES614,Granada,2024,e65,19.37716527010974,19.348188999999998,939741,200k-1M,0.02897627010974091
male,ES615,Huelva,2002,e0,74.92191098439564,74.936837,535734,200k-1M,-0.014926015604359577
male,ES615,Huelva,2002,e65,15.596695092745653,15.613268999999999,535734,200k-1M,-0.0165739072543456
male,ES615,Huelva,2003,e0,75.03852435119951,75.07895099999999,535734,200k-1M,-0.04042664880047653
male,ES615,Huelva,2003,e65,15.551160125478198,15.598380999999998,535734,200k-1M,-0.04722087452180013
male,ES615,Huelva,2004,e0,75.80580178406262,75.838754,535734,200k-1M,-0.032952215937370966
male,ES615,Huelva,2004,e65,16.053542130694417,16.088043999999996,535734,200k-1M,-0.03450186930557919
male,ES615,Huelva,2005,e0,75.46684650401706,75.48891900000001,535734,200k-1M,-0.02207249598295391
male,ES615,Huelva,2005,e65,15.526261062978637,15.552295,535734,200k-1M,-0.026033937021363585
male,ES615,Huelva,2006,e0,76.08030231422671,76.136455,535734,200k-1M,-0.05615268577328436
male,ES615,Huelva,2006,e65,16.229409063490916,16.296062,535734,200k-1M,-0.0666529365090831
male,ES615,Huelva,2007,e0,76.00824284410736,76.02880099999999,535734,200k-1M,-0.02055815589262977
male,ES615,Huelva,2007,e65,16.101186919910457,16.124436,535734,200k-1M,-0.023249080089541962
male,ES615,Huelva,2008,e0,76.4157676944969,76.453011,535734,200k-1M,-0.037243305503096735
male,ES615,Huelva,2008,e65,16.272619946328284,16.315888000000005,535734,200k-1M,-0.04326805367172071
male,ES615,Huelva,2009,e0,77.29218419671375,77.324393,535734,200k-1M,-0.03220880328625242
male,ES615,Huelva,2009,e65,16.80585795391771,16.841131,535734,200k-1M,-0.03527304608229187
male,ES615,Huelva,2010,e0,77.94443282725042,77.980138,535734,200k-1M,-0.035705172749572966
male,ES615,Huelva,2010,e65,17.11973499346068,17.156461000000004,535734,200k-1M,-0.03672600653932534
male,ES615,Huelva,2011,e0,77.77292376192945,77.79456900000002,535734,200k-1M,-0.021645238070576056
male,ES615,Huelva,2011,e65,17.13976511062654,17.161738999999997,535734,200k-1M,-0.02197388937345579
male,ES615,Huelva,2012,e0,77.28890767253199,77.304975,535734,200k-1M,-0.016067327468007875
male,ES615,Huelva,2012,e65,16.867694619360467,16.885028,535734,200k-1M,-0.01733338063953127
male,ES615,Huelva,2013,e0,77.70928540338014,77.72022300000002,535734,200k-1M,-0.010937596619882584
male,ES615,Huelva,2013,e65,17.1849440903532,17.199782,535734,200k-1M,-0.01483790964680054
male,ES615,Huelva,2014,e0,78.52422712970005,78.54863,535734,200k-1M,-0.024402870299951473
male,ES615,Huelva,2014,e65,17.760815045709258,17.784751999999997,535734,200k-1M,-0.02393695429073972
male,ES615,Huelva,2015,e0,78.6547887167999,78.68979199999998,535734,200k-1M,-0.0350032832000835
male,ES615,Huelva,2015,e65,17.56496582436483,17.603287,535734,200k-1M,-0.03832117563517201
male,ES615,Huelva,2016,e0,78.77583073051692,78.823152,535734,200k-1M,-0.0473212694830778
male,ES615,Huelva,2016,e65,17.768063344952147,17.818732999999998,535734,200k-1M,-0.05066965504785159
male,ES615,Huelva,2017,e0,79.2457854378671,79.21955900000002,535734,200k-1M,0.026226437867080676
male,ES615,Huelva,2017,e65,18.04473506666153,18.007959000000003,535734,200k-1M,0.03677606666152755
male,ES615,Huelva,2018,e0,78.86637409985379,78.846394,535734,200k-1M,0.019980099853782463
male,ES615,Huelva,2018,e65,17.947297998055184,17.920094,535734,200k-1M,0.027203998055185252
male,ES615,Huelva,2019,e0,79.0734385308169,79.080296,535734,200k-1M,-0.006857469183103149
male,ES615,Huelva,2019,e65,18.242379436704883,18.247487,535734,200k-1M,-0.00510756329511608
male,ES615,Huelva,2020,e0,78.69738371808272,78.69233999999999,535734,200k-1M,0.00504371808273163
male,ES615,Huelva,2020,e65,17.86742354160573,17.859125000000002,535734,200k-1M,0.00829854160572907
male,ES615,Huelva,2021,e0,78.32058421157376,78.34780300000001,535734,200k-1M,-0.027218788426253582
male,ES615,Huelva,2021,e65,17.760860883464588,17.791612999999998,535734,200k-1M,-0.030752116535410323
male,ES615,Huelva,2022,e0,78.68405182569964,78.70471300000001,535734,200k-1M,-0.020661174300371954
male,ES615,Huelva,2022,e65,18.004753863976482,18.026115,535734,200k-1M,-0.021361136023518412
male,ES615,Huelva,2023,e0,79.3450529565441,79.37328,535734,200k-1M,-0.028227043455899548
male,ES615,Huelva,2023,e65,18.458221298609587,18.490416999999997,535734,200k-1M,-0.03219570139041039
male,ES615,Huelva,2024,e0,79.59966108062144,79.570093,535734,200k-1M,0.029568080621444892
male,ES615,Huelva,2024,e65,18.81873694954098,18.782761999999995,535734,200k-1M,0.03597494954098579
male,ES616,Jaen,2002,e0,75.89504051383486,75.97919300000001,619055,200k-1M,-0.08415248616515214
male,ES616,Jaen,2002,e65,16.568988819747652,16.669145999999998,619055,200k-1M,-0.10015718025234577
male,ES616,Jaen,2003,e0,76.03411397192819,76.05673499999999,619055,200k-1M,-0.022621028071796445
male,ES616,Jaen,2003,e65,16.680123868812153,16.699942,619055,200k-1M,-0.019818131187847143
male,ES616,Jaen,2004,e0,76.18800316141117,76.213981,619055,200k-1M,-0.025977838588829627
male,ES616,Jaen,2004,e65,16.401780892570475,16.430063,619055,200k-1M,-0.028282107429525638
male,ES616,Jaen,2005,e0,76.25198912484473,76.27643599999999,619055,200k-1M,-0.024446875155263115
male,ES616,Jaen,2005,e65,16.52703359876465,16.552163,619055,200k-1M,-0.025129401235350457
male,ES616,Jaen,2006,e0,77.23258835010103,77.28432300000001,619055,200k-1M,-0.05173464989898946
male,ES616,Jaen,2006,e65,17.351332588451662,17.408662999999997,619055,200k-1M,-0.05733041154833529
male,ES616,Jaen,2007,e0,76.7178760054834,76.776033,619055,200k-1M,-0.05815699451659384
male,ES616,Jaen,2007,e65,16.88291065392252,16.949897,619055,200k-1M,-0.06698634607748133
male,ES616,Jaen,2008,e0,77.56105285040536,77.58922600000001,619055,200k-1M,-0.028173149594650226
male,ES616,Jaen,2008,e65,17.557093037339115,17.587625,619055,200k-1M,-0.030531962660884204
male,ES616,Jaen,2009,e0,77.108201481275,77.13267699999999,619055,200k-1M,-0.024475518724983658
male,ES616,Jaen,2009,e65,17.36825509917988,17.394411,619055,200k-1M,-0.026155900820121758
male,ES616,Jaen,2010,e0,78.24264593899824,78.286174,619055,200k-1M,-0.04352806100176565
male,ES616,Jaen,2010,e65,17.546664620788363,17.598412999999997,619055,200k-1M,-0.05174837921163444
male,ES616,Jaen,2011,e0,77.99660420059878,78.024628,619055,200k-1M,-0.028023799401225347
male,ES616,Jaen,2011,e65,17.74582714975022,17.777121,619055,200k-1M,-0.031293850249781485
male,ES616,Jaen,2012,e0,78.49016335897483,78.49646800000001,619055,200k-1M,-0.006304641025181468
male,ES616,Jaen,2012,e65,17.62125500991679,17.626086,619055,200k-1M,-0.004830990083210196
male,ES616,Jaen,2013,e0,78.99489333432345,78.977722,619055,200k-1M,0.017171334323450083
male,ES616,Jaen,2013,e65,18.04127371303611,18.022551,619055,200k-1M,0.01872271303610873
male,ES616,Jaen,2014,e0,79.14971956149884,79.133744,619055,200k-1M,0.01597556149884838
male,ES616,Jaen,2014,e65,18.43028023684857,18.411711,619055,200k-1M,0.01856923684857037
male,ES616,Jaen,2015,e0,78.85469314221464,78.84812300000002,619055,200k-1M,0.0065701422146275945
male,ES616,Jaen,2015,e65,17.984055467338074,17.973876,619055,200k-1M,0.010179467338073067
male,ES616,Jaen,2016,e0,78.9574404807705,78.920364,619055,200k-1M,0.03707648077049441
male,ES616,Jaen,2016,e65,18.112090852833536,18.067923,619055,200k-1M,0.04416785283353519
male,ES616,Jaen,2017,e0,79.26644423998309,79.29924400000002,619055,200k-1M,-0.0327997600169283
male,ES616,Jaen,2017,e65,18.34787693254498,18.383437999999998,619055,200k-1M,-0.03556106745501708
male,ES616,Jaen,2018,e0,79.1823404391555,79.19698199999999,619055,200k-1M,-0.014641560844495416
male,ES616,Jaen,2018,e65,18.237958405934478,18.253372,619055,200k-1M,-0.015413594065520897
male,ES616,Jaen,2019,e0,79.57902194612235,79.540401,619055,200k-1M,0.03862094612235012
male,ES616,Jaen,2019,e65,18.714033300039357,18.668723999999997,619055,200k-1M,0.04530930003936007
male,ES616,Jaen,2020,e0,78.55557578772569,78.559639,619055,200k-1M,-0.004063212274317607
male,ES616,Jaen,2020,e65,17.877535987568578,17.878714,619055,200k-1M,-0.001178012431420683
male,ES616,Jaen,2021,e0,79.03237541213733,79.04306600000001,619055,200k-1M,-0.010690587862683287
male,ES616,Jaen,2021,e65,18.261890963105866,18.270386,619055,200k-1M,-0.008495036894132113
male,ES616,Jaen,2022,e0,79.00425415593922,79.028573,619055,200k-1M,-0.02431884406077245
male,ES616,Jaen,2022,e65,18.00866252374169,18.034762,619055,200k-1M,-0.02609947625830955
male,ES616,Jaen,2023,e0,80.03393982674096,80.03940300000001,619055,200k-1M,-0.0054631732590451065
male,ES616,Jaen,2023,e65,18.696266351037682,18.702811999999998,619055,200k-1M,-0.006545648962315909
male,ES616,Jaen,2024,e0,80.20530574961344,80.18800999999999,619055,200k-1M,0.017295749613452926
male,ES616,Jaen,2024,e65,19.18549991816727,19.162463,619055,200k-1M,0.02303691816727138
male,ES617,Malaga,2002,e0,75.16800610313678,75.20838499999999,1774701,>1M,-0.04037889686321705
male,ES617,Malaga,2002,e65,16.039886326532237,16.085592999999996,1774701,>1M,-0.04570667346775892
male,ES617,Malaga,2003,e0,75.02371107868974,75.056521,1774701,>1M,-0.03280992131026039
male,ES617,Malaga,2003,e65,15.829128781745371,15.865539000000004,1774701,>1M,-0.0364102182546322
male,ES617,Malaga,2004,e0,75.98808815085464,76.00366500000001,1774701,>1M,-0.015576849145375604
male,ES617,Malaga,2004,e65,16.375309043511486,16.392254,1774701,>1M,-0.016944956488515572
male,ES617,Malaga,2005,e0,75.87600483307857,75.871611,1774701,>1M,0.004393833078566445
male,ES617,Malaga,2005,e65,16.33547254774508,16.325439999999997,1774701,>1M,0.010032547745083775
male,ES617,Malaga,2006,e0,76.55616070565978,76.55973799999998,1774701,>1M,-0.003577294340203707
male,ES617,Malaga,2006,e65,16.759434114456457,16.760821999999997,1774701,>1M,-0.0013878855435400794
male,ES617,Malaga,2007,e0,76.78327623454665,76.80348199999999,1774701,>1M,-0.02020576545334052
male,ES617,Malaga,2007,e65,16.941729116263204,16.960735999999994,1774701,>1M,-0.019006883736789604
male,ES617,Malaga,2008,e0,77.13108025431778,77.134998,1774701,>1M,-0.003917745682215923
male,ES617,Malaga,2008,e65,16.952956679176285,16.954841000000002,1774701,>1M,-0.0018843208237164788
male,ES617,Malaga,2009,e0,77.78037405896524,77.7607,1774701,>1M,0.01967405896523644
male,ES617,Malaga,2009,e65,17.46476487871385,17.439567,1774701,>1M,0.025197878713850486
male,ES617,Malaga,2010,e0,78.08156129083214,78.04685300000001,1774701,>1M,0.03470829083212834
male,ES617,Malaga,2010,e65,17.646671856023307,17.602283,1774701,>1M,0.044388856023307
male,ES617,Malaga,2011,e0,78.50814326728968,78.50161400000002,1774701,>1M,0.006529267289664631
male,ES617,Malaga,2011,e65,17.929743369263974,17.920639999999995,1774701,>1M,0.009103369263979033
male,ES617,Malaga,2012,e0,78.65972744445861,78.64007,1774701,>1M,0.01965744445861617
male,ES617,Malaga,2012,e65,18.011261480661158,17.98586,1774701,>1M,0.025401480661159326
male,ES617,Malaga,2013,e0,79.29312226017808,79.240048,1774701,>1M,0.0530742601780787
male,ES617,Malaga,2013,e65,18.523126857563014,18.45818,1774701,>1M,0.06494685756301521
male,ES617,Malaga,2014,e0,79.30102637644687,79.269988,1774701,>1M,0.031038376446872462
male,ES617,Malaga,2014,e65,18.423354254078625,18.385897,1774701,>1M,0.03745725407862466
male,ES617,Malaga,2015,e0,79.11352963458451,79.10422700000001,1774701,>1M,0.009302634584500424
male,ES617,Malaga,2015,e65,18.131459299713942,18.117966000000006,1774701,>1M,0.013493299713935869
male,ES617,Malaga,2016,e0,79.6705432501259,79.642544,1774701,>1M,0.027999250125901654
male,ES617,Malaga,2016,e65,18.694970775370553,18.661294,1774701,>1M,0.03367677537055158
male,ES617,Malaga,2017,e0,79.8424985404595,79.77315,1774701,>1M,0.0693485404595009
male,ES617,Malaga,2017,e65,18.757314551188127,18.677238000000003,1774701,>1M,0.08007655118812451
male,ES617,Malaga,2018,e0,79.57421681799333,79.528819,1774701,>1M,0.04539781799333298
male,ES617,Malaga,2018,e65,18.48758564186908,18.431925000000003,1774701,>1M,0.055660641869078376
male,ES617,Malaga,2019,e0,80.16643943732849,80.10813799999998,1774701,>1M,0.058301437328509564
male,ES617,Malaga,2019,e65,19.007816301067155,18.937201,1774701,>1M,0.07061530106715352
male,ES617,Malaga,2020,e0,79.43627322223313,79.42577099999998,1774701,>1M,0.010502222233142788
male,ES617,Malaga,2020,e65,18.398941113729176,18.382878,1774701,>1M,0.01606311372917446
male,ES617,Malaga,2021,e0,79.37900244765339,79.382553,1774701,>1M,-0.0035505523466099476
male,ES617,Malaga,2021,e65,18.399183352555024,18.40141,1774701,>1M,-0.002226647444974361
male,ES617,Malaga,2022,e0,79.65740552411377,79.661759,1774701,>1M,-0.004353475886233582
male,ES617,Malaga,2022,e65,18.501902049241885,18.505573,1774701,>1M,-0.0036709507581136336
male,ES617,Malaga,2023,e0,80.55819844669678,80.484081,1774701,>1M,0.07411744669677489
male,ES617,Malaga,2023,e65,19.17032246228264,19.084778999999997,1774701,>1M,0.08554346228264365
male,ES617,Malaga,2024,e0,80.7681505487109,80.67972599999999,1774701,>1M,0.08842454871091832
male,ES617,Malaga,2024,e65,19.54325246204045,19.442255,1774701,>1M,0.1009974620404499
male,ES618,Sevilla,2002,e0,74.852200221902,74.901712,1968624,>1M,-0.04951177809800811
male,ES618,Sevilla,2002,e65,15.43507350034139,15.492,1968624,>1M,-0.0569264996586103
male,ES618,Sevilla,2003,e0,74.62663182719155,74.669559,1968624,>1M,-0.04292717280846148
male,ES618,Sevilla,2003,e65,15.31034076862711,15.358601,1968624,>1M,-0.048260231372889706
male,ES618,Sevilla,2004,e0,75.22106014770645,75.26342300000002,1968624,>1M,-0.0423628522935644
male,ES618,Sevilla,2004,e65,15.864403271368097,15.912832000000002,1968624,>1M,-0.048428728631904505
male,ES618,Sevilla,2005,e0,75.47301529629543,75.48798500000001,1968624,>1M,-0.014969703704579729
male,ES618,Sevilla,2005,e65,15.646866443423182,15.662096000000002,1968624,>1M,-0.015229556576819903
male,ES618,Sevilla,2006,e0,75.93462947355303,75.97461000000001,1968624,>1M,-0.03998052644698191
male,ES618,Sevilla,2006,e65,16.28091482666036,16.325588,1968624,>1M,-0.04467317333963905
male,ES618,Sevilla,2007,e0,75.9746365828813,76.00750300000001,1968624,>1M,-0.03286641711871141
male,ES618,Sevilla,2007,e65,16.07968757929519,16.114492000000002,1968624,>1M,-0.0348044207048126
male,ES618,Sevilla,2008,e0,76.27486783083847,76.31411200000001,1968624,>1M,-0.039244169161534614
male,ES618,Sevilla,2008,e65,16.392166261685375,16.436829,1968624,>1M,-0.044662738314624306
male,ES618,Sevilla,2009,e0,76.92724391427235,76.95237199999998,1968624,>1M,-0.025128085727629923
male,ES618,Sevilla,2009,e65,16.65665136436743,16.683813,1968624,>1M,-0.027161635632570125
male,ES618,Sevilla,2010,e0,77.15733668624128,77.191148,1968624,>1M,-0.0338113137587186
male,ES618,Sevilla,2010,e65,16.898164367143938,16.934938000000002,1968624,>1M,-0.03677363285606461
male,ES618,Sevilla,2011,e0,77.60814120446788,77.66077399999999,1968624,>1M,-0.05263279553210509
male,ES618,Sevilla,2011,e65,17.088373708783926,17.147153000000003,1968624,>1M,-0.0587792912160765
male,ES618,Sevilla,2012,e0,77.72630616021517,77.735374,1968624,>1M,-0.009067839784819398
male,ES618,Sevilla,2012,e65,17.07638458981467,17.082975,1968624,>1M,-0.0065904101853320185
male,ES618,Sevilla,2013,e0,78.47767221329498,78.49624000000001,1968624,>1M,-0.01856778670503445
male,ES618,Sevilla,2013,e65,17.56505208555487,17.58448,1968624,>1M,-0.019427914445127925
male,ES618,Sevilla,2014,e0,78.76351449746397,78.76311300000002,1968624,>1M,4.0149746395456987e-4
male,ES618,Sevilla,2014,e65,17.69042162449161,17.686507,1968624,>1M,0.003914624491610397
male,ES618,Sevilla,2015,e0,78.20276968761104,78.21728700000001,1968624,>1M,-0.014517312388974801
male,ES618,Sevilla,2015,e65,17.21088468824066,17.226304,1968624,>1M,-0.015419311759337972
male,ES618,Sevilla,2016,e0,78.90021815912866,78.91718400000002,1968624,>1M,-0.016965840871364435
male,ES618,Sevilla,2016,e65,17.91768068672288,17.936461,1968624,>1M,-0.01878031327712293
male,ES618,Sevilla,2017,e0,78.56743545443386,78.59605300000001,1968624,>1M,-0.02861754556614926
male,ES618,Sevilla,2017,e65,17.6770046826659,17.706004,1968624,>1M,-0.028999317334100994
male,ES618,Sevilla,2018,e0,78.98432699850875,78.99316000000002,1968624,>1M,-0.008833001491268533
male,ES618,Sevilla,2018,e65,17.964199082692424,17.972216999999997,1968624,>1M,-0.00801791730757273
male,ES618,Sevilla,2019,e0,79.08295214988293,79.086368,1968624,>1M,-0.0034158501170651334
male,ES618,Sevilla,2019,e65,18.030727966939583,18.033297,1968624,>1M,-0.0025690330604177802
male,ES618,Sevilla,2020,e0,78.40204313674396,78.42761800000001,1968624,>1M,-0.02557486325605396
male,ES618,Sevilla,2020,e65,17.530724516508233,17.555898000000003,1968624,>1M,-0.025173483491769844
male,ES618,Sevilla,2021,e0,78.43022566629453,78.46219,1968624,>1M,-0.031964333705474246
male,ES618,Sevilla,2021,e65,17.52750995849529,17.562164,1968624,>1M,-0.034654041504708744
male,ES618,Sevilla,2022,e0,78.95649861562275,78.971449,1968624,>1M,-0.01495038437725782
male,ES618,Sevilla,2022,e65,17.826104686067204,17.840148,1968624,>1M,-0.014043313932795343
male,ES618,Sevilla,2023,e0,79.86559121192525,79.877115,1968624,>1M,-0.011523788074754293
male,ES618,Sevilla,2023,e65,18.42297239768186,18.433845,1968624,>1M,-0.010872602318141134
male,ES618,Sevilla,2024,e0,80.00656114074458,79.99920400000002,1968624,>1M,0.0073571407445598425
male,ES618,Sevilla,2024,e65,18.64942709605227,18.638814000000004,1968624,>1M,0.010613096052267679
male,ES620,Murcia,2002,e0,75.89600409777607,75.91332200000001,1568492,>1M,-0.0173179022239367
male,ES620,Murcia,2002,e65,16.44228063777164,16.460856,1568492,>1M,-0.018575362228361314
male,ES620,Murcia,2003,e0,76.15268486945345,76.206001,1568492,>1M,-0.05331613054654838
male,ES620,Murcia,2003,e65,16.653893983233623,16.716386,1568492,>1M,-0.06249201676637739
male,ES620,Murcia,2004,e0,76.44902262920479,76.50061900000001,1568492,>1M,-0.051596370795223834
male,ES620,Murcia,2004,e65,16.794105475462242,16.850950000000005,1568492,>1M,-0.05684452453776245
male,ES620,Murcia,2005,e0,76.59907185700756,76.62627499999999,1568492,>1M,-0.027203142992433982
male,ES620,Murcia,2005,e65,16.760008629193642,16.79168,1568492,>1M,-0.0316713708063574
male,ES620,Murcia,2006,e0,77.25444371432337,77.26626100000001,1568492,>1M,-0.011817285676642086
male,ES620,Murcia,2006,e65,17.307264797822675,17.319803000000004,1568492,>1M,-0.012538202177328372
male,ES620,Murcia,2007,e0,77.25894924641126,77.283304,1568492,>1M,-0.02435475358873873
male,ES620,Murcia,2007,e65,17.154952297413324,17.184160000000002,1568492,>1M,-0.029207702586678153
male,ES620,Murcia,2008,e0,77.77424714925137,77.836416,1568492,>1M,-0.062168850748633986
male,ES620,Murcia,2008,e65,17.52698185498818,17.598353,1568492,>1M,-0.0713711450118204
male,ES620,Murcia,2009,e0,78.19907593364547,78.224197,1568492,>1M,-0.025121066354529376
male,ES620,Murcia,2009,e65,17.495797620812418,17.521676,1568492,>1M,-0.025878379187581402
male,ES620,Murcia,2010,e0,78.91802211413734,78.94770500000001,1568492,>1M,-0.02968288586266965
male,ES620,Murcia,2010,e65,18.111611766898235,18.145421,1568492,>1M,-0.033809233101763425
male,ES620,Murcia,2011,e0,78.95845199770771,78.978539,1568492,>1M,-0.02008700229228566
male,ES620,Murcia,2011,e65,18.20786415431045,18.229488,1568492,>1M,-0.021623845689550336
male,ES620,Murcia,2012,e0,78.85932161441535,78.883803,1568492,>1M,-0.024481385584650184
male,ES620,Murcia,2012,e65,18.01369911364102,18.040508999999997,1568492,>1M,-0.026809886358975632
male,ES620,Murcia,2013,e0,79.74367116697407,79.75616000000001,1568492,>1M,-0.012488833025940949
male,ES620,Murcia,2013,e65,18.874845421694246,18.886571,1568492,>1M,-0.011725578305753714
male,ES620,Murcia,2014,e0,80.01300653302219,80.013005,1568492,>1M,1.5330221856402204e-6
male,ES620,Murcia,2014,e65,18.85427681918057,18.852761,1568492,>1M,0.0015158191805682009
male,ES620,Murcia,2015,e0,79.72684595429072,79.726304,1568492,>1M,5.419542907247887e-4
male,ES620,Murcia,2015,e65,18.413417211691133,18.41066,1568492,>1M,0.002757211691132966
male,ES620,Murcia,2016,e0,80.13658046856321,80.122214,1568492,>1M,0.014366468563210333
male,ES620,Murcia,2016,e65,18.80870113645156,18.791745999999996,1568492,>1M,0.0169551364515641
male,ES620,Murcia,2017,e0,79.74682121683811,79.78186400000001,1568492,>1M,-0.03504278316189868
male,ES620,Murcia,2017,e65,18.52766564566696,18.564724,1568492,>1M,-0.03705835433303761
male,ES620,Murcia,2018,e0,80.10233119413073,80.09660300000002,1568492,>1M,0.005728194130711017
male,ES620,Murcia,2018,e65,18.838550676697892,18.830217,1568492,>1M,0.00833367669789098
male,ES620,Murcia,2019,e0,80.09168824667493,80.076655,1568492,>1M,0.015033246674931888
male,ES620,Murcia,2019,e65,18.988382069987548,18.968505999999994,1568492,>1M,0.019876069987553535
male,ES620,Murcia,2020,e0,79.54304287804328,79.562051,1568492,>1M,-0.019008121956716195
male,ES620,Murcia,2020,e65,18.397851899225067,18.416648999999996,1568492,>1M,-0.01879710077492902
male,ES620,Murcia,2021,e0,79.59489749920102,79.602219,1568492,>1M,-0.007321500798980196
male,ES620,Murcia,2021,e65,18.401873382910313,18.407971000000003,1568492,>1M,-0.006097617089690033
male,ES620,Murcia,2022,e0,79.30039901781603,79.320235,1568492,>1M,-0.019835982183963097
male,ES620,Murcia,2022,e65,18.274416597967328,18.295889,1568492,>1M,-0.02147240203267131
male,ES620,Murcia,2023,e0,80.36523257048869,80.35843199999998,1568492,>1M,0.006800570488707081
male,ES620,Murcia,2023,e65,19.054211041388175,19.043938999999998,1568492,>1M,0.010272041388176945
male,ES620,Murcia,2024,e0,80.89378256342978,80.884873,1568492,>1M,0.008909563429781997
male,ES620,Murcia,2024,e65,19.409558278440258,19.397012,1568492,>1M,0.012546278440257908
male,ES630,Ceuta,2002,e0,73.3012106862231,73.245476,83179,<200k,0.05573468622310429
male,ES630,Ceuta,2002,e65,15.23966482740918,15.167429,83179,<200k,0.07223582740918033
male,ES630,Ceuta,2003,e0,74.77008208565843,74.631412,83179,<200k,0.13867008565843264
male,ES630,Ceuta,2003,e65,15.817319688607594,15.617064999999998,83179,<200k,0.2002546886075951
male,ES630,Ceuta,2004,e0,74.57570999202187,74.61004,83179,<200k,-0.03433000797812724
male,ES630,Ceuta,2004,e65,15.378742092827839,15.425249,83179,<200k,-0.046506907172162215
male,ES630,Ceuta,2005,e0,75.58980008479088,75.435705,83179,<200k,0.15409508479088174
male,ES630,Ceuta,2005,e65,15.637881401440708,15.442763,83179,<200k,0.19511840144070902
male,ES630,Ceuta,2006,e0,75.44694317040033,75.12955699999999,83179,<200k,0.31738617040034
male,ES630,Ceuta,2006,e65,16.43747071581848,16.041087,83179,<200k,0.3963837158184802
male,ES630,Ceuta,2007,e0,75.31558083234212,75.18030399999999,83179,<200k,0.13527683234212873
male,ES630,Ceuta,2007,e65,15.789650382356143,15.613606,83179,<200k,0.1760443823561424
male,ES630,Ceuta,2008,e0,76.67143575637915,76.501275,83179,<200k,0.17016075637914696
male,ES630,Ceuta,2008,e65,16.845582445096124,16.646506,83179,<200k,0.1990764450961251
male,ES630,Ceuta,2009,e0,75.57018349328281,75.580726,83179,<200k,-0.010542506717186484
male,ES630,Ceuta,2009,e65,16.118723199064227,16.122525,83179,<200k,-0.0038018009357720928
male,ES630,Ceuta,2010,e0,75.72627457673005,75.81129000000001,83179,<200k,-0.08501542326996514
male,ES630,Ceuta,2010,e65,16.19335405453531,16.294641999999996,83179,<200k,-0.10128794546468711
male,ES630,Ceuta,2011,e0,76.83319674304906,76.671207,83179,<200k,0.16198974304906244
male,ES630,Ceuta,2011,e65,17.062646075178538,16.865825,83179,<200k,0.19682107517853709
male,ES630,Ceuta,2012,e0,78.6290751366188,78.62722600000001,83179,<200k,0.0018491366187873837
male,ES630,Ceuta,2012,e65,17.802111732886132,17.792379999999998,83179,<200k,0.009731732886134381
male,ES630,Ceuta,2013,e0,77.38362505677078,77.46916300000002,83179,<200k,-0.08553794322924091
male,ES630,Ceuta,2013,e65,16.679949230876375,16.777691,83179,<200k,-0.0977417691236262
male,ES630,Ceuta,2014,e0,77.05663698195136,76.61675699999999,83179,<200k,0.43987998195136413
male,ES630,Ceuta,2014,e65,17.60950226492878,17.082532999999994,83179,<200k,0.526969264928784
male,ES630,Ceuta,2015,e0,77.32358367878817,77.024897,83179,<200k,0.29868667878817234
male,ES630,Ceuta,2015,e65,17.72429742930914,17.363128999999997,83179,<200k,0.36116842930914217
male,ES630,Ceuta,2016,e0,78.07563743171082,77.7247,83179,<200k,0.35093743171081826
male,ES630,Ceuta,2016,e65,18.046435079836698,17.619543,83179,<200k,0.42689207983669775
male,ES630,Ceuta,2017,e0,76.73364509137961,76.505143,83179,<200k,0.2285020913796103
male,ES630,Ceuta,2017,e65,17.344859568589364,17.066677,83179,<200k,0.2781825685893651
male,ES630,Ceuta,2018,e0,78.66680157598383,78.456142,83179,<200k,0.21065957598382568
male,ES630,Ceuta,2018,e65,18.297793867114784,18.051093,83179,<200k,0.24670086711478234
male,ES630,Ceuta,2019,e0,78.27100304244,78.35603199999998,83179,<200k,-0.08502895755998452
male,ES630,Ceuta,2019,e65,18.889919515545476,18.977392,83179,<200k,-0.08747248445452271
male,ES630,Ceuta,2020,e0,77.20367887034173,77.266375,83179,<200k,-0.06269612965826354
male,ES630,Ceuta,2020,e65,17.04415039984782,17.114258000000007,83179,<200k,-0.07010760015218764
male,ES630,Ceuta,2021,e0,75.87556215512882,75.74490100000001,83179,<200k,0.13066115512880572
male,ES630,Ceuta,2021,e65,16.35509872190753,16.198950000000004,83179,<200k,0.1561487219075275
male,ES630,Ceuta,2022,e0,78.11268523430245,77.94964100000001,83179,<200k,0.16304423430243276
male,ES630,Ceuta,2022,e65,17.369026145498935,17.183274,83179,<200k,0.1857521454989346
male,ES630,Ceuta,2023,e0,78.85735524540597,78.78329400000001,83179,<200k,0.07406124540595727
male,ES630,Ceuta,2023,e65,18.53220861370545,18.439351000000002,83179,<200k,0.09285761370544776
male,ES630,Ceuta,2024,e0,80.05894619385893,79.63288399999999,83179,<200k,0.4260621938589395
male,ES630,Ceuta,2024,e65,18.798065405648384,18.318717,83179,<200k,0.4793484056483841
male,ES640,Melilla,2002,e0,74.00966721113936,73.962686,85985,<200k,0.04698121113935372
male,ES640,Melilla,2002,e65,15.199995071998208,15.117146,85985,<200k,0.08284907199820779
male,ES640,Melilla,2003,e0,74.31120311810052,74.40989400000001,85985,<200k,-0.09869088189948627
male,ES640,Melilla,2003,e65,14.44209245398869,14.558100999999999,85985,<200k,-0.11600854601130806
male,ES640,Melilla,2004,e0,75.05702324721416,75.049048,85985,<200k,0.007975247214162096
male,ES640,Melilla,2004,e65,15.817491540021027,15.799024,85985,<200k,0.018467540021028128
male,ES640,Melilla,2005,e0,76.17970318801869,76.11870799999998,85985,<200k,0.06099518801870829
male,ES640,Melilla,2005,e65,16.194362483544822,16.117841000000006,85985,<200k,0.07652148354481625
male,ES640,Melilla,2006,e0,75.51255029003822,75.48697,85985,<200k,0.02558029003822071
male,ES640,Melilla,2006,e65,15.61301169015092,15.576557000000001,85985,<200k,0.03645469015091862
male,ES640,Melilla,2007,e0,76.86656322380593,76.541385,85985,<200k,0.32517822380592065
male,ES640,Melilla,2007,e65,16.92637155757495,16.535318999999998,85985,<200k,0.3910525575749517
male,ES640,Melilla,2008,e0,75.1640578750126,75.19554799999999,85985,<200k,-0.03149012498738557
male,ES640,Melilla,2008,e65,16.229551180301538,16.263023999999998,85985,<200k,-0.033472819698459944
male,ES640,Melilla,2009,e0,78.10287600061562,78.153683,85985,<200k,-0.050806999384377605
male,ES640,Melilla,2009,e65,17.519224152648114,17.577216,85985,<200k,-0.057991847351885895
male,ES640,Melilla,2010,e0,78.7056676395259,78.473516,85985,<200k,0.23215163952589535
male,ES640,Melilla,2010,e65,17.272353183016044,17.005071,85985,<200k,0.267282183016043
male,ES640,Melilla,2011,e0,77.13650681077375,77.010331,85985,<200k,0.12617581077375917
male,ES640,Melilla,2011,e65,16.52279707023674,16.366744999999998,85985,<200k,0.1560520702367434
male,ES640,Melilla,2012,e0,78.07614781772672,78.110894,85985,<200k,-0.03474618227328108
male,ES640,Melilla,2012,e65,17.346633751461418,17.381569,85985,<200k,-0.034935248538580765
male,ES640,Melilla,2013,e0,78.91288552481404,78.23920300000002,85985,<200k,0.6736825248140264
male,ES640,Melilla,2013,e65,17.264417165894315,16.506718999999997,85985,<200k,0.7576981658943183
male,ES640,Melilla,2014,e0,77.71144881382871,77.67067999999999,85985,<200k,0.040768813828719885
male,ES640,Melilla,2014,e65,16.512797264631455,16.460592999999996,85985,<200k,0.05220426463145955
male,ES640,Melilla,2015,e0,78.16307155509114,78.129666,85985,<200k,0.03340555509113585
male,ES640,Melilla,2015,e65,17.471204542431895,17.43621,85985,<200k,0.034994542431896036
male,ES640,Melilla,2016,e0,78.75607445368759,78.70402200000001,85985,<200k,0.052052453687579714
male,ES640,Melilla,2016,e65,17.423787690340365,17.363875000000004,85985,<200k,0.05991269034036151
male,ES640,Melilla,2017,e0,78.27787915122526,77.75424000000001,85985,<200k,0.5236391512252538
male,ES640,Melilla,2017,e65,17.76501367266264,17.156823000000003,85985,<200k,0.6081906726626372
male,ES640,Melilla,2018,e0,78.3878565314841,78.20557099999999,85985,<200k,0.18228553148411208
male,ES640,Melilla,2018,e65,18.052121739232504,17.833121000000002,85985,<200k,0.21900073923250218
male,ES640,Melilla,2019,e0,78.34740575229027,78.17387499999998,85985,<200k,0.17353075229029002
male,ES640,Melilla,2019,e65,18.100756586786012,17.894930000000002,85985,<200k,0.20582658678601007
male,ES640,Melilla,2020,e0,77.18508219266033,77.10230499999999,85985,<200k,0.08277719266034467
male,ES640,Melilla,2020,e65,16.40628214642548,16.305305999999998,85985,<200k,0.1009761464254808
male,ES640,Melilla,2021,e0,77.57849580940245,77.309973,85985,<200k,0.2685228094024552
male,ES640,Melilla,2021,e65,17.42235074557768,17.107782,85985,<200k,0.3145687455776809
male,ES640,Melilla,2022,e0,79.36078765880451,79.22294,85985,<200k,0.13784765880451744
male,ES640,Melilla,2022,e65,18.0078241127548,17.853214,85985,<200k,0.1546101127547992
male,ES640,Melilla,2023,e0,79.87562446314917,79.733534,85985,<200k,0.14209046314915952
male,ES640,Melilla,2023,e65,18.632076319275225,18.469834,85985,<200k,0.1622423192752258
male,ES640,Melilla,2024,e0,80.58860211491701,80.07389799999999,85985,<200k,0.5147041149170235
male,ES640,Melilla,2024,e65,19.436577136376837,18.854885000000007,85985,<200k,0.5816921363768301
male,ES705,"Palmas, Las",2002,e0,74.53769377234208,74.562279,1159890,>1M,-0.024585227657922815
male,ES705,"Palmas, Las",2002,e65,16.057191337909202,16.086308,1159890,>1M,-0.029116662090796552
male,ES705,"Palmas, Las",2003,e0,74.827478924899,74.856236,1159890,>1M,-0.02875707510099801
male,ES705,"Palmas, Las",2003,e65,16.001092620101783,16.033466,1159890,>1M,-0.032373379898217536
male,ES705,"Palmas, Las",2004,e0,75.49270905757872,75.54112600000002,1159890,>1M,-0.048416942421297904
male,ES705,"Palmas, Las",2004,e65,16.41191085167113,16.464358999999998,1159890,>1M,-0.05244814832886746
male,ES705,"Palmas, Las",2005,e0,75.60307584042187,75.65406,1159890,>1M,-0.05098415957813529
male,ES705,"Palmas, Las",2005,e65,16.2408242587237,16.299491,1159890,>1M,-0.05866674127630134
male,ES705,"Palmas, Las",2006,e0,76.36658872174219,76.363433,1159890,>1M,0.0031557217421891437
male,ES705,"Palmas, Las",2006,e65,17.060929006660494,17.053791,1159890,>1M,0.007138006660493801
male,ES705,"Palmas, Las",2007,e0,76.85994917194135,76.836645,1159890,>1M,0.023304171941347818
male,ES705,"Palmas, Las",2007,e65,17.02357819362256,16.991391,1159890,>1M,0.0321871936225584
male,ES705,"Palmas, Las",2008,e0,76.31233521067718,76.32547399999999,1159890,>1M,-0.01313878932280943
male,ES705,"Palmas, Las",2008,e65,17.008724894102965,17.018541,1159890,>1M,-0.009816105897034078
male,ES705,"Palmas, Las",2009,e0,77.95002124901029,77.94091500000002,1159890,>1M,0.009106249010272904
male,ES705,"Palmas, Las",2009,e65,17.808707946162667,17.793941999999998,1159890,>1M,0.014765946162668797
male,ES705,"Palmas, Las",2010,e0,78.45593502539386,78.40905900000001,1159890,>1M,0.046876025393842724
male,ES705,"Palmas, Las",2010,e65,18.2976595063743,18.237085000000004,1159890,>1M,0.0605745063742944
male,ES705,"Palmas, Las",2011,e0,78.53912207633878,78.468586,1159890,>1M,0.070536076338783
male,ES705,"Palmas, Las",2011,e65,18.208516838729615,18.119822000000003,1159890,>1M,0.08869483872961226
male,ES705,"Palmas, Las",2012,e0,78.67099183651136,78.651833,1159890,>1M,0.019158836511365962
male,ES705,"Palmas, Las",2012,e65,17.992574583438,17.966492999999996,1159890,>1M,0.026081583438003264
male,ES705,"Palmas, Las",2013,e0,79.13986003253382,79.118197,1159890,>1M,0.021663032533822957
male,ES705,"Palmas, Las",2013,e65,18.409762727414787,18.38127,1159890,>1M,0.028492727414786145
male,ES705,"Palmas, Las",2014,e0,79.41958118075983,79.387589,1159890,>1M,0.031992180759829125
male,ES705,"Palmas, Las",2014,e65,18.576914694381472,18.538311,1159890,>1M,0.0386036943814716
male,ES705,"Palmas, Las",2015,e0,79.41073041699111,79.34791100000001,1159890,>1M,0.06281941699110405
male,ES705,"Palmas, Las",2015,e65,18.50040903853624,18.427061000000002,1159890,>1M,0.07334803853623839
male,ES705,"Palmas, Las",2016,e0,79.4848749103894,79.45024900000001,1159890,>1M,0.03462591038938001
male,ES705,"Palmas, Las",2016,e65,18.660732594248458,18.619799,1159890,>1M,0.04093359424845744
male,ES705,"Palmas, Las",2017,e0,79.70176702366248,79.656126,1159890,>1M,0.04564102366248335
male,ES705,"Palmas, Las",2017,e65,18.620916906560865,18.567359,1159890,>1M,0.05355790656086512
male,ES705,"Palmas, Las",2018,e0,79.06685989064825,79.03162400000002,1159890,>1M,0.035235890648223744
male,ES705,"Palmas, Las",2018,e65,18.427357960703947,18.384687,1159890,>1M,0.042670960703947713
male,ES705,"Palmas, Las",2019,e0,79.7159843713457,79.671714,1159890,>1M,0.04427037134570355
male,ES705,"Palmas, Las",2019,e65,18.804308078582082,18.750539999999997,1159890,>1M,0.053768078582084655
male,ES705,"Palmas, Las",2020,e0,79.38188724806592,79.32859099999999,1159890,>1M,0.05329624806593358
male,ES705,"Palmas, Las",2020,e65,18.634532901633854,18.571744,1159890,>1M,0.06278890163385498
male,ES705,"Palmas, Las",2021,e0,79.43089296489526,79.402789,1159890,>1M,0.028103964895265676
male,ES705,"Palmas, Las",2021,e65,18.482450979669935,18.448525999999994,1159890,>1M,0.03392497966994057
male,ES705,"Palmas, Las",2022,e0,79.16086148232147,79.187784,1159890,>1M,-0.02692251767852838
male,ES705,"Palmas, Las",2022,e65,18.170709157899292,18.197939,1159890,>1M,-0.027229842100709334
male,ES705,"Palmas, Las",2023,e0,79.5482171790109,79.523719,1159890,>1M,0.02449817901090512
male,ES705,"Palmas, Las",2023,e65,18.703373436775564,18.670560000000002,1159890,>1M,0.032813436775562366
male,ES705,"Palmas, Las",2024,e0,80.40060171821621,80.37397399999999,1159890,>1M,0.026627718216218454
male,ES705,"Palmas, Las",2024,e65,18.979048150021853,18.948135999999995,1159890,>1M,0.030912150021858764
male,ES709,Santa Cruz de Tenerife,2002,e0,76.11933689991909,76.124907,1078864,>1M,-0.005570100080902307
male,ES709,Santa Cruz de Tenerife,2002,e65,16.72936392189583,16.730892,1078864,>1M,-0.0015280781041724367
male,ES709,Santa Cruz de Tenerife,2003,e0,75.7973445720779,75.825274,1078864,>1M,-0.02792942792208919
male,ES709,Santa Cruz de Tenerife,2003,e65,16.384523490426034,16.416153,1078864,>1M,-0.031629509573967596
male,ES709,Santa Cruz de Tenerife,2004,e0,75.78448348490019,75.80182500000001,1078864,>1M,-0.017341515099815297
male,ES709,Santa Cruz de Tenerife,2004,e65,16.73889068134667,16.754557000000002,1078864,>1M,-0.01566631865333079
male,ES709,Santa Cruz de Tenerife,2005,e0,76.3555226041431,76.34660000000001,1078864,>1M,0.008922604143094759
male,ES709,Santa Cruz de Tenerife,2005,e65,16.821615408365407,16.809374000000002,1078864,>1M,0.012241408365404993
male,ES709,Santa Cruz de Tenerife,2006,e0,76.44666117058547,76.438948,1078864,>1M,0.007713170585475382
male,ES709,Santa Cruz de Tenerife,2006,e65,17.3866664863831,17.373814000000003,1078864,>1M,0.012852486383096107
male,ES709,Santa Cruz de Tenerife,2007,e0,76.48972357994369,76.482759,1078864,>1M,0.006964579943684157
male,ES709,Santa Cruz de Tenerife,2007,e65,17.223536012872298,17.210534,1078864,>1M,0.013002012872298963
male,ES709,Santa Cruz de Tenerife,2008,e0,77.26008467119085,77.25102300000002,1078864,>1M,0.009061671190835341
male,ES709,Santa Cruz de Tenerife,2008,e65,17.752332742775852,17.734848000000003,1078864,>1M,0.017484742775849327
male,ES709,Santa Cruz de Tenerife,2009,e0,78.63464873909093,78.60073399999999,1078864,>1M,0.033914739090946
male,ES709,Santa Cruz de Tenerife,2009,e65,18.20972646904645,18.167287,1078864,>1M,0.042439469046449574
male,ES709,Santa Cruz de Tenerife,2010,e0,78.69651677794677,78.613367,1078864,>1M,0.08314977794677247
male,ES709,Santa Cruz de Tenerife,2010,e65,18.279592284852406,18.179946,1078864,>1M,0.09964628485240468
male,ES709,Santa Cruz de Tenerife,2011,e0,78.45101119619585,78.36705300000001,1078864,>1M,0.08395819619583733
male,ES709,Santa Cruz de Tenerife,2011,e65,18.18406904900868,18.082233999999996,1078864,>1M,0.10183504900868456
male,ES709,Santa Cruz de Tenerife,2012,e0,79.06753446864337,78.957571,1078864,>1M,0.1099634686433717
male,ES709,Santa Cruz de Tenerife,2012,e65,18.511390678068867,18.379303,1078864,>1M,0.13208767806886712
male,ES709,Santa Cruz de Tenerife,2013,e0,79.99028336586792,79.830728,1078864,>1M,0.15955536586793073
male,ES709,Santa Cruz de Tenerife,2013,e65,19.14304872355623,18.954870000000003,1078864,>1M,0.1881787235562271
male,ES709,Santa Cruz de Tenerife,2014,e0,79.20591183861852,79.181454,1078864,>1M,0.024457838618516803
male,ES709,Santa Cruz de Tenerife,2014,e65,18.57295335820312,18.544303,1078864,>1M,0.028650358203119453
male,ES709,Santa Cruz de Tenerife,2015,e0,79.34635039614083,79.27631699999999,1078864,>1M,0.07003339614084325
male,ES709,Santa Cruz de Tenerife,2015,e65,18.445609506177338,18.359915000000004,1078864,>1M,0.0856945061773331
male,ES709,Santa Cruz de Tenerife,2016,e0,79.36415706880335,79.29924400000002,1078864,>1M,0.06491306880333525
male,ES709,Santa Cruz de Tenerife,2016,e65,18.55895582790409,18.483479999999997,1078864,>1M,0.0754758279040928
male,ES709,Santa Cruz de Tenerife,2017,e0,79.79349500670621,79.649449,1078864,>1M,0.14404600670620482
male,ES709,Santa Cruz de Tenerife,2017,e65,18.94793059261662,18.780027999999998,1078864,>1M,0.16790259261662044
male,ES709,Santa Cruz de Tenerife,2018,e0,79.45265180376566,79.37598199999998,1078864,>1M,0.07666980376568233
male,ES709,Santa Cruz de Tenerife,2018,e65,18.547761563151948,18.45667,1078864,>1M,0.09109156315194866
male,ES709,Santa Cruz de Tenerife,2019,e0,80.0967301466088,80.00736,1078864,>1M,0.08937014660880038
male,ES709,Santa Cruz de Tenerife,2019,e65,19.045163463261098,18.940344999999997,1078864,>1M,0.10481846326110045
male,ES709,Santa Cruz de Tenerife,2020,e0,80.21223573154656,80.149484,1078864,>1M,0.06275173154655533
male,ES709,Santa Cruz de Tenerife,2020,e65,18.96486825348793,18.891286,1078864,>1M,0.07358225348792757
male,ES709,Santa Cruz de Tenerife,2021,e0,79.64807826541927,79.582589,1078864,>1M,0.06548926541927358
male,ES709,Santa Cruz de Tenerife,2021,e65,18.90450211480453,18.827965000000006,1078864,>1M,0.0765371148045233
male,ES709,Santa Cruz de Tenerife,2022,e0,79.40455567385955,79.384779,1078864,>1M,0.019776673859553284
male,ES709,Santa Cruz de Tenerife,2022,e65,18.34626446263507,18.320050000000002,1078864,>1M,0.026214462635067548
male,ES709,Santa Cruz de Tenerife,2023,e0,80.4533994309012,80.385241,1078864,>1M,0.06815843090120666
male,ES709,Santa Cruz de Tenerife,2023,e65,19.313284109626576,19.235415,1078864,>1M,0.077869109626576
male,ES709,Santa Cruz de Tenerife,2024,e0,80.79617940022518,80.707515000000015,1078864,>1M,0.08866440022516997
male,ES709,Santa Cruz de Tenerife,2024,e65,19.50672922480754,19.406058,1078864,>1M,0.1006712248075381
total,ES111,A Coruna,2002,e0,80.03003653574754,80.029055,1128449,>1M,9.81535747541784e-4
total,ES111,A Coruna,2002,e65,19.516548543194677,19.514217000000002,1128449,>1M,0.002331543194674879
total,ES111,A Coruna,2003,e0,79.52901717346374,79.563241,1128449,>1M,-0.034223826536262436
total,ES111,A Coruna,2003,e65,19.213215520838475,19.249330999999998,1128449,>1M,-0.03611547916152347
total,ES111,A Coruna,2004,e0,80.28780024992557,80.33111400000001,1128449,>1M,-0.04331375007444649
total,ES111,A Coruna,2004,e65,19.560362775069347,19.607303,1128449,>1M,-0.04694022493065475
total,ES111,A Coruna,2005,e0,80.25176942605458,80.29115600000002,1128449,>1M,-0.039386573945435543
total,ES111,A Coruna,2005,e65,19.7328056284307,19.775746999999996,1128449,>1M,-0.04294137156929523
total,ES111,A Coruna,2006,e0,80.63508570710418,80.65583599999998,1128449,>1M,-0.020750292895797884
total,ES111,A Coruna,2006,e65,19.981752586248128,20.004325,1128449,>1M,-0.02257241375187391
total,ES111,A Coruna,2007,e0,80.52487071564256,80.54401400000002,1128449,>1M,-0.019143284357454604
total,ES111,A Coruna,2007,e65,19.902469858382755,19.921884000000002,1128449,>1M,-0.019414141617247083
total,ES111,A Coruna,2008,e0,81.07266559121452,81.07008199999999,1128449,>1M,0.0025835912145311113
total,ES111,A Coruna,2008,e65,20.261925353297524,20.257283,1128449,>1M,0.004642353297523272
total,ES111,A Coruna,2009,e0,81.1543191179674,81.164447,1128449,>1M,-0.010127882032591629
total,ES111,A Coruna,2009,e65,20.213035382757624,20.222859,1128449,>1M,-0.009823617242375349
total,ES111,A Coruna,2010,e0,81.69890038893936,81.693943,1128449,>1M,0.00495738893935993
total,ES111,A Coruna,2010,e65,20.615448077177216,20.607046,1128449,>1M,0.008402077177215972
total,ES111,A Coruna,2011,e0,81.94465116390978,81.95577699999998,1128449,>1M,-0.011125836090201346
total,ES111,A Coruna,2011,e65,20.750166318872942,20.760848999999997,1128449,>1M,-0.010682681127054394
total,ES111,A Coruna,2012,e0,82.20235185132455,82.21623300000002,1128449,>1M,-0.013881148675466193
total,ES111,A Coruna,2012,e65,20.841218424363436,20.854329,1128449,>1M,-0.013110575636563482
total,ES111,A Coruna,2013,e0,82.34615679409676,82.33893599999999,1128449,>1M,0.007220794096767236
total,ES111,A Coruna,2013,e65,20.836778930293324,20.826731999999996,1128449,>1M,0.010046930293327705
total,ES111,A Coruna,2014,e0,82.6251690558128,82.61912600000001,1128449,>1M,0.006043055812796183
total,ES111,A Coruna,2014,e65,21.13053663540792,21.123171000000003,1128449,>1M,0.007365635407918347
total,ES111,A Coruna,2015,e0,82.32722030764673,82.32182999999999,1128449,>1M,0.005390307646734982
total,ES111,A Coruna,2015,e65,20.877707775510235,20.869817,1128449,>1M,0.007890775510233539
total,ES111,A Coruna,2016,e0,82.53258617086863,82.52891,1128449,>1M,0.0036761708686299244
total,ES111,A Coruna,2016,e65,21.117573873771644,21.111141000000003,1128449,>1M,0.006432873771640146
total,ES111,A Coruna,2017,e0,82.9392191491843,82.91892900000002,1128449,>1M,0.02029014918427663
total,ES111,A Coruna,2017,e65,21.3352784734062,21.31059,1128449,>1M,0.024688473406197176
total,ES111,A Coruna,2018,e0,82.77311851175817,82.758755,1128449,>1M,0.014363511758176628
total,ES111,A Coruna,2018,e65,21.125460440783908,21.107588000000003,1128449,>1M,0.017872440783904153
total,ES111,A Coruna,2019,e0,83.41760563075098,83.354112,1128449,>1M,0.06349363075098324
total,ES111,A Coruna,2019,e65,21.76656165712991,21.695251000000003,1128449,>1M,0.07131065712990647
total,ES111,A Coruna,2020,e0,83.46941946016636,83.429985,1128449,>1M,0.03943446016636187
total,ES111,A Coruna,2020,e65,21.562220707359096,21.517126,1128449,>1M,0.0450947073590946
total,ES111,A Coruna,2021,e0,83.18783440908157,83.138622,1128449,>1M,0.049212409081576425
total,ES111,A Coruna,2021,e65,21.456960707139512,21.400671,1128449,>1M,0.05628970713951276
total,ES111,A Coruna,2022,e0,83.09062357275674,83.10899799999999,1128449,>1M,-0.018374427243244895
total,ES111,A Coruna,2022,e65,21.326999212909616,21.347112,1128449,>1M,-0.020112787090383222
total,ES111,A Coruna,2023,e0,83.77395959407801,83.72054,1128449,>1M,0.053419594078008004
total,ES111,A Coruna,2023,e65,21.908668354572956,21.848715999999996,1128449,>1M,0.05995235457296033
total,ES111,A Coruna,2024,e0,84.14743183915706,84.09795700000001,1128449,>1M,0.04947483915705675
total,ES111,A Coruna,2024,e65,21.885174771256153,21.830270000000002,1128449,>1M,0.05490477125615101
total,ES112,Lugo,2002,e0,79.51230380124761,79.51702000000002,325048,200k-1M,-0.004716198752404921
total,ES112,Lugo,2002,e65,19.72962427893338,19.732885000000003,325048,200k-1M,-0.003260721066624228
total,ES112,Lugo,2003,e0,79.54652930265391,79.584857,325048,200k-1M,-0.03832769734609087
total,ES112,Lugo,2003,e65,19.6759852851248,19.718794,325048,200k-1M,-0.04280871487519988
total,ES112,Lugo,2004,e0,80.74592752442308,80.728403,325048,200k-1M,0.017524524423080834
total,ES112,Lugo,2004,e65,20.151373318817626,20.128684,325048,200k-1M,0.02268931881762626
total,ES112,Lugo,2005,e0,80.7481694317218,80.74168200000001,325048,200k-1M,0.0064874317217942234
total,ES112,Lugo,2005,e65,20.31066934115659,20.298337999999998,325048,200k-1M,0.012331341156592401
total,ES112,Lugo,2006,e0,80.80703147721542,80.81220400000001,325048,200k-1M,-0.005172522784590683
total,ES112,Lugo,2006,e65,20.426735167140517,20.429068,325048,200k-1M,-0.0023328328594836023
total,ES112,Lugo,2007,e0,81.17245451942411,81.156003,325048,200k-1M,0.01645151942410905
total,ES112,Lugo,2007,e65,20.441164292682323,20.419608,325048,200k-1M,0.021556292682323175
total,ES112,Lugo,2008,e0,81.55427310992862,81.518806,325048,200k-1M,0.0354671099286179
total,ES112,Lugo,2008,e65,20.64227997721223,20.599678,325048,200k-1M,0.0426019772122288
total,ES112,Lugo,2009,e0,81.24918160329,81.24861400000002,325048,200k-1M,5.676032899799566e-4
total,ES112,Lugo,2009,e65,20.675044443102525,20.67332,325048,200k-1M,0.0017244431025247309
total,ES112,Lugo,2010,e0,82.06108023427564,82.060668,325048,200k-1M,4.122342756289754e-4
total,ES112,Lugo,2010,e65,21.074779728489567,21.072872,325048,200k-1M,0.0019077284895665514
total,ES112,Lugo,2011,e0,82.3132643729741,82.28994,325048,200k-1M,0.023324372974101948
total,ES112,Lugo,2011,e65,21.174030193523954,21.146812,325048,200k-1M,0.027218193523953715
total,ES112,Lugo,2012,e0,81.91013010838819,81.915062,325048,200k-1M,-0.004931891611818173
total,ES112,Lugo,2012,e65,20.94153212814922,20.941685,325048,200k-1M,-1.5287185077994536e-4
total,ES112,Lugo,2013,e0,82.67257265899097,82.66447199999999,325048,200k-1M,0.008100658990983334
total,ES112,Lugo,2013,e65,21.373365114340164,21.361297,325048,200k-1M,0.012068114340163305
total,ES112,Lugo,2014,e0,82.7205026870956,82.663141,325048,200k-1M,0.057361687095607294
total,ES112,Lugo,2014,e65,21.352521451606734,21.286433999999996,325048,200k-1M,0.06608745160673735
total,ES112,Lugo,2015,e0,82.3882860054848,82.394394,325048,200k-1M,-0.006107994515204496
total,ES112,Lugo,2015,e65,21.118388087012445,21.123331999999998,325048,200k-1M,-0.004943912987553034
total,ES112,Lugo,2016,e0,82.57221179619296,82.57675799999998,325048,200k-1M,-0.004546203807024085
total,ES112,Lugo,2016,e65,21.240262964368387,21.243817,325048,200k-1M,-0.0035540356316126065
total,ES112,Lugo,2017,e0,83.00470707435609,83.001462,325048,200k-1M,0.0032450743560872297
total,ES112,Lugo,2017,e65,21.28042057815156,21.273058000000002,325048,200k-1M,0.007362578151557386
total,ES112,Lugo,2018,e0,82.9393185021595,82.913932,325048,200k-1M,0.025386502159491897
total,ES112,Lugo,2018,e65,21.406586656695836,21.377334,325048,200k-1M,0.0292526566958351
total,ES112,Lugo,2019,e0,83.75305637170949,83.709077,325048,200k-1M,0.04397937170949717
total,ES112,Lugo,2019,e65,21.847761135512602,21.798921999999997,325048,200k-1M,0.04883913551260477
total,ES112,Lugo,2020,e0,83.13224384879061,83.098545,325048,200k-1M,0.03369884879060692
total,ES112,Lugo,2020,e65,21.455485364383048,21.416617,325048,200k-1M,0.03886836438304897
total,ES112,Lugo,2021,e0,83.40609185891982,83.383411,325048,200k-1M,0.022680858919827074
total,ES112,Lugo,2021,e65,21.70348712978351,21.677911000000005,325048,200k-1M,0.025576129783505763
total,ES112,Lugo,2022,e0,83.2155168409516,83.23399900000001,325048,200k-1M,-0.018482159048417657
total,ES112,Lugo,2022,e65,21.19490021243551,21.215505,325048,200k-1M,-0.02060478756449058
total,ES112,Lugo,2023,e0,83.39778680691752,83.37946799999999,325048,200k-1M,0.018318806917534403
total,ES112,Lugo,2023,e65,21.66800228212656,21.646265000000003,325048,200k-1M,0.021737282126558455
total,ES112,Lugo,2024,e0,83.99580599632868,83.982858,325048,200k-1M,0.012947996328691147
total,ES112,Lugo,2024,e65,21.94696051921868,21.931145,325048,200k-1M,0.015815519218680407
total,ES113,Ourense,2002,e0,80.71843236748035,80.699319,304467,200k-1M,0.019113367480343868
total,ES113,Ourense,2002,e65,20.212161303521714,20.186248,304467,200k-1M,0.025913303521715392
total,ES113,Ourense,2003,e0,80.48953612110834,80.504347,304467,200k-1M,-0.014810878891651669
total,ES113,Ourense,2003,e65,20.0434645413947,20.055896,304467,200k-1M,-0.012431458605298928
total,ES113,Ourense,2004,e0,81.3458460614878,81.31799600000001,304467,200k-1M,0.027850061487797007
total,ES113,Ourense,2004,e65,20.711935886681303,20.680705999999997,304467,200k-1M,0.031229886681305885
total,ES113,Ourense,2005,e0,81.02290528195277,81.03014900000001,304467,200k-1M,-0.007243718047234893
total,ES113,Ourense,2005,e65,20.255586253438654,20.261156,304467,200k-1M,-0.005569746561345568
total,ES113,Ourense,2006,e0,81.16945824453755,81.17885799999998,304467,200k-1M,-0.009399755462425219
total,ES113,Ourense,2006,e65,20.57266130715053,20.581932,304467,200k-1M,-0.009270692849469242
total,ES113,Ourense,2007,e0,81.44086869933707,81.463507,304467,200k-1M,-0.022638300662933375
total,ES113,Ourense,2007,e65,20.490800271253764,20.515197,304467,200k-1M,-0.024396728746236107
total,ES113,Ourense,2008,e0,81.43246729664872,81.43153500000001,304467,200k-1M,9.322966487133044e-4
total,ES113,Ourense,2008,e65,20.689207874345897,20.689069,304467,200k-1M,1.3887434589676673e-4
total,ES113,Ourense,2009,e0,82.30203634542958,82.24342100000001,304467,200k-1M,0.058615345429572585
total,ES113,Ourense,2009,e65,21.04500439653805,20.976615,304467,200k-1M,0.06838939653805198
total,ES113,Ourense,2010,e0,82.26893662202114,82.223874,304467,200k-1M,0.04506262202114897
total,ES113,Ourense,2010,e65,21.004676781790774,20.953831,304467,200k-1M,0.05084578179077326
total,ES113,Ourense,2011,e0,81.9232246878488,81.90392300000002,304467,200k-1M,0.019301687848781057
total,ES113,Ourense,2011,e65,21.23239154400064,21.208181999999997,304467,200k-1M,0.024209544000644456
total,ES113,Ourense,2012,e0,82.39243549210107,82.393916,304467,200k-1M,-0.0014805078989326148
total,ES113,Ourense,2012,e65,21.12895743288451,21.127287000000003,304467,200k-1M,0.001670432884505857
total,ES113,Ourense,2013,e0,82.6554087584118,82.63393699999999,304467,200k-1M,0.021471758411806263
total,ES113,Ourense,2013,e65,21.50520518661827,21.479415999999997,304467,200k-1M,0.025789186618272453
total,ES113,Ourense,2014,e0,83.71374589816624,83.66039199999999,304467,200k-1M,0.053353898166250247
total,ES113,Ourense,2014,e65,21.897774300067802,21.836969000000003,304467,200k-1M,0.060805300067798385
total,ES113,Ourense,2015,e0,83.20936965669755,83.195656,304467,200k-1M,0.013713656697547094
total,ES113,Ourense,2015,e65,21.707435774217455,21.688986,304467,200k-1M,0.018449774217454973
total,ES113,Ourense,2016,e0,83.04568012360959,83.04459000000001,304467,200k-1M,0.0010901236095719469
total,ES113,Ourense,2016,e65,21.876454897624377,21.874874000000005,304467,200k-1M,0.0015808976243718575
total,ES113,Ourense,2017,e0,83.81322206208318,83.77437199999999,304467,200k-1M,0.03885006208319908
total,ES113,Ourense,2017,e65,21.77878634393902,21.736198,304467,200k-1M,0.04258834393901978
total,ES113,Ourense,2018,e0,83.35534117033801,83.297768,304467,200k-1M,0.05757317033800291
total,ES113,Ourense,2018,e65,21.747252247407662,21.681552,304467,200k-1M,0.065700247407662
total,ES113,Ourense,2019,e0,83.63165300329287,83.57272099999999,304467,200k-1M,0.05893200329288106
total,ES113,Ourense,2019,e65,21.890137761523096,21.82469,304467,200k-1M,0.06544776152309595
total,ES113,Ourense,2020,e0,83.0184373783751,83.058297,304467,200k-1M,-0.03985962162489898
total,ES113,Ourense,2020,e65,21.34397160938599,21.385673999999998,304467,200k-1M,-0.04170239061400949
total,ES113,Ourense,2021,e0,83.57267613579276,83.5217,304467,200k-1M,0.05097613579276583
total,ES113,Ourense,2021,e65,22.045701145663482,21.987973,304467,200k-1M,0.05772814566348217
total,ES113,Ourense,2022,e0,83.56704761529124,83.582073,304467,200k-1M,-0.015025384708749812
total,ES113,Ourense,2022,e65,21.738889255039588,21.753328,304467,200k-1M,-0.014438744960411753
total,ES113,Ourense,2023,e0,83.55648498260875,83.51071,304467,200k-1M,0.045774982608747905
total,ES113,Ourense,2023,e65,22.160085629932812,22.106227,304467,200k-1M,0.05385862993281165
total,ES113,Ourense,2024,e0,83.9194854091648,83.87948399999999,304467,200k-1M,0.04000140916481598
total,ES113,Ourense,2024,e65,22.289306745134837,22.244935,304467,200k-1M,0.04437174513483555
total,ES114,Pontevedra,2002,e0,79.73625684691487,79.77557099999999,947869,200k-1M,-0.03931415308511532
total,ES114,Pontevedra,2002,e65,19.387184538443154,19.429378,947869,200k-1M,-0.042193461556845335
total,ES114,Pontevedra,2003,e0,79.94026160007903,79.951756,947869,200k-1M,-0.011494399920977116
total,ES114,Pontevedra,2003,e65,19.44262819727717,19.454148999999997,947869,200k-1M,-0.011520802722827739
total,ES114,Pontevedra,2004,e0,80.58892497056029,80.562046,947869,200k-1M,0.026878970560289872
total,ES114,Pontevedra,2004,e65,19.787471720426964,19.757058000000004,947869,200k-1M,0.03041372042696011
total,ES114,Pontevedra,2005,e0,80.39569347530681,80.40664000000001,947869,200k-1M,-0.010946524693196125
total,ES114,Pontevedra,2005,e65,19.770264054716158,19.780780999999998,947869,200k-1M,-0.010516945283839618
total,ES114,Pontevedra,2006,e0,80.7197045640327,80.72507699999998,947869,200k-1M,-0.005372435967288425
total,ES114,Pontevedra,2006,e65,19.92951220972881,19.934789,947869,200k-1M,-0.005276790271189213
total,ES114,Pontevedra,2007,e0,80.8933872826997,80.90107300000001,947869,200k-1M,-0.007685717300304873
total,ES114,Pontevedra,2007,e65,19.98294750596878,19.989435999999994,947869,200k-1M,-0.006488494031213321
total,ES114,Pontevedra,2008,e0,81.42183465939081,81.38642300000001,947869,200k-1M,0.03541165939080315
total,ES114,Pontevedra,2008,e65,20.496420891724274,20.456162,947869,200k-1M,0.04025889172427455
total,ES114,Pontevedra,2009,e0,81.58287569287258,81.52726000000001,947869,200k-1M,0.05561569287256418
total,ES114,Pontevedra,2009,e65,20.54866505484571,20.483918,947869,200k-1M,0.06474705484571075
total,ES114,Pontevedra,2010,e0,82.01507474123602,81.97267699999999,947869,200k-1M,0.04239774123603013
total,ES114,Pontevedra,2010,e65,20.66889276798366,20.618055000000005,947869,200k-1M,0.05083776798365491
total,ES114,Pontevedra,2011,e0,82.20423153323851,82.180804,947869,200k-1M,0.023427533238518095
total,ES114,Pontevedra,2011,e65,20.73642367913548,20.708463,947869,200k-1M,0.02796067913548228
total,ES114,Pontevedra,2012,e0,82.21438728107576,82.203142,947869,200k-1M,0.01124528107575884
total,ES114,Pontevedra,2012,e65,20.670349202775846,20.65611,947869,200k-1M,0.014239202775844007
total,ES114,Pontevedra,2013,e0,82.80068957671095,82.789721,947869,200k-1M,0.010968576710951083
total,ES114,Pontevedra,2013,e65,21.095121016999457,21.081462,947869,200k-1M,0.013659016999458373
total,ES114,Pontevedra,2014,e0,83.13913170621112,83.065759,947869,200k-1M,0.07337270621111713
total,ES114,Pontevedra,2014,e65,21.517229179965906,21.435018,947869,200k-1M,0.08221117996590621
total,ES114,Pontevedra,2015,e0,82.79104878402188,82.77966400000001,947869,200k-1M,0.011384784021871042
total,ES114,Pontevedra,2015,e65,21.17935730970915,21.166005000000002,947869,200k-1M,0.013352309709148358
total,ES114,Pontevedra,2016,e0,82.69394484306116,82.65348599999999,947869,200k-1M,0.040458843061173866
total,ES114,Pontevedra,2016,e65,21.31592721899342,21.269447999999997,947869,200k-1M,0.04647921899342222
total,ES114,Pontevedra,2017,e0,83.03871838503746,83.01951600000001,947869,200k-1M,0.019202385037445424
total,ES114,Pontevedra,2017,e65,21.370352018603782,21.345904,947869,200k-1M,0.024448018603781208
total,ES114,Pontevedra,2018,e0,83.45939342610714,83.44177,947869,200k-1M,0.017623426107135742
total,ES114,Pontevedra,2018,e65,21.42963055898036,21.409131,947869,200k-1M,0.0204995589803616
total,ES114,Pontevedra,2019,e0,83.65799093151064,83.58931199999999,947869,200k-1M,0.06867893151064663
total,ES114,Pontevedra,2019,e65,21.834792216665672,21.757597,947869,200k-1M,0.07719521666567175
total,ES114,Pontevedra,2020,e0,83.42430736039222,83.40484500000001,947869,200k-1M,0.019462360392211053
total,ES114,Pontevedra,2020,e65,21.734326572537828,21.711392,947869,200k-1M,0.022934572537828046
total,ES114,Pontevedra,2021,e0,83.69093830818721,83.649497,947869,200k-1M,0.04144130818721692
total,ES114,Pontevedra,2021,e65,21.70555278902522,21.659371000000004,947869,200k-1M,0.046181789025215636
total,ES114,Pontevedra,2022,e0,83.24473604550346,83.257784,947869,200k-1M,-0.013047954496542502
total,ES114,Pontevedra,2022,e65,21.426536686077924,21.440218999999995,947869,200k-1M,-0.013682313922071643
total,ES114,Pontevedra,2023,e0,83.68261585902538,83.617186,947869,200k-1M,0.06542985902537168
total,ES114,Pontevedra,2023,e65,22.023723191502448,21.94908,947869,200k-1M,0.07464319150244947
total,ES114,Pontevedra,2024,e0,84.20234446795371,84.12537699999997,947869,200k-1M,0.07696746795373599
total,ES114,Pontevedra,2024,e65,22.097601966746556,22.01267,947869,200k-1M,0.08493196674655579
total,ES120,Asturias,2002,e0,79.49451232407104,79.520237,1009599,>1M,-0.025724675928955776
total,ES120,Asturias,2002,e65,18.79783018872698,18.824843,1009599,>1M,-0.027012811273021242
total,ES120,Asturias,2003,e0,79.11307195109757,79.17905499999999,1009599,>1M,-0.06598304890242446
total,ES120,Asturias,2003,e65,18.86673176239075,18.940475999999997,1009599,>1M,-0.07374423760924742
total,ES120,Asturias,2004,e0,79.78977018188952,79.835453,1009599,>1M,-0.04568281811047825
total,ES120,Asturias,2004,e65,19.182875525150422,19.234262,1009599,>1M,-0.051386474849579145
total,ES120,Asturias,2005,e0,79.88882118615646,79.904132,1009599,>1M,-0.015310813843541382
total,ES120,Asturias,2005,e65,19.254649857418887,19.269977,1009599,>1M,-0.015327142581114117
total,ES120,Asturias,2006,e0,80.16971456951886,80.18595599999999,1009599,>1M,-0.016241430481130692
total,ES120,Asturias,2006,e65,19.649710340599476,19.666708999999997,1009599,>1M,-0.01699865940052092
total,ES120,Asturias,2007,e0,80.34656414069421,80.37253899999999,1009599,>1M,-0.025974859305776477
total,ES120,Asturias,2007,e65,19.604558691869876,19.633506,1009599,>1M,-0.028947308130124583
total,ES120,Asturias,2008,e0,80.68570462054862,80.70358300000001,1009599,>1M,-0.017878379451389037
total,ES120,Asturias,2008,e65,19.786054931193114,19.804701,1009599,>1M,-0.018646068806887683
total,ES120,Asturias,2009,e0,81.04908186320174,81.087879,1009599,>1M,-0.0387971367982658
total,ES120,Asturias,2009,e65,19.967149245167693,20.010385000000003,1009599,>1M,-0.04323575483230968
total,ES120,Asturias,2010,e0,81.17486703047196,81.17846599999999,1009599,>1M,-0.003598969528027851
total,ES120,Asturias,2010,e65,20.18433135123095,20.186831,1009599,>1M,-0.0024996487690529534
total,ES120,Asturias,2011,e0,81.32635205706828,81.301727,1009599,>1M,0.024625057068277556
total,ES120,Asturias,2011,e65,20.44857637851983,20.418345,1009599,>1M,0.03023137851983293
total,ES120,Asturias,2012,e0,81.50109722092246,81.51692100000001,1009599,>1M,-0.01582377907755017
total,ES120,Asturias,2012,e65,20.32939537947607,20.346555000000002,1009599,>1M,-0.01715962052393394
total,ES120,Asturias,2013,e0,82.17115643601413,82.19322300000002,1009599,>1M,-0.02206656398588791
total,ES120,Asturias,2013,e65,20.746462874432986,20.771406,1009599,>1M,-0.02494312556701317
total,ES120,Asturias,2014,e0,82.1185633567155,82.10774699999999,1009599,>1M,0.010816356715508846
total,ES120,Asturias,2014,e65,20.766300692437735,20.752695,1009599,>1M,0.013605692437735684
total,ES120,Asturias,2015,e0,82.200114963062,82.207057,1009599,>1M,-0.006942036937999774
total,ES120,Asturias,2015,e65,20.552071357356375,20.557665000000004,1009599,>1M,-0.005593642643628272
total,ES120,Asturias,2016,e0,82.3808927633716,82.38122800000001,1009599,>1M,-3.352366284019581e-4
total,ES120,Asturias,2016,e65,20.751517645328097,20.751207,1009599,>1M,3.1064532809566003e-4
total,ES120,Asturias,2017,e0,82.58381773522967,82.58705900000001,1009599,>1M,-0.003241264770338148
total,ES120,Asturias,2017,e65,20.88658304523645,20.888758999999997,1009599,>1M,-0.002175954763547594
total,ES120,Asturias,2018,e0,82.66265962518037,82.63760300000001,1009599,>1M,0.025056625180354786
total,ES120,Asturias,2018,e65,20.993892665942795,20.964335,1009599,>1M,0.029557665942796518
total,ES120,Asturias,2019,e0,82.8856662514582,82.842917,1009599,>1M,0.042749251458204185
total,ES120,Asturias,2019,e65,21.23299853767769,21.185024,1009599,>1M,0.04797453767769255
total,ES120,Asturias,2020,e0,82.09202279962389,82.102289,1009599,>1M,-0.010266200376108259
total,ES120,Asturias,2020,e65,20.344796216377247,20.354434,1009599,>1M,-0.009637783622753915
total,ES120,Asturias,2021,e0,82.78834293966362,82.750483,1009599,>1M,0.037859939663619
total,ES120,Asturias,2021,e65,21.093996296923944,21.049594,1009599,>1M,0.04440229692394482
total,ES120,Asturias,2022,e0,82.45608833373672,82.46460900000002,1009599,>1M,-0.008520666263308385
total,ES120,Asturias,2022,e65,20.91390401862725,20.922660999999998,1009599,>1M,-0.008756981372748385
total,ES120,Asturias,2023,e0,83.14353834940135,83.109703,1009599,>1M,0.03383534940135746
total,ES120,Asturias,2023,e65,21.46527528029677,21.427848,1009599,>1M,0.03742728029676812
total,ES120,Asturias,2024,e0,83.35516792918962,83.320065,1009599,>1M,0.03510292918961966
total,ES120,Asturias,2024,e65,21.49429818354502,21.454568000000002,1009599,>1M,0.039730183545017894
total,ES130,Cantabria,2002,e0,80.10950925906339,80.106813,590851,200k-1M,0.002696259063384332
total,ES130,Cantabria,2002,e65,19.28907108853931,19.282765999999995,590851,200k-1M,0.006305088539313886
total,ES130,Cantabria,2003,e0,80.36047350392658,80.386573,590851,200k-1M,-0.026099496073413775
total,ES130,Cantabria,2003,e65,19.507252320823316,19.536941000000002,590851,200k-1M,-0.029688679176686605
total,ES130,Cantabria,2004,e0,80.8230671809183,80.820054,590851,200k-1M,0.0030131809183018277
total,ES130,Cantabria,2004,e65,19.819665079199808,19.814387000000004,590851,200k-1M,0.005278079199804608
total,ES130,Cantabria,2005,e0,81.05745039073821,81.07263699999999,590851,200k-1M,-0.015186609261775175
total,ES130,Cantabria,2005,e65,19.837390963151638,19.851792,590851,200k-1M,-0.014401036848362025
total,ES130,Cantabria,2006,e0,80.97392951769999,80.99131900000002,590851,200k-1M,-0.017389482300032455
total,ES130,Cantabria,2006,e65,20.07994581925919,20.098867000000002,590851,200k-1M,-0.018921180740811394
total,ES130,Cantabria,2007,e0,80.97554486998922,80.99102800000001,590851,200k-1M,-0.015483130010792934
total,ES130,Cantabria,2007,e65,19.97520620748116,19.991638,590851,200k-1M,-0.016431792518837085
total,ES130,Cantabria,2008,e0,81.60796654980683,81.619273,590851,200k-1M,-0.011306450193174555
total,ES130,Cantabria,2008,e65,20.310928107807964,20.320454,590851,200k-1M,-0.009525892192037588
total,ES130,Cantabria,2009,e0,81.97744705716777,81.955401,590851,200k-1M,0.022046057167770527
total,ES130,Cantabria,2009,e65,20.520812855047378,20.494108,590851,200k-1M,0.026704855047377407
total,ES130,Cantabria,2010,e0,82.10196621285786,82.06073099999999,590851,200k-1M,0.04123521285787035
total,ES130,Cantabria,2010,e65,20.875985706947485,20.829486,590851,200k-1M,0.046499706947486175
total,ES130,Cantabria,2011,e0,82.45348054929306,82.419402,590851,200k-1M,0.034078549293056426
total,ES130,Cantabria,2011,e65,20.93419803923009,20.892602999999998,590851,200k-1M,0.04159503923009211
total,ES130,Cantabria,2012,e0,82.53741997310352,82.54221300000002,590851,200k-1M,-0.004793026896493302
total,ES130,Cantabria,2012,e65,20.783802491303252,20.788416999999995,590851,200k-1M,-0.004614508696743513
total,ES130,Cantabria,2013,e0,82.99752659558096,82.958552,590851,200k-1M,0.038974595580967275
total,ES130,Cantabria,2013,e65,21.246519027504178,21.202785,590851,200k-1M,0.043734027504179096
total,ES130,Cantabria,2014,e0,82.7942796821053,82.782363,590851,200k-1M,0.011916682105294285
total,ES130,Cantabria,2014,e65,20.995575323239215,20.980414999999997,590851,200k-1M,0.015160323239218343
total,ES130,Cantabria,2015,e0,82.6709661727132,82.69078699999999,590851,200k-1M,-0.01982082728679302
total,ES130,Cantabria,2015,e65,21.009912807948016,21.028924,590851,200k-1M,-0.019011192051983983
total,ES130,Cantabria,2016,e0,83.16321197146115,83.138206,590851,200k-1M,0.02500597146115524
total,ES130,Cantabria,2016,e65,21.227752411772837,21.199711,590851,200k-1M,0.028041411772836256
total,ES130,Cantabria,2017,e0,83.31974561030121,83.30908699999999,590851,200k-1M,0.010658610301220506
total,ES130,Cantabria,2017,e65,21.370772648955736,21.359218000000002,590851,200k-1M,0.011554648955733882
total,ES130,Cantabria,2018,e0,83.34899005954654,83.329444,590851,200k-1M,0.019546059546541983
total,ES130,Cantabria,2018,e65,21.2515488657308,21.230857000000004,590851,200k-1M,0.02069186573079662
total,ES130,Cantabria,2019,e0,83.60588307032631,83.580985,590851,200k-1M,0.024898070326315747
total,ES130,Cantabria,2019,e65,21.560861784307214,21.53133,590851,200k-1M,0.02953178430721337
total,ES130,Cantabria,2020,e0,83.0074989592023,83.00273999999999,590851,200k-1M,0.004758959202305846
total,ES130,Cantabria,2020,e65,20.991793683342543,20.986310999999997,590851,200k-1M,0.005482683342545869
total,ES130,Cantabria,2021,e0,83.67214415465392,83.627268,590851,200k-1M,0.04487615465392025
total,ES130,Cantabria,2021,e65,21.605210121447328,21.557843000000002,590851,200k-1M,0.047367121447326355
total,ES130,Cantabria,2022,e0,83.05996172333302,83.057934,590851,200k-1M,0.0020277233330148192
total,ES130,Cantabria,2022,e65,21.012830236945955,21.009181,590851,200k-1M,0.00364923694595376
total,ES130,Cantabria,2023,e0,84.23171757237367,84.203435,590851,200k-1M,0.028282572373669268
total,ES130,Cantabria,2023,e65,21.894088597237662,21.862765,590851,200k-1M,0.031323597237662426
total,ES130,Cantabria,2024,e0,83.94573543793442,83.88574499999999,590851,200k-1M,0.05999043793443093
total,ES130,Cantabria,2024,e65,21.905858085549003,21.838974000000004,590851,200k-1M,0.06688408554899894
total,ES211,Araba/Alava,2002,e0,81.41479330005998,81.43874,338594,200k-1M,-0.023946699940012195
total,ES211,Araba/Alava,2002,e65,19.987890394592334,20.013687,338594,200k-1M,-0.025796605407666817
total,ES211,Araba/Alava,2003,e0,81.19887786927721,81.22015400000001,338594,200k-1M,-0.021276130722796438
total,ES211,Araba/Alava,2003,e65,19.661734579562815,19.681731,338594,200k-1M,-0.019996420437184526
total,ES211,Araba/Alava,2004,e0,81.70745065664738,81.777451,338594,200k-1M,-0.07000034335261773
total,ES211,Araba/Alava,2004,e65,20.15897491870611,20.237276,338594,200k-1M,-0.07830108129389046
total,ES211,Araba/Alava,2005,e0,80.82439019878147,80.848755,338594,200k-1M,-0.02436480121852469
total,ES211,Araba/Alava,2005,e65,19.724881607840953,19.751479,338594,200k-1M,-0.026597392159047217
total,ES211,Araba/Alava,2006,e0,82.2233049397563,82.201441,338594,200k-1M,0.021863939756300965
total,ES211,Araba/Alava,2006,e65,20.75394641177098,20.728225,338594,200k-1M,0.02572141177098075
total,ES211,Araba/Alava,2007,e0,81.92583468858993,81.918751,338594,200k-1M,0.007083688589929693
total,ES211,Araba/Alava,2007,e65,20.599307890461233,20.590205,338594,200k-1M,0.00910289046123225
total,ES211,Araba/Alava,2008,e0,82.56903849689743,82.55076,338594,200k-1M,0.018278496897437435
total,ES211,Araba/Alava,2008,e65,20.676959727292445,20.655567,338594,200k-1M,0.02139272729244368
total,ES211,Araba/Alava,2009,e0,82.39092062496174,82.34837399999999,338594,200k-1M,0.04254662496174433
total,ES211,Araba/Alava,2009,e65,20.970860201136798,20.920626999999996,338594,200k-1M,0.05023320113680185
total,ES211,Araba/Alava,2010,e0,83.1941822503822,83.191797,338594,200k-1M,0.0023852503822041626
total,ES211,Araba/Alava,2010,e65,21.18350503708403,21.179365000000004,338594,200k-1M,0.004140037084024328
total,ES211,Araba/Alava,2011,e0,83.0473112036256,83.038688,338594,200k-1M,0.008623203625603537
total,ES211,Araba/Alava,2011,e65,21.374369711805116,21.363386,338594,200k-1M,0.01098371180511748
total,ES211,Araba/Alava,2012,e0,83.51382610003364,83.527703,338594,200k-1M,-0.013876899966362544
total,ES211,Araba/Alava,2012,e65,21.5602207567932,21.575779999999998,338594,200k-1M,-0.015559243206798357
total,ES211,Araba/Alava,2013,e0,83.4153670820983,83.357901,338594,200k-1M,0.057466082098301285
total,ES211,Araba/Alava,2013,e65,21.679674032758506,21.617170000000005,338594,200k-1M,0.06250403275850047
total,ES211,Araba/Alava,2014,e0,84.41531543041481,84.37837899999998,338594,200k-1M,0.036936430414826305
total,ES211,Araba/Alava,2014,e65,22.236246211782447,22.195269,338594,200k-1M,0.0409772117824474
total,ES211,Araba/Alava,2015,e0,83.53689945736127,83.49186200000001,338594,200k-1M,0.045037457361260635
total,ES211,Araba/Alava,2015,e65,21.523733653339935,21.472135999999995,338594,200k-1M,0.0515976533399396
total,ES211,Araba/Alava,2016,e0,84.17931186389964,84.181014,338594,200k-1M,-0.00170213610036285
total,ES211,Araba/Alava,2016,e65,22.04206859145663,22.042537999999997,338594,200k-1M,-4.69408543366967e-4
total,ES211,Araba/Alava,2017,e0,83.9854093440953,83.88517699999998,338594,200k-1M,0.10023234409531767
total,ES211,Araba/Alava,2017,e65,21.846177035295625,21.735664,338594,200k-1M,0.11051303529562517
total,ES211,Araba/Alava,2018,e0,84.39383751167405,84.32028199999999,338594,200k-1M,0.0735555116740585
total,ES211,Araba/Alava,2018,e65,22.21038152382723,22.12801,338594,200k-1M,0.08237152382723067
total,ES211,Araba/Alava,2019,e0,84.82767735627698,84.75560300000001,338594,200k-1M,0.07207435627697123
total,ES211,Araba/Alava,2019,e65,22.62030546771629,22.540926,338594,200k-1M,0.07937946771629001
total,ES211,Araba/Alava,2020,e0,83.59002348640173,83.590726,338594,200k-1M,-7.025135982701158e-4
total,ES211,Araba/Alava,2020,e65,21.39878319890966,21.399089,338594,200k-1M,-3.058010903416175e-4
total,ES211,Araba/Alava,2021,e0,84.39440164954999,84.30886199999999,338594,200k-1M,0.08553964955000026
total,ES211,Araba/Alava,2021,e65,22.25075430494993,22.155807000000003,338594,200k-1M,0.09494730494992609
total,ES211,Araba/Alava,2022,e0,84.13185667966297,84.131433,338594,200k-1M,4.236796629726314e-4
total,ES211,Araba/Alava,2022,e65,22.01085379387213,22.010839,338594,200k-1M,1.4793872129104102e-5
total,ES211,Araba/Alava,2023,e0,85.06638563053775,85.06786400000001,338594,200k-1M,-0.0014783694622622079
total,ES211,Araba/Alava,2023,e65,22.812967319255215,22.812462,338594,200k-1M,5.053192552146868e-4
total,ES211,Araba/Alava,2024,e0,85.03910470181597,85.022515,338594,200k-1M,0.016589701815973967
total,ES211,Araba/Alava,2024,e65,22.735335438949,22.718138999999997,338594,200k-1M,0.01719643894900358
total,ES212,Gipuzkoa,2002,e0,80.18012773161647,80.169633,729722,200k-1M,0.010494731616461195
total,ES212,Gipuzkoa,2002,e65,19.29757269436574,19.284299999999998,729722,200k-1M,0.01327269436574241
total,ES212,Gipuzkoa,2003,e0,80.35145895455015,80.38874299999999,729722,200k-1M,-0.03728404544983732
total,ES212,Gipuzkoa,2003,e65,19.296836644305458,19.337521000000002,729722,200k-1M,-0.04068435569454465
total,ES212,Gipuzkoa,2004,e0,80.92435952166834,80.92190900000001,729722,200k-1M,0.0024505216683223807
total,ES212,Gipuzkoa,2004,e65,19.74884855946551,19.743005999999998,729722,200k-1M,0.005842559465513375
total,ES212,Gipuzkoa,2005,e0,81.24637272712341,81.21924100000001,729722,200k-1M,0.027131727123403948
total,ES212,Gipuzkoa,2005,e65,19.913679194065097,19.881471,729722,200k-1M,0.03220819406509534
total,ES212,Gipuzkoa,2006,e0,81.85902653362865,81.825559,729722,200k-1M,0.03346753362865229
total,ES212,Gipuzkoa,2006,e65,20.45223255976085,20.412856,729722,200k-1M,0.03937655976084997
total,ES212,Gipuzkoa,2007,e0,81.35752722190831,81.341407,729722,200k-1M,0.016120221908309418
total,ES212,Gipuzkoa,2007,e65,20.38509308670262,20.365916,729722,200k-1M,0.01917708670262286
total,ES212,Gipuzkoa,2008,e0,81.84260633684751,81.83259799999999,729722,200k-1M,0.010008336847519672
total,ES212,Gipuzkoa,2008,e65,20.480261717914374,20.468715999999993,729722,200k-1M,0.011545717914380305
total,ES212,Gipuzkoa,2009,e0,82.21922639718942,82.221108,729722,200k-1M,-0.0018816028105845817
total,ES212,Gipuzkoa,2009,e65,20.669820312054114,20.669485,729722,200k-1M,3.353120541120802e-4
total,ES212,Gipuzkoa,2010,e0,82.75205192519144,82.73549,729722,200k-1M,0.016561925191439286
total,ES212,Gipuzkoa,2010,e65,21.1420322356652,21.123703,729722,200k-1M,0.018329235665202503
total,ES212,Gipuzkoa,2011,e0,82.74987628591995,82.74046200000001,729722,200k-1M,0.009414285919945087
total,ES212,Gipuzkoa,2011,e65,21.151010230977086,21.138274000000003,729722,200k-1M,0.012736230977083096
total,ES212,Gipuzkoa,2012,e0,82.85736410208902,82.860809,729722,200k-1M,-0.003444897910981126
total,ES212,Gipuzkoa,2012,e65,21.03670975353538,21.038396,729722,200k-1M,-0.0016862464646187902
total,ES212,Gipuzkoa,2013,e0,83.0664836873206,83.04323600000001,729722,200k-1M,0.023247687320591126
total,ES212,Gipuzkoa,2013,e65,21.431442990616617,21.403813,729722,200k-1M,0.027629990616617306
total,ES212,Gipuzkoa,2014,e0,83.32356611683636,83.298373,729722,200k-1M,0.025193116836362606
total,ES212,Gipuzkoa,2014,e65,21.450753400911204,21.421648999999995,729722,200k-1M,0.029104400911208472
total,ES212,Gipuzkoa,2015,e0,83.0985708746896,83.10004599999999,729722,200k-1M,-0.0014751253103924
total,ES212,Gipuzkoa,2015,e65,21.35937516938544,21.360921,729722,200k-1M,-0.0015458306145603729
total,ES212,Gipuzkoa,2016,e0,83.63157416188977,83.603363,729722,200k-1M,0.028211161889771574
total,ES212,Gipuzkoa,2016,e65,21.54412659765437,21.511821000000005,729722,200k-1M,0.03230559765436425
total,ES212,Gipuzkoa,2017,e0,83.4990679107923,83.48313300000001,729722,200k-1M,0.015934910792296364
total,ES212,Gipuzkoa,2017,e65,21.623222142071512,21.604772,729722,200k-1M,0.01845014207151152
total,ES212,Gipuzkoa,2018,e0,83.68714556759952,83.65042799999999,729722,200k-1M,0.03671756759952416
total,ES212,Gipuzkoa,2018,e65,21.631907004930603,21.589876,729722,200k-1M,0.04203100493060319
total,ES212,Gipuzkoa,2019,e0,84.20158610914406,84.165528,729722,200k-1M,0.03605810914406504
total,ES212,Gipuzkoa,2019,e65,22.03593182496972,21.995587999999998,729722,200k-1M,0.040343824969721
total,ES212,Gipuzkoa,2020,e0,83.33962309701722,83.333043,729722,200k-1M,0.00658009701722051
total,ES212,Gipuzkoa,2020,e65,21.2202604962328,21.211587,729722,200k-1M,0.008673496232798783
total,ES212,Gipuzkoa,2021,e0,83.4748094685216,83.46739600000001,729722,200k-1M,0.007413468521590971
total,ES212,Gipuzkoa,2021,e65,21.449646120308905,21.439445999999997,729722,200k-1M,0.010200120308908822
total,ES212,Gipuzkoa,2022,e0,83.37104966289094,83.38932,729722,200k-1M,-0.018270337109058232
total,ES212,Gipuzkoa,2022,e65,21.40286241132604,21.420734999999997,729722,200k-1M,-0.017872588673956358
total,ES212,Gipuzkoa,2023,e0,84.1700110450614,84.149067,729722,200k-1M,0.020944045061398242
total,ES212,Gipuzkoa,2023,e65,21.784611821184463,21.760792999999996,729722,200k-1M,0.023818821184466543
total,ES212,Gipuzkoa,2024,e0,84.51420593640367,84.49357300000001,729722,200k-1M,0.02063293640365771
total,ES212,Gipuzkoa,2024,e65,22.14617488716789,22.121652,729722,200k-1M,0.024522887167890417
total,ES213,Bizkaia,2002,e0,79.81801331987347,79.850983,1159368,>1M,-0.03296968012652712
total,ES213,Bizkaia,2002,e65,19.219541829399393,19.255640999999997,1159368,>1M,-0.03609917060060397
total,ES213,Bizkaia,2003,e0,79.92045481488003,79.93711000000002,1159368,>1M,-0.01665518511998698
total,ES213,Bizkaia,2003,e65,19.228859984038877,19.245422999999995,1159368,>1M,-0.01656301596111831
total,ES213,Bizkaia,2004,e0,80.408679106621,80.45003,1159368,>1M,-0.041350893379004106
total,ES213,Bizkaia,2004,e65,19.67692099706431,19.722134999999998,1159368,>1M,-0.04521400293568689
total,ES213,Bizkaia,2005,e0,80.60763612469918,80.64425600000001,1159368,>1M,-0.03661987530082911
total,ES213,Bizkaia,2005,e65,19.56783425033984,19.608138999999998,1159368,>1M,-0.040304749660158734
total,ES213,Bizkaia,2006,e0,81.0989054685766,81.108165,1159368,>1M,-0.009259531423396083
total,ES213,Bizkaia,2006,e65,20.078564206435146,20.087621,1159368,>1M,-0.009056793564852228
total,ES213,Bizkaia,2007,e0,81.16429933648467,81.19160400000001,1159368,>1M,-0.02730466351533778
total,ES213,Bizkaia,2007,e65,20.09680381754516,20.126211,1159368,>1M,-0.029407182454839642
total,ES213,Bizkaia,2008,e0,81.46878632748326,81.47916000000001,1159368,>1M,-0.010373672516749366
total,ES213,Bizkaia,2008,e65,20.23881586036688,20.248495999999996,1159368,>1M,-0.009680139633115203
total,ES213,Bizkaia,2009,e0,81.73934795308661,81.74041300000002,1159368,>1M,-0.0010650469134105833
total,ES213,Bizkaia,2009,e65,20.459471574075486,20.458808,1159368,>1M,6.635740754852293e-4
total,ES213,Bizkaia,2010,e0,82.03161060587148,82.026869,1159368,>1M,0.004741605871473098
total,ES213,Bizkaia,2010,e65,20.708108817954606,20.70127,1159368,>1M,0.006838817954605503
total,ES213,Bizkaia,2011,e0,82.16701602510378,82.14466700000001,1159368,>1M,0.022349025103764575
total,ES213,Bizkaia,2011,e65,20.833934926070896,20.808265000000002,1159368,>1M,0.025669926070893467
total,ES213,Bizkaia,2012,e0,82.48142277942652,82.49691900000002,1159368,>1M,-0.015496220573496089
total,ES213,Bizkaia,2012,e65,20.869814182908186,20.885703999999997,1159368,>1M,-0.0158898170918107
total,ES213,Bizkaia,2013,e0,83.15790667656711,83.134044,1159368,>1M,0.023862676567105723
total,ES213,Bizkaia,2013,e65,21.402911488806122,21.375245999999997,1159368,>1M,0.027665488806125182
total,ES213,Bizkaia,2014,e0,83.06769202148512,83.10398199999999,1159368,>1M,-0.0362899785148727
total,ES213,Bizkaia,2014,e65,21.259581185930237,21.298467,1159368,>1M,-0.03888581406976144
total,ES213,Bizkaia,2015,e0,82.96031030942484,82.975996,1159368,>1M,-0.0156856905751539
total,ES213,Bizkaia,2015,e65,21.20172869794737,21.216990000000003,1159368,>1M,-0.01526130205263243
total,ES213,Bizkaia,2016,e0,83.19406809058472,83.14301900000001,1159368,>1M,0.051049090584712076
total,ES213,Bizkaia,2016,e65,21.299794404862737,21.240931,1159368,>1M,0.05886340486273767
total,ES213,Bizkaia,2017,e0,83.54894016670349,83.501642,1159368,>1M,0.04729816670348441
total,ES213,Bizkaia,2017,e65,21.42000075740552,21.366462,1159368,>1M,0.05353875740552283
total,ES213,Bizkaia,2018,e0,83.5099322604217,83.48922000000002,1159368,>1M,0.020712260421689166
total,ES213,Bizkaia,2018,e65,21.604930219590436,21.582172999999997,1159368,>1M,0.022757219590438638
total,ES213,Bizkaia,2019,e0,83.69582282496775,83.645094,1159368,>1M,0.050728824967748665
total,ES213,Bizkaia,2019,e65,21.708626108467108,21.652376,1159368,>1M,0.05625010846710765
total,ES213,Bizkaia,2020,e0,83.01519937396633,82.986177,1159368,>1M,0.029022373966327564
total,ES213,Bizkaia,2020,e65,21.027158844505408,20.993918999999998,1159368,>1M,0.03323984450540962
total,ES213,Bizkaia,2021,e0,83.74575884761616,83.703489,1159368,>1M,0.042269847616154266
total,ES213,Bizkaia,2021,e65,21.57050283070465,21.523880000000002,1159368,>1M,0.04662283070464923
total,ES213,Bizkaia,2022,e0,83.39358521370926,83.38786999999999,1159368,>1M,0.005715213709265754
total,ES213,Bizkaia,2022,e65,21.37367022315302,21.366975000000004,1159368,>1M,0.006695223153016627
total,ES213,Bizkaia,2023,e0,84.46692761384382,84.42466300000002,1159368,>1M,0.042264613843798315
total,ES213,Bizkaia,2023,e65,22.138689041648412,22.092359,1159368,>1M,0.04633004164841381
total,ES213,Bizkaia,2024,e0,84.69398949411644,84.64152900000002,1159368,>1M,0.05246049411641707
total,ES213,Bizkaia,2024,e65,22.148549905448856,22.090722999999997,1159368,>1M,0.05782690544885938
total,ES220,Navarra,2002,e0,80.84910008850974,80.832514,678333,200k-1M,0.016586088509740193
total,ES220,Navarra,2002,e65,19.851916152622383,19.830939,678333,200k-1M,0.020977152622382533
total,ES220,Navarra,2003,e0,80.89041416956763,80.908688,678333,200k-1M,-0.018273830432363525
total,ES220,Navarra,2003,e65,19.62211679548058,19.639558000000005,678333,200k-1M,-0.017441204519425213
total,ES220,Navarra,2004,e0,81.46362502639684,81.46051200000001,678333,200k-1M,0.003113026396832197
total,ES220,Navarra,2004,e65,20.15866609748814,20.153377000000003,678333,200k-1M,0.005289097488137884
total,ES220,Navarra,2005,e0,81.63689914626131,81.619054,678333,200k-1M,0.017845146261308287
total,ES220,Navarra,2005,e65,20.091401425117336,20.070048999999997,678333,200k-1M,0.021352425117338925
total,ES220,Navarra,2006,e0,82.03631325145717,82.02401900000001,678333,200k-1M,0.012294251457163341
total,ES220,Navarra,2006,e65,20.759610969710433,20.744971000000003,678333,200k-1M,0.014639969710430023
total,ES220,Navarra,2007,e0,82.22566485974089,82.20124100000001,678333,200k-1M,0.02442385974087813
total,ES220,Navarra,2007,e65,20.676941881997603,20.649959000000003,678333,200k-1M,0.026982881997600572
total,ES220,Navarra,2008,e0,82.32799120217726,82.290277,678333,200k-1M,0.03771420217725563
total,ES220,Navarra,2008,e65,20.656479303118644,20.612956000000004,678333,200k-1M,0.043523303118639944
total,ES220,Navarra,2009,e0,82.91106904833212,82.89538999999999,678333,200k-1M,0.01567904833213163
total,ES220,Navarra,2009,e65,21.039352328187526,21.020728,678333,200k-1M,0.018624328187527794
total,ES220,Navarra,2010,e0,83.69833475737605,83.677534,678333,200k-1M,0.020800757376051138
total,ES220,Navarra,2010,e65,21.552668900334158,21.528083,678333,200k-1M,0.024585900334159305
total,ES220,Navarra,2011,e0,83.49093228622145,83.46698500000001,678333,200k-1M,0.02394728622144271
total,ES220,Navarra,2011,e65,21.471429811589925,21.443941999999996,678333,200k-1M,0.027487811589928413
total,ES220,Navarra,2012,e0,83.42995511507341,83.42159600000001,678333,200k-1M,0.0083591150734037
total,ES220,Navarra,2012,e65,21.445638109331906,21.434654000000002,678333,200k-1M,0.01098410933190408
total,ES220,Navarra,2013,e0,83.54859493731736,83.48721200000001,678333,200k-1M,0.06138293731734734
total,ES220,Navarra,2013,e65,21.61139292513812,21.543411999999996,678333,200k-1M,0.06798092513812293
total,ES220,Navarra,2014,e0,83.47525158738206,83.450899,678333,200k-1M,0.02435258738205448
total,ES220,Navarra,2014,e65,21.597522824982732,21.570755000000002,678333,200k-1M,0.02676782498273056
total,ES220,Navarra,2015,e0,83.74032139354273,83.74564900000001,678333,200k-1M,-0.005327606457285583
total,ES220,Navarra,2015,e65,21.487208320893494,21.491273,678333,200k-1M,-0.004064679106505764
total,ES220,Navarra,2016,e0,83.80360884051626,83.808984,678333,200k-1M,-0.0053751594837336825
total,ES220,Navarra,2016,e65,21.57913020100379,21.584691999999997,678333,200k-1M,-0.005561798996208012
total,ES220,Navarra,2017,e0,83.82216966497228,83.79811500000001,678333,200k-1M,0.024054664972268824
total,ES220,Navarra,2017,e65,21.46916657090828,21.440740999999996,678333,200k-1M,0.028425570908282793
total,ES220,Navarra,2018,e0,84.17586175028728,84.137634,678333,200k-1M,0.03822775028727676
total,ES220,Navarra,2018,e65,21.857178626770217,21.815348999999998,678333,200k-1M,0.04182962677021962
total,ES220,Navarra,2019,e0,84.57210901398254,84.545862,678333,200k-1M,0.026247013982541034
total,ES220,Navarra,2019,e65,22.188390859813317,22.158445999999998,678333,200k-1M,0.029944859813319624
total,ES220,Navarra,2020,e0,83.31552149178518,83.33465300000002,678333,200k-1M,-0.019131508214840665
total,ES220,Navarra,2020,e65,21.016000671742187,21.033801000000004,678333,200k-1M,-0.017800328257816744
total,ES220,Navarra,2021,e0,84.32536988945255,84.26119500000001,678333,200k-1M,0.06417488945253069
total,ES220,Navarra,2021,e65,22.033146505761273,21.962329999999994,678333,200k-1M,0.07081650576127885
total,ES220,Navarra,2022,e0,83.83849674736267,83.854601,678333,200k-1M,-0.016104252637333616
total,ES220,Navarra,2022,e65,21.632550733885086,21.647858000000006,678333,200k-1M,-0.015307266114920282
total,ES220,Navarra,2023,e0,84.83323599635851,84.785234,678333,200k-1M,0.04800199635850788
total,ES220,Navarra,2023,e65,22.285050662785974,22.233445999999997,678333,200k-1M,0.05160466278597653
total,ES220,Navarra,2024,e0,84.67152341220574,84.66068,678333,200k-1M,0.010843412205744585
total,ES220,Navarra,2024,e65,22.18342275771261,22.171448,678333,200k-1M,0.011974757712607698
total,ES230,La Rioja,2002,e0,80.48739907419356,80.48261000000001,324184,200k-1M,0.004789074193553233
total,ES230,La Rioja,2002,e65,19.67930511037202,19.670392,324184,200k-1M,0.008913110372020583
total,ES230,La Rioja,2003,e0,80.57825680131039,80.598079,324184,200k-1M,-0.019822198689610104
total,ES230,La Rioja,2003,e65,19.56495601411498,19.585463999999998,324184,200k-1M,-0.020507985885018343
total,ES230,La Rioja,2004,e0,81.31224394367864,81.345509,324184,200k-1M,-0.033265056321369
total,ES230,La Rioja,2004,e65,20.079540889236718,20.111580000000004,324184,200k-1M,-0.032039110763285805
total,ES230,La Rioja,2005,e0,80.92109515114763,80.96942200000001,324184,200k-1M,-0.048326848852383364
total,ES230,La Rioja,2005,e65,19.965639838579353,20.017569,324184,200k-1M,-0.05192916142064874
total,ES230,La Rioja,2006,e0,81.8550794139946,81.87500399999999,324184,200k-1M,-0.019924586005387823
total,ES230,La Rioja,2006,e65,20.450608355354955,20.471870000000003,324184,200k-1M,-0.02126164464504754
total,ES230,La Rioja,2007,e0,81.45960398541199,81.486702,324184,200k-1M,-0.02709801458800598
total,ES230,La Rioja,2007,e65,20.15500140445216,20.185291999999997,324184,200k-1M,-0.030290595547835863
total,ES230,La Rioja,2008,e0,81.86901385482591,81.927706,324184,200k-1M,-0.05869214517409205
total,ES230,La Rioja,2008,e65,20.588866097160178,20.653084000000003,324184,200k-1M,-0.06421790283982531
total,ES230,La Rioja,2009,e0,82.5514267884014,82.51660700000001,324184,200k-1M,0.03481978840139277
total,ES230,La Rioja,2009,e65,20.89208961782591,20.852631,324184,200k-1M,0.03945861782591109
total,ES230,La Rioja,2010,e0,82.95678933159655,82.94618000000001,324184,200k-1M,0.010609331596540983
total,ES230,La Rioja,2010,e65,20.91682420607616,20.904598999999997,324184,200k-1M,0.012225206076163175
total,ES230,La Rioja,2011,e0,82.85450758525148,82.84757900000001,324184,200k-1M,0.006928585251472441
total,ES230,La Rioja,2011,e65,20.94190435904899,20.931878000000005,324184,200k-1M,0.010026359048985967
total,ES230,La Rioja,2012,e0,82.66827726785392,82.65988899999999,324184,200k-1M,0.008388267853931097
total,ES230,La Rioja,2012,e65,20.833894705589742,20.825188,324184,200k-1M,0.008706705589741404
total,ES230,La Rioja,2013,e0,83.5804845652268,83.60563499999999,324184,200k-1M,-0.02515043477319523
total,ES230,La Rioja,2013,e65,21.582503409497466,21.610819000000003,324184,200k-1M,-0.028315590502536736
total,ES230,La Rioja,2014,e0,83.78287456931955,83.783725,324184,200k-1M,-8.504306804582029e-4
total,ES230,La Rioja,2014,e65,21.689561203418442,21.688565,324184,200k-1M,9.962034184418656e-4
total,ES230,La Rioja,2015,e0,83.37435675130698,83.369033,324184,200k-1M,0.0053237513069746
total,ES230,La Rioja,2015,e65,21.362079887635332,21.355907000000002,324184,200k-1M,0.006172887635329971
total,ES230,La Rioja,2016,e0,83.85746670320238,83.800122,324184,200k-1M,0.05734470320237506
total,ES230,La Rioja,2016,e65,21.648697359525386,21.585718999999994,324184,200k-1M,0.06297835952539188
total,ES230,La Rioja,2017,e0,83.67832395330633,83.612606,324184,200k-1M,0.06571795330633279
total,ES230,La Rioja,2017,e65,21.836800296363187,21.763178,324184,200k-1M,0.07362229636318673
total,ES230,La Rioja,2018,e0,83.67051342511724,83.62994699999999,324184,200k-1M,0.04056642511724817
total,ES230,La Rioja,2018,e65,21.456199861340654,21.410757,324184,200k-1M,0.04544286134065345
total,ES230,La Rioja,2019,e0,83.89640109116519,83.82989699999999,324184,200k-1M,0.06650409116519995
total,ES230,La Rioja,2019,e65,21.862820160878158,21.788300999999997,324184,200k-1M,0.07451916087816102
total,ES230,La Rioja,2020,e0,82.48632489188465,82.50157,324184,200k-1M,-0.015245108115351513
total,ES230,La Rioja,2020,e65,20.544087365697308,20.559344,324184,200k-1M,-0.015256634302691197
total,ES230,La Rioja,2021,e0,83.25383223359012,83.26666000000002,324184,200k-1M,-0.0128277664098988
total,ES230,La Rioja,2021,e65,21.335471506637436,21.348661,324184,200k-1M,-0.013189493362563809
total,ES230,La Rioja,2022,e0,83.17979303115452,83.196944,324184,200k-1M,-0.017150968845484726
total,ES230,La Rioja,2022,e65,21.287263167278446,21.305464,324184,200k-1M,-0.01820083272155415
total,ES230,La Rioja,2023,e0,84.19775528029217,84.17283499999998,324184,200k-1M,0.024920280292192842
total,ES230,La Rioja,2023,e65,21.900067066906654,21.872107,324184,200k-1M,0.027960066906654646
total,ES230,La Rioja,2024,e0,83.9113501278639,83.895994,324184,200k-1M,0.015356127863896063
total,ES230,La Rioja,2024,e65,21.862124045746885,21.845231999999996,324184,200k-1M,0.016892045746889295
total,ES241,Huesca,2002,e0,80.39468347748358,80.392966,228519,200k-1M,0.0017174774835808648
total,ES241,Huesca,2002,e65,19.67891698380023,19.674932000000002,228519,200k-1M,0.003984983800229713
total,ES241,Huesca,2003,e0,80.77839443790432,80.803151,228519,200k-1M,-0.024756562095674894
total,ES241,Huesca,2003,e65,19.70045873855688,19.723678,228519,200k-1M,-0.023219261443120587
total,ES241,Huesca,2004,e0,81.02396234179564,81.031887,228519,200k-1M,-0.007924658204359503
total,ES241,Huesca,2004,e65,20.280956011782195,20.289264,228519,200k-1M,-0.008307988217804763
total,ES241,Huesca,2005,e0,81.20716480848311,81.21812700000001,228519,200k-1M,-0.010962191516895814
total,ES241,Huesca,2005,e65,19.7829897323639,19.795022999999997,228519,200k-1M,-0.012033267636095246
total,ES241,Huesca,2006,e0,81.62132485479381,81.57689699999999,228519,200k-1M,0.04442785479382394
total,ES241,Huesca,2006,e65,20.231464787743082,20.181245999999998,228519,200k-1M,0.05021878774308419
total,ES241,Huesca,2007,e0,82.42056881672956,82.370566,228519,200k-1M,0.05000281672955964
total,ES241,Huesca,2007,e65,20.67459204622124,20.619795000000003,228519,200k-1M,0.05479704622123549
total,ES241,Huesca,2008,e0,82.5156460498698,82.54106100000001,228519,200k-1M,-0.025414950130212333
total,ES241,Huesca,2008,e65,20.778648925167772,20.803069,228519,200k-1M,-0.024420074832228522
total,ES241,Huesca,2009,e0,82.14109340185678,82.129863,228519,200k-1M,0.011230401856778371
total,ES241,Huesca,2009,e65,20.602217766227607,20.585905,228519,200k-1M,0.0163127662276068
total,ES241,Huesca,2010,e0,82.22448348644683,82.19191300000001,228519,200k-1M,0.03257048644681504
total,ES241,Huesca,2010,e65,20.762847672239012,20.726761999999997,228519,200k-1M,0.0360856722390146
total,ES241,Huesca,2011,e0,82.75218793755404,82.73736600000001,228519,200k-1M,0.01482193755403216
total,ES241,Huesca,2011,e65,21.199625133360314,21.179795000000002,228519,200k-1M,0.01983013336031192
total,ES241,Huesca,2012,e0,82.78446406332586,82.76325300000002,228519,200k-1M,0.02121106332583622
total,ES241,Huesca,2012,e65,20.792829846351985,20.767892,228519,200k-1M,0.02493784635198537
total,ES241,Huesca,2013,e0,83.4668614609989,83.430451,228519,200k-1M,0.03641046099889422
total,ES241,Huesca,2013,e65,21.536814334677796,21.497033,228519,200k-1M,0.039781334677797986
total,ES241,Huesca,2014,e0,83.24992854807498,83.24631000000001,228519,200k-1M,0.0036185480749679755
total,ES241,Huesca,2014,e65,21.409765251961016,21.403938999999998,228519,200k-1M,0.0058262519610181585
total,ES241,Huesca,2015,e0,82.73570507403956,82.778634,228519,200k-1M,-0.042928925960438846
total,ES241,Huesca,2015,e65,20.791812842221002,20.839475000000004,228519,200k-1M,-0.04766215777900129
total,ES241,Huesca,2016,e0,83.04737430900393,83.002093,228519,200k-1M,0.045281309003925685
total,ES241,Huesca,2016,e65,21.195705560697913,21.145528,228519,200k-1M,0.05017756069791446
total,ES241,Huesca,2017,e0,83.22714720742115,83.198101,228519,200k-1M,0.029046207421160375
total,ES241,Huesca,2017,e65,21.595850639605935,21.562515999999995,228519,200k-1M,0.03333463960593974
total,ES241,Huesca,2018,e0,83.37483914189464,83.351543,228519,200k-1M,0.023296141894633138
total,ES241,Huesca,2018,e65,21.519816962816332,21.494558,228519,200k-1M,0.025258962816330666
total,ES241,Huesca,2019,e0,84.2745723056133,84.14458400000001,228519,200k-1M,0.12998830561329555
total,ES241,Huesca,2019,e65,22.26696827272906,22.122851000000004,228519,200k-1M,0.14411727272905495
total,ES241,Huesca,2020,e0,82.88238739889127,82.91607900000001,228519,200k-1M,-0.033691601108742475
total,ES241,Huesca,2020,e65,20.90382363620374,20.940268,228519,200k-1M,-0.03644436379626015
total,ES241,Huesca,2021,e0,83.73491398044855,83.69197,228519,200k-1M,0.04294398044855541
total,ES241,Huesca,2021,e65,21.666766141570967,21.616935000000005,228519,200k-1M,0.049831141570962245
total,ES241,Huesca,2022,e0,82.92625263033301,82.943032,228519,200k-1M,-0.016779369666991784
total,ES241,Huesca,2022,e65,21.386458755486043,21.402666999999997,228519,200k-1M,-0.01620824451395464
total,ES241,Huesca,2023,e0,84.407815113847107,84.409715,228519,200k-1M,-0.001899886152898489
total,ES241,Huesca,2023,e65,22.134897708942734,22.134016000000003,228519,200k-1M,8.817089427317626e-4
total,ES241,Huesca,2024,e0,84.13131023343982,84.07130699999999,228519,200k-1M,0.06000323343982927
total,ES241,Huesca,2024,e65,22.068620944881552,22.000405999999998,228519,200k-1M,0.06821494488155366
total,ES242,Teruel,2002,e0,81.2471587123547,81.167755,135309,<200k,0.07940371235470423
total,ES242,Teruel,2002,e65,20.090756375956623,20.00173,135309,<200k,0.08902637595662455
total,ES242,Teruel,2003,e0,80.70464221646381,80.67625199999999,135309,<200k,0.02839021646381923
total,ES242,Teruel,2003,e65,20.093361028392444,20.057547,135309,<200k,0.035814028392444186
total,ES242,Teruel,2004,e0,81.08177457392671,81.06633599999999,135309,<200k,0.015438573926715549
total,ES242,Teruel,2004,e65,20.667022401841265,20.647066000000002,135309,<200k,0.019956401841263016
total,ES242,Teruel,2005,e0,81.0621810417079,81.01139500000001,135309,<200k,0.05078604170789447
total,ES242,Teruel,2005,e65,20.36920969467387,20.312204,135309,<200k,0.057005694673868845
total,ES242,Teruel,2006,e0,81.88452071682096,81.86795500000001,135309,<200k,0.016565716820949206
total,ES242,Teruel,2006,e65,20.627052668940156,20.609811000000004,135309,<200k,0.017241668940151555
total,ES242,Teruel,2007,e0,81.69835393322515,81.68162000000001,135309,<200k,0.016733933225140163
total,ES242,Teruel,2007,e65,20.763023306401347,20.740953,135309,<200k,0.02207030640134633
total,ES242,Teruel,2008,e0,82.5269414609227,82.49671400000001,135309,<200k,0.030227460922688465
total,ES242,Teruel,2008,e65,21.00204270688336,20.966726999999995,135309,<200k,0.03531570688336316
total,ES242,Teruel,2009,e0,82.26120129410383,82.224833,135309,<200k,0.03636829410382347
total,ES242,Teruel,2009,e65,20.717522814182665,20.671121000000003,135309,<200k,0.04640181418266209
total,ES242,Teruel,2010,e0,82.48570265533401,82.423207,135309,<200k,0.06249565533400414
total,ES242,Teruel,2010,e65,21.214832842926928,21.14212,135309,<200k,0.07271284292692926
total,ES242,Teruel,2011,e0,82.57792467016833,82.54221900000002,135309,<200k,0.035705670168312054
total,ES242,Teruel,2011,e65,21.093714151802708,21.053538,135309,<200k,0.04017615180270795
total,ES242,Teruel,2012,e0,83.14203548770924,83.104459,135309,<200k,0.03757648770923083
total,ES242,Teruel,2012,e65,21.079052898851504,21.034096,135309,<200k,0.04495689885150256
total,ES242,Teruel,2013,e0,83.02512728436717,83.016852,135309,<200k,0.00827528436717273
total,ES242,Teruel,2013,e65,21.426699592082194,21.415183,135309,<200k,0.011516592082195132
total,ES242,Teruel,2014,e0,83.19483965431722,83.13217999999999,135309,<200k,0.06265965431722975
total,ES242,Teruel,2014,e65,21.35948556088612,21.289861000000002,135309,<200k,0.06962456088611901
total,ES242,Teruel,2015,e0,83.05099840133153,83.00530699999999,135309,<200k,0.04569140133153837
total,ES242,Teruel,2015,e65,21.155823988425258,21.103416,135309,<200k,0.05240798842525862
total,ES242,Teruel,2016,e0,83.83203886466637,83.71722400000003,135309,<200k,0.11481486466634294
total,ES242,Teruel,2016,e65,21.875486649822534,21.749845999999998,135309,<200k,0.12564064982253598
total,ES242,Teruel,2017,e0,83.6416846446262,83.559504,135309,<200k,0.08218064462619168
total,ES242,Teruel,2017,e65,21.548719671077503,21.460205999999996,135309,<200k,0.08851367107750718
total,ES242,Teruel,2018,e0,83.58608938808182,83.57220799999999,135309,<200k,0.013881388081827595
total,ES242,Teruel,2018,e65,21.57995161142044,21.564228,135309,<200k,0.015723611420440875
total,ES242,Teruel,2019,e0,84.24557394797476,84.19840199999999,135309,<200k,0.04717194797477475
total,ES242,Teruel,2019,e65,21.839512904990652,21.785717999999996,135309,<200k,0.053794904990656534
total,ES242,Teruel,2020,e0,82.64060104130998,82.64757900000001,135309,<200k,-0.006977958690029595
total,ES242,Teruel,2020,e65,20.67009147971725,20.675703,135309,<200k,-0.005611520282748472
total,ES242,Teruel,2021,e0,83.73787710109903,83.687186,135309,<200k,0.05069110109903363
total,ES242,Teruel,2021,e65,21.751924417622746,21.692642999999997,135309,<200k,0.05928141762274919
total,ES242,Teruel,2022,e0,83.11232142925509,83.14370199999999,135309,<200k,-0.03138057074490064
total,ES242,Teruel,2022,e65,21.130931581439327,21.162807,135309,<200k,-0.03187541856067355
total,ES242,Teruel,2023,e0,84.18952914378043,84.169279,135309,<200k,0.020250143780430108
total,ES242,Teruel,2023,e65,22.090389482873544,22.067658,135309,<200k,0.02273148287354232
total,ES242,Teruel,2024,e0,83.88514741252266,83.90401200000001,135309,<200k,-0.018864587477352757
total,ES242,Teruel,2024,e65,21.776850529246165,21.796095,135309,<200k,-0.019244470753836396
total,ES243,Zaragoza,2002,e0,80.20162809482665,80.222117,987763,200k-1M,-0.020488905173351668
total,ES243,Zaragoza,2002,e65,19.211153581157912,19.23324,987763,200k-1M,-0.022086418842086175
total,ES243,Zaragoza,2003,e0,79.89388348212101,79.941337,987763,200k-1M,-0.0474535178789921
total,ES243,Zaragoza,2003,e65,18.974588360751635,19.026204,987763,200k-1M,-0.05161563924836443
total,ES243,Zaragoza,2004,e0,80.12914254874168,80.161896,987763,200k-1M,-0.032753451258315636
total,ES243,Zaragoza,2004,e65,19.382588252518154,19.418365,987763,200k-1M,-0.03577674748184734
total,ES243,Zaragoza,2005,e0,80.35254229750481,80.390122,987763,200k-1M,-0.0375797024951936
total,ES243,Zaragoza,2005,e65,19.297524701393208,19.339327,987763,200k-1M,-0.04180229860679319
total,ES243,Zaragoza,2006,e0,81.24193453648617,81.26741400000002,987763,200k-1M,-0.025479463513846667
total,ES243,Zaragoza,2006,e65,19.80453685030835,19.829831000000002,987763,200k-1M,-0.025294149691653445
total,ES243,Zaragoza,2007,e0,81.07653951729897,81.08427300000001,987763,200k-1M,-0.007733482701041794
total,ES243,Zaragoza,2007,e65,19.905418212128232,19.913074,987763,200k-1M,-0.007655787871769348
total,ES243,Zaragoza,2008,e0,81.51518237274297,81.54716900000003,987763,200k-1M,-0.031986627257055034
total,ES243,Zaragoza,2008,e65,20.040076150705534,20.074820000000003,987763,200k-1M,-0.034743849294468276
total,ES243,Zaragoza,2009,e0,81.83638333021274,81.856394,987763,200k-1M,-0.020010669787254187
total,ES243,Zaragoza,2009,e65,20.22735551903267,20.247653,987763,200k-1M,-0.020297480967329307
total,ES243,Zaragoza,2010,e0,82.13364590506602,82.127073,987763,200k-1M,0.006572905066022372
total,ES243,Zaragoza,2010,e65,20.590960315865644,20.582015,987763,200k-1M,0.008945315865645398
total,ES243,Zaragoza,2011,e0,82.16479640455067,82.18235299999999,987763,200k-1M,-0.017556595449320866
total,ES243,Zaragoza,2011,e65,20.525096744913093,20.544196,987763,200k-1M,-0.019099255086906908
total,ES243,Zaragoza,2012,e0,82.55509835648543,82.55136999999999,987763,200k-1M,0.0037283564854391216
total,ES243,Zaragoza,2012,e65,20.632392909841503,20.626095000000003,987763,200k-1M,0.006297909841499916
total,ES243,Zaragoza,2013,e0,82.95624290890444,82.976311,987763,200k-1M,-0.02006809109555263
total,ES243,Zaragoza,2013,e65,21.072390850090493,21.093967000000003,987763,200k-1M,-0.02157614990951018
total,ES243,Zaragoza,2014,e0,82.71307341285285,82.70711200000001,987763,200k-1M,0.005961412852840908
total,ES243,Zaragoza,2014,e65,20.956191614670125,20.948059999999998,987763,200k-1M,0.008131614670126908
total,ES243,Zaragoza,2015,e0,82.71078143678041,82.692563,987763,200k-1M,0.018218436780401248
total,ES243,Zaragoza,2015,e65,20.83299782259715,20.812147,987763,200k-1M,0.020850822597150653
total,ES243,Zaragoza,2016,e0,83.39533769584294,83.34642500000001,987763,200k-1M,0.048912695842929566
total,ES243,Zaragoza,2016,e65,21.366562254417364,21.311583000000002,987763,200k-1M,0.05497925441736129
total,ES243,Zaragoza,2017,e0,83.18110540782367,83.163162,987763,200k-1M,0.017943407823665325
total,ES243,Zaragoza,2017,e65,21.178827197987694,21.158779,987763,200k-1M,0.02004819798769475
total,ES243,Zaragoza,2018,e0,83.4860679013658,83.42626300000002,987763,200k-1M,0.05980490136577998
total,ES243,Zaragoza,2018,e65,21.324059970456695,21.257681,987763,200k-1M,0.06637897045669305
total,ES243,Zaragoza,2019,e0,83.85097457658603,83.775523,987763,200k-1M,0.07545157658601909
total,ES243,Zaragoza,2019,e65,21.654445649930665,21.570936,987763,200k-1M,0.08350964993066512
total,ES243,Zaragoza,2020,e0,82.194569696514,82.218456,987763,200k-1M,-0.023886303486008842
total,ES243,Zaragoza,2020,e65,20.125199504840875,20.150427,987763,200k-1M,-0.025227495159125368
total,ES243,Zaragoza,2021,e0,83.0885557512409,83.084816,987763,200k-1M,0.003739751240900091
total,ES243,Zaragoza,2021,e65,21.12491744525983,21.119979000000004,987763,200k-1M,0.004938445259824675
total,ES243,Zaragoza,2022,e0,83.03335066612227,83.06976,987763,200k-1M,-0.036409333877728045
total,ES243,Zaragoza,2022,e65,21.03031160558415,21.070568,987763,200k-1M,-0.04025639441585227
total,ES243,Zaragoza,2023,e0,83.98641440319426,83.96899,987763,200k-1M,0.017424403194254978
total,ES243,Zaragoza,2023,e65,21.772207540689642,21.75255,987763,200k-1M,0.01965754068964287
total,ES243,Zaragoza,2024,e0,84.36980014730091,84.32896799999999,987763,200k-1M,0.04083214730091811
total,ES243,Zaragoza,2024,e65,22.001712607697886,21.956857000000003,987763,200k-1M,0.044855607697883215
total,ES300,Madrid,2002,e0,80.79809296492328,80.812551,7009268,>1M,-0.014458035076714282
total,ES300,Madrid,2002,e65,19.652485594155976,19.666738,7009268,>1M,-0.01425240584402232
total,ES300,Madrid,2003,e0,80.57914698650038,80.625615,7009268,>1M,-0.04646801349962004
total,ES300,Madrid,2003,e65,19.536978326834998,19.588019999999997,7009268,>1M,-0.05104167316499897
total,ES300,Madrid,2004,e0,81.2183705837517,81.24322300000003,7009268,>1M,-0.02485241624832213
total,ES300,Madrid,2004,e65,19.967966040598483,19.993972,7009268,>1M,-0.026005959401516066
total,ES300,Madrid,2005,e0,81.49277546656066,81.499701,7009268,>1M,-0.006925533439343212
total,ES300,Madrid,2005,e65,20.09005383589071,20.096587,7009268,>1M,-0.006533164109288947
total,ES300,Madrid,2006,e0,82.04853107183159,82.059673,7009268,>1M,-0.011141928168413529
total,ES300,Madrid,2006,e65,20.515296439947715,20.526252,7009268,>1M,-0.010955560052284596
total,ES300,Madrid,2007,e0,82.07796100446366,82.07976,7009268,>1M,-0.0017989955363333365
total,ES300,Madrid,2007,e65,20.532249368070044,20.532874000000003,7009268,>1M,-6.246319299592074e-4
total,ES300,Madrid,2008,e0,82.58947260595342,82.57947799999998,7009268,>1M,0.009994605953437485
total,ES300,Madrid,2008,e65,20.86481164082359,20.852987000000002,7009268,>1M,0.011824640823586918
total,ES300,Madrid,2009,e0,82.93832365100884,82.925276,7009268,>1M,0.013047651008847083
total,ES300,Madrid,2009,e65,21.14306103163875,21.127762,7009268,>1M,0.015299031638750904
total,ES300,Madrid,2010,e0,83.42831514845811,83.39424000000001,7009268,>1M,0.03407514845810056
total,ES300,Madrid,2010,e65,21.460873189510043,21.423041999999995,7009268,>1M,0.03783118951004738
total,ES300,Madrid,2011,e0,83.65238757340697,83.62545699999998,7009268,>1M,0.026930573406986014
total,ES300,Madrid,2011,e65,21.607238342502505,21.576481,7009268,>1M,0.03075734250250406
total,ES300,Madrid,2012,e0,83.67257755804161,83.639114,7009268,>1M,0.03346355804160339
total,ES300,Madrid,2012,e65,21.712236650772912,21.675,7009268,>1M,0.03723665077291116
total,ES300,Madrid,2013,e0,84.16768667855246,84.12817699999998,7009268,>1M,0.03950967855247711
total,ES300,Madrid,2013,e65,22.026610876929418,21.982615999999993,7009268,>1M,0.04399487692942472
total,ES300,Madrid,2014,e0,84.24338885451738,84.196813,7009268,>1M,0.04657585451737134
total,ES300,Madrid,2014,e65,22.104432607841243,22.052663,7009268,>1M,0.05176960784124418
total,ES300,Madrid,2015,e0,83.97877837081195,83.970004,7009268,>1M,0.008774370811948984
total,ES300,Madrid,2015,e65,21.77665564943769,21.766622999999996,7009268,>1M,0.010032649437693664
total,ES300,Madrid,2016,e0,84.54879809868032,84.500865,7009268,>1M,0.0479330986803177
total,ES300,Madrid,2016,e65,22.240038984505592,22.187176,7009268,>1M,0.052862984505591015
total,ES300,Madrid,2017,e0,84.5123993370082,84.48017300000001,7009268,>1M,0.03222633700819699
total,ES300,Madrid,2017,e65,22.168141433383727,22.132216,7009268,>1M,0.03592543338372778
total,ES300,Madrid,2018,e0,84.8035356940716,84.727779,7009268,>1M,0.07575669407160035
total,ES300,Madrid,2018,e65,22.46907742517876,22.386518999999996,7009268,>1M,0.08255842517876388
total,ES300,Madrid,2019,e0,85.03655831440778,84.930158,7009268,>1M,0.10640031440777875
total,ES300,Madrid,2019,e65,22.592444854266162,22.476567,7009268,>1M,0.11587785426616293
total,ES300,Madrid,2020,e0,82.25590387774525,82.26833599999999,7009268,>1M,-0.012432122254736555
total,ES300,Madrid,2020,e65,20.010481987470072,20.023411999999997,7009268,>1M,-0.01293001252992454
total,ES300,Madrid,2021,e0,84.64829031948452,84.563719,7009268,>1M,0.08457131948451035
total,ES300,Madrid,2021,e65,22.270799799665475,22.178411,7009268,>1M,0.09238879966547486
total,ES300,Madrid,2022,e0,84.78900196081278,84.760316,7009268,>1M,0.028685960812779854
total,ES300,Madrid,2022,e65,22.4078722477108,22.376098000000002,7009268,>1M,0.03177424771079629
total,ES300,Madrid,2023,e0,85.48495549648504,85.390998,7009268,>1M,0.09395749648504648
total,ES300,Madrid,2023,e65,22.943756694419054,22.842091,7009268,>1M,0.10166569441905438
total,ES300,Madrid,2024,e0,85.67263184290358,85.57882599999999,7009268,>1M,0.09380584290359195
total,ES300,Madrid,2024,e65,23.108976155450115,23.007708,7009268,>1M,0.10126815545011425
total,ES411,Avila,2002,e0,80.09821572937591,80.12031699999999,160463,<200k,-0.022101270624077074
total,ES411,Avila,2002,e65,20.09549823275431,20.116816000000004,160463,<200k,-0.02131776724569434
total,ES411,Avila,2003,e0,81.12649311303942,81.11396300000001,160463,<200k,0.012530113039403545
total,ES411,Avila,2003,e65,20.298476237401353,20.282132999999995,160463,<200k,0.016343237401358124
total,ES411,Avila,2004,e0,81.3601384847754,81.365212,160463,<200k,-0.005073515224594871
total,ES411,Avila,2004,e65,20.093760705318573,20.096245999999997,160463,<200k,-0.0024852946814242216
total,ES411,Avila,2005,e0,81.00773893291178,80.998142,160463,<200k,0.009596932911776435
total,ES411,Avila,2005,e65,20.395599472704916,20.38407,160463,<200k,0.011529472704914667
total,ES411,Avila,2006,e0,81.33214749699901,81.337879,160463,<200k,-0.005731503000987459
total,ES411,Avila,2006,e65,20.539655187135413,20.546571999999998,160463,<200k,-0.006916812864584898
total,ES411,Avila,2007,e0,81.08643482138476,81.06652400000002,160463,<200k,0.019910821384740984
total,ES411,Avila,2007,e65,20.547719770874895,20.521873000000003,160463,<200k,0.0258467708748924
total,ES411,Avila,2008,e0,82.03023917119665,82.065605,160463,<200k,-0.03536582880335004
total,ES411,Avila,2008,e65,20.891613106169785,20.928595999999995,160463,<200k,-0.03698289383020992
total,ES411,Avila,2009,e0,82.96666003006798,82.963587,160463,<200k,0.0030730300679806533
total,ES411,Avila,2009,e65,21.19999561857418,21.196753,160463,<200k,0.0032426185741805114
total,ES411,Avila,2010,e0,82.2526968842857,82.232277,160463,<200k,0.020419884285701073
total,ES411,Avila,2010,e65,21.02560983304635,21.003125999999998,160463,<200k,0.022483833046351265
total,ES411,Avila,2011,e0,82.73385575567607,82.71806500000001,160463,<200k,0.015790755676064805
total,ES411,Avila,2011,e65,21.369668011143194,21.349395,160463,<200k,0.020273011143192576
total,ES411,Avila,2012,e0,83.31313152875742,83.312041,160463,<200k,0.0010905287574303202
total,ES411,Avila,2012,e65,21.21557098509431,21.21402,160463,<200k,0.0015509850943082881
total,ES411,Avila,2013,e0,82.94431838973912,82.88021300000001,160463,<200k,0.06410538973911173
total,ES411,Avila,2013,e65,21.225545985185445,21.153322,160463,<200k,0.07222398518544537
total,ES411,Avila,2014,e0,83.14641022901876,83.147752,160463,<200k,-0.0013417709812415524
total,ES411,Avila,2014,e65,21.496536833363898,21.498115999999996,160463,<200k,-0.0015791666360982504
total,ES411,Avila,2015,e0,82.59301860408418,82.567192,160463,<200k,0.025826604084173255
total,ES411,Avila,2015,e65,21.282615308489127,21.253098,160463,<200k,0.029517308489126037
total,ES411,Avila,2016,e0,83.35564279690912,83.282,160463,<200k,0.07364279690912667
total,ES411,Avila,2016,e65,21.820486354519243,21.734789,160463,<200k,0.08569735451924387
total,ES411,Avila,2017,e0,83.37564873388718,83.316326,160463,<200k,0.05932273388717135
total,ES411,Avila,2017,e65,21.28347907032864,21.218087,160463,<200k,0.06539207032863814
total,ES411,Avila,2018,e0,83.54778003662483,83.437701,160463,<200k,0.11007903662482477
total,ES411,Avila,2018,e65,21.90509817752481,21.781758999999997,160463,<200k,0.12333917752481227
total,ES411,Avila,2019,e0,84.03631613042941,83.950036,160463,<200k,0.08628013042941518
total,ES411,Avila,2019,e65,21.951123443136428,21.85252,160463,<200k,0.09860344313642955
total,ES411,Avila,2020,e0,82.22965697854481,82.24336400000001,160463,<200k,-0.013707021455203972
total,ES411,Avila,2020,e65,20.488926149145048,20.504644,160463,<200k,-0.015717850854951365
total,ES411,Avila,2021,e0,83.66522268424416,83.571947,160463,<200k,0.093275684244162
total,ES411,Avila,2021,e65,21.785132659799935,21.679725,160463,<200k,0.10540765979993338
total,ES411,Avila,2022,e0,83.43361865437619,83.414782,160463,<200k,0.018836654376187312
total,ES411,Avila,2022,e65,21.435492678720646,21.411948000000002,160463,<200k,0.023544678720643475
total,ES411,Avila,2023,e0,84.47284189656868,84.41386100000001,160463,<200k,0.058980896568670005
total,ES411,Avila,2023,e65,22.312385764644514,22.246505,160463,<200k,0.06588076464451476
total,ES411,Avila,2024,e0,84.48552565316368,84.44549,160463,<200k,0.040035653163670304
total,ES411,Avila,2024,e65,22.123819798295774,22.078612999999997,160463,<200k,0.04520679829577645
total,ES412,Burgos,2002,e0,80.925092457766155,80.884984,359740,200k-1M,0.04010845776615213
total,ES412,Burgos,2002,e65,20.099773724453918,20.054950000000005,359740,200k-1M,0.044823724453912916
total,ES412,Burgos,2003,e0,80.90284266625491,80.90795800000001,359740,200k-1M,-0.0051153337450955405
total,ES412,Burgos,2003,e65,20.156894901246485,20.160847,359740,200k-1M,-0.003952098753515543
total,ES412,Burgos,2004,e0,81.93727325714184,81.94651400000002,359740,200k-1M,-0.009240742858182216
total,ES412,Burgos,2004,e65,20.797806520609186,20.807252000000002,359740,200k-1M,-0.009445479390816303
total,ES412,Burgos,2005,e0,80.814572251159845,80.81349300000001,359740,200k-1M,0.0010792511598367582
total,ES412,Burgos,2005,e65,19.956852853305207,19.956038999999997,359740,200k-1M,8.138533052104435e-4
total,ES412,Burgos,2006,e0,82.2153138948632,82.14944799999999,359740,200k-1M,0.06586589486320804
total,ES412,Burgos,2006,e65,21.189799694667947,21.113836000000003,359740,200k-1M,0.07596369466794428
total,ES412,Burgos,2007,e0,82.06577764457269,82.09119100000001,359740,200k-1M,-0.02541335542731815
total,ES412,Burgos,2007,e65,20.89538865081787,20.923965000000003,359740,200k-1M,-0.028576349182131366
total,ES412,Burgos,2008,e0,82.08526686978172,82.086345,359740,200k-1M,-0.0010781302182749641
total,ES412,Burgos,2008,e65,20.706162676212536,20.706471,359740,200k-1M,-3.083237874648148e-4
total,ES412,Burgos,2009,e0,82.35209459545055,82.344074,359740,200k-1M,0.008020595450545898
total,ES412,Burgos,2009,e65,20.908876865022563,20.89889,359740,200k-1M,0.00998686502256163
total,ES412,Burgos,2010,e0,83.19182148958909,83.17202999999998,359740,200k-1M,0.019791489589110256
total,ES412,Burgos,2010,e65,21.6656755491255,21.643874000000004,359740,200k-1M,0.021801549125495256
total,ES412,Burgos,2011,e0,82.97613394794982,82.956826,359740,200k-1M,0.019307947949812387
total,ES412,Burgos,2011,e65,21.521119844877795,21.499129999999997,359740,200k-1M,0.021989844877797537
total,ES412,Burgos,2012,e0,82.87568470051164,82.89106600000001,359740,200k-1M,-0.015381299488367972
total,ES412,Burgos,2012,e65,21.370360850612297,21.388133999999997,359740,200k-1M,-0.01777314938770047
total,ES412,Burgos,2013,e0,83.5429446744584,83.57408799999999,359740,200k-1M,-0.03114332554159205
total,ES412,Burgos,2013,e65,21.69859431698127,21.73143,359740,200k-1M,-0.03283568301872819
total,ES412,Burgos,2014,e0,83.61340727029737,83.59969600000001,359740,200k-1M,0.013711270297363853
total,ES412,Burgos,2014,e65,21.761140889120796,21.744081,359740,200k-1M,0.01705988912079448
total,ES412,Burgos,2015,e0,84.23895580187661,84.22247999999999,359740,200k-1M,0.016475801876623564
total,ES412,Burgos,2015,e65,21.912119209895792,21.89153,359740,200k-1M,0.020589209895792493
total,ES412,Burgos,2016,e0,84.13312490388648,84.094976,359740,200k-1M,0.03814890388647996
total,ES412,Burgos,2016,e65,21.957390548365755,21.912969,359740,200k-1M,0.044421548365754404
total,ES412,Burgos,2017,e0,83.85267644867908,83.82012900000001,359740,200k-1M,0.032547448679068225
total,ES412,Burgos,2017,e65,21.933380335366596,21.896864000000004,359740,200k-1M,0.036516335366592045
total,ES412,Burgos,2018,e0,84.12933718157151,84.07679599999999,359740,200k-1M,0.05254118157152732
total,ES412,Burgos,2018,e65,22.142685587830318,22.085079999999998,359740,200k-1M,0.057605587830320104
total,ES412,Burgos,2019,e0,84.59190465210918,84.51991900000002,359740,200k-1M,0.07198565210916286
total,ES412,Burgos,2019,e65,22.250407068202705,22.171560000000003,359740,200k-1M,0.07884706820270182
total,ES412,Burgos,2020,e0,83.15108906229605,83.177813,359740,200k-1M,-0.026723937703948764
total,ES412,Burgos,2020,e65,20.76629968649439,20.793599999999998,359740,200k-1M,-0.027300313505609353
total,ES412,Burgos,2021,e0,84.57638216335012,84.55338699999999,359740,200k-1M,0.02299516335013152
total,ES412,Burgos,2021,e65,22.239859192870508,22.21311,359740,200k-1M,0.0267491928705077
total,ES412,Burgos,2022,e0,83.87247173226474,83.86603099999999,359740,200k-1M,0.006440732264749727
total,ES412,Burgos,2022,e65,21.818302926044076,21.809994000000003,359740,200k-1M,0.008308926044072962
total,ES412,Burgos,2023,e0,84.28519515056111,84.22673599999999,359740,200k-1M,0.058459150561120055
total,ES412,Burgos,2023,e65,22.10277355705234,22.03848,359740,200k-1M,0.0642935570523413
total,ES412,Burgos,2024,e0,84.6410502849299,84.555686,359740,200k-1M,0.08536428492990922
total,ES412,Burgos,2024,e65,22.582910831874784,22.487233999999997,359740,200k-1M,0.09567683187478693
total,ES413,Leon,2002,e0,80.83722527223892,80.83693099999999,447802,200k-1M,2.9427223893208065e-4
total,ES413,Leon,2002,e65,19.974559195719046,19.972756999999998,447802,200k-1M,0.0018021957190477167
total,ES413,Leon,2003,e0,80.796358004315735,80.820804,447802,200k-1M,-0.024445995684260424
total,ES413,Leon,2003,e65,19.94956528035918,19.978051999999998,447802,200k-1M,-0.02848671964081717
total,ES413,Leon,2004,e0,80.94575526179207,80.938016,447802,200k-1M,0.007739261792067964
total,ES413,Leon,2004,e65,20.222647975358143,20.215215,447802,200k-1M,0.0074329753581423574
total,ES413,Leon,2005,e0,81.03188738558659,81.036474,447802,200k-1M,-0.004586614413412349
total,ES413,Leon,2005,e65,20.24381058392761,20.247066,447802,200k-1M,-0.0032554160723918812
total,ES413,Leon,2006,e0,81.55866013632279,81.559285,447802,200k-1M,-6.248636772170357e-4
total,ES413,Leon,2006,e65,20.714100161890844,20.714099,447802,200k-1M,1.1618908430932606e-6
total,ES413,Leon,2007,e0,81.18150142847693,81.177299,447802,200k-1M,0.004202428476929754
total,ES413,Leon,2007,e65,20.34847360105676,20.341664,447802,200k-1M,0.006809601056758652
total,ES413,Leon,2008,e0,81.80134364126775,81.77623,447802,200k-1M,0.025113641267751063
total,ES413,Leon,2008,e65,20.79036503560375,20.761729999999996,447802,200k-1M,0.028635035603752357
total,ES413,Leon,2009,e0,82.59199824876897,82.568546,447802,200k-1M,0.023452248768975892
total,ES413,Leon,2009,e65,21.16006176835893,21.129977000000004,447802,200k-1M,0.030084768358925373
total,ES413,Leon,2010,e0,82.60607243132117,82.584385,447802,200k-1M,0.021687431321169015
total,ES413,Leon,2010,e65,21.16322564654514,21.136094000000003,447802,200k-1M,0.027131646545136334
total,ES413,Leon,2011,e0,82.99006545173422,82.97432400000001,447802,200k-1M,0.015741451734214706
total,ES413,Leon,2011,e65,21.581225131280707,21.562855000000003,447802,200k-1M,0.018370131280704527
total,ES413,Leon,2012,e0,82.90071219484707,82.90522000000001,447802,200k-1M,-0.004507805152940136
total,ES413,Leon,2012,e65,21.39462326153203,21.399715,447802,200k-1M,-0.005091738467971396
total,ES413,Leon,2013,e0,82.7618568014269,82.725709,447802,200k-1M,0.03614780142690677
total,ES413,Leon,2013,e65,21.5801140707923,21.537221000000002,447802,200k-1M,0.04289307079229587
total,ES413,Leon,2014,e0,83.1736201037319,83.12062999999999,447802,200k-1M,0.05299010373191493
total,ES413,Leon,2014,e65,21.642874270960544,21.58295,447802,200k-1M,0.059924270960543424
total,ES413,Leon,2015,e0,83.26960391435881,83.26124200000001,447802,200k-1M,0.00836191435880096
total,ES413,Leon,2015,e65,21.463432664005513,21.453968000000003,447802,200k-1M,0.009464664005509604
total,ES413,Leon,2016,e0,83.52683880986933,83.484731,447802,200k-1M,0.04210780986933571
total,ES413,Leon,2016,e65,21.893417116069312,21.845022999999998,447802,200k-1M,0.04839411606931421
total,ES413,Leon,2017,e0,83.7407105725915,83.685662,447802,200k-1M,0.05504857259150242
total,ES413,Leon,2017,e65,21.891247876488453,21.828228999999997,447802,200k-1M,0.0630188764884565
total,ES413,Leon,2018,e0,83.60347037666473,83.56012400000002,447802,200k-1M,0.04334637666471508
total,ES413,Leon,2018,e65,21.727892369802955,21.679253000000003,447802,200k-1M,0.04863936980295236
total,ES413,Leon,2019,e0,83.71065032941416,83.61547499999999,447802,200k-1M,0.09517532941417528
total,ES413,Leon,2019,e65,21.957384693121003,21.850717,447802,200k-1M,0.10666769312100399
total,ES413,Leon,2020,e0,82.42666239148244,82.48202400000001,447802,200k-1M,-0.05536160851757188
total,ES413,Leon,2020,e65,20.440317047341157,20.498938999999996,447802,200k-1M,-0.058621952658839405
total,ES413,Leon,2021,e0,83.58869620230165,83.49491700000002,447802,200k-1M,0.09377920230163284
total,ES413,Leon,2021,e65,21.76252400335839,21.658077000000002,447802,200k-1M,0.10444700335838775
total,ES413,Leon,2022,e0,83.29294406415784,83.28989,447802,200k-1M,0.003054064157836933
total,ES413,Leon,2022,e65,21.36701719648741,21.363068000000002,447802,200k-1M,0.003949196487408102
total,ES413,Leon,2023,e0,84.28090432237497,84.19727300000001,447802,200k-1M,0.08363132237495563
total,ES413,Leon,2023,e65,22.446015293177194,22.353348999999998,447802,200k-1M,0.09266629317719577
total,ES413,Leon,2024,e0,83.9765834707899,83.90024600000001,447802,200k-1M,0.07633747078989472
total,ES413,Leon,2024,e65,22.24934312461512,22.162642999999996,447802,200k-1M,0.086700124615124
total,ES414,Palencia,2002,e0,79.94521140141529,79.99728200000001,158063,<200k,-0.052070598584720074
total,ES414,Palencia,2002,e65,19.890196775380144,19.947807,158063,<200k,-0.05761022461985732
total,ES414,Palencia,2003,e0,80.25510423425864,80.27097599999999,158063,<200k,-0.01587176574135185
total,ES414,Palencia,2003,e65,19.58739995877207,19.605203,158063,<200k,-0.017803041227928418
total,ES414,Palencia,2004,e0,81.10079181352867,81.073319,158063,<200k,0.027472813528675033
total,ES414,Palencia,2004,e65,20.047638656699327,20.014826000000003,158063,<200k,0.032812656699324094
total,ES414,Palencia,2005,e0,80.74427996604325,80.74345100000001,158063,<200k,8.28966043243895e-4
total,ES414,Palencia,2005,e65,19.861169262389563,19.860169,158063,<200k,0.0010002623895637441
total,ES414,Palencia,2006,e0,81.15746231382623,81.131045,158063,<200k,0.02641731382622936
total,ES414,Palencia,2006,e65,20.458409300401307,20.426913,158063,<200k,0.03149630040130802
total,ES414,Palencia,2007,e0,80.93789180182115,80.95699,158063,<200k,-0.0190981981788525
total,ES414,Palencia,2007,e65,20.09042086846142,20.109777,158063,<200k,-0.019356131538582844
total,ES414,Palencia,2008,e0,82.2391923850405,82.216342,158063,<200k,0.022850385040499077
total,ES414,Palencia,2008,e65,20.64095135868427,20.613978000000007,158063,<200k,0.02697335868426265
total,ES414,Palencia,2009,e0,81.34296507152222,81.31510300000001,158063,<200k,0.027862071522207543
total,ES414,Palencia,2009,e65,20.716844053753515,20.681995000000004,158063,<200k,0.03484905375351133
total,ES414,Palencia,2010,e0,81.92162774459221,81.93446900000002,158063,<200k,-0.012841255407806784
total,ES414,Palencia,2010,e65,20.921671572716132,20.934245,158063,<200k,-0.012573427283868455
total,ES414,Palencia,2011,e0,82.36794970676432,82.290384,158063,<200k,0.07756570676431807
total,ES414,Palencia,2011,e65,21.157813411289656,21.072546999999997,158063,<200k,0.08526641128965906
total,ES414,Palencia,2012,e0,82.39220515569285,82.39570599999999,158063,<200k,-0.0035008443071404827
total,ES414,Palencia,2012,e65,20.751494995447338,20.755695999999997,158063,<200k,-0.004201004552658816
total,ES414,Palencia,2013,e0,83.17377961027506,83.183149,158063,<200k,-0.00936938972493806
total,ES414,Palencia,2013,e65,21.20217821005997,21.211832,158063,<200k,-0.009653789940031743
total,ES414,Palencia,2014,e0,82.1752241598782,82.183729,158063,<200k,-0.008504840121801749
total,ES414,Palencia,2014,e65,20.688297970194903,20.697094000000003,158063,<200k,-0.008796029805100858
total,ES414,Palencia,2015,e0,82.95890164277202,83.00218,158063,<200k,-0.043278357227976016
total,ES414,Palencia,2015,e65,20.887452121072325,20.931371000000002,158063,<200k,-0.043918878927676985
total,ES414,Palencia,2016,e0,83.18233935382024,83.150525,158063,<200k,0.031814353820237784
total,ES414,Palencia,2016,e65,21.065798499223085,21.028536999999996,158063,<200k,0.037261499223088634
total,ES414,Palencia,2017,e0,83.16517464062136,83.16456400000001,158063,<200k,6.106406213461923e-4
total,ES414,Palencia,2017,e65,21.24219251056174,21.240428999999995,158063,<200k,0.001763510561744397
total,ES414,Palencia,2018,e0,82.85572219612887,82.850196,158063,<200k,0.005526196128869287
total,ES414,Palencia,2018,e65,21.183112423613984,21.175753,158063,<200k,0.007359423613984006
total,ES414,Palencia,2019,e0,83.36306076661911,83.30232099999999,158063,<200k,0.06073976661912184
total,ES414,Palencia,2019,e65,21.535312144792627,21.467288,158063,<200k,0.06802414479262708
total,ES414,Palencia,2020,e0,81.14140220432232,81.17447899999999,158063,<200k,-0.03307679567767252
total,ES414,Palencia,2020,e65,19.674346708093427,19.710334,158063,<200k,-0.03598729190657224
total,ES414,Palencia,2021,e0,82.52398124440307,82.475258,158063,<200k,0.04872324440307807
total,ES414,Palencia,2021,e65,20.732199491309967,20.676977000000004,158063,<200k,0.05522249130996215
total,ES414,Palencia,2022,e0,82.30062974380327,82.271051,158063,<200k,0.029578743803270413
total,ES414,Palencia,2022,e65,20.823816886808686,20.789897,158063,<200k,0.03391988680868607
total,ES414,Palencia,2023,e0,84.0895026706318,84.040248,158063,<200k,0.04925467063179667
total,ES414,Palencia,2023,e65,21.916547492382165,21.860175,158063,<200k,0.05637249238216313
total,ES414,Palencia,2024,e0,83.74937555670769,83.74290300000001,158063,<200k,0.006472556707677768
total,ES414,Palencia,2024,e65,21.62744837658281,21.617151000000007,158063,<200k,0.010297376582801832
total,ES415,Salamanca,2002,e0,80.88757941724062,80.853413,327552,200k-1M,0.034166417240612645
total,ES415,Salamanca,2002,e65,20.377765626804422,20.336171000000004,327552,200k-1M,0.041594626804418056
total,ES415,Salamanca,2003,e0,80.86283730870312,80.854425,327552,200k-1M,0.00841230870311449
total,ES415,Salamanca,2003,e65,20.250498737443912,20.238901000000002,327552,200k-1M,0.01159773744391046
total,ES415,Salamanca,2004,e0,82.5037539167479,82.47766000000001,327552,200k-1M,0.026093916747882417
total,ES415,Salamanca,2004,e65,21.01861327923276,20.987453,327552,200k-1M,0.031160279232761212
total,ES415,Salamanca,2005,e0,82.25619694111234,82.23843099999999,327552,200k-1M,0.017765941112344308
total,ES415,Salamanca,2005,e65,20.754010538797854,20.734970000000004,327552,200k-1M,0.019040538797849393
total,ES415,Salamanca,2006,e0,82.74794818316091,82.752127,327552,200k-1M,-0.004178816839086608
total,ES415,Salamanca,2006,e65,21.314272027374045,21.319218000000003,327552,200k-1M,-0.004945972625957751
total,ES415,Salamanca,2007,e0,82.6534163780725,82.598805,327552,200k-1M,0.05461137807250793
total,ES415,Salamanca,2007,e65,21.291902908032597,21.228021999999996,327552,200k-1M,0.06388090803260127
total,ES415,Salamanca,2008,e0,82.81108865631185,82.792887,327552,200k-1M,0.018201656311859438
total,ES415,Salamanca,2008,e65,21.39939422850875,21.377229,327552,200k-1M,0.0221652285087508
total,ES415,Salamanca,2009,e0,82.99413659163066,82.958805,327552,200k-1M,0.03533159163066557
total,ES415,Salamanca,2009,e65,21.63396983890146,21.593368,327552,200k-1M,0.040601838901459075
total,ES415,Salamanca,2010,e0,83.71402643249935,83.67724,327552,200k-1M,0.03678643249935476
total,ES415,Salamanca,2010,e65,21.87149342853935,21.829448999999997,327552,200k-1M,0.0420444285393522
total,ES415,Salamanca,2011,e0,83.94703934991357,83.939496,327552,200k-1M,0.007543349913561315
total,ES415,Salamanca,2011,e65,22.199474116297104,22.187914000000003,327552,200k-1M,0.011560116297101075
total,ES415,Salamanca,2012,e0,83.76529878589255,83.767375,327552,200k-1M,-0.002076214107447072
total,ES415,Salamanca,2012,e65,21.91122462809253,21.911593,327552,200k-1M,-3.6837190747007753e-4
total,ES415,Salamanca,2013,e0,84.31346916145657,84.312364,327552,200k-1M,0.001105161456564474
total,ES415,Salamanca,2013,e65,22.166112671440644,22.163009,327552,200k-1M,0.0031036714406447174
total,ES415,Salamanca,2014,e0,84.59624274510504,84.577205,327552,200k-1M,0.019037745105038084
total,ES415,Salamanca,2014,e65,22.62274162953057,22.602272,327552,200k-1M,0.020469629530570188
total,ES415,Salamanca,2015,e0,84.59591462668538,84.57592799999999,327552,200k-1M,0.019986626685394526
total,ES415,Salamanca,2015,e65,22.21277275981266,22.189927,327552,200k-1M,0.022845759812657462
total,ES415,Salamanca,2016,e0,84.54146440060053,84.474045,327552,200k-1M,0.06741940060052798
total,ES415,Salamanca,2016,e65,22.491562155694858,22.416926,327552,200k-1M,0.07463615569485782
total,ES415,Salamanca,2017,e0,84.47145071539268,84.41020400000002,327552,200k-1M,0.061246715392655915
total,ES415,Salamanca,2017,e65,22.358721424883733,22.290558,327552,200k-1M,0.06816342488373195
total,ES415,Salamanca,2018,e0,84.72248861605404,84.67835399999998,327552,200k-1M,0.04413461605405189
total,ES415,Salamanca,2018,e65,22.700730376765403,22.652162,327552,200k-1M,0.04856837676540238
total,ES415,Salamanca,2019,e0,84.75885776544007,84.686643,327552,200k-1M,0.07221476544006578
total,ES415,Salamanca,2019,e65,22.61922944235828,22.539197,327552,200k-1M,0.08003244235827722
total,ES415,Salamanca,2020,e0,82.52711024336163,82.53275099999999,327552,200k-1M,-0.005640756638356947
total,ES415,Salamanca,2020,e65,20.71028401824397,20.714422,327552,200k-1M,-0.004137981756027642
total,ES415,Salamanca,2021,e0,84.86436828659112,84.73033099999999,327552,200k-1M,0.13403728659112346
total,ES415,Salamanca,2021,e65,22.575299010445512,22.430101,327552,200k-1M,0.14519801044551173
total,ES415,Salamanca,2022,e0,84.12560467718006,84.119422,327552,200k-1M,0.0061826771800639335
total,ES415,Salamanca,2022,e65,22.092047947146884,22.083377,327552,200k-1M,0.008670947146885766
total,ES415,Salamanca,2023,e0,85.50222969443999,85.402789,327552,200k-1M,0.09944069443999126
total,ES415,Salamanca,2023,e65,23.29506868974897,23.185295999999997,327552,200k-1M,0.10977268974897214
total,ES415,Salamanca,2024,e0,85.86500561300369,85.772603,327552,200k-1M,0.09240261300368502
total,ES415,Salamanca,2024,e65,23.252511249024177,23.151091000000005,327552,200k-1M,0.1014202490241729
total,ES416,Segovia,2002,e0,81.38921560138886,81.36448,156620,<200k,0.02473560138885489
total,ES416,Segovia,2002,e65,20.305742629351947,20.272691999999996,156620,<200k,0.033050629351951244
total,ES416,Segovia,2003,e0,81.40631190500117,81.41924600000002,156620,<200k,-0.01293409499884035
total,ES416,Segovia,2003,e65,20.598193662922554,20.609041,156620,<200k,-0.010847337077446895
total,ES416,Segovia,2004,e0,81.35955309195838,81.27877499999998,156620,<200k,0.08077809195839336
total,ES416,Segovia,2004,e65,20.432454921162677,20.342405,156620,<200k,0.0900499211626773
total,ES416,Segovia,2005,e0,82.01067348491243,81.96466600000002,156620,<200k,0.04600748491240836
total,ES416,Segovia,2005,e65,20.622692407893357,20.566308999999997,156620,<200k,0.05638340789336027
total,ES416,Segovia,2006,e0,82.47429843303553,82.50329500000001,156620,<200k,-0.028996566964480053
total,ES416,Segovia,2006,e65,21.08738297480479,21.118452,156620,<200k,-0.031069025195211708
total,ES416,Segovia,2007,e0,82.49345784477141,82.470907,156620,<200k,0.022550844771416223
total,ES416,Segovia,2007,e65,21.26547660684672,21.235829,156620,<200k,0.0296476068467193
total,ES416,Segovia,2008,e0,82.86525547569906,82.85288099999998,156620,<200k,0.012374475699076015
total,ES416,Segovia,2008,e65,21.224574765040817,21.207672,156620,<200k,0.016902765040818224
total,ES416,Segovia,2009,e0,83.15203510447928,83.11833999999999,156620,<200k,0.03369510447929258
total,ES416,Segovia,2009,e65,21.253369263100957,21.215411,156620,<200k,0.03795826310095762
total,ES416,Segovia,2010,e0,83.39117479434165,83.350934,156620,<200k,0.04024079434165628
total,ES416,Segovia,2010,e65,21.425508057945034,21.382285,156620,<200k,0.04322305794503478
total,ES416,Segovia,2011,e0,83.34763237082515,83.40152700000002,156620,<200k,-0.053894629174862985
total,ES416,Segovia,2011,e65,21.432849785657567,21.489137999999997,156620,<200k,-0.056288214342430365
total,ES416,Segovia,2012,e0,83.64310768724303,83.643173,156620,<200k,-6.531275697341243e-5
total,ES416,Segovia,2012,e65,21.453851537248816,21.455406999999997,156620,<200k,-0.0015554627511811248
total,ES416,Segovia,2013,e0,83.74096595209598,83.75674,156620,<200k,-0.015774047904017152
total,ES416,Segovia,2013,e65,21.835820229947874,21.853556,156620,<200k,-0.01773577005212701
total,ES416,Segovia,2014,e0,84.05408080199167,84.093260000000015,156620,<200k,-0.03917919800834113
total,ES416,Segovia,2014,e65,21.390185163854685,21.428827,156620,<200k,-0.038641836145313135
total,ES416,Segovia,2015,e0,83.26349158646029,83.279366,156620,<200k,-0.015874413539705756
total,ES416,Segovia,2015,e65,21.19505519382091,21.215175000000002,156620,<200k,-0.020119806179092592
total,ES416,Segovia,2016,e0,84.07495773510668,84.009794,156620,<200k,0.06516373510667961
total,ES416,Segovia,2016,e65,21.94050393194298,21.865823,156620,<200k,0.0746809319429822
total,ES416,Segovia,2017,e0,83.97128095574357,83.923145,156620,<200k,0.048135955743561
total,ES416,Segovia,2017,e65,21.941892832111265,21.889105999999998,156620,<200k,0.052786832111266335
total,ES416,Segovia,2018,e0,84.0049334201797,83.94125700000002,156620,<200k,0.06367642017967512
total,ES416,Segovia,2018,e65,21.803827783354198,21.732625,156620,<200k,0.07120278335419883
total,ES416,Segovia,2019,e0,84.81126004764512,84.702713,156620,<200k,0.1085470476451178
total,ES416,Segovia,2019,e65,22.341795237274933,22.220611999999996,156620,<200k,0.12118323727493774
total,ES416,Segovia,2020,e0,81.45730815996234,81.49195300000002,156620,<200k,-0.034644840037685753
total,ES416,Segovia,2020,e65,19.65431011041451,19.691112,156620,<200k,-0.036801889585490244
total,ES416,Segovia,2021,e0,84.15143661011726,84.06167300000001,156620,<200k,0.08976361011724521
total,ES416,Segovia,2021,e65,21.989481502851213,21.892421999999996,156620,<200k,0.09705950285121645
total,ES416,Segovia,2022,e0,84.42485481672645,84.409968,156620,<200k,0.014886816726445318
total,ES416,Segovia,2022,e65,22.098764256367122,22.079569,156620,<200k,0.019195256367122937
total,ES416,Segovia,2023,e0,83.9834607960196,83.92322900000002,156620,<200k,0.060231796019579065
total,ES416,Segovia,2023,e65,22.67400448369546,22.607317000000002,156620,<200k,0.06668748369545696
total,ES416,Segovia,2024,e0,85.33611149928113,85.30423400000001,156620,<200k,0.03187749928112282
total,ES416,Segovia,2024,e65,22.864608246637623,22.829582,156620,<200k,0.035026246637624325
total,ES417,Soria,2002,e0,82.09241098577299,82.128119,90073,<200k,-0.035708014227012086
total,ES417,Soria,2002,e65,21.294615705471305,21.333851000000006,90073,<200k,-0.03923529452870156
total,ES417,Soria,2003,e0,82.83708567935534,82.821587,90073,<200k,0.015498679355346212
total,ES417,Soria,2003,e65,21.477017366175783,21.457859000000003,90073,<200k,0.019158366175780372
total,ES417,Soria,2004,e0,80.89474156471296,80.89063300000001,90073,<200k,0.004108564712950624
total,ES417,Soria,2004,e65,20.950632661421164,20.941112999999998,90073,<200k,0.009519661421165893
total,ES417,Soria,2005,e0,81.72413208164245,81.71446900000002,90073,<200k,0.00966308164242946
total,ES417,Soria,2005,e65,20.69174547218071,20.684505,90073,<200k,0.007240472180708224
total,ES417,Soria,2006,e0,82.26801160004088,82.210846,90073,<200k,0.05716560004087512
total,ES417,Soria,2006,e65,20.925488761425008,20.860393,90073,<200k,0.06509576142500961
total,ES417,Soria,2007,e0,82.49251251474303,82.41522400000002,90073,<200k,0.07728851474300313
total,ES417,Soria,2007,e65,21.275401046928486,21.188991,90073,<200k,0.08641004692848497
total,ES417,Soria,2008,e0,82.837364627163,82.793306,90073,<200k,0.0440586271629968
total,ES417,Soria,2008,e65,21.480505447265006,21.428737999999996,90073,<200k,0.0517674472650107
total,ES417,Soria,2009,e0,83.4302219986154,83.36483799999999,90073,<200k,0.06538399861540256
total,ES417,Soria,2009,e65,21.896128203970594,21.822938999999998,90073,<200k,0.07318920397059614
total,ES417,Soria,2010,e0,83.93643867716592,83.848975,90073,<200k,0.08746367716592829
total,ES417,Soria,2010,e65,21.943557090588804,21.848737999999997,90073,<200k,0.09481909058880689
total,ES417,Soria,2011,e0,84.05049789772578,83.99711600000002,90073,<200k,0.053381897725756744
total,ES417,Soria,2011,e65,22.193748363299207,22.131851000000008,90073,<200k,0.061897363299198815
total,ES417,Soria,2012,e0,83.70483548563651,83.639147,90073,<200k,0.06568848563651386
total,ES417,Soria,2012,e65,22.281426316102493,22.207177,90073,<200k,0.07424931610249175
total,ES417,Soria,2013,e0,84.58547313349143,84.452991,90073,<200k,0.13248213349143612
total,ES417,Soria,2013,e65,22.665064462628116,22.51866,90073,<200k,0.1464044626281158
total,ES417,Soria,2014,e0,84.05391334931933,84.02066900000001,90073,<200k,0.03324434931931819
total,ES417,Soria,2014,e65,22.074530656217377,22.037184000000003,90073,<200k,0.03734665621737321
total,ES417,Soria,2015,e0,84.02329044177316,84.04815500000001,90073,<200k,-0.024864558226852296
total,ES417,Soria,2015,e65,21.778603238433032,21.804072,90073,<200k,-0.025468761566969533
total,ES417,Soria,2016,e0,83.09448865346667,83.023943,90073,<200k,0.07054565346666664
total,ES417,Soria,2016,e65,21.44710379486526,21.369809,90073,<200k,0.07729479486526003
total,ES417,Soria,2017,e0,84.87678020901508,84.78372,90073,<200k,0.0930602090150785
total,ES417,Soria,2017,e65,22.65056639668756,22.550163,90073,<200k,0.10040339668755749
total,ES417,Soria,2018,e0,84.63197287633444,84.51694400000001,90073,<200k,0.11502887633443493
total,ES417,Soria,2018,e65,21.854069605530732,21.727911000000002,90073,<200k,0.12615860553072977
total,ES417,Soria,2019,e0,84.57636330352666,84.483007,90073,<200k,0.09335630352666158
total,ES417,Soria,2019,e65,22.128227966980585,22.025755,90073,<200k,0.10247296698058506
total,ES417,Soria,2020,e0,82.24902907052542,82.261892,90073,<200k,-0.012862929474579232
total,ES417,Soria,2020,e65,20.21513166111296,20.233124,90073,<200k,-0.01799233888704066
total,ES417,Soria,2021,e0,83.69483914226215,83.633945,90073,<200k,0.06089414226215695
total,ES417,Soria,2021,e65,22.169401864676338,22.104101000000004,90073,<200k,0.06530086467633467
total,ES417,Soria,2022,e0,83.31827769746324,83.292491,90073,<200k,0.025786697463246355
total,ES417,Soria,2022,e65,21.834664241226108,21.802065000000002,90073,<200k,0.032599241226105136
total,ES417,Soria,2023,e0,84.79671883795649,84.73223,90073,<200k,0.06448883795648896
total,ES417,Soria,2023,e65,22.589466058751295,22.52293,90073,<200k,0.06653605875129642
total,ES417,Soria,2024,e0,84.51104201818686,84.486574,90073,<200k,0.024468018186851737
total,ES417,Soria,2024,e65,22.75714615623164,22.728942999999997,90073,<200k,0.028203156231644044
total,ES418,Valladolid,2002,e0,80.5515593464534,80.606933,525116,200k-1M,-0.05537365354659585
total,ES418,Valladolid,2002,e65,19.540658889010963,19.601319,525116,200k-1M,-0.06066011098903701
total,ES418,Valladolid,2003,e0,80.7369340411338,80.781333,525116,200k-1M,-0.04439895886621059
total,ES418,Valladolid,2003,e65,19.396071537251164,19.445902999999998,525116,200k-1M,-0.0498314627488341
total,ES418,Valladolid,2004,e0,80.86445827211571,80.915456,525116,200k-1M,-0.05099772788429391
total,ES418,Valladolid,2004,e65,19.594852951833087,19.649989,525116,200k-1M,-0.055136048166914975
total,ES418,Valladolid,2005,e0,80.92493744702212,80.93776100000001,525116,200k-1M,-0.01282355297789195
total,ES418,Valladolid,2005,e65,19.739783602779788,19.753711,525116,200k-1M,-0.01392739722021119
total,ES418,Valladolid,2006,e0,81.56023692222497,81.609551,525116,200k-1M,-0.049314077775022724
total,ES418,Valladolid,2006,e65,20.26525337717789,20.317042,525116,200k-1M,-0.051788622822112274
total,ES418,Valladolid,2007,e0,81.90411619030206,81.933108,525116,200k-1M,-0.028991809697942017
total,ES418,Valladolid,2007,e65,20.342594317634536,20.37213,525116,200k-1M,-0.02953568236546289
total,ES418,Valladolid,2008,e0,81.856660180262807,81.88301,525116,200k-1M,-0.026349819737191638
total,ES418,Valladolid,2008,e65,20.44707275857771,20.475792999999996,525116,200k-1M,-0.028720241422284687
total,ES418,Valladolid,2009,e0,82.65365102957087,82.660369,525116,200k-1M,-0.006717970429136244
total,ES418,Valladolid,2009,e65,20.79188334543736,20.796982,525116,200k-1M,-0.005098654562640803
total,ES418,Valladolid,2010,e0,82.4658009123433,82.46525400000002,525116,200k-1M,5.469123432817469e-4
total,ES418,Valladolid,2010,e65,20.997848349367093,20.995751,525116,200k-1M,0.002097349367094381
total,ES418,Valladolid,2011,e0,83.02077621907424,83.03877299999999,525116,200k-1M,-0.017996780925756184
total,ES418,Valladolid,2011,e65,21.169222045085007,21.18665,525116,200k-1M,-0.017427954914992938
total,ES418,Valladolid,2012,e0,83.14452688805798,83.15823099999999,525116,200k-1M,-0.013704111942004715
total,ES418,Valladolid,2012,e65,21.35897973287901,21.373193,525116,200k-1M,-0.014213267120990025
total,ES418,Valladolid,2013,e0,83.70159965072705,83.691928,525116,200k-1M,0.009671650727042902
total,ES418,Valladolid,2013,e65,21.715348535105623,21.705718999999995,525116,200k-1M,0.009629535105627696
total,ES418,Valladolid,2014,e0,83.88041069549377,83.863764,525116,200k-1M,0.016646695493761854
total,ES418,Valladolid,2014,e65,21.806096544514975,21.786572999999997,525116,200k-1M,0.019523544514978397
total,ES418,Valladolid,2015,e0,83.20273233014917,83.23199100000001,525116,200k-1M,-0.02925866985083303
total,ES418,Valladolid,2015,e65,21.203031243627354,21.232815000000002,525116,200k-1M,-0.029783756372648185
total,ES418,Valladolid,2016,e0,84.21720455651366,84.18437999999999,525116,200k-1M,0.032824556513674
total,ES418,Valladolid,2016,e65,21.825942540713267,21.788755,525116,200k-1M,0.03718754071326913
total,ES418,Valladolid,2017,e0,84.00658617767722,83.962317,525116,200k-1M,0.04426917767722216
total,ES418,Valladolid,2017,e65,21.809412618720362,21.759907000000002,525116,200k-1M,0.04950561872036019
total,ES418,Valladolid,2018,e0,84.32224345375631,84.284835,525116,200k-1M,0.03740845375631352
total,ES418,Valladolid,2018,e65,21.974441073674743,21.931967000000004,525116,200k-1M,0.04247407367473954
total,ES418,Valladolid,2019,e0,84.69692318627354,84.62137399999999,525116,200k-1M,0.07554918627354823
total,ES418,Valladolid,2019,e65,22.349791922846798,22.265255999999997,525116,200k-1M,0.08453592284680056
total,ES418,Valladolid,2020,e0,82.90594245514359,82.924531,525116,200k-1M,-0.01858854485641359
total,ES418,Valladolid,2020,e65,20.69928395106571,20.718883,525116,200k-1M,-0.01959904893429254
total,ES418,Valladolid,2021,e0,84.01136857639376,83.962417,525116,200k-1M,0.0489515763937618
total,ES418,Valladolid,2021,e65,21.88425929977671,21.830503,525116,200k-1M,0.05375629977670826
total,ES418,Valladolid,2022,e0,84.09681536091907,84.093805,525116,200k-1M,0.0030103609190632596
total,ES418,Valladolid,2022,e65,21.862221359162458,21.854913000000003,525116,200k-1M,0.007308359162454536
total,ES418,Valladolid,2023,e0,84.78316649827745,84.71740100000001,525116,200k-1M,0.06576549827744316
total,ES418,Valladolid,2023,e65,22.568663053125885,22.49591,525116,200k-1M,0.07275305312588642
total,ES418,Valladolid,2024,e0,85.08283363925796,85.02420900000001,525116,200k-1M,0.05862463925794259
total,ES418,Valladolid,2024,e65,22.724067280069775,22.659639,525116,200k-1M,0.06442828006977663
total,ES419,Zamora,2002,e0,80.62674013744856,80.653627,166253,<200k,-0.026886862551435797
total,ES419,Zamora,2002,e65,20.244478234754467,20.273145999999997,166253,<200k,-0.02866776524552961
total,ES419,Zamora,2003,e0,80.44450682331602,80.44454200000001,166253,<200k,-3.5176683994109226e-5
total,ES419,Zamora,2003,e65,20.396445274991944,20.39599,166253,<200k,4.5527499194264465e-4
total,ES419,Zamora,2004,e0,82.24763325995178,82.18556699999999,166253,<200k,0.06206625995179138
total,ES419,Zamora,2004,e65,20.842999411244744,20.769510999999998,166253,<200k,0.07348841124474603
total,ES419,Zamora,2005,e0,81.66405881043049,81.67092,166253,<200k,-0.006861189569505655
total,ES419,Zamora,2005,e65,20.703202006621574,20.708762999999998,166253,<200k,-0.005560993378423973
total,ES419,Zamora,2006,e0,82.12316201794684,82.058122,166253,<200k,0.065040017946842
total,ES419,Zamora,2006,e65,21.331467830679326,21.259272,166253,<200k,0.07219583067932689
total,ES419,Zamora,2007,e0,82.51827495365444,82.488512,166253,<200k,0.029762953654440594
total,ES419,Zamora,2007,e65,20.988267062419965,20.954548999999997,166253,<200k,0.03371806241996822
total,ES419,Zamora,2008,e0,82.57827446489897,82.540108,166253,<200k,0.038166464898964136
total,ES419,Zamora,2008,e65,20.98353244359272,20.941601999999996,166253,<200k,0.041930443592722355
total,ES419,Zamora,2009,e0,82.97343711497706,82.96526900000002,166253,<200k,0.008168114977038954
total,ES419,Zamora,2009,e65,21.31290513712601,21.302428999999997,166253,<200k,0.010476137126012475
total,ES419,Zamora,2010,e0,83.47225040960252,83.45056500000001,166253,<200k,0.02168540960251164
total,ES419,Zamora,2010,e65,21.63663177979315,21.607984000000005,166253,<200k,0.028647779793143258
total,ES419,Zamora,2011,e0,83.38361904290525,83.37517199999998,166253,<200k,0.008447042905274316
total,ES419,Zamora,2011,e65,21.93847654725297,21.927208999999998,166253,<200k,0.011267547252973742
total,ES419,Zamora,2012,e0,83.23591663871167,83.218359,166253,<200k,0.017557638711664936
total,ES419,Zamora,2012,e65,21.303174459835958,21.282282999999996,166253,<200k,0.020891459835961967
total,ES419,Zamora,2013,e0,83.28603604439155,83.26926200000001,166253,<200k,0.016774044391539178
total,ES419,Zamora,2013,e65,21.529804958989775,21.511311000000003,166253,<200k,0.018493958989772352
total,ES419,Zamora,2014,e0,83.40819412721197,83.408081,166253,<200k,1.1312721197498377e-4
total,ES419,Zamora,2014,e65,21.629822979666432,21.627428000000002,166253,<200k,0.00239497966643043
total,ES419,Zamora,2015,e0,83.57711547572505,83.607765,166253,<200k,-0.030649524274949158
total,ES419,Zamora,2015,e65,21.780730122444762,21.813482,166253,<200k,-0.03275187755523845
total,ES419,Zamora,2016,e0,83.2340498398806,83.22787699999999,166253,<200k,0.006172839880605352
total,ES419,Zamora,2016,e65,21.406915953790207,21.395834,166253,<200k,0.011081953790206711
total,ES419,Zamora,2017,e0,83.08090159855452,83.055539,166253,<200k,0.02536259855452272
total,ES419,Zamora,2017,e65,22.031380792817615,22.001465000000003,166253,<200k,0.029915792817611475
total,ES419,Zamora,2018,e0,83.22700404103347,83.150164,166253,<200k,0.07684004103346354
total,ES419,Zamora,2018,e65,21.929591012539504,21.843063,166253,<200k,0.08652801253950315
total,ES419,Zamora,2019,e0,83.47948549454635,83.423275,166253,<200k,0.056210494546348855
total,ES419,Zamora,2019,e65,21.824993349321087,21.761971000000003,166253,<200k,0.06302234932108419
total,ES419,Zamora,2020,e0,82.874001106759,82.89970199999999,166253,<200k,-0.02570089324099456
total,ES419,Zamora,2020,e65,20.861376703848926,20.888218,166253,<200k,-0.02684129615107267
total,ES419,Zamora,2021,e0,84.15936280741468,84.145575,166253,<200k,0.013787807414686881
total,ES419,Zamora,2021,e65,22.063772182767664,22.049276,166253,<200k,0.014496182767665289
total,ES419,Zamora,2022,e0,83.63135718160022,83.624483,166253,<200k,0.0068741816002244605
total,ES419,Zamora,2022,e65,21.563761815654132,21.555765,166253,<200k,0.00799681565413124
total,ES419,Zamora,2023,e0,85.18750328866165,85.14666900000002,166253,<200k,0.04083428866162819
total,ES419,Zamora,2023,e65,22.387510574017305,22.343299,166253,<200k,0.04421157401730724
total,ES419,Zamora,2024,e0,84.53770993450553,84.49554300000001,166253,<200k,0.04216693450551645
total,ES419,Zamora,2024,e65,22.48219100234182,22.430901000000002,166253,<200k,0.05129000234181902
total,ES421,Albacete,2002,e0,80.60989467340521,80.61729700000001,389070,200k-1M,-0.007402326594800002
total,ES421,Albacete,2002,e65,19.214250415994606,19.223231999999996,389070,200k-1M,-0.008981584005390175
total,ES421,Albacete,2003,e0,80.17711498946937,80.19935799999999,389070,200k-1M,-0.022243010530615948
total,ES421,Albacete,2003,e65,19.059680088268095,19.080631999999994,389070,200k-1M,-0.02095191173189903
total,ES421,Albacete,2004,e0,81.06629760623159,81.112484,389070,200k-1M,-0.04618639376840861
total,ES421,Albacete,2004,e65,19.481766773362278,19.531880000000005,389070,200k-1M,-0.05011322663772688
total,ES421,Albacete,2005,e0,80.82672698225716,80.86736400000001,389070,200k-1M,-0.04063701774285278
total,ES421,Albacete,2005,e65,19.43369208663413,19.477067,389070,200k-1M,-0.04337491336587007
total,ES421,Albacete,2006,e0,81.49191231303065,81.54537699999999,389070,200k-1M,-0.05346468696933471
total,ES421,Albacete,2006,e65,19.905554187758053,19.964691999999996,389070,200k-1M,-0.05913781224194281
total,ES421,Albacete,2007,e0,81.56019099643434,81.57571199999998,389070,200k-1M,-0.015521003565638125
total,ES421,Albacete,2007,e65,19.784389111018232,19.801714,389070,200k-1M,-0.017324888981768538
total,ES421,Albacete,2008,e0,81.84052281053978,81.84062200000001,389070,200k-1M,-9.918946022935415e-5
total,ES421,Albacete,2008,e65,20.022688936092386,20.022617999999998,389070,200k-1M,7.093609238850718e-5
total,ES421,Albacete,2009,e0,81.79453773671929,81.810815,389070,200k-1M,-0.016277263280713328
total,ES421,Albacete,2009,e65,20.284618675762285,20.302705999999997,389070,200k-1M,-0.018087324237711755
total,ES421,Albacete,2010,e0,82.61280343192496,82.64578599999999,389070,200k-1M,-0.03298256807502753
total,ES421,Albacete,2010,e65,20.84810828028069,20.885448999999994,389070,200k-1M,-0.037340719719303195
total,ES421,Albacete,2011,e0,82.44608699132185,82.433806,389070,200k-1M,0.012280991321844681
total,ES421,Albacete,2011,e65,20.640447358825877,20.623343,389070,200k-1M,0.017104358825879018
total,ES421,Albacete,2012,e0,82.61072454632684,82.65466400000001,389070,200k-1M,-0.04393945367317542
total,ES421,Albacete,2012,e65,20.534838812133508,20.582864,389070,200k-1M,-0.04802518786649301
total,ES421,Albacete,2013,e0,82.84567531946912,82.83639,389070,200k-1M,0.009285319469128694
total,ES421,Albacete,2013,e65,20.89388507059975,20.882765999999997,389070,200k-1M,0.011119070599754366
total,ES421,Albacete,2014,e0,82.64512713017959,82.657819,389070,200k-1M,-0.012691869820415036
total,ES421,Albacete,2014,e65,20.620623748928512,20.634833000000004,389070,200k-1M,-0.014209251071491735
total,ES421,Albacete,2015,e0,82.86413677522714,82.865573,389070,200k-1M,-0.0014362247728598732
total,ES421,Albacete,2015,e65,21.001826834440436,20.999915,389070,200k-1M,0.0019118344404347454
total,ES421,Albacete,2016,e0,83.14140461191167,83.139839,389070,200k-1M,0.001565611911672704
total,ES421,Albacete,2016,e65,20.907551272230876,20.904277,389070,200k-1M,0.003274272230875397
total,ES421,Albacete,2017,e0,83.4485468814375,83.46729400000002,389070,200k-1M,-0.018747118562529863
total,ES421,Albacete,2017,e65,21.071219301347746,21.090263,389070,200k-1M,-0.019043698652254193
total,ES421,Albacete,2018,e0,83.41143944448781,83.35641199999999,389070,200k-1M,0.05502744448781982
total,ES421,Albacete,2018,e65,21.238914675090886,21.176750000000002,389070,200k-1M,0.06216467509088375
total,ES421,Albacete,2019,e0,83.3185492281236,83.311458,389070,200k-1M,0.00709122812359908
total,ES421,Albacete,2019,e65,21.153852583011677,21.144966000000004,389070,200k-1M,0.00888658301167311
total,ES421,Albacete,2020,e0,81.34419492636225,81.35645,389070,200k-1M,-0.01225507363774625
total,ES421,Albacete,2020,e65,19.299525759667976,19.311812000000003,389070,200k-1M,-0.012286240332027631
total,ES421,Albacete,2021,e0,83.22250296266795,83.21083,389070,200k-1M,0.011672962667944375
total,ES421,Albacete,2021,e65,21.163406347400976,21.148641999999995,389070,200k-1M,0.014764347400980427
total,ES421,Albacete,2022,e0,82.96496501754513,82.99071400000001,389070,200k-1M,-0.02574898245488555
total,ES421,Albacete,2022,e65,20.93116100289003,20.957351000000003,389070,200k-1M,-0.026189997109973717
total,ES421,Albacete,2023,e0,83.63075882149127,83.60963,389070,200k-1M,0.021128821491274152
total,ES421,Albacete,2023,e65,21.538866298396822,21.516581000000002,389070,200k-1M,0.022285298396820252
total,ES421,Albacete,2024,e0,83.66741930817209,83.65589499999999,389070,200k-1M,0.01152430817209904
total,ES421,Albacete,2024,e65,21.561649980352506,21.549702999999997,389070,200k-1M,0.011946980352508518
total,ES422,Ciudad Real,2002,e0,79.14338510098015,79.18435199999999,492948,200k-1M,-0.04096689901983552
total,ES422,Ciudad Real,2002,e65,18.319567785256574,18.363927,492948,200k-1M,-0.044359214743426634
total,ES422,Ciudad Real,2003,e0,79.50149958801022,79.551091,492948,200k-1M,-0.049591411989780454
total,ES422,Ciudad Real,2003,e65,18.66062357348221,18.716111,492948,200k-1M,-0.055487426517792926
total,ES422,Ciudad Real,2004,e0,79.87980603316309,79.89712900000002,492948,200k-1M,-0.0173229668369288
total,ES422,Ciudad Real,2004,e65,19.009443520690755,19.028812,492948,200k-1M,-0.019368479309243014
total,ES422,Ciudad Real,2005,e0,79.86354741046918,79.88739199999999,492948,200k-1M,-0.023844589530810367
total,ES422,Ciudad Real,2005,e65,18.762701732389203,18.790851000000004,492948,200k-1M,-0.028149267610800166
total,ES422,Ciudad Real,2006,e0,80.71692390293565,80.75538499999999,492948,200k-1M,-0.0384610970643422
total,ES422,Ciudad Real,2006,e65,19.498335726898485,19.539481000000002,492948,200k-1M,-0.04114527310151672
total,ES422,Ciudad Real,2007,e0,80.67270671518469,80.69968,492948,200k-1M,-0.02697328481531258
total,ES422,Ciudad Real,2007,e65,19.479050026703014,19.50719,492948,200k-1M,-0.028139973296987364
total,ES422,Ciudad Real,2008,e0,80.78533074870101,80.845703,492948,200k-1M,-0.06037225129898616
total,ES422,Ciudad Real,2008,e65,19.58546729848987,19.650100000000002,492948,200k-1M,-0.06463270151013134
total,ES422,Ciudad Real,2009,e0,81.46227076644759,81.49456900000003,492948,200k-1M,-0.03229823355243866
total,ES422,Ciudad Real,2009,e65,19.898657365245125,19.9334,492948,200k-1M,-0.03474263475487405
total,ES422,Ciudad Real,2010,e0,82.10675106285876,82.10688799999998,492948,200k-1M,-1.36937141220983e-4
total,ES422,Ciudad Real,2010,e65,20.464864393770945,20.463841,492948,200k-1M,0.0010233937709465124
total,ES422,Ciudad Real,2011,e0,81.94443136248458,81.96167700000001,492948,200k-1M,-0.017245637515429735
total,ES422,Ciudad Real,2011,e65,20.366935522249786,20.383733999999997,492948,200k-1M,-0.016798477750210594
total,ES422,Ciudad Real,2012,e0,81.88520220784618,81.88542999999999,492948,200k-1M,-2.2779215380808182e-4
total,ES422,Ciudad Real,2012,e65,20.115187573418318,20.112994000000004,492948,200k-1M,0.0021935734183138322
total,ES422,Ciudad Real,2013,e0,82.41494429340254,82.426391,492948,200k-1M,-0.011446706597453726
total,ES422,Ciudad Real,2013,e65,20.47095714847543,20.483296999999997,492948,200k-1M,-0.012339851524565404
total,ES422,Ciudad Real,2014,e0,82.5954069379952,82.62628799999999,492948,200k-1M,-0.030881062004795012
total,ES422,Ciudad Real,2014,e65,20.792568480128715,20.824237,492948,200k-1M,-0.03166851987128538
total,ES422,Ciudad Real,2015,e0,82.06557499321059,82.08697099999999,492948,200k-1M,-0.021396006789402122
total,ES422,Ciudad Real,2015,e65,20.11980028895727,20.1445,492948,200k-1M,-0.024699711042732275
total,ES422,Ciudad Real,2016,e0,82.69152241156777,82.67773799999998,492948,200k-1M,0.01378441156779786
total,ES422,Ciudad Real,2016,e65,20.779284773511066,20.761598,492948,200k-1M,0.01768677351106618
total,ES422,Ciudad Real,2017,e0,82.37140397870537,82.366734,492948,200k-1M,0.004669978705379663
total,ES422,Ciudad Real,2017,e65,20.441492835584327,20.436193,492948,200k-1M,0.005299835584327894
total,ES422,Ciudad Real,2018,e0,82.89575893243001,82.868104,492948,200k-1M,0.027654932430010604
total,ES422,Ciudad Real,2018,e65,21.042858102863324,21.010357000000003,492948,200k-1M,0.03250110286332131
total,ES422,Ciudad Real,2019,e0,83.03038504165433,82.98482200000001,492948,200k-1M,0.04556304165431868
total,ES422,Ciudad Real,2019,e65,20.985086632013886,20.933417,492948,200k-1M,0.05166963201388697
total,ES422,Ciudad Real,2020,e0,80.3414355855016,80.35620300000001,492948,200k-1M,-0.014767414498408016
total,ES422,Ciudad Real,2020,e65,18.771368419011402,18.786679999999997,492948,200k-1M,-0.015311580988594642
total,ES422,Ciudad Real,2021,e0,82.46609147594411,82.44014700000001,492948,200k-1M,0.025944475944100986
total,ES422,Ciudad Real,2021,e65,20.431036366939175,20.402748999999993,492948,200k-1M,0.02828736693918188
total,ES422,Ciudad Real,2022,e0,82.92653249696028,82.951762,492948,200k-1M,-0.025229503039724932
total,ES422,Ciudad Real,2022,e65,20.81210399708951,20.837027000000003,492948,200k-1M,-0.02492300291049432
total,ES422,Ciudad Real,2023,e0,83.06867534524984,83.04524900000001,492948,200k-1M,0.023426345249831115
total,ES422,Ciudad Real,2023,e65,20.957618805640667,20.929633999999997,492948,200k-1M,0.02798480564067063
total,ES422,Ciudad Real,2024,e0,83.05017249460485,83.041711,492948,200k-1M,0.008461494604844688
total,ES422,Ciudad Real,2024,e65,21.107444536718308,21.097128,492948,200k-1M,0.01031653671830668
total,ES423,Cuenca,2002,e0,80.92632122517281,80.919892,199025,<200k,0.006429225172809083
total,ES423,Cuenca,2002,e65,19.746222042769116,19.738951000000004,199025,<200k,0.007271042769112057
total,ES423,Cuenca,2003,e0,81.48395278662264,81.50700400000001,199025,<200k,-0.023051213377371482
total,ES423,Cuenca,2003,e65,20.088593692658524,20.113134000000002,199025,<200k,-0.024540307341478496
total,ES423,Cuenca,2004,e0,81.62444883944902,81.616022,199025,<200k,0.008426839449015233
total,ES423,Cuenca,2004,e65,20.390713737042958,20.376711,199025,<200k,0.014002737042957847
total,ES423,Cuenca,2005,e0,81.7444554336787,81.662069,199025,<200k,0.08238643367869258
total,ES423,Cuenca,2005,e65,20.435586993623055,20.345018999999997,199025,<200k,0.09056799362305767
total,ES423,Cuenca,2006,e0,82.18236366797295,82.161585,199025,<200k,0.02077866797294803
total,ES423,Cuenca,2006,e65,20.51530982418199,20.490319999999997,199025,<200k,0.02498982418199347
total,ES423,Cuenca,2007,e0,82.21279669554015,82.20402200000001,199025,<200k,0.008774695540139987
total,ES423,Cuenca,2007,e65,20.854390139237474,20.841348999999997,199025,<200k,0.013041139237476074
total,ES423,Cuenca,2008,e0,82.02495565602966,82.013432,199025,<200k,0.01152365602966654
total,ES423,Cuenca,2008,e65,20.59613199673472,20.581064,199025,<200k,0.015067996734718037
total,ES423,Cuenca,2009,e0,83.15729605930518,83.12530099999998,199025,<200k,0.031995059305202744
total,ES423,Cuenca,2009,e65,21.35359415724435,21.315097,199025,<200k,0.03849715724434688
total,ES423,Cuenca,2010,e0,82.87804048550252,82.86639699999999,199025,<200k,0.011643485502531803
total,ES423,Cuenca,2010,e65,21.17928690228073,21.162992,199025,<200k,0.016294902280730383
total,ES423,Cuenca,2011,e0,83.05859055401207,83.086468,199025,<200k,-0.027877445987925853
total,ES423,Cuenca,2011,e65,21.244457277649552,21.274475000000002,199025,<200k,-0.030017722350450526
total,ES423,Cuenca,2012,e0,82.12267750917243,82.113759,199025,<200k,0.008918509172431754
total,ES423,Cuenca,2012,e65,20.860911732712456,20.849001,199025,<200k,0.011910732712454575
total,ES423,Cuenca,2013,e0,82.51282585348203,82.507648,199025,<200k,0.005177853482024375
total,ES423,Cuenca,2013,e65,21.18631106839493,21.18149,199025,<200k,0.004821068394928574
total,ES423,Cuenca,2014,e0,83.40481219428108,83.374343,199025,<200k,0.030469194281081968
total,ES423,Cuenca,2014,e65,21.336322963640708,21.299827,199025,<200k,0.036495963640707174
total,ES423,Cuenca,2015,e0,82.87546449796555,82.868496,199025,<200k,0.006968497965559095
total,ES423,Cuenca,2015,e65,20.874392445781066,20.864729999999998,199025,<200k,0.009662445781067674
total,ES423,Cuenca,2016,e0,83.20845872078034,83.17908499999999,199025,<200k,0.02937372078035594
total,ES423,Cuenca,2016,e65,21.376411486458405,21.343535,199025,<200k,0.03287648645840591
total,ES423,Cuenca,2017,e0,83.23372867580522,83.24021000000002,199025,<200k,-0.006481324194794524
total,ES423,Cuenca,2017,e65,21.141536388127516,21.148118999999998,199025,<200k,-0.006582611872481436
total,ES423,Cuenca,2018,e0,83.29906078128221,83.28244099999999,199025,<200k,0.016619781282216195
total,ES423,Cuenca,2018,e65,21.199843090505578,21.180977000000002,199025,<200k,0.018866090505575528
total,ES423,Cuenca,2019,e0,83.62242999886622,83.62280199999998,199025,<200k,-3.7200113375490673e-4
total,ES423,Cuenca,2019,e65,21.316795187744695,21.315486,199025,<200k,0.0013091877446953504
total,ES423,Cuenca,2020,e0,80.75999127469335,80.778622,199025,<200k,-0.01863072530665022
total,ES423,Cuenca,2020,e65,19.39211747738712,19.410883000000002,199025,<200k,-0.018765522612881114
total,ES423,Cuenca,2021,e0,83.42567621745332,83.35810599999999,199025,<200k,0.06757021745332281
total,ES423,Cuenca,2021,e65,21.19902230554121,21.123869000000003,199025,<200k,0.0751533055412068
total,ES423,Cuenca,2022,e0,83.06723424644449,83.087835,199025,<200k,-0.02060075355551305
total,ES423,Cuenca,2022,e65,20.975280197063995,20.998848999999996,199025,<200k,-0.023568802936001276
total,ES423,Cuenca,2023,e0,83.33317837057976,83.30208699999999,199025,<200k,0.03109137057977307
total,ES423,Cuenca,2023,e65,21.553072302823274,21.516738999999998,199025,<200k,0.036333302823276625
total,ES423,Cuenca,2024,e0,83.7404972886093,83.70336300000001,199025,<200k,0.037134288609294686
total,ES423,Cuenca,2024,e65,21.965379182277275,21.921948,199025,<200k,0.04343118227727416
total,ES424,Guadalajara,2002,e0,81.6098570490764,81.586656,280225,200k-1M,0.0232010490763912
total,ES424,Guadalajara,2002,e65,20.185839337773608,20.158507,280225,200k-1M,0.027332337773607662
total,ES424,Guadalajara,2003,e0,82.33877665009516,82.353194,280225,200k-1M,-0.014417349904846333
total,ES424,Guadalajara,2003,e65,20.568521957888162,20.582832999999997,280225,200k-1M,-0.014311042111835093
total,ES424,Guadalajara,2004,e0,81.73853843305842,81.68537799999997,280225,200k-1M,0.05316043305845142
total,ES424,Guadalajara,2004,e65,20.589092902738248,20.527316,280225,200k-1M,0.06177690273824865
total,ES424,Guadalajara,2005,e0,82.31771083094036,82.25399,280225,200k-1M,0.06372083094035474
total,ES424,Guadalajara,2005,e65,21.009360612530045,20.937295000000002,280225,200k-1M,0.07206561253004296
total,ES424,Guadalajara,2006,e0,83.117150527344,83.12047699999998,280225,200k-1M,-0.0033264726559849578
total,ES424,Guadalajara,2006,e65,21.082489949612583,21.085628999999994,280225,200k-1M,-0.003139050387410691
total,ES424,Guadalajara,2007,e0,82.37029369861568,82.39174,280225,200k-1M,-0.021446301384315802
total,ES424,Guadalajara,2007,e65,20.985746143671935,21.006548999999996,280225,200k-1M,-0.02080285632806067
total,ES424,Guadalajara,2008,e0,83.24609268175378,83.219457,280225,200k-1M,0.026635681753774065
total,ES424,Guadalajara,2008,e65,21.255089202224553,21.224287,280225,200k-1M,0.0308022022245531
total,ES424,Guadalajara,2009,e0,83.8070569310705,83.73816900000001,280225,200k-1M,0.06888793107049196
total,ES424,Guadalajara,2009,e65,21.78087938509754,21.70452,280225,200k-1M,0.0763593850975397
total,ES424,Guadalajara,2010,e0,83.80811259956491,83.76407900000001,280225,200k-1M,0.04403359956489794
total,ES424,Guadalajara,2010,e65,22.012470580435036,21.959361,280225,200k-1M,0.05310958043503433
total,ES424,Guadalajara,2011,e0,83.61525766061298,83.60855,280225,200k-1M,0.006707660612988775
total,ES424,Guadalajara,2011,e65,21.69564562476298,21.685156,280225,200k-1M,0.01048962476298243
total,ES424,Guadalajara,2012,e0,83.7763985556847,83.769702,280225,200k-1M,0.006696555684698069
total,ES424,Guadalajara,2012,e65,21.32174284979441,21.313798000000002,280225,200k-1M,0.007944849794409237
total,ES424,Guadalajara,2013,e0,84.52797931579772,84.527241,280225,200k-1M,7.383157977187693e-4
total,ES424,Guadalajara,2013,e65,22.26316165071646,22.26107,280225,200k-1M,0.0020916507164585596
total,ES424,Guadalajara,2014,e0,84.43735768609349,84.357304,280225,200k-1M,0.08005368609349262
total,ES424,Guadalajara,2014,e65,22.139529401288073,22.053150000000002,280225,200k-1M,0.08637940128807031
total,ES424,Guadalajara,2015,e0,83.62194031064612,83.655925,280225,200k-1M,-0.033984689353872
total,ES424,Guadalajara,2015,e65,21.163072045450527,21.200011,280225,200k-1M,-0.03693895454947338
total,ES424,Guadalajara,2016,e0,83.93342709827647,83.89175,280225,200k-1M,0.04167709827646604
total,ES424,Guadalajara,2016,e65,21.747765362678642,21.700944,280225,200k-1M,0.04682136267864223
total,ES424,Guadalajara,2017,e0,84.02995657289078,84.061301,280225,200k-1M,-0.03134442710921803
total,ES424,Guadalajara,2017,e65,21.84230280334546,21.877841000000004,280225,200k-1M,-0.035538196654542276
total,ES424,Guadalajara,2018,e0,84.29265164307023,84.21099400000001,280225,200k-1M,0.08165764307021561
total,ES424,Guadalajara,2018,e65,22.291451828854875,22.201224,280225,200k-1M,0.09022782885487501
total,ES424,Guadalajara,2019,e0,84.82991796289235,84.72610300000001,280225,200k-1M,0.10381496289234349
total,ES424,Guadalajara,2019,e65,22.3343330808349,22.221574,280225,200k-1M,0.11275908083489838
total,ES424,Guadalajara,2020,e0,82.24446626836482,82.292703,280225,200k-1M,-0.04823673163518549
total,ES424,Guadalajara,2020,e65,19.897267646556156,19.948513999999996,280225,200k-1M,-0.05124635344384032
total,ES424,Guadalajara,2021,e0,83.94473446795963,83.85857899999999,280225,200k-1M,0.08615546795964235
total,ES424,Guadalajara,2021,e65,21.617218668360792,21.524506,280225,200k-1M,0.09271266836079306
total,ES424,Guadalajara,2022,e0,83.70961097781357,83.718082,280225,200k-1M,-0.008471022186427035
total,ES424,Guadalajara,2022,e65,21.51146547522505,21.521721999999997,280225,200k-1M,-0.01025652477494532
total,ES424,Guadalajara,2023,e0,84.77769031898713,84.709894,280225,200k-1M,0.06779631898712069
total,ES424,Guadalajara,2023,e65,22.265355799129424,22.192594,280225,200k-1M,0.07276179912942382
total,ES424,Guadalajara,2024,e0,84.5622989150447,84.557177,280225,200k-1M,0.005121915044711045
total,ES424,Guadalajara,2024,e65,22.017199655937926,22.011280000000003,280225,200k-1M,0.005919655937923096
total,ES425,Toledo,2002,e0,80.62198879680051,80.635016,743165,200k-1M,-0.013027203199484916
total,ES425,Toledo,2002,e65,19.168810021701045,19.181453,743165,200k-1M,-0.012642978298956109
total,ES425,Toledo,2003,e0,80.51756340287199,80.56062700000001,743165,200k-1M,-0.04306359712802532
total,ES425,Toledo,2003,e65,19.18352391503132,19.229029999999998,743165,200k-1M,-0.045506084968678806
total,ES425,Toledo,2004,e0,81.00053454967238,81.05548799999998,743165,200k-1M,-0.05495345032760213
total,ES425,Toledo,2004,e65,19.525346917151197,19.585096999999998,743165,200k-1M,-0.0597500828488009
total,ES425,Toledo,2005,e0,80.8119486345982,80.81966500000001,743165,200k-1M,-0.007716365401819303
total,ES425,Toledo,2005,e65,19.58057630822009,19.58909,743165,200k-1M,-0.00851369177991046
total,ES425,Toledo,2006,e0,81.85212436222729,81.88276999999998,743165,200k-1M,-0.030645637772693135
total,ES425,Toledo,2006,e65,20.137879767214212,20.172444,743165,200k-1M,-0.034564232785786686
total,ES425,Toledo,2007,e0,81.27109856565744,81.308616,743165,200k-1M,-0.03751743434256127
total,ES425,Toledo,2007,e65,19.862441401070665,19.902656999999998,743165,200k-1M,-0.040215598929332685
total,ES425,Toledo,2008,e0,81.90642270009249,81.93878199999999,743165,200k-1M,-0.03235929990749753
total,ES425,Toledo,2008,e65,20.32896567553086,20.363155000000003,743165,200k-1M,-0.03418932446914269
total,ES425,Toledo,2009,e0,82.44729808227859,82.44326600000002,743165,200k-1M,0.004032082278570215
total,ES425,Toledo,2009,e65,20.604730248840507,20.598657,743165,200k-1M,0.006073248840507972
total,ES425,Toledo,2010,e0,82.80763889717018,82.825025,743165,200k-1M,-0.017386102829817673
total,ES425,Toledo,2010,e65,20.867841515966653,20.885343999999996,743165,200k-1M,-0.017502484033343535
total,ES425,Toledo,2011,e0,83.22765512845925,83.207987,743165,200k-1M,0.01966812845924437
total,ES425,Toledo,2011,e65,20.95107206018187,20.929126999999998,743165,200k-1M,0.0219450601818707
total,ES425,Toledo,2012,e0,83.1776547412847,83.17847399999998,743165,200k-1M,-8.192587152819897e-4
total,ES425,Toledo,2012,e65,21.082265905548358,21.082565,743165,200k-1M,-2.9909445164122417e-4
total,ES425,Toledo,2013,e0,83.48082224242606,83.46199700000001,743165,200k-1M,0.018825242426046884
total,ES425,Toledo,2013,e65,21.491668300768858,21.470291999999997,743165,200k-1M,0.021376300768860546
total,ES425,Toledo,2014,e0,83.80728017196046,83.800959,743165,200k-1M,0.006321171960451011
total,ES425,Toledo,2014,e65,21.650867254218,21.642598,743165,200k-1M,0.008269254217999844
total,ES425,Toledo,2015,e0,83.17430045850693,83.14432900000001,743165,200k-1M,0.029971458506921067
total,ES425,Toledo,2015,e65,21.137535708189542,21.1029,743165,200k-1M,0.03463570818954054
total,ES425,Toledo,2016,e0,83.54609944308264,83.55049799999999,743165,200k-1M,-0.0043985569173514705
total,ES425,Toledo,2016,e65,21.420103789234204,21.425382999999997,743165,200k-1M,-0.005279210765792186
total,ES425,Toledo,2017,e0,82.82537147229776,82.80513699999999,743165,200k-1M,0.020234472297772754
total,ES425,Toledo,2017,e65,20.912263620646875,20.889315,743165,200k-1M,0.02294862064687564
total,ES425,Toledo,2018,e0,83.67021452518867,83.64726300000002,743165,200k-1M,0.022951525188645405
total,ES425,Toledo,2018,e65,21.297759065627737,21.270438,743165,200k-1M,0.027321065627738506
total,ES425,Toledo,2019,e0,83.8261778021037,83.785618,743165,200k-1M,0.040559802103700804
total,ES425,Toledo,2019,e65,21.662167696214123,21.616166000000003,743165,200k-1M,0.04600169621411965
total,ES425,Toledo,2020,e0,81.54234718215834,81.562533,743165,200k-1M,-0.02018581784166429
total,ES425,Toledo,2020,e65,19.454177175030132,19.476869,743165,200k-1M,-0.022691824969868435
total,ES425,Toledo,2021,e0,82.98274648813754,82.96390000000001,743165,200k-1M,0.018846488137526762
total,ES425,Toledo,2021,e65,20.92532447484178,20.903854000000003,743165,200k-1M,0.02147047484177733
total,ES425,Toledo,2022,e0,83.81066650473242,83.766334,743165,200k-1M,0.04433250473242367
total,ES425,Toledo,2022,e65,21.585546148155537,21.535917,743165,200k-1M,0.04962914815553532
total,ES425,Toledo,2023,e0,84.34455082988961,84.285605,743165,200k-1M,0.05894582988960906
total,ES425,Toledo,2023,e65,22.046991164648798,21.980729999999994,743165,200k-1M,0.06626116464880383
total,ES425,Toledo,2024,e0,84.42273290948674,84.335673,743165,200k-1M,0.08705990948674014
total,ES425,Toledo,2024,e65,21.994361982276416,21.899476,743165,200k-1M,0.09488598227641631
total,ES431,Badajoz,2002,e0,78.88783100851093,78.885668,666029,200k-1M,0.0021630085109336505
total,ES431,Badajoz,2002,e65,18.132887873671983,18.127754000000003,666029,200k-1M,0.005133873671979927
total,ES431,Badajoz,2003,e0,78.7163483889906,78.766006,666029,200k-1M,-0.04965761100940824
total,ES431,Badajoz,2003,e65,18.005297907338537,18.059275000000003,666029,200k-1M,-0.053977092661465775
total,ES431,Badajoz,2004,e0,79.532090809625,79.552674,666029,200k-1M,-0.020583190374992455
total,ES431,Badajoz,2004,e65,18.68799848333554,18.70957,666029,200k-1M,-0.021571516664458557
total,ES431,Badajoz,2005,e0,79.19978783297753,79.21723800000001,666029,200k-1M,-0.01745016702247426
total,ES431,Badajoz,2005,e65,18.148666181215997,18.165412999999997,666029,200k-1M,-0.016746818784000084
total,ES431,Badajoz,2006,e0,79.90259741479284,79.912346,666029,200k-1M,-0.009748585207162819
total,ES431,Badajoz,2006,e65,18.9090207604978,18.916583,666029,200k-1M,-0.007562239502199475
total,ES431,Badajoz,2007,e0,80.23928298986111,80.27250599999999,666029,200k-1M,-0.03322301013888307
total,ES431,Badajoz,2007,e65,18.99789004493944,19.033484,666029,200k-1M,-0.03559395506056262
total,ES431,Badajoz,2008,e0,80.5448297720921,80.60208799999998,666029,200k-1M,-0.057258227907880155
total,ES431,Badajoz,2008,e65,19.29862306019518,19.362325999999996,666029,200k-1M,-0.06370293980481634
total,ES431,Badajoz,2009,e0,80.51828445042354,80.519342,666029,200k-1M,-0.0010575495764584275
total,ES431,Badajoz,2009,e65,19.28368914878974,19.281803,666029,200k-1M,0.0018861487897403606
total,ES431,Badajoz,2010,e0,80.66318262336563,80.68742900000001,666029,200k-1M,-0.02424637663438034
total,ES431,Badajoz,2010,e65,19.412443229741623,19.437431999999998,666029,200k-1M,-0.02498877025837487
total,ES431,Badajoz,2011,e0,81.40606435873754,81.41525400000002,666029,200k-1M,-0.009189641262480563
total,ES431,Badajoz,2011,e65,19.890099518808153,19.900153,666029,200k-1M,-0.010053481191846458
total,ES431,Badajoz,2012,e0,81.0216210378257,81.045292,666029,200k-1M,-0.02367096217430742
total,ES431,Badajoz,2012,e65,19.6287202569695,19.653952000000004,666029,200k-1M,-0.025231743030502685
total,ES431,Badajoz,2013,e0,81.51226333411763,81.54164500000002,666029,200k-1M,-0.02938166588238289
total,ES431,Badajoz,2013,e65,19.964393695680474,19.996374,666029,200k-1M,-0.03198030431952503
total,ES431,Badajoz,2014,e0,81.82074092429127,81.800207,666029,200k-1M,0.020533924291271433
total,ES431,Badajoz,2014,e65,20.13673748220543,20.113811000000005,666029,200k-1M,0.022926482205424037
total,ES431,Badajoz,2015,e0,81.71311886215442,81.69937099999999,666029,200k-1M,0.0137478621544318
total,ES431,Badajoz,2015,e65,19.938413862694897,19.920527999999997,666029,200k-1M,0.017885862694900112
total,ES431,Badajoz,2016,e0,81.96314431982947,81.95771,666029,200k-1M,0.005434319829461742
total,ES431,Badajoz,2016,e65,20.18923259050459,20.181841000000002,666029,200k-1M,0.007391590504589374
total,ES431,Badajoz,2017,e0,82.07111404613747,82.08953199999999,666029,200k-1M,-0.018417953862524428
total,ES431,Badajoz,2017,e65,20.196561022793755,20.215725999999997,666029,200k-1M,-0.019164977206241218
total,ES431,Badajoz,2018,e0,82.25231506626717,82.25719300000002,666029,200k-1M,-0.004877933732842621
total,ES431,Badajoz,2018,e65,20.238949269932228,20.242905,666029,200k-1M,-0.0039557300677728335
total,ES431,Badajoz,2019,e0,82.41805472749822,82.431531,666029,200k-1M,-0.013476272501790731
total,ES431,Badajoz,2019,e65,20.590422217082743,20.60361,666029,200k-1M,-0.01318778291725664
total,ES431,Badajoz,2020,e0,81.87818469404777,81.89577299999999,666029,200k-1M,-0.017588305952216388
total,ES431,Badajoz,2020,e65,19.925471907528653,19.943532999999995,666029,200k-1M,-0.018061092471342022
total,ES431,Badajoz,2021,e0,81.90494559527173,81.88833999999999,666029,200k-1M,0.016605595271741436
total,ES431,Badajoz,2021,e65,20.013418977610733,19.993691999999996,666029,200k-1M,0.019726977610737606
total,ES431,Badajoz,2022,e0,82.2403996001538,82.28758400000001,666029,200k-1M,-0.04718439984621625
total,ES431,Badajoz,2022,e65,20.230849537515514,20.281046999999997,666029,200k-1M,-0.050197462484483424
total,ES431,Badajoz,2023,e0,82.91354799622239,82.90046300000002,666029,200k-1M,0.013084996222374912
total,ES431,Badajoz,2023,e65,20.95088192941199,20.935598999999996,666029,200k-1M,0.015282929411995383
total,ES431,Badajoz,2024,e0,82.84366216736959,82.83294699999999,666029,200k-1M,0.010715167369596656
total,ES431,Badajoz,2024,e65,20.98516620041362,20.972299999999997,666029,200k-1M,0.012866200413622408
total,ES432,Caceres,2002,e0,80.14404492441263,80.13082999999999,388652,200k-1M,0.01321492441263672
total,ES432,Caceres,2002,e65,19.252000779864208,19.233175000000003,388652,200k-1M,0.01882577986420486
total,ES432,Caceres,2003,e0,79.39236406504041,79.42804,388652,200k-1M,-0.035675934959584765
total,ES432,Caceres,2003,e65,18.683065180628056,18.723688,388652,200k-1M,-0.040622819371943564
total,ES432,Caceres,2004,e0,80.16453222371668,80.18939699999999,388652,200k-1M,-0.024864776283308743
total,ES432,Caceres,2004,e65,19.451294584641918,19.478126999999997,388652,200k-1M,-0.02683241535807923
total,ES432,Caceres,2005,e0,80.17076500412536,80.169853,388652,200k-1M,9.120041253538602e-4
total,ES432,Caceres,2005,e65,19.218834203940663,19.214474000000003,388652,200k-1M,0.004360203940660057
total,ES432,Caceres,2006,e0,81.1899146126573,81.19895799999999,388652,200k-1M,-0.00904338734268606
total,ES432,Caceres,2006,e65,19.954545087820872,19.964653,388652,200k-1M,-0.010107912179126544
total,ES432,Caceres,2007,e0,80.74584524787211,80.730836,388652,200k-1M,0.015009247872114884
total,ES432,Caceres,2007,e65,19.831509079306326,19.812102,388652,200k-1M,0.019407079306326125
total,ES432,Caceres,2008,e0,81.68272022961614,81.690059,388652,200k-1M,-0.007338770383867654
total,ES432,Caceres,2008,e65,20.193952373298945,20.202263,388652,200k-1M,-0.008310626701053536
total,ES432,Caceres,2009,e0,81.87545727008165,81.86174799999999,388652,200k-1M,0.01370927008166234
total,ES432,Caceres,2009,e65,20.137661504556583,20.122777,388652,200k-1M,0.014884504556583522
total,ES432,Caceres,2010,e0,81.97343937273048,81.990788,388652,200k-1M,-0.017348627269512917
total,ES432,Caceres,2010,e65,20.487346991369495,20.503743999999998,388652,200k-1M,-0.016397008630502086
total,ES432,Caceres,2011,e0,82.22323874532186,82.18650099999999,388652,200k-1M,0.03673774532187224
total,ES432,Caceres,2011,e65,20.855777627731356,20.812663,388652,200k-1M,0.04311462773135588
total,ES432,Caceres,2012,e0,81.99947729593582,82.00576,388652,200k-1M,-0.006282704064176414
total,ES432,Caceres,2012,e65,20.34107011313052,20.345623999999997,388652,200k-1M,-0.004553886869476997
total,ES432,Caceres,2013,e0,82.35217860558092,82.337844,388652,200k-1M,0.014334605580913262
total,ES432,Caceres,2013,e65,20.589289524920257,20.571477,388652,200k-1M,0.017812524920255868
total,ES432,Caceres,2014,e0,83.2464237103268,83.20892400000001,388652,200k-1M,0.03749971032678445
total,ES432,Caceres,2014,e65,21.276558338707893,21.234295000000003,388652,200k-1M,0.04226333870789034
total,ES432,Caceres,2015,e0,82.52096116537416,82.54102500000002,388652,200k-1M,-0.02006383462585859
total,ES432,Caceres,2015,e65,20.621358487435074,20.640411999999998,388652,200k-1M,-0.01905351256492338
total,ES432,Caceres,2016,e0,82.86228693258616,82.81954400000001,388652,200k-1M,0.04274293258615103
total,ES432,Caceres,2016,e65,20.96413101737568,20.913581,388652,200k-1M,0.05055001737568077
total,ES432,Caceres,2017,e0,82.50929037088282,82.46601100000001,388652,200k-1M,0.043279370882814305
total,ES432,Caceres,2017,e65,20.82269965016603,20.772615,388652,200k-1M,0.05008465016603125
total,ES432,Caceres,2018,e0,82.92780728068335,82.876914,388652,200k-1M,0.05089328068335419
total,ES432,Caceres,2018,e65,21.227991914926207,21.169544,388652,200k-1M,0.05844791492620871
total,ES432,Caceres,2019,e0,83.52615498770787,83.47304,388652,200k-1M,0.05311498770787182
total,ES432,Caceres,2019,e65,21.468176913951332,21.409063,388652,200k-1M,0.059113913951332364
total,ES432,Caceres,2020,e0,81.71251759702287,81.716277,388652,200k-1M,-0.003759402977138393
total,ES432,Caceres,2020,e65,19.777732399780135,19.779483,388652,200k-1M,-0.0017506002198643955
total,ES432,Caceres,2021,e0,82.66951044144265,82.62382699999999,388652,200k-1M,0.04568344144266234
total,ES432,Caceres,2021,e65,20.93238979923804,20.8785,388652,200k-1M,0.05388979923804271
total,ES432,Caceres,2022,e0,82.53094424133666,82.52726500000001,388652,200k-1M,0.0036792413366413257
total,ES432,Caceres,2022,e65,20.687983778881165,20.680838,388652,200k-1M,0.0071457788811635226
total,ES432,Caceres,2023,e0,83.34979949605332,83.283807,388652,200k-1M,0.06599249605332602
total,ES432,Caceres,2023,e65,21.41022099553729,21.336774000000002,388652,200k-1M,0.07344699553728873
total,ES432,Caceres,2024,e0,83.68084185513294,83.62180099999999,388652,200k-1M,0.05904085513294888
total,ES432,Caceres,2024,e65,21.597068525410116,21.53154,388652,200k-1M,0.06552852541011589
total,ES511,Barcelona,2002,e0,80.13254096177329,80.15348799999998,5877672,>1M,-0.020947038226694303
total,ES511,Barcelona,2002,e65,19.11019290907572,19.132237,5877672,>1M,-0.022044090924278947
total,ES511,Barcelona,2003,e0,80.00793876023299,80.05293599999999,5877672,>1M,-0.04499723976699954
total,ES511,Barcelona,2003,e65,18.938363869552852,18.988003999999997,5877672,>1M,-0.04964013044714477
total,ES511,Barcelona,2004,e0,80.72769206220738,80.740488,5877672,>1M,-0.012795937792617451
total,ES511,Barcelona,2004,e65,19.580271667817172,19.593635999999996,5877672,>1M,-0.013364332182824512
total,ES511,Barcelona,2005,e0,80.5294844105269,80.540842,5877672,>1M,-0.011357589473092844
total,ES511,Barcelona,2005,e65,19.267058153772872,19.27776,5877672,>1M,-0.010701846227128442
total,ES511,Barcelona,2006,e0,81.37001414771406,81.37801199999998,5877672,>1M,-0.007997852285924978
total,ES511,Barcelona,2006,e65,19.993200559331374,20.000715999999997,5877672,>1M,-0.007515440668623086
total,ES511,Barcelona,2007,e0,81.38754257094018,81.40247699999999,5877672,>1M,-0.014934429059806575
total,ES511,Barcelona,2007,e65,19.930241047007218,19.945181999999996,5877672,>1M,-0.014940952992777312
total,ES511,Barcelona,2008,e0,81.67501946030819,81.68838199999998,5877672,>1M,-0.013362539691783581
total,ES511,Barcelona,2008,e65,20.20650878214588,20.220267,5877672,>1M,-0.013758217854118016
total,ES511,Barcelona,2009,e0,81.97798053771336,81.97539599999999,5877672,>1M,0.002584537713374857
total,ES511,Barcelona,2009,e65,20.411352949477372,20.407166,5877672,>1M,0.004186949477372082
total,ES511,Barcelona,2010,e0,82.36343853334931,82.34405300000002,5877672,>1M,0.019385533349293382
total,ES511,Barcelona,2010,e65,20.713600541011058,20.690765000000003,5877672,>1M,0.022835541011055227
total,ES511,Barcelona,2011,e0,82.65310809126377,82.657143,5877672,>1M,-0.004034908736230136
total,ES511,Barcelona,2011,e65,20.914656746096814,20.917651000000003,5877672,>1M,-0.0029942539031893034
total,ES511,Barcelona,2012,e0,82.56630938900953,82.57134699999999,5877672,>1M,-0.005037610990456187
total,ES511,Barcelona,2012,e65,20.763162951798538,20.767442999999997,5877672,>1M,-0.004280048201458442
total,ES511,Barcelona,2013,e0,83.07742156397401,83.063092,5877672,>1M,0.014329563974015969
total,ES511,Barcelona,2013,e65,21.150117964828677,21.132839,5877672,>1M,0.017278964828676635
total,ES511,Barcelona,2014,e0,83.29181306643062,83.27412400000001,5877672,>1M,0.01768906643060575
total,ES511,Barcelona,2014,e65,21.357240093826938,21.336548999999998,5877672,>1M,0.020691093826940232
total,ES511,Barcelona,2015,e0,83.23490014992967,83.232556,5877672,>1M,0.00234414992966947
total,ES511,Barcelona,2015,e65,21.187072893967507,21.183501999999997,5877672,>1M,0.0035708939675096474
total,ES511,Barcelona,2016,e0,83.54698859094128,83.527313,5877672,>1M,0.0196755909412758
total,ES511,Barcelona,2016,e65,21.457025088839398,21.434365000000003,5877672,>1M,0.022660088839394632
total,ES511,Barcelona,2017,e0,83.4176841866136,83.397917,5877672,>1M,0.019767186613592003
total,ES511,Barcelona,2017,e65,21.299401592193135,21.277055000000004,5877672,>1M,0.022346592193130732
total,ES511,Barcelona,2018,e0,83.56993077635782,83.54413300000002,5877672,>1M,0.025797776357805446
total,ES511,Barcelona,2018,e65,21.45855637370297,21.429277,5877672,>1M,0.029279373702969735
total,ES511,Barcelona,2019,e0,84.05806289299625,84.00974199999999,5877672,>1M,0.048320892996258635
total,ES511,Barcelona,2019,e65,21.854449668164076,21.801217,5877672,>1M,0.05323266816407468
total,ES511,Barcelona,2020,e0,82.20104524761591,82.218441,5877672,>1M,-0.017395752384089747
total,ES511,Barcelona,2020,e65,20.11602007406952,20.134306000000002,5877672,>1M,-0.018285925930481284
total,ES511,Barcelona,2021,e0,83.52473142300353,83.48410200000001,5877672,>1M,0.0406294230035229
total,ES511,Barcelona,2021,e65,21.391249290433013,21.345924,5877672,>1M,0.04532529043301281
total,ES511,Barcelona,2022,e0,83.68475952913478,83.68523699999999,5877672,>1M,-4.774708652064419e-4
total,ES511,Barcelona,2022,e65,21.473493681151794,21.47348,5877672,>1M,1.3681151795452706e-5
total,ES511,Barcelona,2023,e0,84.18818357816909,84.152215,5877672,>1M,0.03596857816908994
total,ES511,Barcelona,2023,e65,21.940256404325325,21.900463,5877672,>1M,0.03979340432532652
total,ES511,Barcelona,2024,e0,84.47627731672516,84.44599500000001,5877672,>1M,0.030282316725148917
total,ES511,Barcelona,2024,e65,22.154905539808354,22.121442,5877672,>1M,0.03346353980835559
total,ES512,Girona,2002,e0,79.87736443207908,79.88889599999999,821108,200k-1M,-0.011531567920911812
total,ES512,Girona,2002,e65,19.16866988304092,19.177896000000004,821108,200k-1M,-0.009226116959084152
total,ES512,Girona,2003,e0,80.00474735691408,80.026434,821108,200k-1M,-0.02168664308591417
total,ES512,Girona,2003,e65,19.100999692817396,19.123327,821108,200k-1M,-0.022327307182603562
total,ES512,Girona,2004,e0,80.55927851836576,80.568065,821108,200k-1M,-0.008786481634246002
total,ES512,Girona,2004,e65,19.543158120784504,19.551142,821108,200k-1M,-0.007983879215494483
total,ES512,Girona,2005,e0,80.60557946424476,80.619722,821108,200k-1M,-0.014142535755240715
total,ES512,Girona,2005,e65,19.462822765522635,19.477639999999997,821108,200k-1M,-0.014817234477362717
total,ES512,Girona,2006,e0,81.40395825807863,81.391132,821108,200k-1M,0.01282625807863269
total,ES512,Girona,2006,e65,20.067972040555055,20.050939,821108,200k-1M,0.017033040555055834
total,ES512,Girona,2007,e0,81.53420345194546,81.55694,821108,200k-1M,-0.02273654805453873
total,ES512,Girona,2007,e65,20.103799241629254,20.128473,821108,200k-1M,-0.024673758370745702
total,ES512,Girona,2008,e0,81.75791525536927,81.759851,821108,200k-1M,-0.001935744630728209
total,ES512,Girona,2008,e65,20.195326578597058,20.193827000000002,821108,200k-1M,0.0014995785970555175
total,ES512,Girona,2009,e0,81.85472463862213,81.841992,821108,200k-1M,0.012732638622125592
total,ES512,Girona,2009,e65,20.381765704772633,20.364448999999997,821108,200k-1M,0.017316704772635916
total,ES512,Girona,2010,e0,82.2731986058102,82.25221,821108,200k-1M,0.020988605810188687
total,ES512,Girona,2010,e65,20.64152661563927,20.617054000000007,821108,200k-1M,0.02447261563926162
total,ES512,Girona,2011,e0,82.60319119263421,82.58183,821108,200k-1M,0.021361192634216764
total,ES512,Girona,2011,e65,21.035332612206023,21.009479,821108,200k-1M,0.025853612206024223
total,ES512,Girona,2012,e0,82.34444729857424,82.352251,821108,200k-1M,-0.007803701425757481
total,ES512,Girona,2012,e65,20.608711427503753,20.615974000000005,821108,200k-1M,-0.007262572496252062
total,ES512,Girona,2013,e0,83.02931404042477,83.00347699999999,821108,200k-1M,0.025837040424775637
total,ES512,Girona,2013,e65,21.161404935298656,21.132897000000003,821108,200k-1M,0.028507935298652143
total,ES512,Girona,2014,e0,82.89616594339496,82.85647099999998,821108,200k-1M,0.039694943394977145
total,ES512,Girona,2014,e65,21.091956671660334,21.046024,821108,200k-1M,0.04593267166033499
total,ES512,Girona,2015,e0,82.75261189837663,82.74414700000001,821108,200k-1M,0.008464898376615793
total,ES512,Girona,2015,e65,20.9921061304118,20.980502999999995,821108,200k-1M,0.011603130411803164
total,ES512,Girona,2016,e0,83.32750602926497,83.29495700000001,821108,200k-1M,0.032549029264956175
total,ES512,Girona,2016,e65,21.405295431084795,21.368032999999997,821108,200k-1M,0.03726243108479821
total,ES512,Girona,2017,e0,83.17297892265259,83.12484599999999,821108,200k-1M,0.04813292265259861
total,ES512,Girona,2017,e65,21.19065124633438,21.13653,821108,200k-1M,0.05412124633437898
total,ES512,Girona,2018,e0,83.16189940682695,83.13360300000001,821108,200k-1M,0.028296406826939347
total,ES512,Girona,2018,e65,21.20568515972086,21.173272,821108,200k-1M,0.03241315972086056
total,ES512,Girona,2019,e0,83.19115284031376,83.147992,821108,200k-1M,0.04316084031376022
total,ES512,Girona,2019,e65,21.332768040605334,21.283004,821108,200k-1M,0.04976404060533568
total,ES512,Girona,2020,e0,82.61998751089429,82.62880599999998,821108,200k-1M,-0.008818489105692606
total,ES512,Girona,2020,e65,20.660938379800985,20.67024,821108,200k-1M,-0.009301620199014593
total,ES512,Girona,2021,e0,83.05033732828653,83.018404,821108,200k-1M,0.031933328286527285
total,ES512,Girona,2021,e65,21.055748689008535,21.018335,821108,200k-1M,0.03741368900853459
total,ES512,Girona,2022,e0,83.01541857685766,83.02462200000001,821108,200k-1M,-0.009203423142352563
total,ES512,Girona,2022,e65,21.166795710734025,21.175145999999998,821108,200k-1M,-0.008350289265973032
total,ES512,Girona,2023,e0,83.51832853828925,83.503232,821108,200k-1M,0.0150965382892565
total,ES512,Girona,2023,e65,21.608665635926634,21.590757,821108,200k-1M,0.017908635926634275
total,ES512,Girona,2024,e0,83.82280073193593,83.827507,821108,200k-1M,-0.004706268064069263
total,ES512,Girona,2024,e65,21.805125438722293,21.808083,821108,200k-1M,-0.002957561277707299
total,ES513,Lleida,2002,e0,79.54063359101639,79.551821,451707,200k-1M,-0.011187408983616365
total,ES513,Lleida,2002,e65,19.004522780327378,19.014339,451707,200k-1M,-0.00981621967262214
total,ES513,Lleida,2003,e0,79.6811917149938,79.71702300000003,451707,200k-1M,-0.03583128500622479
total,ES513,Lleida,2003,e65,19.063747861017998,19.102741999999996,451707,200k-1M,-0.038994138981998105
total,ES513,Lleida,2004,e0,80.05011469829927,80.05378599999999,451707,200k-1M,-0.0036713017007201643
total,ES513,Lleida,2004,e65,19.74512822798609,19.747783,451707,200k-1M,-0.002654772013908513
total,ES513,Lleida,2005,e0,80.13859995328862,80.1469,451707,200k-1M,-0.008300046711383402
total,ES513,Lleida,2005,e65,19.26857381411457,19.278014,451707,200k-1M,-0.00944018588542761
total,ES513,Lleida,2006,e0,80.85723091702326,80.87889899999999,451707,200k-1M,-0.021668082976731284
total,ES513,Lleida,2006,e65,20.008675230788644,20.030067000000003,451707,200k-1M,-0.02139176921135899
total,ES513,Lleida,2007,e0,80.85411313473016,80.879409,451707,200k-1M,-0.025295865269839624
total,ES513,Lleida,2007,e65,20.06837382207089,20.094872000000002,451707,200k-1M,-0.026498177929113353
total,ES513,Lleida,2008,e0,81.60058765072077,81.630514,451707,200k-1M,-0.02992634927923632
total,ES513,Lleida,2008,e65,20.184610609425132,20.21539,451707,200k-1M,-0.03077939057486745
total,ES513,Lleida,2009,e0,81.73673627300634,81.755285,451707,200k-1M,-0.018548726993657283
total,ES513,Lleida,2009,e65,20.409454847222534,20.428342999999995,451707,200k-1M,-0.018888152777460476
total,ES513,Lleida,2010,e0,81.81680487066664,81.804674,451707,200k-1M,0.012130870666638316
total,ES513,Lleida,2010,e65,20.617864685058077,20.603198000000003,451707,200k-1M,0.014666685058074336
total,ES513,Lleida,2011,e0,82.07219750587704,82.080054,451707,200k-1M,-0.007856494122961521
total,ES513,Lleida,2011,e65,20.724965589079737,20.731917000000003,451707,200k-1M,-0.006951410920265744
total,ES513,Lleida,2012,e0,82.4229705325358,82.43954000000001,451707,200k-1M,-0.016569467464208287
total,ES513,Lleida,2012,e65,20.74166294282964,20.757501,451707,200k-1M,-0.015838057170359576
total,ES513,Lleida,2013,e0,82.65897186809137,82.60627099999999,451707,200k-1M,0.052700868091378084
total,ES513,Lleida,2013,e65,21.17253946702221,21.113235000000003,451707,200k-1M,0.059304467022208485
total,ES513,Lleida,2014,e0,82.9504119525565,82.923087,451707,200k-1M,0.027324952556497806
total,ES513,Lleida,2014,e65,21.14105939234467,21.109050000000003,451707,200k-1M,0.0320093923446656
total,ES513,Lleida,2015,e0,82.78157035527597,82.786507,451707,200k-1M,-0.004936644724025996
total,ES513,Lleida,2015,e65,20.886101696971586,20.888135,451707,200k-1M,-0.0020333030284120923
total,ES513,Lleida,2016,e0,83.49010001222845,83.441387,451707,200k-1M,0.04871301222844693
total,ES513,Lleida,2016,e65,21.576586933353976,21.520658,451707,200k-1M,0.055928933353975196
total,ES513,Lleida,2017,e0,83.11641078848979,83.12158799999999,451707,200k-1M,-0.0051772115102011185
total,ES513,Lleida,2017,e65,21.201016003042415,21.204924000000002,451707,200k-1M,-0.00390799695758659
total,ES513,Lleida,2018,e0,83.17939723548487,83.14338,451707,200k-1M,0.03601723548487712
total,ES513,Lleida,2018,e65,21.225384525174803,21.185048,451707,200k-1M,0.040336525174804905
total,ES513,Lleida,2019,e0,83.54845786825973,83.530719,451707,200k-1M,0.017738868259726814
total,ES513,Lleida,2019,e65,21.650013925005922,21.627422,451707,200k-1M,0.022591925005922775
total,ES513,Lleida,2020,e0,82.24249154142564,82.27748,451707,200k-1M,-0.03498845857436095
total,ES513,Lleida,2020,e65,20.557305398515982,20.593268000000002,451707,200k-1M,-0.03596260148401953
total,ES513,Lleida,2021,e0,82.75699024505758,82.76399400000001,451707,200k-1M,-0.007003754942431328
total,ES513,Lleida,2021,e65,20.870179027631583,20.87759,451707,200k-1M,-0.007410972368418811
total,ES513,Lleida,2022,e0,83.03787955875784,83.01327900000001,451707,200k-1M,0.024600558757825297
total,ES513,Lleida,2022,e65,21.13389873985281,21.10562,451707,200k-1M,0.02827873985281215
total,ES513,Lleida,2023,e0,83.65223993661685,83.64685300000001,451707,200k-1M,0.005386936616844196
total,ES513,Lleida,2023,e65,21.772664998993672,21.765600999999997,451707,200k-1M,0.007063998993675824
total,ES513,Lleida,2024,e0,83.96727437875695,83.938238,451707,200k-1M,0.029036378756956083
total,ES513,Lleida,2024,e65,21.869969229494245,21.836638999999998,451707,200k-1M,0.03333022949424702
total,ES514,Tarragona,2002,e0,79.51243985063049,79.52783099999999,861744,200k-1M,-0.015391149369506252
total,ES514,Tarragona,2002,e65,18.923387976459935,18.940242999999995,861744,200k-1M,-0.016855023540060188
total,ES514,Tarragona,2003,e0,79.55261133654378,79.61038699999999,861744,200k-1M,-0.0577756634562121
total,ES514,Tarragona,2003,e65,18.941066516752407,19.003800000000002,861744,200k-1M,-0.06273348324759453
total,ES514,Tarragona,2004,e0,80.14658950852139,80.16360300000001,861744,200k-1M,-0.017013491478621745
total,ES514,Tarragona,2004,e65,19.23213207254,19.249612999999997,861744,200k-1M,-0.017480927459995854
total,ES514,Tarragona,2005,e0,80.01531163600421,80.038921,861744,200k-1M,-0.023609363995788613
total,ES514,Tarragona,2005,e65,19.054365077802995,19.077844000000002,861744,200k-1M,-0.023478922197007535
total,ES514,Tarragona,2006,e0,80.71943453371333,80.74355600000001,861744,200k-1M,-0.024121466286686655
total,ES514,Tarragona,2006,e65,19.792624430962825,19.818216,861744,200k-1M,-0.025591569037175077
total,ES514,Tarragona,2007,e0,80.92613181386554,80.92837999999999,861744,200k-1M,-0.0022481861344516574
total,ES514,Tarragona,2007,e65,19.760236996895564,19.762190999999998,861744,200k-1M,-0.0019540031044336104
total,ES514,Tarragona,2008,e0,81.114540720071,81.12519499999999,861744,200k-1M,-0.010654279928985488
total,ES514,Tarragona,2008,e65,20.01504023279037,20.024605,861744,200k-1M,-0.009564767209631952
total,ES514,Tarragona,2009,e0,81.46950224136988,81.49101600000002,861744,200k-1M,-0.02151375863013527
total,ES514,Tarragona,2009,e65,20.110644683195115,20.133255000000005,861744,200k-1M,-0.022610316804890118
total,ES514,Tarragona,2010,e0,81.98472512096515,81.99981300000002,861744,200k-1M,-0.015087879034865637
total,ES514,Tarragona,2010,e65,20.499795092438845,20.515503,861744,200k-1M,-0.015707907561154144
total,ES514,Tarragona,2011,e0,82.25828357144007,82.23708,861744,200k-1M,0.02120357144006846
total,ES514,Tarragona,2011,e65,20.52360228508847,20.498751,861744,200k-1M,0.02485128508847012
total,ES514,Tarragona,2012,e0,82.05788331941325,82.047778,861744,200k-1M,0.010105319413256098
total,ES514,Tarragona,2012,e65,20.545766281026193,20.531886000000004,861744,200k-1M,0.013880281026189323
total,ES514,Tarragona,2013,e0,82.53349344469382,82.515111,861744,200k-1M,0.018382444693813227
total,ES514,Tarragona,2013,e65,20.827373436571264,20.804975000000006,861744,200k-1M,0.022398436571258173
total,ES514,Tarragona,2014,e0,82.88650081228745,82.849986,861744,200k-1M,0.03651481228745013
total,ES514,Tarragona,2014,e65,21.169524718568308,21.126827000000002,861744,200k-1M,0.04269771856830573
total,ES514,Tarragona,2015,e0,82.53050623347347,82.51912400000002,861744,200k-1M,0.011382233473455017
total,ES514,Tarragona,2015,e65,20.73570547832352,20.722705999999995,861744,200k-1M,0.012999478323525437
total,ES514,Tarragona,2016,e0,82.86003771126774,82.830689,861744,200k-1M,0.029348711267729755
total,ES514,Tarragona,2016,e65,21.00629743511865,20.971425999999997,861744,200k-1M,0.03487143511865298
total,ES514,Tarragona,2017,e0,83.05117641856567,83.030548,861744,200k-1M,0.02062841856567843
total,ES514,Tarragona,2017,e65,21.184841508595472,21.159933000000002,861744,200k-1M,0.02490850859546967
total,ES514,Tarragona,2018,e0,82.793559907778,82.756373,861744,200k-1M,0.037186907778007594
total,ES514,Tarragona,2018,e65,21.119098519721874,21.078219999999998,861744,200k-1M,0.040878519721875506
total,ES514,Tarragona,2019,e0,83.32766930229313,83.29609500000001,861744,200k-1M,0.03157430229312297
total,ES514,Tarragona,2019,e65,21.40691896128649,21.370623,861744,200k-1M,0.03629596128649126
total,ES514,Tarragona,2020,e0,82.2046209322648,82.203998,861744,200k-1M,6.229322648039215e-4
total,ES514,Tarragona,2020,e65,20.444752726795702,20.443132999999996,861744,200k-1M,0.0016197267957061001
total,ES514,Tarragona,2021,e0,82.98240733021933,82.93959600000001,861744,200k-1M,0.042811330219322485
total,ES514,Tarragona,2021,e65,21.018749960309552,20.970788999999996,861744,200k-1M,0.0479609603095561
total,ES514,Tarragona,2022,e0,82.82624012849635,82.856155,861744,200k-1M,-0.029914871503649465
total,ES514,Tarragona,2022,e65,21.015003613349123,21.046687,861744,200k-1M,-0.03168338665087589
total,ES514,Tarragona,2023,e0,83.25330118908441,83.23645400000001,861744,200k-1M,0.016847189084401748
total,ES514,Tarragona,2023,e65,21.32026288976542,21.299578,861744,200k-1M,0.02068488976541971
total,ES514,Tarragona,2024,e0,83.3846575183472,83.380237,861744,200k-1M,0.0044205183472030285
total,ES514,Tarragona,2024,e65,21.453593858691157,21.44777,861744,200k-1M,0.005823858691158534
total,ES521,Alicante/Alacant,2002,e0,79.29405331130492,79.29166600000002,1993289,>1M,0.0023873113049006633
total,ES521,Alicante/Alacant,2002,e65,18.63086708841631,18.626186,1993289,>1M,0.004681088416308654
total,ES521,Alicante/Alacant,2003,e0,79.24811417747853,79.286016,1993289,>1M,-0.03790182252147645
total,ES521,Alicante/Alacant,2003,e65,18.526798341739774,18.567525,1993289,>1M,-0.040726658260226145
total,ES521,Alicante/Alacant,2004,e0,80.05294071061331,80.08462900000002,1993289,>1M,-0.031688289386707424
total,ES521,Alicante/Alacant,2004,e65,19.010347025929185,19.043481999999997,1993289,>1M,-0.03313497407081201
total,ES521,Alicante/Alacant,2005,e0,80.03297784839019,80.05160300000001,1993289,>1M,-0.018625151609825252
total,ES521,Alicante/Alacant,2005,e65,19.12644670018083,19.146106,1993289,>1M,-0.01965929981917114
total,ES521,Alicante/Alacant,2006,e0,80.844816150859,80.846046,1993289,>1M,-0.0012298491409978851
total,ES521,Alicante/Alacant,2006,e65,19.7198581075804,19.719537,1993289,>1M,3.211075804010477e-4
total,ES521,Alicante/Alacant,2007,e0,80.91757397324922,80.92075,1993289,>1M,-0.003176026750779215
total,ES521,Alicante/Alacant,2007,e65,19.750522383226702,19.752789999999997,1993289,>1M,-0.0022676167732953445
total,ES521,Alicante/Alacant,2008,e0,81.24572228217727,81.26214,1993289,>1M,-0.01641771782273338
total,ES521,Alicante/Alacant,2008,e65,19.971396980341417,19.988478999999995,1993289,>1M,-0.017082019658577252
total,ES521,Alicante/Alacant,2009,e0,81.9446215755516,81.91189000000001,1993289,>1M,0.032731575551579795
total,ES521,Alicante/Alacant,2009,e65,20.28954968350044,20.251824000000003,1993289,>1M,0.0377256835004367
total,ES521,Alicante/Alacant,2010,e0,82.08170636664518,82.08887399999999,1993289,>1M,-0.007167633354811187
total,ES521,Alicante/Alacant,2010,e65,20.38369995023776,20.390104,1993289,>1M,-0.006404049762242181
total,ES521,Alicante/Alacant,2011,e0,82.19076559794611,82.173559,1993289,>1M,0.01720659794611379
total,ES521,Alicante/Alacant,2011,e65,20.58615010921447,20.565275,1993289,>1M,0.02087510921446878
total,ES521,Alicante/Alacant,2012,e0,81.99411366698568,81.99492500000002,1993289,>1M,-8.113330143402209e-4
total,ES521,Alicante/Alacant,2012,e65,20.34317089508597,20.342343999999997,1993289,>1M,8.268950859715574e-4
total,ES521,Alicante/Alacant,2013,e0,82.62856433857797,82.568276,1993289,>1M,0.06028833857797622
total,ES521,Alicante/Alacant,2013,e65,20.828028239318463,20.760191,1993289,>1M,0.06783723931846453
total,ES521,Alicante/Alacant,2014,e0,82.68069526344371,82.657579,1993289,>1M,0.023116263443711205
total,ES521,Alicante/Alacant,2014,e65,20.84397309201935,20.817550000000004,1993289,>1M,0.026423092019346228
total,ES521,Alicante/Alacant,2015,e0,82.50124913444073,82.506026,1993289,>1M,-0.004776865559279031
total,ES521,Alicante/Alacant,2015,e65,20.589435519160208,20.592557,1993289,>1M,-0.0031214808397912464
total,ES521,Alicante/Alacant,2016,e0,82.87928227546756,82.85111500000001,1993289,>1M,0.0281672754675526
total,ES521,Alicante/Alacant,2016,e65,21.01478881362392,20.982533999999994,1993289,>1M,0.03225481362392557
total,ES521,Alicante/Alacant,2017,e0,82.69334147339109,82.67653299999999,1993289,>1M,0.01680847339109448
total,ES521,Alicante/Alacant,2017,e65,20.824752980215603,20.804166000000002,1993289,>1M,0.020586980215600903
total,ES521,Alicante/Alacant,2018,e0,82.71689139524376,82.686204,1993289,>1M,0.030687395243759852
total,ES521,Alicante/Alacant,2018,e65,20.816569339696137,20.78192,1993289,>1M,0.034649339696137815
total,ES521,Alicante/Alacant,2019,e0,83.13967906109563,83.086237,1993289,>1M,0.05344206109563743
total,ES521,Alicante/Alacant,2019,e65,21.12244977858929,21.062641999999993,1993289,>1M,0.059807778589295424
total,ES521,Alicante/Alacant,2020,e0,82.4189600531037,82.41662500000002,1993289,>1M,0.0023350531036783195
total,ES521,Alicante/Alacant,2020,e65,20.549216150862826,20.545785999999996,1993289,>1M,0.0034301508628296062
total,ES521,Alicante/Alacant,2021,e0,82.22482740883063,82.20666500000002,1993289,>1M,0.01816240883061937
total,ES521,Alicante/Alacant,2021,e65,20.325504378376287,20.304199,1993289,>1M,0.021305378376286654
total,ES521,Alicante/Alacant,2022,e0,82.61058049724956,82.623859,1993289,>1M,-0.013278502750438292
total,ES521,Alicante/Alacant,2022,e65,20.77140585490477,20.784572999999998,1993289,>1M,-0.01316714509522754
total,ES521,Alicante/Alacant,2023,e0,83.25469625001645,83.21153400000001,1993289,>1M,0.04316225001643659
total,ES521,Alicante/Alacant,2023,e65,21.33701539988874,21.289265,1993289,>1M,0.04775039988874141
total,ES521,Alicante/Alacant,2024,e0,83.66532843930958,83.60546199999999,1993289,>1M,0.05986643930958735
total,ES521,Alicante/Alacant,2024,e65,21.535648490036497,21.469621999999994,1993289,>1M,0.06602649003650285
total,ES522,Castellon/Castello,2002,e0,79.24923371576774,79.29292600000001,615188,200k-1M,-0.043692284232264456
total,ES522,Castellon/Castello,2002,e65,18.600637767305102,18.647266000000002,615188,200k-1M,-0.04662823269489991
total,ES522,Castellon/Castello,2003,e0,79.29110981752527,79.346334,615188,200k-1M,-0.055224182474731265
total,ES522,Castellon/Castello,2003,e65,18.275159146363134,18.334829000000003,615188,200k-1M,-0.05966985363686916
total,ES522,Castellon/Castello,2004,e0,80.02973908959187,80.06765400000002,615188,200k-1M,-0.03791491040814776
total,ES522,Castellon/Castello,2004,e65,18.876808951690347,18.917275000000004,615188,200k-1M,-0.040466048309657054
total,ES522,Castellon/Castello,2005,e0,79.65595893784862,79.67519799999998,615188,200k-1M,-0.019239062151356734
total,ES522,Castellon/Castello,2005,e65,18.779801413451427,18.801283,615188,200k-1M,-0.021481586548574683
total,ES522,Castellon/Castello,2006,e0,80.41928445410419,80.459391,615188,200k-1M,-0.040106545895810086
total,ES522,Castellon/Castello,2006,e65,19.24704370865067,19.288899999999998,615188,200k-1M,-0.041856291349329666
total,ES522,Castellon/Castello,2007,e0,80.63855250497909,80.65875299999999,615188,200k-1M,-0.0202004950209016
total,ES522,Castellon/Castello,2007,e65,19.546962396547496,19.567970000000003,615188,200k-1M,-0.02100760345250663
total,ES522,Castellon/Castello,2008,e0,80.94226124121532,80.983992,615188,200k-1M,-0.04173075878468069
total,ES522,Castellon/Castello,2008,e65,19.556778199289226,19.601621,615188,200k-1M,-0.044842800710775066
total,ES522,Castellon/Castello,2009,e0,80.90619517346451,80.935512,615188,200k-1M,-0.02931682653549217
total,ES522,Castellon/Castello,2009,e65,19.723127682133722,19.754383,615188,200k-1M,-0.03125531786627889
total,ES522,Castellon/Castello,2010,e0,81.91722190186721,81.91007300000001,615188,200k-1M,0.007148901867196855
total,ES522,Castellon/Castello,2010,e65,20.215365752956515,20.206228999999997,615188,200k-1M,0.00913675295651828
total,ES522,Castellon/Castello,2011,e0,81.92043668815091,81.90712800000001,615188,200k-1M,0.013308688150900139
total,ES522,Castellon/Castello,2011,e65,20.31112541059828,20.295401,615188,200k-1M,0.015724410598281224
total,ES522,Castellon/Castello,2012,e0,82.47093768669224,82.476765,615188,200k-1M,-0.005827313307761983
total,ES522,Castellon/Castello,2012,e65,20.51524639237889,20.520368,615188,200k-1M,-0.005121607621109803
total,ES522,Castellon/Castello,2013,e0,82.43156470860856,82.42826500000001,615188,200k-1M,0.003299708608551555
total,ES522,Castellon/Castello,2013,e65,20.67079840572447,20.666181,615188,200k-1M,0.004617405724467005
total,ES522,Castellon/Castello,2014,e0,82.42593889208491,82.41176900000002,615188,200k-1M,0.014169892084893831
total,ES522,Castellon/Castello,2014,e65,20.640102693706,20.623614,615188,200k-1M,0.01648869370600181
total,ES522,Castellon/Castello,2015,e0,82.28752832216423,82.315961,615188,200k-1M,-0.02843267783576664
total,ES522,Castellon/Castello,2015,e65,20.40873319010195,20.438556,615188,200k-1M,-0.029822809898046643
total,ES522,Castellon/Castello,2016,e0,82.68748597614976,82.67696999999998,615188,200k-1M,0.010515976149775952
total,ES522,Castellon/Castello,2016,e65,20.796667210663678,20.785569999999996,615188,200k-1M,0.011097210663681523
total,ES522,Castellon/Castello,2017,e0,82.72387148865694,82.716727,615188,200k-1M,0.007144488656933845
total,ES522,Castellon/Castello,2017,e65,20.934878383411977,20.924972,615188,200k-1M,0.009906383411976805
total,ES522,Castellon/Castello,2018,e0,82.3961483213891,82.39962400000002,615188,200k-1M,-0.003475678610911359
total,ES522,Castellon/Castello,2018,e65,20.539910617088957,20.541850000000004,615188,200k-1M,-0.0019393829110470051
total,ES522,Castellon/Castello,2019,e0,82.87768071975772,82.830285,615188,200k-1M,0.04739571975771639
total,ES522,Castellon/Castello,2019,e65,21.088726368573134,21.034842,615188,200k-1M,0.053884368573132946
total,ES522,Castellon/Castello,2020,e0,82.71379198785938,82.703021,615188,200k-1M,0.010770987859373804
total,ES522,Castellon/Castello,2020,e65,20.78231888253677,20.769211999999996,615188,200k-1M,0.013106882536774833
total,ES522,Castellon/Castello,2021,e0,82.1459830349445,82.148165,615188,200k-1M,-0.0021819650554988357
total,ES522,Castellon/Castello,2021,e65,20.59904549766376,20.600215000000002,615188,200k-1M,-0.0011695023362428003
total,ES522,Castellon/Castello,2022,e0,82.53574714355945,82.56661400000002,615188,200k-1M,-0.030866856440567858
total,ES522,Castellon/Castello,2022,e65,20.815792150340396,20.848561,615188,200k-1M,-0.032768849659603916
total,ES522,Castellon/Castello,2023,e0,83.30197823917324,83.293482,615188,200k-1M,0.008496239173240383
total,ES522,Castellon/Castello,2023,e65,21.277594023861433,21.266622999999996,615188,200k-1M,0.01097102386143689
total,ES522,Castellon/Castello,2024,e0,83.3181978188865,83.267977,615188,200k-1M,0.050220818886501206
total,ES522,Castellon/Castello,2024,e65,21.546932336730244,21.490995,615188,200k-1M,0.05593733673024204
total,ES523,Valencia/Valencia,2002,e0,78.756524242502607,78.77504599999999,2710808,>1M,-0.01852175749738194
total,ES523,Valencia/Valencia,2002,e65,18.176273622814925,18.19511,2710808,>1M,-0.018836377185074582
total,ES523,Valencia/Valencia,2003,e0,78.773043008362,78.81493,2710808,>1M,-0.04188699163800891
total,ES523,Valencia/Valencia,2003,e65,18.017897490800586,18.063026999999998,2710808,>1M,-0.04512950919941261
total,ES523,Valencia/Valencia,2004,e0,79.5063292034549,79.540131,2710808,>1M,-0.033801796545105844
total,ES523,Valencia/Valencia,2004,e65,18.590920832088404,18.628415999999998,2710808,>1M,-0.037495167911593796
total,ES523,Valencia/Valencia,2005,e0,79.35463496970179,79.376954,2710808,>1M,-0.022319030298206144
total,ES523,Valencia/Valencia,2005,e65,18.4558071612461,18.478921,2710808,>1M,-0.023113838753900495
total,ES523,Valencia/Valencia,2006,e0,80.11142055634987,80.140628,2710808,>1M,-0.02920744365013661
total,ES523,Valencia/Valencia,2006,e65,19.069693182700078,19.101391000000003,2710808,>1M,-0.031697817299924935
total,ES523,Valencia/Valencia,2007,e0,80.11025422428979,80.130844,2710808,>1M,-0.02058977571020648
total,ES523,Valencia/Valencia,2007,e65,19.06906111982423,19.092995000000002,2710808,>1M,-0.023933880175771804
total,ES523,Valencia/Valencia,2008,e0,80.49947243414135,80.52126700000001,2710808,>1M,-0.0217945658586558
total,ES523,Valencia/Valencia,2008,e65,19.292854073470636,19.3164,2710808,>1M,-0.0235459265293656
total,ES523,Valencia/Valencia,2009,e0,80.89656424818527,80.905242,2710808,>1M,-0.008677751814730073
total,ES523,Valencia/Valencia,2009,e65,19.50663819557287,19.515165000000003,2710808,>1M,-0.008526804427134493
total,ES523,Valencia/Valencia,2010,e0,81.06718278281654,81.080853,2710808,>1M,-0.013670217183459954
total,ES523,Valencia/Valencia,2010,e65,19.794842203832747,19.808958000000004,2710808,>1M,-0.014115796167256889
total,ES523,Valencia/Valencia,2011,e0,81.40822033024756,81.42492900000002,2710808,>1M,-0.016708669752460992
total,ES523,Valencia/Valencia,2011,e65,19.879969941803797,19.898314,2710808,>1M,-0.01834405819620244
total,ES523,Valencia/Valencia,2012,e0,81.5797877293665,81.60636699999999,2710808,>1M,-0.026579270633490637
total,ES523,Valencia/Valencia,2012,e65,19.977265967350032,20.0061,2710808,>1M,-0.028834032649967867
total,ES523,Valencia/Valencia,2013,e0,82.19212346865454,82.181631,2710808,>1M,0.010492468654547338
total,ES523,Valencia/Valencia,2013,e65,20.45030852798089,20.4371,2710808,>1M,0.013208527980889784
total,ES523,Valencia/Valencia,2014,e0,82.19052214958441,82.190389,2710808,>1M,1.3314958441412728e-4
total,ES523,Valencia/Valencia,2014,e65,20.458885420672715,20.457708999999998,2710808,>1M,0.001176420672717171
total,ES523,Valencia/Valencia,2015,e0,81.94317881803384,81.955161,2710808,>1M,-0.011982181966160965
total,ES523,Valencia/Valencia,2015,e65,20.217122236171438,20.228558,2710808,>1M,-0.011435763828561818
total,ES523,Valencia/Valencia,2016,e0,82.30586142826299,82.309074999999993,2710808,>1M,-0.0032135717370067596
total,ES523,Valencia/Valencia,2016,e65,20.606175917934028,20.608198,2710808,>1M,-0.0020220820659737626
total,ES523,Valencia/Valencia,2017,e0,82.2659273457913,82.26487300000001,2710808,>1M,0.0010543457912888243
total,ES523,Valencia/Valencia,2017,e65,20.427951281721004,20.426355,2710808,>1M,0.0015962817210031233
total,ES523,Valencia/Valencia,2018,e0,82.45853085556892,82.452821,2710808,>1M,0.005709855568923672
total,ES523,Valencia/Valencia,2018,e65,20.59681001575165,20.589175,2710808,>1M,0.007635015751649377
total,ES523,Valencia/Valencia,2019,e0,82.92065066004342,82.87800299999999,2710808,>1M,0.04264766004342846
total,ES523,Valencia/Valencia,2019,e65,20.9244846878675,20.876645999999997,2710808,>1M,0.04783868786750389
total,ES523,Valencia/Valencia,2020,e0,82.16317715003909,82.16465900000001,2710808,>1M,-0.0014818499609248192
total,ES523,Valencia/Valencia,2020,e65,20.34744037448148,20.348066,2710808,>1M,-6.256255185199677e-4
total,ES523,Valencia/Valencia,2021,e0,82.2465932730132,82.22112500000001,2710808,>1M,0.02546827301318899
total,ES523,Valencia/Valencia,2021,e65,20.39380507148024,20.364434,2710808,>1M,0.02937107148024154
total,ES523,Valencia/Valencia,2022,e0,82.32768169830167,82.339815,2710808,>1M,-0.012133301698327159
total,ES523,Valencia/Valencia,2022,e65,20.478884317478325,20.490841,2710808,>1M,-0.011956682521674367
total,ES523,Valencia/Valencia,2023,e0,82.99964952397109,82.96791000000002,2710808,>1M,0.03173952397106916
total,ES523,Valencia/Valencia,2023,e65,21.152595480336768,21.116053000000004,2710808,>1M,0.036542480336763106
total,ES523,Valencia/Valencia,2024,e0,83.3102591424638,83.278404,2710808,>1M,0.0318551424638116
total,ES523,Valencia/Valencia,2024,e65,21.44786454562449,21.412325,2710808,>1M,0.03553954562449135
total,ES532,"Balears, Illes",2002,e0,79.44493525154707,79.470068,1231768,>1M,-0.025132748452932674
total,ES532,"Balears, Illes",2002,e65,18.725300696273827,18.751008000000002,1231768,>1M,-0.025707303726175468
total,ES532,"Balears, Illes",2003,e0,79.75643766529446,79.77510099999999,1231768,>1M,-0.018663334705536272
total,ES532,"Balears, Illes",2003,e65,18.59364041064221,18.615564000000003,1231768,>1M,-0.021923589357793816
total,ES532,"Balears, Illes",2004,e0,80.24752926357377,80.265516,1231768,>1M,-0.017986736426237826
total,ES532,"Balears, Illes",2004,e65,19.15074231945708,19.171202,1231768,>1M,-0.020459680542920466
total,ES532,"Balears, Illes",2005,e0,80.31939614143089,80.333329,1231768,>1M,-0.013932858569120299
total,ES532,"Balears, Illes",2005,e65,19.211440982775628,19.226074,1231768,>1M,-0.014633017224372935
total,ES532,"Balears, Illes",2006,e0,80.84404831972371,80.85368199999999,1231768,>1M,-0.009633680276280643
total,ES532,"Balears, Illes",2006,e65,19.495522827650998,19.504493,1231768,>1M,-0.008970172349002326
total,ES532,"Balears, Illes",2007,e0,81.23845934552483,81.25802900000001,1231768,>1M,-0.01956965447517689
total,ES532,"Balears, Illes",2007,e65,19.833904857832035,19.854398000000003,1231768,>1M,-0.02049314216796816
total,ES532,"Balears, Illes",2008,e0,81.16475901087426,81.194881,1231768,>1M,-0.03012198912573183
total,ES532,"Balears, Illes",2008,e65,19.93982704910346,19.972361,1231768,>1M,-0.03253395089653921
total,ES532,"Balears, Illes",2009,e0,81.15092911089525,81.15333199999998,1231768,>1M,-0.002402889104729411
total,ES532,"Balears, Illes",2009,e65,19.837071467181417,19.838838000000003,1231768,>1M,-0.001766532818585631
total,ES532,"Balears, Illes",2010,e0,81.5964421480368,81.55853799999998,1231768,>1M,0.037904148036815855
total,ES532,"Balears, Illes",2010,e65,20.177942201662926,20.134868000000008,1231768,>1M,0.0430742016629182
total,ES532,"Balears, Illes",2011,e0,81.9471929175958,81.92943199999999,1231768,>1M,0.017760917595808223
total,ES532,"Balears, Illes",2011,e65,20.364828226654257,20.345346999999997,1231768,>1M,0.019481226654260553
total,ES532,"Balears, Illes",2012,e0,81.86084417832231,81.85075699999999,1231768,>1M,0.010087178322322643
total,ES532,"Balears, Illes",2012,e65,20.20728715737771,20.194248,1231768,>1M,0.013039157377708221
total,ES532,"Balears, Illes",2013,e0,82.57636215454464,82.562651,1231768,>1M,0.013711154544637338
total,ES532,"Balears, Illes",2013,e65,20.647885990652263,20.632002,1231768,>1M,0.01588399065226298
total,ES532,"Balears, Illes",2014,e0,82.62343802544093,82.599795,1231768,>1M,0.023643025440932774
total,ES532,"Balears, Illes",2014,e65,20.721034861266713,20.694542,1231768,>1M,0.02649286126671413
total,ES532,"Balears, Illes",2015,e0,82.30177837235263,82.28257599999999,1231768,>1M,0.019202372352637553
total,ES532,"Balears, Illes",2015,e65,20.341773614382753,20.320025,1231768,>1M,0.02174861438275144
total,ES532,"Balears, Illes",2016,e0,82.88409544994899,82.855127,1231768,>1M,0.028968449948990838
total,ES532,"Balears, Illes",2016,e65,20.955987002003365,20.923161,1231768,>1M,0.03282600200336461
total,ES532,"Balears, Illes",2017,e0,82.67868514211723,82.67977199999997,1231768,>1M,-0.0010868578827398778
total,ES532,"Balears, Illes",2017,e65,20.843147950487793,20.843117,1231768,>1M,3.095048779400145e-5
total,ES532,"Balears, Illes",2018,e0,83.01347306391965,82.97124900000001,1231768,>1M,0.04222406391963318
total,ES532,"Balears, Illes",2018,e65,20.995315636254794,20.948066999999998,1231768,>1M,0.04724863625479614
total,ES532,"Balears, Illes",2019,e0,83.44259394440593,83.400992,1231768,>1M,0.041601944405925906
total,ES532,"Balears, Illes",2019,e65,21.40228125234053,21.355021999999998,1231768,>1M,0.04725925234053108
total,ES532,"Balears, Illes",2020,e0,83.15297006099392,83.10981699999999,1231768,>1M,0.043153060993930126
total,ES532,"Balears, Illes",2020,e65,20.950002623668038,20.902095999999997,1231768,>1M,0.04790662366804099
total,ES532,"Balears, Illes",2021,e0,82.99376302936446,83.000639,1231768,>1M,-0.006875970635547901
total,ES532,"Balears, Illes",2021,e65,20.936707050098438,20.944661999999997,1231768,>1M,-0.007954949901559871
total,ES532,"Balears, Illes",2022,e0,82.8830099209583,82.900248,1231768,>1M,-0.017238079041703713
total,ES532,"Balears, Illes",2022,e65,20.715005266824228,20.73342,1231768,>1M,-0.018414733175770692
total,ES532,"Balears, Illes",2023,e0,83.72524162871242,83.70738300000001,1231768,>1M,0.017858628712417612
total,ES532,"Balears, Illes",2023,e65,21.38353195490105,21.364407,1231768,>1M,0.019124954901048596
total,ES532,"Balears, Illes",2024,e0,83.45306978829322,83.46318600000001,1231768,>1M,-0.010116211706787226
total,ES532,"Balears, Illes",2024,e65,21.284622079957845,21.295198999999997,1231768,>1M,-0.010576920042151272
total,ES611,Almeria,2002,e0,77.93136191354603,77.95437799999999,760964,200k-1M,-0.023016086453964135
total,ES611,Almeria,2002,e65,17.92181000365444,17.946051,760964,200k-1M,-0.024240996345561427
total,ES611,Almeria,2003,e0,78.32062134515054,78.360411,760964,200k-1M,-0.03978965484945718
total,ES611,Almeria,2003,e65,18.0861280791247,18.131505000000004,760964,200k-1M,-0.04537692087530587
total,ES611,Almeria,2004,e0,78.8051589350026,78.828695,760964,200k-1M,-0.02353606499740124
total,ES611,Almeria,2004,e65,18.222872298180718,18.249438999999995,760964,200k-1M,-0.026566701819277228
total,ES611,Almeria,2005,e0,78.72758222921439,78.75263,760964,200k-1M,-0.02504777078560494
total,ES611,Almeria,2005,e65,18.186010229321713,18.212381999999998,760964,200k-1M,-0.02637177067828489
total,ES611,Almeria,2006,e0,79.4336171654576,79.46564000000001,760964,200k-1M,-0.032022834542402734
total,ES611,Almeria,2006,e65,18.955634539963338,18.991204,760964,200k-1M,-0.03556946003666184
total,ES611,Almeria,2007,e0,79.48475338182773,79.519507,760964,200k-1M,-0.034753618172274514
total,ES611,Almeria,2007,e65,18.487500856712213,18.525068,760964,200k-1M,-0.037567143287787985
total,ES611,Almeria,2008,e0,79.9092068428243,79.95016100000001,760964,200k-1M,-0.04095415717570461
total,ES611,Almeria,2008,e65,19.05988497015147,19.105425,760964,200k-1M,-0.04554002984853156
total,ES611,Almeria,2009,e0,80.22326046301811,80.231978,760964,200k-1M,-0.008717536981890817
total,ES611,Almeria,2009,e65,19.283116127172384,19.291705999999998,760964,200k-1M,-0.008589872827613476
total,ES611,Almeria,2010,e0,80.9290036561915,80.95788,760964,200k-1M,-0.028876343808505567
total,ES611,Almeria,2010,e65,19.535195657066495,19.565877,760964,200k-1M,-0.030681342933505107
total,ES611,Almeria,2011,e0,80.8023967501158,80.78584199999999,760964,200k-1M,0.016554750115815864
total,ES611,Almeria,2011,e65,19.53839180041439,19.519331,760964,200k-1M,0.0190608004143904
total,ES611,Almeria,2012,e0,80.99952671735392,81.025819,760964,200k-1M,-0.0262922826460823
total,ES611,Almeria,2012,e65,19.393925979468516,19.421654,760964,200k-1M,-0.02772802053148382
total,ES611,Almeria,2013,e0,81.60986960707555,81.57570699999998,760964,200k-1M,0.03416260707557228
total,ES611,Almeria,2013,e65,19.9411644875191,19.904297,760964,200k-1M,0.03686748751909974
total,ES611,Almeria,2014,e0,81.81725468568845,81.823893,760964,200k-1M,-0.006638314311544491
total,ES611,Almeria,2014,e65,20.13737308730881,20.145604,760964,200k-1M,-0.008230912691189474
total,ES611,Almeria,2015,e0,81.09065377162298,81.106675,760964,200k-1M,-0.016021228377013585
total,ES611,Almeria,2015,e65,19.566945650073617,19.584145,760964,200k-1M,-0.017199349926382723
total,ES611,Almeria,2016,e0,81.72839639558602,81.700911,760964,200k-1M,0.027485395586012373
total,ES611,Almeria,2016,e65,20.228445729327003,20.196359,760964,200k-1M,0.03208672932700196
total,ES611,Almeria,2017,e0,81.75707961343446,81.74650300000002,760964,200k-1M,0.010576613434437832
total,ES611,Almeria,2017,e65,20.046429363429237,20.032693,760964,200k-1M,0.013736363429238452
total,ES611,Almeria,2018,e0,81.17774069412297,81.135989,760964,200k-1M,0.04175169412297919
total,ES611,Almeria,2018,e65,19.7766566098588,19.728118,760964,200k-1M,0.04853860985880232
total,ES611,Almeria,2019,e0,81.97601424504944,81.925149,760964,200k-1M,0.05086524504943668
total,ES611,Almeria,2019,e65,20.242296831309066,20.182685999999997,760964,200k-1M,0.05961083130906886
total,ES611,Almeria,2020,e0,81.20014862848608,81.195103,760964,200k-1M,0.005045628486072928
total,ES611,Almeria,2020,e65,20.017609210344904,20.010859000000004,760964,200k-1M,0.006750210344900864
total,ES611,Almeria,2021,e0,80.62118245243964,80.614546,760964,200k-1M,0.006636452439636287
total,ES611,Almeria,2021,e65,19.40388784464843,19.396974000000004,760964,200k-1M,0.0069138446484267035
total,ES611,Almeria,2022,e0,81.29716688142003,81.308667,760964,200k-1M,-0.011500118579974128
total,ES611,Almeria,2022,e65,19.779564509546315,19.789094,760964,200k-1M,-0.009529490453683565
total,ES611,Almeria,2023,e0,81.84270013858502,81.81482400000002,760964,200k-1M,0.027876138585000376
total,ES611,Almeria,2023,e65,20.287221470069742,20.255696999999998,760964,200k-1M,0.031524470069744126
total,ES611,Almeria,2024,e0,82.14403321457226,82.102664,760964,200k-1M,0.041369214572256396
total,ES611,Almeria,2024,e65,20.548875034917927,20.502710999999998,760964,200k-1M,0.046164034917929087
total,ES612,Cadiz,2002,e0,77.85706567743681,77.883467,1258730,>1M,-0.0264013225631885
total,ES612,Cadiz,2002,e65,17.410256985923134,17.438437999999998,1258730,>1M,-0.02818101407686413
total,ES612,Cadiz,2003,e0,77.63309084254018,77.691911,1258730,>1M,-0.058820157459820166
total,ES612,Cadiz,2003,e65,17.073451126257474,17.141153000000003,1258730,>1M,-0.06770187374252856
total,ES612,Cadiz,2004,e0,77.9873613191113,78.01573199999999,1258730,>1M,-0.028370680888684774
total,ES612,Cadiz,2004,e65,17.310485271984195,17.3415,1258730,>1M,-0.03101472801580485
total,ES612,Cadiz,2005,e0,78.08879501311975,78.090728,1258730,>1M,-0.0019329868802486772
total,ES612,Cadiz,2005,e65,17.233868373572573,17.234713,1258730,>1M,-8.446264274262205e-4
total,ES612,Cadiz,2006,e0,79.32823151771434,79.33951400000001,1258730,>1M,-0.011282482285665196
total,ES612,Cadiz,2006,e65,18.208390385412667,18.221541999999996,1258730,>1M,-0.013151614587329163
total,ES612,Cadiz,2007,e0,79.84128101127844,79.86083799999999,1258730,>1M,-0.019556988721546986
total,ES612,Cadiz,2007,e65,18.474731822820576,18.494913,1258730,>1M,-0.020181177179424026
total,ES612,Cadiz,2008,e0,79.54324238675255,79.57303499999999,1258730,>1M,-0.029792613247437316
total,ES612,Cadiz,2008,e65,18.36475870781227,18.397984000000005,1258730,>1M,-0.0332252921877334
total,ES612,Cadiz,2009,e0,79.7551777984353,79.752159,1258730,>1M,0.0030187984352920694
total,ES612,Cadiz,2009,e65,18.5795490973291,18.575231,1258730,>1M,0.004318097329100823
total,ES612,Cadiz,2010,e0,80.1906249177164,80.184401,1258730,>1M,0.00622391771641162
total,ES612,Cadiz,2010,e65,18.75304790573704,18.744334,1258730,>1M,0.008713905737042893
total,ES612,Cadiz,2011,e0,80.28366028324292,80.26490100000001,1258730,>1M,0.01875928324291465
total,ES612,Cadiz,2011,e65,18.91208416116331,18.888661999999997,1258730,>1M,0.02342216116331386
total,ES612,Cadiz,2012,e0,79.99239946281936,80.01989,1258730,>1M,-0.027490537180639762
total,ES612,Cadiz,2012,e65,18.748999455459316,18.777701999999998,1258730,>1M,-0.028702544540681885
total,ES612,Cadiz,2013,e0,80.60227384972383,80.662654,1258730,>1M,-0.06038015027617405
total,ES612,Cadiz,2013,e65,19.153627298551612,19.220314,1258730,>1M,-0.06668670144838629
total,ES612,Cadiz,2014,e0,81.15851134259455,81.169859,1258730,>1M,-0.011347657405451628
total,ES612,Cadiz,2014,e65,19.483477001163855,19.494211,1258730,>1M,-0.010733998836144565
total,ES612,Cadiz,2015,e0,80.82247997305839,80.82307999999999,1258730,>1M,-6.000269415977755e-4
total,ES612,Cadiz,2015,e65,19.053590641289894,19.052688999999997,1258730,>1M,9.016412898965598e-4
total,ES612,Cadiz,2016,e0,81.06867691629293,81.04792700000002,1258730,>1M,0.020749916292913895
total,ES612,Cadiz,2016,e65,19.455419408526176,19.42881,1258730,>1M,0.026609408526176992
total,ES612,Cadiz,2017,e0,81.24804505033966,81.269008,1258730,>1M,-0.020962949660344066
total,ES612,Cadiz,2017,e65,19.585515997985404,19.608282,1258730,>1M,-0.022766002014595443
total,ES612,Cadiz,2018,e0,81.0208233850896,81.00543699999999,1258730,>1M,0.015386385089612986
total,ES612,Cadiz,2018,e65,19.44310160859807,19.42438,1258730,>1M,0.018721608598070816
total,ES612,Cadiz,2019,e0,81.73129208954221,81.713338,1258730,>1M,0.017954089542215
total,ES612,Cadiz,2019,e65,19.95262946560388,19.931234,1258730,>1M,0.021395465603880837
total,ES612,Cadiz,2020,e0,81.08087021363895,81.07677299999999,1258730,>1M,0.004097213638956987
total,ES612,Cadiz,2020,e65,19.37840701593258,19.3723,1258730,>1M,0.006107015932581561
total,ES612,Cadiz,2021,e0,80.74806281432943,80.745786,1258730,>1M,0.0022768143294342735
total,ES612,Cadiz,2021,e65,19.24752887399828,19.245430999999996,1258730,>1M,0.0020978739982844274
total,ES612,Cadiz,2022,e0,81.41055544830431,81.443772,1258730,>1M,-0.03321655169568771
total,ES612,Cadiz,2022,e65,19.708702470039672,19.744472,1258730,>1M,-0.03576952996032645
total,ES612,Cadiz,2023,e0,82.02204776082367,82.005247,1258730,>1M,0.016800760823670657
total,ES612,Cadiz,2023,e65,20.160630520321565,20.142068000000002,1258730,>1M,0.018562520321562914
total,ES612,Cadiz,2024,e0,82.56453697305646,82.54715000000002,1258730,>1M,0.01738697305644621
total,ES612,Cadiz,2024,e65,20.59849750067386,20.578578,1258730,>1M,0.01991950067386128
total,ES613,Cordoba,2002,e0,79.02789745347216,79.063107,774313,200k-1M,-0.03520954652783814
total,ES613,Cordoba,2002,e65,18.31264574144915,18.353347,774313,200k-1M,-0.04070125855085038
total,ES613,Cordoba,2003,e0,79.15539499983521,79.204733,774313,200k-1M,-0.04933800016479495
total,ES613,Cordoba,2003,e65,18.512523783735336,18.566967000000002,774313,200k-1M,-0.05444321626466575
total,ES613,Cordoba,2004,e0,79.7113586439974,79.758,774313,200k-1M,-0.04664135600259556
total,ES613,Cordoba,2004,e65,18.68473179950112,18.737509,774313,200k-1M,-0.05277720049888046
total,ES613,Cordoba,2005,e0,79.64107830839495,79.65105199999999,774313,200k-1M,-0.009973691605040358
total,ES613,Cordoba,2005,e65,18.687833406990475,18.700655,774313,200k-1M,-0.012821593009526566
total,ES613,Cordoba,2006,e0,80.49024248226947,80.487001,774313,200k-1M,0.003241482269459084
total,ES613,Cordoba,2006,e65,19.204978024431927,19.197449,774313,200k-1M,0.007529024431928377
total,ES613,Cordoba,2007,e0,80.37270759820457,80.37994599999999,774313,200k-1M,-0.007238401795419236
total,ES613,Cordoba,2007,e65,19.08652295396859,19.093735999999996,774313,200k-1M,-0.007213046031406378
total,ES613,Cordoba,2008,e0,80.69268988224012,80.741791,774313,200k-1M,-0.049101117759889235
total,ES613,Cordoba,2008,e65,19.447999968945485,19.502499999999998,774313,200k-1M,-0.05450003105451273
total,ES613,Cordoba,2009,e0,81.09312484808906,81.05830799999998,774313,200k-1M,0.034816848089079144
total,ES613,Cordoba,2009,e65,19.81622993514983,19.776087,774313,200k-1M,0.040142935149830805
total,ES613,Cordoba,2010,e0,81.54728163057521,81.550968,774313,200k-1M,-0.003686369424784175
total,ES613,Cordoba,2010,e65,20.097971995844148,20.100823000000002,774313,200k-1M,-0.002851004155854042
total,ES613,Cordoba,2011,e0,81.61373934215035,81.67109199999999,774313,200k-1M,-0.05735265784963417
total,ES613,Cordoba,2011,e65,20.102528721491748,20.166545999999997,774313,200k-1M,-0.06401727850824912
total,ES613,Cordoba,2012,e0,81.43106656993498,81.46069400000002,774313,200k-1M,-0.029627430065033877
total,ES613,Cordoba,2012,e65,19.845533458920308,19.876526,774313,200k-1M,-0.03099254107969074
total,ES613,Cordoba,2013,e0,82.13029146631268,82.10720300000001,774313,200k-1M,0.023088466312671585
total,ES613,Cordoba,2013,e65,20.57611035856698,20.550002,774313,200k-1M,0.02610835856697946
total,ES613,Cordoba,2014,e0,82.37361424171641,82.387754,774313,200k-1M,-0.014139758283590709
total,ES613,Cordoba,2014,e65,20.57491826880829,20.589495999999997,774313,200k-1M,-0.014577731191707244
total,ES613,Cordoba,2015,e0,82.01501888535721,82.007088,774313,200k-1M,0.007930885357211537
total,ES613,Cordoba,2015,e65,20.116432759336487,20.105838000000002,774313,200k-1M,0.010594759336484572
total,ES613,Cordoba,2016,e0,82.50758189571108,82.48702300000002,774313,200k-1M,0.020558895711062064
total,ES613,Cordoba,2016,e65,20.533362735398097,20.508698,774313,200k-1M,0.024664735398097548
total,ES613,Cordoba,2017,e0,82.22018069960475,82.21769000000002,774313,200k-1M,0.002490699604734914
total,ES613,Cordoba,2017,e65,20.44441549110192,20.439197,774313,200k-1M,0.0052184911019210745
total,ES613,Cordoba,2018,e0,82.52865323782552,82.513762,774313,200k-1M,0.014891237825523262
total,ES613,Cordoba,2018,e65,20.540483451267406,20.52335,774313,200k-1M,0.017133451267405064
total,ES613,Cordoba,2019,e0,82.76387954018861,82.754137,774313,200k-1M,0.009742540188611315
total,ES613,Cordoba,2019,e65,20.84913029365588,20.836773,774313,200k-1M,0.01235729365587801
total,ES613,Cordoba,2020,e0,82.24077512328337,82.24956800000001,774313,200k-1M,-0.008792876716640308
total,ES613,Cordoba,2020,e65,20.35620298562554,20.365038,774313,200k-1M,-0.008835014374458439
total,ES613,Cordoba,2021,e0,82.13386830027784,82.122963,774313,200k-1M,0.010905300277840979
total,ES613,Cordoba,2021,e65,20.301964028341825,20.288545999999993,774313,200k-1M,0.0134180283418317
total,ES613,Cordoba,2022,e0,81.9362832748535,81.94359500000002,774313,200k-1M,-0.007311725146522008
total,ES613,Cordoba,2022,e65,20.25362764329057,20.259924,774313,200k-1M,-0.006296356709430739
total,ES613,Cordoba,2023,e0,82.64653524664165,82.62574299999999,774313,200k-1M,0.020792246641661905
total,ES613,Cordoba,2023,e65,20.82711988583771,20.801920000000003,774313,200k-1M,0.025199885837707825
total,ES613,Cordoba,2024,e0,83.19528728288981,83.17793699999999,774313,200k-1M,0.01735028288982221
total,ES613,Cordoba,2024,e65,21.311060186140445,21.291348999999997,774313,200k-1M,0.019711186140447978
total,ES614,Granada,2002,e0,78.67492699719874,78.696994,939741,200k-1M,-0.022067002801264834
total,ES614,Granada,2002,e65,17.89897382384984,17.920801,939741,200k-1M,-0.021827176150161165
total,ES614,Granada,2003,e0,78.76278227013351,78.75673499999999,939741,200k-1M,0.006047270133521465
total,ES614,Granada,2003,e65,18.093563708102867,18.085956,939741,200k-1M,0.00760770810286715
total,ES614,Granada,2004,e0,79.03663671558817,79.059806,939741,200k-1M,-0.023169284411821423
total,ES614,Granada,2004,e65,18.352357834493265,18.377350000000003,939741,200k-1M,-0.024992165506738218
total,ES614,Granada,2005,e0,79.16609845610341,79.163326,939741,200k-1M,0.002772456103414811
total,ES614,Granada,2005,e65,18.377097296955437,18.372298,939741,200k-1M,0.004799296955436461
total,ES614,Granada,2006,e0,79.76395184752072,79.73409600000001,939741,200k-1M,0.029855847520707357
total,ES614,Granada,2006,e65,18.971874253874436,18.937225,939741,200k-1M,0.034649253874434294
total,ES614,Granada,2007,e0,79.55974924758632,79.580142,939741,200k-1M,-0.020392752413670223
total,ES614,Granada,2007,e65,18.49104523928849,18.512991000000003,939741,200k-1M,-0.021945760711513884
total,ES614,Granada,2008,e0,80.15121259390446,80.191404,939741,200k-1M,-0.040191406095544835
total,ES614,Granada,2008,e65,19.005909323263563,19.048981,939741,200k-1M,-0.043071676736438747
total,ES614,Granada,2009,e0,80.43130712448952,80.39285799999999,939741,200k-1M,0.03844912448953153
total,ES614,Granada,2009,e65,19.21288121735471,19.168794,939741,200k-1M,0.04408721735471133
total,ES614,Granada,2010,e0,80.76484601245006,80.77043099999999,939741,200k-1M,-0.005584987549923426
total,ES614,Granada,2010,e65,19.497938746846383,19.501977000000004,939741,200k-1M,-0.004038253153620275
total,ES614,Granada,2011,e0,81.09681010168121,81.06464400000002,939741,200k-1M,0.03216610168119871
total,ES614,Granada,2011,e65,19.703227878823487,19.665877000000002,939741,200k-1M,0.03735087882348509
total,ES614,Granada,2012,e0,81.1754149773792,81.15605799999999,939741,200k-1M,0.01935697737921771
total,ES614,Granada,2012,e65,19.562305666781292,19.539864000000005,939741,200k-1M,0.022441666781286784
total,ES614,Granada,2013,e0,81.97815269974215,81.936091,939741,200k-1M,0.04206169974214902
total,ES614,Granada,2013,e65,20.22263336105585,20.175141999999997,939741,200k-1M,0.047491361055850945
total,ES614,Granada,2014,e0,81.94931977485565,81.93791100000001,939741,200k-1M,0.011408774855638626
total,ES614,Granada,2014,e65,20.297741447153218,20.284747999999997,939741,200k-1M,0.012993447153220927
total,ES614,Granada,2015,e0,81.39624613478549,81.398723,939741,200k-1M,-0.002476865214518398
total,ES614,Granada,2015,e65,19.732377112117803,19.734718,939741,200k-1M,-0.002340887882198217
total,ES614,Granada,2016,e0,82.22421892616133,82.21238,939741,200k-1M,0.011838926161331642
total,ES614,Granada,2016,e65,20.219017652919668,20.20596,939741,200k-1M,0.013057652919666651
total,ES614,Granada,2017,e0,82.12869051365344,82.131826,939741,200k-1M,-0.0031354863465651306
total,ES614,Granada,2017,e65,20.216528406548143,20.217888000000006,939741,200k-1M,-0.0013595934518626507
total,ES614,Granada,2018,e0,81.87079929844944,81.83078699999999,939741,200k-1M,0.04001229844945442
total,ES614,Granada,2018,e65,20.265460526417144,20.219015000000002,939741,200k-1M,0.04644552641714128
total,ES614,Granada,2019,e0,82.46406299613491,82.425634,939741,200k-1M,0.03842899613491113
total,ES614,Granada,2019,e65,20.75412651781918,20.71092,939741,200k-1M,0.04320651781917917
total,ES614,Granada,2020,e0,81.37323817431027,81.396161,939741,200k-1M,-0.022922825689732917
total,ES614,Granada,2020,e65,19.62447610189904,19.649491,939741,200k-1M,-0.02501489810095947
total,ES614,Granada,2021,e0,81.82449531819162,81.79675300000001,939741,200k-1M,0.027742318191613435
total,ES614,Granada,2021,e65,20.311628393490146,20.280278,939741,200k-1M,0.0313503934901469
total,ES614,Granada,2022,e0,82.6770565137394,82.67497799999998,939741,200k-1M,0.0020785137394199182
total,ES614,Granada,2022,e65,20.73964784947611,20.73723,939741,200k-1M,0.0024178494761102343
total,ES614,Granada,2023,e0,82.979291071877,82.94318100000001,939741,200k-1M,0.036110071876990446
total,ES614,Granada,2023,e65,21.101690173691637,21.061548999999996,939741,200k-1M,0.04014117369164083
total,ES614,Granada,2024,e0,83.45403262910999,83.416452,939741,200k-1M,0.037580629109982056
total,ES614,Granada,2024,e65,21.43480349681129,21.392515999999997,939741,200k-1M,0.04228749681129429
total,ES615,Huelva,2002,e0,78.44850392693259,78.46458600000001,535734,200k-1M,-0.016082073067423153
total,ES615,Huelva,2002,e65,17.764288551687336,17.781499999999998,535734,200k-1M,-0.017211448312661304
total,ES615,Huelva,2003,e0,78.24795574189834,78.28468500000001,535734,200k-1M,-0.03672925810167271
total,ES615,Huelva,2003,e65,17.574448483728542,17.614124000000004,535734,200k-1M,-0.03967551627146193
total,ES615,Huelva,2004,e0,78.93092887787844,78.95496900000002,535734,200k-1M,-0.024040122121576246
total,ES615,Huelva,2004,e65,18.06719227507977,18.092579999999998,535734,200k-1M,-0.025387724920229005
total,ES615,Huelva,2005,e0,78.75322529836751,78.755889,535734,200k-1M,-0.0026637016324855267
total,ES615,Huelva,2005,e65,17.68955492061241,17.691692,535734,200k-1M,-0.002137079387591001
total,ES615,Huelva,2006,e0,79.38212696591467,79.412557,535734,200k-1M,-0.030430034085341617
total,ES615,Huelva,2006,e65,18.43220219733428,18.466171999999997,535734,200k-1M,-0.03396980266571603
total,ES615,Huelva,2007,e0,78.979608502515,79.007341,535734,200k-1M,-0.027732497484990404
total,ES615,Huelva,2007,e65,18.024137504407115,18.055078,535734,200k-1M,-0.03094049559288692
total,ES615,Huelva,2008,e0,79.69457524637676,79.71747400000001,535734,200k-1M,-0.022898753623252333
total,ES615,Huelva,2008,e65,18.40177796650748,18.426668999999997,535734,200k-1M,-0.024891033492515646
total,ES615,Huelva,2009,e0,80.18174313310031,80.21313900000001,535734,200k-1M,-0.03139586689970031
total,ES615,Huelva,2009,e65,18.775598059320842,18.808529999999998,535734,200k-1M,-0.0329319406791555
total,ES615,Huelva,2010,e0,80.59495821870061,80.59891300000001,535734,200k-1M,-0.003954781299398746
total,ES615,Huelva,2010,e65,19.07993624742195,19.080496999999998,535734,200k-1M,-5.607525780462197e-4
total,ES615,Huelva,2011,e0,80.61974754005277,80.62430499999999,535734,200k-1M,-0.004557459947221787
total,ES615,Huelva,2011,e65,19.157458038424608,19.160213,535734,200k-1M,-0.002754961575391235
total,ES615,Huelva,2012,e0,80.03561580135599,80.043001,535734,200k-1M,-0.0073851986440161
total,ES615,Huelva,2012,e65,18.734377334769402,18.741319999999998,535734,200k-1M,-0.00694266523059639
total,ES615,Huelva,2013,e0,80.70347128417339,80.71991500000001,535734,200k-1M,-0.016443715826625294
total,ES615,Huelva,2013,e65,19.234211769686308,19.25359,535734,200k-1M,-0.019378230313691347
total,ES615,Huelva,2014,e0,81.22794424144911,81.239647,535734,200k-1M,-0.01170275855089642
total,ES615,Huelva,2014,e65,19.53999478106923,19.550862000000002,535734,200k-1M,-0.010867218930773248
total,ES615,Huelva,2015,e0,81.37921901666542,81.37236799999998,535734,200k-1M,0.006851016665436305
total,ES615,Huelva,2015,e65,19.568106350722708,19.559501,535734,200k-1M,0.008605350722707072
total,ES615,Huelva,2016,e0,81.34413836269397,81.39292900000001,535734,200k-1M,-0.04879063730604116
total,ES615,Huelva,2016,e65,19.530315007079203,19.58216,535734,200k-1M,-0.05184499292079536
total,ES615,Huelva,2017,e0,81.71185019148939,81.7099,535734,200k-1M,0.0019501914893851335
total,ES615,Huelva,2017,e65,19.741411302056694,19.73701,535734,200k-1M,0.004401302056692202
total,ES615,Huelva,2018,e0,81.48899289317265,81.49772100000001,535734,200k-1M,-0.00872810682736258
total,ES615,Huelva,2018,e65,19.801878134768682,19.809164000000003,535734,200k-1M,-0.007285865231320798
total,ES615,Huelva,2019,e0,81.8779754302885,81.842724,535734,200k-1M,0.03525143028849698
total,ES615,Huelva,2019,e65,20.220211395735646,20.179628,535734,200k-1M,0.040583395735644956
total,ES615,Huelva,2020,e0,81.39858086959353,81.429417,535734,200k-1M,-0.030836130406470375
total,ES615,Huelva,2020,e65,19.817086660305854,19.850541999999997,535734,200k-1M,-0.03345533969414305
total,ES615,Huelva,2021,e0,81.13796879499583,81.15839699999998,535734,200k-1M,-0.020428205004151323
total,ES615,Huelva,2021,e65,19.62865029577509,19.650509,535734,200k-1M,-0.021858704224911207
total,ES615,Huelva,2022,e0,81.58472931720361,81.58666500000001,535734,200k-1M,-0.0019356827964003287
total,ES615,Huelva,2022,e65,19.928229195792703,19.928555,535734,200k-1M,-3.258042072964429e-4
total,ES615,Huelva,2023,e0,81.81986538386585,81.833803,535734,200k-1M,-0.013937616134157338
total,ES615,Huelva,2023,e65,20.371744820877655,20.387004,535734,200k-1M,-0.015259179122345756
total,ES615,Huelva,2024,e0,82.46447917933581,82.42341400000001,535734,200k-1M,0.04106517933580278
total,ES615,Huelva,2024,e65,20.68176603011404,20.635851000000006,535734,200k-1M,0.04591503011403475
total,ES616,Jaen,2002,e0,79.17720175818316,79.23920600000001,619055,200k-1M,-0.062004241816850936
total,ES616,Jaen,2002,e65,18.462316527901134,18.531206,619055,200k-1M,-0.06888947209886709
total,ES616,Jaen,2003,e0,78.99710153956488,79.02278399999999,619055,200k-1M,-0.02568246043510669
total,ES616,Jaen,2003,e65,18.38716583941912,18.412338999999996,619055,200k-1M,-0.025173160580877152
total,ES616,Jaen,2004,e0,79.32376311640184,79.357271,619055,200k-1M,-0.033507883598161925
total,ES616,Jaen,2004,e65,18.379753551744397,18.416003,619055,200k-1M,-0.036249448255603056
total,ES616,Jaen,2005,e0,79.44117036542309,79.471456,619055,200k-1M,-0.030285634576912912
total,ES616,Jaen,2005,e65,18.439695577451023,18.472154,619055,200k-1M,-0.03245842254897724
total,ES616,Jaen,2006,e0,80.2699423439803,80.338656,619055,200k-1M,-0.06871365601969615
total,ES616,Jaen,2006,e65,19.01871018829166,19.093496,619055,200k-1M,-0.0747858117083382
total,ES616,Jaen,2007,e0,79.72998678033562,79.80464500000001,619055,200k-1M,-0.07465821966438568
total,ES616,Jaen,2007,e65,18.653311489848083,18.736508,619055,200k-1M,-0.08319651015191809
total,ES616,Jaen,2008,e0,80.28587241374194,80.28119300000002,619055,200k-1M,0.004679413741925487
total,ES616,Jaen,2008,e65,19.194987327307395,19.187731,619055,200k-1M,0.007256327307395338
total,ES616,Jaen,2009,e0,80.31215467024907,80.32784799999999,619055,200k-1M,-0.015693329750916973
total,ES616,Jaen,2009,e65,19.23446118637846,19.249668,619055,200k-1M,-0.015206813621539084
total,ES616,Jaen,2010,e0,81.29937644233127,81.322264,619055,200k-1M,-0.022887557668738623
total,ES616,Jaen,2010,e65,19.73624988995032,19.762214999999998,619055,200k-1M,-0.02596511004967894
total,ES616,Jaen,2011,e0,80.96066756735581,80.96781500000002,619055,200k-1M,-0.007147432644202922
total,ES616,Jaen,2011,e65,19.711530621813864,19.718088,619055,200k-1M,-0.006557378186137441
total,ES616,Jaen,2012,e0,81.33582886967818,81.352121,619055,200k-1M,-0.016292130321815534
total,ES616,Jaen,2012,e65,19.58903548417892,19.605314,619055,200k-1M,-0.01627851582108164
total,ES616,Jaen,2013,e0,81.72777512519959,81.729784,619055,200k-1M,-0.002008874800409899
total,ES616,Jaen,2013,e65,20.059779885025858,20.061501,619055,200k-1M,-0.0017211149741420684
total,ES616,Jaen,2014,e0,81.95139563727419,81.94130700000001,619055,200k-1M,0.010088637274179746
total,ES616,Jaen,2014,e65,20.37655612101721,20.365689999999997,619055,200k-1M,0.010866121017212294
total,ES616,Jaen,2015,e0,81.55766514309809,81.57418799999999,619055,200k-1M,-0.016522856901900695
total,ES616,Jaen,2015,e65,19.860822354822478,19.877070000000003,619055,200k-1M,-0.016247645177525527
total,ES616,Jaen,2016,e0,82.00387935682582,81.96324600000001,619055,200k-1M,0.04063335682580771
total,ES616,Jaen,2016,e65,20.249325928347275,20.203325,619055,200k-1M,0.04600092834727576
total,ES616,Jaen,2017,e0,82.07131301519222,82.09176400000001,619055,200k-1M,-0.020450984807794725
total,ES616,Jaen,2017,e65,20.339027187157104,20.361079,619055,200k-1M,-0.022051812842896368
total,ES616,Jaen,2018,e0,81.90714081870117,81.92124900000002,619055,200k-1M,-0.014108181298851719
total,ES616,Jaen,2018,e65,20.087844092003184,20.104115000000004,619055,200k-1M,-0.016270907996819517
total,ES616,Jaen,2019,e0,82.30550846092176,82.276648,619055,200k-1M,0.028860460921762865
total,ES616,Jaen,2019,e65,20.638904153992343,20.607317000000002,619055,200k-1M,0.03158715399234069
total,ES616,Jaen,2020,e0,81.33428528523132,81.351862,619055,200k-1M,-0.017576714768679835
total,ES616,Jaen,2020,e65,19.711680647902146,19.729941999999998,619055,200k-1M,-0.018261352097852068
total,ES616,Jaen,2021,e0,81.78387270937671,81.79897,619055,200k-1M,-0.015097290623288018
total,ES616,Jaen,2021,e65,20.22356289098926,20.237916000000002,619055,200k-1M,-0.014353109010741605
total,ES616,Jaen,2022,e0,81.68582466655664,81.720485,619055,200k-1M,-0.034660333443355285
total,ES616,Jaen,2022,e65,19.942824276888416,19.979611,619055,200k-1M,-0.036786723111582376
total,ES616,Jaen,2023,e0,82.66399882432448,82.67607899999999,619055,200k-1M,-0.012080175675507121
total,ES616,Jaen,2023,e65,20.63637849858245,20.649407,619055,200k-1M,-0.013028501417551297
total,ES616,Jaen,2024,e0,82.81372670583778,82.80366900000001,619055,200k-1M,0.010057705837766662
total,ES616,Jaen,2024,e65,21.135976709368943,21.123507,619055,200k-1M,0.012469709368943427
total,ES617,Malaga,2002,e0,78.49915917115342,78.519335,1774701,>1M,-0.020175828846575428
total,ES617,Malaga,2002,e65,17.972905965200823,17.994705,1774701,>1M,-0.021799034799176553
total,ES617,Malaga,2003,e0,78.22782666703935,78.262862,1774701,>1M,-0.035035332960646315
total,ES617,Malaga,2003,e65,17.7390730874544,17.77776,1774701,>1M,-0.038686912545600194
total,ES617,Malaga,2004,e0,78.98864506034342,78.982185,1774701,>1M,0.006460060343414398
total,ES617,Malaga,2004,e65,18.185811915819524,18.177592,1774701,>1M,0.008219915819523749
total,ES617,Malaga,2005,e0,78.84421163980018,78.85553399999999,1774701,>1M,-0.01132236019981292
total,ES617,Malaga,2005,e65,18.053044632524465,18.063698,1774701,>1M,-0.010653367475534026
total,ES617,Malaga,2006,e0,79.53305965360067,79.521682,1774701,>1M,0.01137765360067533
total,ES617,Malaga,2006,e65,18.598156575314363,18.583791999999995,1774701,>1M,0.0143645753143673
total,ES617,Malaga,2007,e0,79.65159491467722,79.655463,1774701,>1M,-0.0038680853227788248
total,ES617,Malaga,2007,e65,18.722851038076016,18.724586,1774701,>1M,-0.001734961923983036
total,ES617,Malaga,2008,e0,79.89538999919266,79.89058,1774701,>1M,0.00480999919265912
total,ES617,Malaga,2008,e65,18.720325578491362,18.713038,1774701,>1M,0.007287578491361302
total,ES617,Malaga,2009,e0,80.49890634116738,80.49786900000002,1774701,>1M,0.0010373411673612054
total,ES617,Malaga,2009,e65,19.26072519912653,19.259041,1774701,>1M,0.0016841991265295064
total,ES617,Malaga,2010,e0,80.89242693593123,80.86134,1774701,>1M,0.0310869359312278
total,ES617,Malaga,2010,e65,19.563747235313063,19.526412999999998,1774701,>1M,0.03733423531306457
total,ES617,Malaga,2011,e0,81.22126810998381,81.206316,1774701,>1M,0.014952109983809692
total,ES617,Malaga,2011,e65,19.717078825747326,19.698832,1774701,>1M,0.018246825747326056
total,ES617,Malaga,2012,e0,81.27236934696222,81.262135,1774701,>1M,0.010234346962221252
total,ES617,Malaga,2012,e65,19.713951095002237,19.700899,1774701,>1M,0.013052095002237252
total,ES617,Malaga,2013,e0,81.792162697925,81.710838,1774701,>1M,0.08132469792499819
total,ES617,Malaga,2013,e65,20.213136204287977,20.120441,1774701,>1M,0.09269520428797762
total,ES617,Malaga,2014,e0,81.68410823723929,81.644042,1774701,>1M,0.04006623723928726
total,ES617,Malaga,2014,e65,20.035133016323588,19.989717999999996,1774701,>1M,0.04541501632359157
total,ES617,Malaga,2015,e0,81.66408652423685,81.651934,1774701,>1M,0.012152524236853424
total,ES617,Malaga,2015,e65,19.858443684205387,19.843458000000002,1774701,>1M,0.014985684205385041
total,ES617,Malaga,2016,e0,82.13003356527344,82.103005,1774701,>1M,0.02702856527344011
total,ES617,Malaga,2016,e65,20.326830222445864,20.295615999999995,1774701,>1M,0.031214222445868245
total,ES617,Malaga,2017,e0,82.26376841204966,82.22477699999999,1774701,>1M,0.038991412049668384
total,ES617,Malaga,2017,e65,20.403395616811274,20.359905000000005,1774701,>1M,0.04349061681126898
total,ES617,Malaga,2018,e0,82.0262819738387,81.963988,1774701,>1M,0.06229397383870605
total,ES617,Malaga,2018,e65,20.179366568769314,20.108479,1774701,>1M,0.07088756876931512
total,ES617,Malaga,2019,e0,82.60310166295304,82.54416300000003,1774701,>1M,0.05893866295301109
total,ES617,Malaga,2019,e65,20.755649480567712,20.689041999999997,1774701,>1M,0.06660748056771482
total,ES617,Malaga,2020,e0,81.96369618839861,81.96598900000001,1774701,>1M,-0.002292811601392941
total,ES617,Malaga,2020,e65,20.121244340679496,20.121166000000002,1774701,>1M,7.834067949374912e-5
total,ES617,Malaga,2021,e0,81.82504004977191,81.819784,1774701,>1M,0.005256049771915627
total,ES617,Malaga,2021,e65,20.101242963191787,20.094632999999998,1774701,>1M,0.006609963191788637
total,ES617,Malaga,2022,e0,82.1363952595292,82.151814,1774701,>1M,-0.015418740470806824
total,ES617,Malaga,2022,e65,20.257239386792214,20.273569,1774701,>1M,-0.016329613207783922
total,ES617,Malaga,2023,e0,82.95407249234115,82.90126000000002,1774701,>1M,0.05281249234113261
total,ES617,Malaga,2023,e65,20.902478668673627,20.843605999999998,1774701,>1M,0.05887266867362939
total,ES617,Malaga,2024,e0,83.14822139303372,83.071185,1774701,>1M,0.07703639303372256
total,ES617,Malaga,2024,e65,21.225380583069725,21.139939000000002,1774701,>1M,0.08544158306972349
total,ES618,Sevilla,2002,e0,78.31557526191594,78.345814,1968624,>1M,-0.03023873808406563
total,ES618,Sevilla,2002,e65,17.60700609392081,17.639728,1968624,>1M,-0.032721906079192564
total,ES618,Sevilla,2003,e0,77.97370273731188,78.02549799999998,1968624,>1M,-0.05179526268810264
total,ES618,Sevilla,2003,e65,17.37400244725675,17.431101,1968624,>1M,-0.05709855274325193
total,ES618,Sevilla,2004,e0,78.6229070244081,78.65049499999999,1968624,>1M,-0.027587975591899294
total,ES618,Sevilla,2004,e65,17.963606656337006,17.993392999999998,1968624,>1M,-0.029786343662991044
total,ES618,Sevilla,2005,e0,78.8562487688747,78.871649,1968624,>1M,-0.015400231125298092
total,ES618,Sevilla,2005,e65,17.783907633175538,17.800359,1968624,>1M,-0.016451366824462355
total,ES618,Sevilla,2006,e0,79.22024511128305,79.26116300000002,1968624,>1M,-0.04091788871697588
total,ES618,Sevilla,2006,e65,18.463727799544763,18.508777,1968624,>1M,-0.045049200455235194
total,ES618,Sevilla,2007,e0,79.37754933867566,79.406091,1968624,>1M,-0.028541661324339884
total,ES618,Sevilla,2007,e65,18.283923258314392,18.314030000000002,1968624,>1M,-0.030106741685610672
total,ES618,Sevilla,2008,e0,79.51409089069482,79.560517,1968624,>1M,-0.046426109305187424
total,ES618,Sevilla,2008,e65,18.500190763250377,18.551073000000002,1968624,>1M,-0.050882236749625775
total,ES618,Sevilla,2009,e0,80.08913360745126,80.080434,1968624,>1M,0.008699607451262636
total,ES618,Sevilla,2009,e65,18.865847320856805,18.854737,1968624,>1M,0.011110320856804634
total,ES618,Sevilla,2010,e0,80.35560927598162,80.381004,1968624,>1M,-0.025394724018383386
total,ES618,Sevilla,2010,e65,19.1120062658065,19.138519,1968624,>1M,-0.0265127341934992
total,ES618,Sevilla,2011,e0,80.55083565360772,80.58953799999999,1968624,>1M,-0.038702346392270215
total,ES618,Sevilla,2011,e65,19.249335838008825,19.290179,1968624,>1M,-0.040843161991173105
total,ES618,Sevilla,2012,e0,80.78450647518308,80.78541,1968624,>1M,-9.035248169197985e-4
total,ES618,Sevilla,2012,e65,19.235563897636602,19.234995000000005,1968624,>1M,5.688976365973986e-4
total,ES618,Sevilla,2013,e0,81.33608139124263,81.35814799999999,1968624,>1M,-0.02206660875735622
total,ES618,Sevilla,2013,e65,19.60473449087114,19.628546999999998,1968624,>1M,-0.023812509128855908
total,ES618,Sevilla,2014,e0,81.58605174124115,81.59082000000001,1968624,>1M,-0.004768258758858224
total,ES618,Sevilla,2014,e65,19.7982139932195,19.801800000000004,1968624,>1M,-0.0035860067805053575
total,ES618,Sevilla,2015,e0,81.05531049339397,81.088006,1968624,>1M,-0.03269550660601794
total,ES618,Sevilla,2015,e65,19.32140643873512,19.356519,1968624,>1M,-0.03511256126487794
total,ES618,Sevilla,2016,e0,81.71626612250867,81.72862300000001,1968624,>1M,-0.012356877491342289
total,ES618,Sevilla,2016,e65,19.9054590942123,19.918308,1968624,>1M,-0.012848905787699039
total,ES618,Sevilla,2017,e0,81.37062494441498,81.390441,1968624,>1M,-0.019816055585010872
total,ES618,Sevilla,2017,e65,19.69065340864259,19.710092,1968624,>1M,-0.019438591357410218
total,ES618,Sevilla,2018,e0,81.83353819753081,81.83145,1968624,>1M,0.002088197530810021
total,ES618,Sevilla,2018,e65,20.04836721331927,20.044847,1968624,>1M,0.0035202133192697715
total,ES618,Sevilla,2019,e0,82.00554651552757,81.988822,1968624,>1M,0.016724515527570816
total,ES618,Sevilla,2019,e65,20.168411155884044,20.149343,1968624,>1M,0.01906815588404598
total,ES618,Sevilla,2020,e0,81.36857654400015,81.38587799999998,1968624,>1M,-0.01730145599982791
total,ES618,Sevilla,2020,e65,19.652527580624277,19.669093,1968624,>1M,-0.016565419375723422
total,ES618,Sevilla,2021,e0,81.41143744707641,81.43613500000001,1968624,>1M,-0.02469755292359821
total,ES618,Sevilla,2021,e65,19.630728212439386,19.656533,1968624,>1M,-0.025804787560613107
total,ES618,Sevilla,2022,e0,81.72143103737528,81.74359300000002,1968624,>1M,-0.02216196262473602
total,ES618,Sevilla,2022,e65,19.883795752753784,19.906518999999996,1968624,>1M,-0.022723247246211997
total,ES618,Sevilla,2023,e0,82.58079944327693,82.579206,1968624,>1M,0.001593443276931339
total,ES618,Sevilla,2023,e65,20.4504238306403,20.447191,1968624,>1M,0.0032328306403002216
total,ES618,Sevilla,2024,e0,82.75246162628451,82.73351000000001,1968624,>1M,0.01895162628450464
total,ES618,Sevilla,2024,e65,20.674523640928573,20.652292,1968624,>1M,0.02223164092857388
total,ES620,Murcia,2002,e0,78.93757069945444,78.958238,1568492,>1M,-0.020667300545554212
total,ES620,Murcia,2002,e65,18.31464196193342,18.336527,1568492,>1M,-0.02188503806657849
total,ES620,Murcia,2003,e0,79.05510783856504,79.106853,1568492,>1M,-0.051745161434965325
total,ES620,Murcia,2003,e65,18.36815719217068,18.425991,1568492,>1M,-0.05783380782931857
total,ES620,Murcia,2004,e0,79.47759775500737,79.54172500000001,1568492,>1M,-0.06412724499264755
total,ES620,Murcia,2004,e65,18.658722439389134,18.728877,1568492,>1M,-0.07015456061086667
total,ES620,Murcia,2005,e0,79.67744831451678,79.709676,1568492,>1M,-0.03222768548322108
total,ES620,Murcia,2005,e65,18.593913504339323,18.629602,1568492,>1M,-0.03568849566067556
total,ES620,Murcia,2006,e0,80.24200171916394,80.26953,1568492,>1M,-0.027528280836065733
total,ES620,Murcia,2006,e65,19.06665648175682,19.096604,1568492,>1M,-0.02994751824317987
total,ES620,Murcia,2007,e0,80.27937893333349,80.30344099999999,1568492,>1M,-0.024062066666502346
total,ES620,Murcia,2007,e65,19.067236090003515,19.094360000000002,1568492,>1M,-0.027123909996486617
total,ES620,Murcia,2008,e0,80.37359960676953,80.43461300000003,1568492,>1M,-0.06101339323049615
total,ES620,Murcia,2008,e65,19.163989653118296,19.231908000000004,1568492,>1M,-0.06791834688170795
total,ES620,Murcia,2009,e0,80.89047270626277,80.895139,1568492,>1M,-0.004666293737230376
total,ES620,Murcia,2009,e65,19.328033487066797,19.330733,1568492,>1M,-0.0026995129332014756
total,ES620,Murcia,2010,e0,81.57384015680502,81.624755,1568492,>1M,-0.05091484319497397
total,ES620,Murcia,2010,e65,19.896755561551018,19.953394,1568492,>1M,-0.05663843844898153
total,ES620,Murcia,2011,e0,81.67589379138926,81.70600400000001,1568492,>1M,-0.030110208610750533
total,ES620,Murcia,2011,e65,20.012953095177153,20.045676999999998,1568492,>1M,-0.03272390482284493
total,ES620,Murcia,2012,e0,81.7012138265892,81.71659300000002,1568492,>1M,-0.015379173410821068
total,ES620,Murcia,2012,e65,19.923119050745072,19.93967,1568492,>1M,-0.016550949254927616
total,ES620,Murcia,2013,e0,82.26389058789206,82.273698,1568492,>1M,-0.009807412107932123
total,ES620,Murcia,2013,e65,20.561707004597835,20.571122,1568492,>1M,-0.00941499540216384
total,ES620,Murcia,2014,e0,82.4580069752487,82.46747,1568492,>1M,-0.009463024751312332
total,ES620,Murcia,2014,e65,20.608961535234826,20.618379,1568492,>1M,-0.009417464765174799
total,ES620,Murcia,2015,e0,82.20139752090628,82.21458900000002,1568492,>1M,-0.013191479093734415
total,ES620,Murcia,2015,e65,20.133528505864145,20.14684,1568492,>1M,-0.01331149413585564
total,ES620,Murcia,2016,e0,82.49775372762419,82.51310600000001,1568492,>1M,-0.015352272375821485
total,ES620,Murcia,2016,e65,20.64153207508101,20.657544,1568492,>1M,-0.016011924918991838
total,ES620,Murcia,2017,e0,82.36567719465033,82.401762,1568492,>1M,-0.03608480534967384
total,ES620,Murcia,2017,e65,20.390435619812127,20.428585999999996,1568492,>1M,-0.03815038018786865
total,ES620,Murcia,2018,e0,82.65414821694972,82.64121600000001,1568492,>1M,0.012932216949707254
total,ES620,Murcia,2018,e65,20.672080969258964,20.65653,1568492,>1M,0.015550969258963931
total,ES620,Murcia,2019,e0,82.61291254726284,82.623233,1568492,>1M,-0.010320452737161645
total,ES620,Murcia,2019,e65,20.762590080489417,20.77312,1568492,>1M,-0.010529919510581465
total,ES620,Murcia,2020,e0,82.25945491320473,82.262281,1568492,>1M,-0.0028260867952667468
total,ES620,Murcia,2020,e65,20.353807969875966,20.355097,1568492,>1M,-0.0012890301240346957
total,ES620,Murcia,2021,e0,82.20510406417199,82.20892,1568492,>1M,-0.0038159358280154265
total,ES620,Murcia,2021,e65,20.312450751559798,20.315201000000002,1568492,>1M,-0.002750248440204217
total,ES620,Murcia,2022,e0,82.02613965953087,82.05277099999998,1568492,>1M,-0.026631340469108977
total,ES620,Murcia,2022,e65,20.164682406611877,20.193704,1568492,>1M,-0.029021593388122824
total,ES620,Murcia,2023,e0,82.82092780292517,82.82231199999998,1568492,>1M,-0.001384197074813187
total,ES620,Murcia,2023,e65,20.8198559179971,20.820225,1568492,>1M,-3.690820029014219e-4
total,ES620,Murcia,2024,e0,83.41665464308319,83.386056,1568492,>1M,0.030598643083195043
total,ES620,Murcia,2024,e65,21.283601096786345,21.249388999999997,1568492,>1M,0.034212096786347956
total,ES630,Ceuta,2002,e0,76.78634812384352,76.766846,83179,<200k,0.019502123843523123
total,ES630,Ceuta,2002,e65,16.983587231920016,16.961824,83179,<200k,0.021763231920015613
total,ES630,Ceuta,2003,e0,77.50453765048161,77.57537899999998,83179,<200k,-0.07084134951837484
total,ES630,Ceuta,2003,e65,17.311926932192982,17.387293,83179,<200k,-0.0753660678070176
total,ES630,Ceuta,2004,e0,77.82845884084327,77.891091,83179,<200k,-0.0626321591567347
total,ES630,Ceuta,2004,e65,17.509660970523903,17.588491999999995,83179,<200k,-0.07883102947609189
total,ES630,Ceuta,2005,e0,78.04663307811956,77.94814600000001,83179,<200k,0.09848707811954682
total,ES630,Ceuta,2005,e65,17.1855321937859,17.06691,83179,<200k,0.11862219378589955
total,ES630,Ceuta,2006,e0,78.19145273339718,78.161319,83179,<200k,0.03013373339717873
total,ES630,Ceuta,2006,e65,18.129133868571888,18.088795999999995,83179,<200k,0.0403378685718927
total,ES630,Ceuta,2007,e0,77.92294176745241,77.915375,83179,<200k,0.0075667674524169115
total,ES630,Ceuta,2007,e65,17.406547311135757,17.385795999999996,83179,<200k,0.02075131113576134
total,ES630,Ceuta,2008,e0,78.86272883357118,78.755512,83179,<200k,0.1072168335711865
total,ES630,Ceuta,2008,e65,18.05290190414508,17.932531999999995,83179,<200k,0.12036990414508608
total,ES630,Ceuta,2009,e0,78.11988003632977,78.092764,83179,<200k,0.02711603632977244
total,ES630,Ceuta,2009,e65,17.808650975436365,17.772543999999996,83179,<200k,0.036106975436368316
total,ES630,Ceuta,2010,e0,78.47005008657281,78.518994,83179,<200k,-0.04894391342719473
total,ES630,Ceuta,2010,e65,18.18065158424328,18.237551000000003,83179,<200k,-0.056899415756724636
total,ES630,Ceuta,2011,e0,79.42107864470164,79.42982500000001,83179,<200k,-0.008746355298370645
total,ES630,Ceuta,2011,e65,18.59977504213628,18.607509,83179,<200k,-0.007733957863720775
total,ES630,Ceuta,2012,e0,80.43392961884354,80.16626000000001,83179,<200k,0.26766961884352725
total,ES630,Ceuta,2012,e65,18.777638229259864,18.474633999999998,83179,<200k,0.3030042292598658
total,ES630,Ceuta,2013,e0,79.4618885137664,79.349532,83179,<200k,0.11235651376640021
total,ES630,Ceuta,2013,e65,18.699700712782786,18.569858000000004,83179,<200k,0.12984271278278214
total,ES630,Ceuta,2014,e0,80.0705728019312,79.815586,83179,<200k,0.25498680193121004
total,ES630,Ceuta,2014,e65,19.300763128353044,19.008665999999998,83179,<200k,0.2920971283530456
total,ES630,Ceuta,2015,e0,80.53804363318567,80.18345699999999,83179,<200k,0.35458663318567574
total,ES630,Ceuta,2015,e65,19.682805460673457,19.280689999999996,83179,<200k,0.4021154606734605
total,ES630,Ceuta,2016,e0,80.82018311725037,80.62548499999998,83179,<200k,0.19469811725038255
total,ES630,Ceuta,2016,e65,19.48389249864738,19.258921,83179,<200k,0.22497149864737764
total,ES630,Ceuta,2017,e0,79.57024031079939,79.194091,83179,<200k,0.3761493107993914
total,ES630,Ceuta,2017,e65,19.072601096096825,18.637328000000004,83179,<200k,0.43527309609682163
total,ES630,Ceuta,2018,e0,80.72198978469167,80.38979499999999,83179,<200k,0.33219478469167996
total,ES630,Ceuta,2018,e65,19.68882584650863,19.313205000000004,83179,<200k,0.37562084650862815
total,ES630,Ceuta,2019,e0,80.63449805442413,80.42001,83179,<200k,0.21448805442412322
total,ES630,Ceuta,2019,e65,19.78422905092435,19.534916000000003,83179,<200k,0.2493130509243464
total,ES630,Ceuta,2020,e0,79.26741548174353,79.137339,83179,<200k,0.13007648174352937
total,ES630,Ceuta,2020,e65,18.019238106018186,17.869173,83179,<200k,0.1500651060181859
total,ES630,Ceuta,2021,e0,78.44417031132525,78.304391999999993,83179,<200k,0.13977831132525864
total,ES630,Ceuta,2021,e65,17.724815401590885,17.567568,83179,<200k,0.15724740159088313
total,ES630,Ceuta,2022,e0,79.97049748677463,79.70812000000001,83179,<200k,0.2623774867746249
total,ES630,Ceuta,2022,e65,18.71425691814729,18.415879,83179,<200k,0.2983779181472883
total,ES630,Ceuta,2023,e0,81.18834471872562,81.109604,83179,<200k,0.07874071872561217
total,ES630,Ceuta,2023,e65,19.893028301702415,19.798717999999997,83179,<200k,0.09431030170241783
total,ES630,Ceuta,2024,e0,81.85958984455493,81.60043499999999,83179,<200k,0.2591548445549421
total,ES630,Ceuta,2024,e65,20.006990500210083,19.724141,83179,<200k,0.2828495002100837
total,ES640,Melilla,2002,e0,77.30253984719725,77.30597499999999,85985,<200k,-0.003435152802737207
total,ES640,Melilla,2002,e65,17.002782047424017,17.000461,85985,<200k,0.002321047424015177
total,ES640,Melilla,2003,e0,77.1534720978478,77.17957099999998,85985,<200k,-0.026098902152185133
total,ES640,Melilla,2003,e65,16.931425321156134,16.963241999999994,85985,<200k,-0.0318166788438603
total,ES640,Melilla,2004,e0,77.58449242643049,77.66217499999999,85985,<200k,-0.07768257356950414
total,ES640,Melilla,2004,e65,17.056160361415316,17.1422,85985,<200k,-0.08603963858468333
total,ES640,Melilla,2005,e0,78.59278110054049,78.52711500000001,85985,<200k,0.06566610054048283
total,ES640,Melilla,2005,e65,17.900456568205886,17.823133,85985,<200k,0.07732356820588748
total,ES640,Melilla,2006,e0,78.22694317908038,78.21449700000001,85985,<200k,0.012446179080370712
total,ES640,Melilla,2006,e65,17.45035256211335,17.435564,85985,<200k,0.014788562113349002
total,ES640,Melilla,2007,e0,79.08335671091288,78.776991,85985,<200k,0.30636571091288545
total,ES640,Melilla,2007,e65,18.39303290867808,18.036250000000003,85985,<200k,0.3567829086780776
total,ES640,Melilla,2008,e0,78.65995303227315,78.41332300000002,85985,<200k,0.2466300322731314
total,ES640,Melilla,2008,e65,18.590830262156963,18.298993,85985,<200k,0.2918372621569638
total,ES640,Melilla,2009,e0,80.85067928949107,80.559556,85985,<200k,0.29112328949106825
total,ES640,Melilla,2009,e65,19.510490125665722,19.186847,85985,<200k,0.32364312566572195
total,ES640,Melilla,2010,e0,81.38150906717878,81.12748699999999,85985,<200k,0.25402206717879494
total,ES640,Melilla,2010,e65,19.370913062724995,19.085897,85985,<200k,0.2850160627249956
total,ES640,Melilla,2011,e0,79.94453909596552,79.931171,85985,<200k,0.013368095965518023
total,ES640,Melilla,2011,e65,18.34530748735295,18.325421,85985,<200k,0.019886487352952287
total,ES640,Melilla,2012,e0,80.34162779438272,80.292698,85985,<200k,0.048929794382715386
total,ES640,Melilla,2012,e65,19.067599688985066,19.010684,85985,<200k,0.056915688985064605
total,ES640,Melilla,2013,e0,80.67598443304826,80.330939,85985,<200k,0.34504543304825575
total,ES640,Melilla,2013,e65,19.064339823129984,18.683517,85985,<200k,0.3808228231299857
total,ES640,Melilla,2014,e0,80.28301921311908,80.025043,85985,<200k,0.25797621311907903
total,ES640,Melilla,2014,e65,18.781208231404573,18.495011999999996,85985,<200k,0.2861962314045776
total,ES640,Melilla,2015,e0,79.82267757469431,79.88101,85985,<200k,-0.058332425305692936
total,ES640,Melilla,2015,e65,18.89642228470896,18.968272999999996,85985,<200k,-0.07185071529103482
total,ES640,Melilla,2016,e0,80.64532185322925,80.428639,85985,<200k,0.2166828532292442
total,ES640,Melilla,2016,e65,19.331318442297682,19.090041999999997,85985,<200k,0.24127644229768563
total,ES640,Melilla,2017,e0,80.50805171559867,80.20912900000002,85985,<200k,0.2989227155986498
total,ES640,Melilla,2017,e65,19.092585362597138,18.756125,85985,<200k,0.33646036259713696
total,ES640,Melilla,2018,e0,80.39105653266019,80.183159,85985,<200k,0.20789753266018351
total,ES640,Melilla,2018,e65,19.398055879651782,19.158266,85985,<200k,0.23978987965178078
total,ES640,Melilla,2019,e0,80.94723675265958,80.67204399999999,85985,<200k,0.2751927526595921
total,ES640,Melilla,2019,e65,20.03033080699917,19.713764,85985,<200k,0.3165668069991696
total,ES640,Melilla,2020,e0,78.96503692139461,78.81809,85985,<200k,0.14694692139461552
total,ES640,Melilla,2020,e65,17.91679487242908,17.743565999999998,85985,<200k,0.1732288724290818
total,ES640,Melilla,2021,e0,79.78928424299569,79.72397199999999,85985,<200k,0.06531224299570226
total,ES640,Melilla,2021,e65,18.532029223647456,18.460200999999998,85985,<200k,0.07182822364745789
total,ES640,Melilla,2022,e0,81.4797494604276,81.553526,85985,<200k,-0.07377653957240682
total,ES640,Melilla,2022,e65,19.67766126024525,19.757022,85985,<200k,-0.07936073975474756
total,ES640,Melilla,2023,e0,81.55724933997344,81.608259,85985,<200k,-0.051009660026565484
total,ES640,Melilla,2023,e65,19.980857916430676,20.036579,85985,<200k,-0.05572108356932404
total,ES640,Melilla,2024,e0,83.21111164590346,82.65941799999999,85985,<200k,0.5516936459034696
total,ES640,Melilla,2024,e65,21.192266757806287,20.587889,85985,<200k,0.6043777578062866
total,ES705,"Palmas, Las",2002,e0,77.87032993211028,77.868985,1159890,>1M,0.0013449321102854128
total,ES705,"Palmas, Las",2002,e65,18.00528590658174,18.001192,1159890,>1M,0.00409390658174047
total,ES705,"Palmas, Las",2003,e0,78.17860603288155,78.20692700000001,1159890,>1M,-0.02832096711846077
total,ES705,"Palmas, Las",2003,e65,18.035529747056646,18.065954,1159890,>1M,-0.030424252943355157
total,ES705,"Palmas, Las",2004,e0,78.60991671851995,78.619058,1159890,>1M,-0.009141281480040675
total,ES705,"Palmas, Las",2004,e65,18.375812154566983,18.382427999999997,1159890,>1M,-0.0066158454330143
total,ES705,"Palmas, Las",2005,e0,78.8089495195905,78.815812,1159890,>1M,-0.00686248040949522
total,ES705,"Palmas, Las",2005,e65,18.282744155853376,18.286771999999996,1159890,>1M,-0.004027844146619941
total,ES705,"Palmas, Las",2006,e0,79.43345681130958,79.44767400000002,1159890,>1M,-0.014217188690437865
total,ES705,"Palmas, Las",2006,e65,18.838855305590847,18.853851000000006,1159890,>1M,-0.014995694409158489
total,ES705,"Palmas, Las",2007,e0,79.9146821008679,79.90156600000002,1159890,>1M,0.013116100867890168
total,ES705,"Palmas, Las",2007,e65,18.946846824599767,18.929315999999996,1159890,>1M,0.01753082459977051
total,ES705,"Palmas, Las",2008,e0,79.334214770032645,79.33513199999999,1159890,>1M,-9.172299673423367e-4
total,ES705,"Palmas, Las",2008,e65,18.871693760649986,18.869612999999998,1159890,>1M,0.0020807606499886333
total,ES705,"Palmas, Las",2009,e0,80.87687314983219,80.854764,1159890,>1M,0.0221091498321897
total,ES705,"Palmas, Las",2009,e65,19.668966096582203,19.641686,1159890,>1M,0.027280096582202873
total,ES705,"Palmas, Las",2010,e0,81.32165414325269,81.27562300000001,1159890,>1M,0.04603114325267654
total,ES705,"Palmas, Las",2010,e65,20.014053194598493,19.959575,1159890,>1M,0.05447819459849157
total,ES705,"Palmas, Las",2011,e0,81.31238099562705,81.257579,1159890,>1M,0.05480199562704513
total,ES705,"Palmas, Las",2011,e65,20.03899117765425,19.973845999999998,1159890,>1M,0.06514517765425154
total,ES705,"Palmas, Las",2012,e0,81.31087856974952,81.248238,1159890,>1M,0.0626405697495187
total,ES705,"Palmas, Las",2012,e65,19.840034990739454,19.767578999999998,1159890,>1M,0.07245599073945641
total,ES705,"Palmas, Las",2013,e0,81.75581345402372,81.690295,1159890,>1M,0.06551845402371725
total,ES705,"Palmas, Las",2013,e65,20.20705317018866,20.131664000000004,1159890,>1M,0.07538917018865732
total,ES705,"Palmas, Las",2014,e0,81.82948460195043,81.743181,1159890,>1M,0.0863036019504193
total,ES705,"Palmas, Las",2014,e65,20.212721411530502,20.115197000000002,1159890,>1M,0.09752441153050029
total,ES705,"Palmas, Las",2015,e0,81.65966575281877,81.619081,1159890,>1M,0.040584752818773495
total,ES705,"Palmas, Las",2015,e65,20.147655861105935,20.101109,1159890,>1M,0.04654686110593431
total,ES705,"Palmas, Las",2016,e0,81.90652568532978,81.85286599999999,1159890,>1M,0.05365968532979082
total,ES705,"Palmas, Las",2016,e65,20.404891348589878,20.343823,1159890,>1M,0.06106834858987753
total,ES705,"Palmas, Las",2017,e0,82.07687893525693,81.98638199999999,1159890,>1M,0.0904969352569367
total,ES705,"Palmas, Las",2017,e65,20.41957861965662,20.317846000000003,1159890,>1M,0.10173261965661595
total,ES705,"Palmas, Las",2018,e0,81.71731946960111,81.688999,1159890,>1M,0.028320469601112563
total,ES705,"Palmas, Las",2018,e65,20.235151290948554,20.201868000000005,1159890,>1M,0.03328329094854965
total,ES705,"Palmas, Las",2019,e0,82.31329827649809,82.265458,1159890,>1M,0.04784027649809275
total,ES705,"Palmas, Las",2019,e65,20.597495193656574,20.542447999999997,1159890,>1M,0.055047193656577065
total,ES705,"Palmas, Las",2020,e0,81.97344979274166,81.902904,1159890,>1M,0.07054579274165462
total,ES705,"Palmas, Las",2020,e65,20.390933661585017,20.311377000000004,1159890,>1M,0.07955666158501273
total,ES705,"Palmas, Las",2021,e0,81.93049580719887,81.924531,1159890,>1M,0.005964807198864719
total,ES705,"Palmas, Las",2021,e65,20.379101880105193,20.372089,1159890,>1M,0.007012880105193631
total,ES705,"Palmas, Las",2022,e0,81.52606977213804,81.555055,1159890,>1M,-0.028985227861952012
total,ES705,"Palmas, Las",2022,e65,19.909391338909693,19.93983,1159890,>1M,-0.030438661090308017
total,ES705,"Palmas, Las",2023,e0,82.09641416483542,82.07552799999999,1159890,>1M,0.020886164835431487
total,ES705,"Palmas, Las",2023,e65,20.384279731366085,20.357439,1159890,>1M,0.02684073136608589
total,ES705,"Palmas, Las",2024,e0,82.75525986273237,82.68251199999999,1159890,>1M,0.07274786273238476
total,ES705,"Palmas, Las",2024,e65,20.847267028050013,20.766371,1159890,>1M,0.08089602805001306
total,ES709,Santa Cruz de Tenerife,2002,e0,79.34711970219354,79.341783,1078864,>1M,0.005336702193531551
total,ES709,Santa Cruz de Tenerife,2002,e65,18.673524465340773,18.664559,1078864,>1M,0.008965465340772028
total,ES709,Santa Cruz de Tenerife,2003,e0,78.96627539587695,78.99738300000001,1078864,>1M,-0.031107604123064903
total,ES709,Santa Cruz de Tenerife,2003,e65,18.540773427236072,18.575499999999998,1078864,>1M,-0.0347265727639261
total,ES709,Santa Cruz de Tenerife,2004,e0,78.86707900472213,78.88222,1078864,>1M,-0.015140995277874936
total,ES709,Santa Cruz de Tenerife,2004,e65,18.651032055076335,18.665966,1078864,>1M,-0.01493394492366562
total,ES709,Santa Cruz de Tenerife,2005,e0,79.41588277975153,79.38021,1078864,>1M,0.035672779751521944
total,ES709,Santa Cruz de Tenerife,2005,e65,18.754872719221222,18.712291,1078864,>1M,0.04258171922122145
total,ES709,Santa Cruz de Tenerife,2006,e0,79.75731670596566,79.733343,1078864,>1M,0.023973705965659065
total,ES709,Santa Cruz de Tenerife,2006,e65,19.303104950146718,19.274624,1078864,>1M,0.028480950146718698
total,ES709,Santa Cruz de Tenerife,2007,e0,79.63996361101574,79.62054199999999,1078864,>1M,0.019421611015758344
total,ES709,Santa Cruz de Tenerife,2007,e65,19.19463432333992,19.169574,1078864,>1M,0.025060323339918256
total,ES709,Santa Cruz de Tenerife,2008,e0,80.2596211784537,80.24760800000001,1078864,>1M,0.012013178453685214
total,ES709,Santa Cruz de Tenerife,2008,e65,19.643781986075105,19.626675000000002,1078864,>1M,0.017106986075102526
total,ES709,Santa Cruz de Tenerife,2009,e0,81.02213080007449,80.96895400000001,1078864,>1M,0.05317680007448189
total,ES709,Santa Cruz de Tenerife,2009,e65,19.809175335545344,19.747271,1078864,>1M,0.061904335545342803
total,ES709,Santa Cruz de Tenerife,2010,e0,81.58162248835356,81.47967,1078864,>1M,0.10195248835356097
total,ES709,Santa Cruz de Tenerife,2010,e65,20.33136667897696,20.215714,1078864,>1M,0.11565267897696074
total,ES709,Santa Cruz de Tenerife,2011,e0,81.38343121957188,81.312146,1078864,>1M,0.07128521957187672
total,ES709,Santa Cruz de Tenerife,2011,e65,20.167778291396175,20.085825,1078864,>1M,0.08195329139617513
total,ES709,Santa Cruz de Tenerife,2012,e0,81.6908445279946,81.56634199999999,1078864,>1M,0.1245025279946077
total,ES709,Santa Cruz de Tenerife,2012,e65,20.256573977171243,20.11486500000001,1078864,>1M,0.1417089771712341
total,ES709,Santa Cruz de Tenerife,2013,e0,82.3925058608422,82.25011,1078864,>1M,0.1423958608421998
total,ES709,Santa Cruz de Tenerife,2013,e65,20.84628912801323,20.685205999999997,1078864,>1M,0.16108312801323166
total,ES709,Santa Cruz de Tenerife,2014,e0,82.0043961129724,81.953588,1078864,>1M,0.05080811297240473
total,ES709,Santa Cruz de Tenerife,2014,e65,20.571469285091794,20.515138999999998,1078864,>1M,0.056330285091796384
total,ES709,Santa Cruz de Tenerife,2015,e0,81.80192129264805,81.75450300000001,1078864,>1M,0.047418292648032434
total,ES709,Santa Cruz de Tenerife,2015,e65,20.242883046606973,20.186992,1078864,>1M,0.055891046606973305
total,ES709,Santa Cruz de Tenerife,2016,e0,82.16453123898243,82.100946,1078864,>1M,0.06358523898244073
total,ES709,Santa Cruz de Tenerife,2016,e65,20.55771165202115,20.486863,1078864,>1M,0.07084865202115154
total,ES709,Santa Cruz de Tenerife,2017,e0,82.35964474555261,82.269784,1078864,>1M,0.08986074555261325
total,ES709,Santa Cruz de Tenerife,2017,e65,20.73289138195233,20.631807000000006,1078864,>1M,0.10108438195232594
total,ES709,Santa Cruz de Tenerife,2018,e0,81.97060515623399,81.899486,1078864,>1M,0.07111915623399057
total,ES709,Santa Cruz de Tenerife,2018,e65,20.37601198541091,20.294917,1078864,>1M,0.08109498541090687
total,ES709,Santa Cruz de Tenerife,2019,e0,82.64015674671326,82.563297,1078864,>1M,0.07685974671325368
total,ES709,Santa Cruz de Tenerife,2019,e65,20.953802983291393,20.866870000000002,1078864,>1M,0.08693298329139054
total,ES709,Santa Cruz de Tenerife,2020,e0,82.68799633673362,82.62675399999999,1078864,>1M,0.06124233673362767
total,ES709,Santa Cruz de Tenerife,2020,e65,20.86753690695259,20.798661,1078864,>1M,0.06887590695259149
total,ES709,Santa Cruz de Tenerife,2021,e0,82.37571191838147,82.30017099999999,1078864,>1M,0.0755409183814777
total,ES709,Santa Cruz de Tenerife,2021,e65,20.819802324280822,20.734328,1078864,>1M,0.08547432428082047
total,ES709,Santa Cruz de Tenerife,2022,e0,82.03533203174156,82.00613,1078864,>1M,0.029202031741561996
total,ES709,Santa Cruz de Tenerife,2022,e65,20.263408203766847,20.228864,1078864,>1M,0.03454420376684553
total,ES709,Santa Cruz de Tenerife,2023,e0,82.94237534720575,82.851014,1078864,>1M,0.09136134720574773
total,ES709,Santa Cruz de Tenerife,2023,e65,21.01214761180182,20.910646999999997,1078864,>1M,0.10150061180182135
total,ES709,Santa Cruz de Tenerife,2024,e0,82.98969051977073,82.879124,1078864,>1M,0.11056651977072818
total,ES709,Santa Cruz de Tenerife,2024,e65,21.23010971441272,21.10762,1078864,>1M,0.12248971441271905
