nuts3_code,year,sex,band,contribution
ES111,2002,female,age 0,-6.995824035377812e-6
ES111,2002,female,ages 1-79,-0.007068287403337605
ES111,2002,female,ages 80+,0.021748707531519966
ES111,2002,male,age 0,2.0973865421433443e-4
ES111,2002,male,ages 1-79,-0.011492896562474972
ES111,2002,male,ages 80+,-0.005767242124141175
ES111,2002,total,age 0,1.0592335186438955e-4
ES111,2002,total,ages 1-79,-0.00841433900664615
ES111,2002,total,ages 80+,0.009290290402321665
ES111,2003,female,age 0,-2.5096438746710734e-4
ES111,2003,female,ages 1-79,-0.007669550325804758
ES111,2003,female,ages 80+,-0.031128909555631273
ES111,2003,male,age 0,-9.114118922393623e-5
ES111,2003,male,ages 1-79,-0.016090197457342307
ES111,2003,male,ages 80+,-0.014780674422720417
ES111,2003,total,age 0,-1.6149997328397824e-4
ES111,2003,total,ages 1-79,-0.010991645583207211
ES111,2003,total,ages 80+,-0.023070799979762798
ES111,2004,female,age 0,-1.4507128341792206e-5
ES111,2004,female,ages 1-79,-0.0055698897427259135
ES111,2004,female,ages 80+,-0.034867336560466644
ES111,2004,male,age 0,-8.580954015296349e-5
ES111,2004,male,ages 1-79,-0.01583253711856224
ES111,2004,male,ages 80+,-0.03208778670856346
ES111,2004,total,age 0,-3.9753896763960186e-5
ES111,2004,total,ages 1-79,-0.010035242511103323
ES111,2004,total,ages 80+,-0.03323859966655486
ES111,2005,female,age 0,6.406139434788641e-5
ES111,2005,female,ages 1-79,-0.0032498138072653187
ES111,2005,female,ages 80+,-0.034117396244535296
ES111,2005,male,age 0,2.2931849025412967e-4
ES111,2005,male,ages 1-79,-0.012369310746373527
ES111,2005,male,ages 80+,-0.032409445029638835
ES111,2005,total,age 0,1.4801437298904988e-4
ES111,2005,total,ages 1-79,-0.007424334622595484
ES111,2005,total,ages 80+,-0.03211053169580035
ES111,2006,female,age 0,3.707886165121235e-5
ES111,2006,female,ages 1-79,-0.00502276437613923
ES111,2006,female,ages 80+,-0.005523348085511283
ES111,2006,male,age 0,-1.2915114060300394e-4
ES111,2006,male,ages 1-79,-0.012413391180231131
ES111,2006,male,ages 80+,-0.02313716923073905
ES111,2006,total,age 0,-3.2383419278415255e-5
ES111,2006,total,ages 1-79,-0.00786255352856896
ES111,2006,total,ages 80+,-0.012855691947968838
ES111,2007,female,age 0,-1.4091987490373056e-5
ES111,2007,female,ages 1-79,-0.004586014682097919
ES111,2007,female,ages 80+,-0.00920933286696573
ES111,2007,male,age 0,1.1599870270964348e-4
ES111,2007,male,ages 1-79,-0.011581684597688062
ES111,2007,male,ages 80+,-0.011232739482246408
ES111,2007,total,age 0,4.840004200746639e-5
ES111,2007,total,ages 1-79,-0.007655721966938474
ES111,2007,total,ages 80+,-0.011535971432513743
ES111,2008,female,age 0,1.917224381955984e-4
ES111,2008,female,ages 1-79,-0.0034053098382129765
ES111,2008,female,ages 80+,0.01297038933666285
ES111,2008,male,age 0,-4.042242948918768e-5
ES111,2008,male,ages 1-79,-0.010305227727939403
ES111,2008,male,ages 80+,0.0060385912134371805
ES111,2008,total,age 0,5.340475364696358e-5
ES111,2008,total,ages 1-79,-0.006277686678085863
ES111,2008,total,ages 80+,0.008807577138957703
ES111,2009,female,age 0,1.638188336474093e-4
ES111,2009,female,ages 1-79,-0.0042683521991624465
ES111,2009,female,ages 80+,-0.012184632933867467
ES111,2009,male,age 0,-1.175386647104401e-4
ES111,2009,male,ages 1-79,-0.007793398884531934
ES111,2009,male,ages 80+,0.003060705125887339
ES111,2009,total,age 0,1.2452618496083547e-5
ES111,2009,total,ages 1-79,-0.005364600226916958
ES111,2009,total,ages 80+,-0.004775280424166504
ES111,2010,female,age 0,7.972994661727699e-5
ES111,2010,female,ages 1-79,-0.0033928946885955252
ES111,2010,female,ages 80+,0.02733576274531624
ES111,2010,male,age 0,-2.3933271182417077e-4
ES111,2010,male,ages 1-79,-0.014144901312066548
ES111,2010,male,ages 80+,1.0707187044503574e-5
ES111,2010,total,age 0,-8.842240267136624e-5
ES111,2010,total,ages 1-79,-0.008512739195217743
ES111,2010,total,ages 80+,0.013558636537254302
ES111,2011,female,age 0,-1.592412335246084e-4
ES111,2011,female,ages 1-79,-0.005753416475129671
ES111,2011,female,ages 80+,-0.0069784416282001605
ES111,2011,male,age 0,4.675857951147173e-5
ES111,2011,male,ages 1-79,-0.007606025007960173
ES111,2011,male,ages 80+,-0.0015489683901196254
ES111,2011,total,age 0,-5.068434199391693e-5
ES111,2011,total,ages 1-79,-0.0061874085159788
ES111,2011,total,ages 80+,-0.004887265232233366
ES111,2012,female,age 0,-2.893465975342252e-5
ES111,2012,female,ages 1-79,-0.002924468447206965
ES111,2012,female,ages 80+,-0.005643868786847167
ES111,2012,male,age 0,-4.8706938966394774e-5
ES111,2012,male,ages 1-79,-0.010715849911444987
ES111,2012,male,ages 80+,-0.009158101486094982
ES111,2012,total,age 0,-2.7856584069570773e-5
ES111,2012,total,ages 1-79,-0.006311140455879938
ES111,2012,total,ages 80+,-0.007542640635506959
ES111,2013,female,age 0,3.5598143032493815e-5
ES111,2013,female,ages 1-79,-0.004551372821410162
ES111,2013,female,ages 80+,0.03326740211421541
ES111,2013,male,age 0,1.545278334994825e-5
ES111,2013,male,ages 1-79,-0.012724013167879297
ES111,2013,male,ages 80+,-0.008036652325841397
ES111,2013,total,age 0,2.5083215481249672e-5
ES111,2013,total,ages 1-79,-0.007939600858246878
ES111,2013,total,ages 80+,0.015135092739531626
ES111,2014,female,age 0,1.4479106557789543e-4
ES111,2014,female,ages 1-79,-0.0030332502181642644
ES111,2014,female,ages 80+,0.027237726818795476
ES111,2014,male,age 0,2.2200317614946938e-4
ES111,2014,male,ages 1-79,-0.008495088869783528
ES111,2014,male,ages 80+,-0.007689894433880386
ES111,2014,total,age 0,1.8528004464258974e-4
ES111,2014,total,ages 1-79,-0.005241801355026072
ES111,2014,total,ages 80+,0.011099801123182644
ES111,2015,female,age 0,5.7655565782018366e-5
ES111,2015,female,ages 1-79,-0.0035033352770662174
ES111,2015,female,ages 80+,0.0034431824087676408
ES111,2015,male,age 0,-7.024201803905732e-6
ES111,2015,male,ages 1-79,-0.007414524615094353
ES111,2015,male,ages 80+,0.019671170098967704
ES111,2015,total,age 0,2.6939624836461374e-5
ES111,2015,total,ages 1-79,-0.004675076043150851
ES111,2015,total,ages 80+,0.010038255065041822
ES111,2016,female,age 0,6.392923969025352e-6
ES111,2016,female,ages 1-79,-0.003661725354295
ES111,2016,female,ages 80+,0.017217384786607975
ES111,2016,male,age 0,1.9064508130854898e-4
ES111,2016,male,ages 1-79,-0.013132591490027379
ES111,2016,male,ages 80+,0.00478138673166395
ES111,2016,total,age 0,1.0627352711997671e-4
ES111,2016,total,ages 1-79,-0.00783397863960138
ES111,2016,total,ages 80+,0.011403647981109634
ES111,2017,female,age 0,8.020262951619539e-7
ES111,2017,female,ages 1-79,-0.005636559441408553
ES111,2017,female,ages 80+,0.04469411408641167
ES111,2017,male,age 0,-8.716830305490049e-5
ES111,2017,male,ages 1-79,-0.01148705803188315
ES111,2017,male,ages 80+,0.011689705965855893
ES111,2017,total,age 0,-4.407459497752841e-5
ES111,2017,total,ages 1-79,-0.008343404051257735
ES111,2017,total,ages 80+,0.028678105830538262
ES111,2018,female,age 0,3.7941507890679974e-6
ES111,2018,female,ages 1-79,-0.004477834946444773
ES111,2018,female,ages 80+,0.046001875470054215
ES111,2018,male,age 0,1.4920217156958886e-4
ES111,2018,male,ages 1-79,-0.00877095798049488
ES111,2018,male,ages 80+,-0.011189973267151062
ES111,2018,total,age 0,7.76230136163534e-5
ES111,2018,total,ages 1-79,-0.006053185556108158
ES111,2018,total,ages 80+,0.020339432300664432
ES111,2019,female,age 0,6.049755693948001e-5
ES111,2019,female,ages 1-79,-0.0020089676369508327
ES111,2019,female,ages 80+,0.09049720186947155
ES111,2019,male,age 0,-3.77882743091296e-4
ES111,2019,male,ages 1-79,-0.007469610918316299
ES111,2019,male,ages 80+,0.03704725014010408
ES111,2019,total,age 0,-1.7202727699276848e-4
ES111,2019,total,ages 1-79,-0.004468565912006704
ES111,2019,total,ages 80+,0.06813383093997696
ES111,2020,female,age 0,-3.5484184222979806e-4
ES111,2020,female,ages 1-79,-0.0035759239458682105
ES111,2020,female,ages 80+,0.06766824256018826
ES111,2020,male,age 0,-3.532764783187717e-5
ES111,2020,male,ages 1-79,-0.007186443960870515
ES111,2020,male,ages 80+,0.01779385160866629
ES111,2020,total,age 0,-1.911594639696976e-4
ES111,2020,total,ages 1-79,-0.0048529485127023365
ES111,2020,total,ages 80+,0.04447828214303813
ES111,2021,female,age 0,-2.1992970136562266e-5
ES111,2021,female,ages 1-79,-0.004112459060576888
ES111,2021,female,ages 80+,0.07784656863910974
ES111,2021,male,age 0,1.1285197066540322e-4
ES111,2021,male,ages 1-79,-0.010574224085428834
ES111,2021,male,ages 80+,0.030533673760258492
ES111,2021,total,age 0,5.0607502853842365e-5
ES111,2021,total,ages 1-79,-0.006878544101390606
ES111,2021,total,ages 80+,0.056040517680116406
ES111,2022,female,age 0,-1.662656764958057e-4
ES111,2022,female,ages 1-79,-0.003609242659956239
ES111,2022,female,ages 80+,-0.019980471550853286
ES111,2022,male,age 0,3.0113904071426854e-6
ES111,2022,male,ages 1-79,-0.011564390361334064
ES111,2022,male,ages 80+,1.8474696999945528e-4
ES111,2022,total,age 0,-7.626660557368803e-5
ES111,2022,total,ages 1-79,-0.0070881398877800095
ES111,2022,total,ages 80+,-0.01121020374990634
ES111,2023,female,age 0,1.880433865211149e-4
ES111,2023,female,ages 1-79,-0.0031173698237431276
ES111,2023,female,ages 80+,0.06791006617120487
ES111,2023,male,age 0,2.0368500236710632e-4
ES111,2023,male,ages 1-79,-0.01078711096688749
ES111,2023,male,ages 80+,0.051939955150506686
ES111,2023,total,age 0,1.958378941275877e-4
ES111,2023,total,ages 1-79,-0.0066883005818331055
ES111,2023,total,ages 80+,0.05991183076571124
ES111,2024,female,age 0,1.0714870448986118e-4
ES111,2024,female,ages 1-79,-0.0028482062834254774
ES111,2024,female,ages 80+,0.06835909681697958
ES111,2024,male,age 0,1.0579056101637786e-4
ES111,2024,male,ages 1-79,-0.010665220380481307
ES111,2024,male,ages 80+,0.042985426459620446
ES111,2024,total,age 0,1.0581239389216073e-4
ES111,2024,total,ages 1-79,-0.006421647457179845
ES111,2024,total,ages 80+,0.05579029022037517
ES112,2002,female,age 0,-2.770653544245774e-4
ES112,2002,female,ages 1-79,-0.004967725709414587
ES112,2002,female,ages 80+,0.00589236758624976
ES112,2002,male,age 0,3.145237419834619e-4
ES112,2002,male,ages 1-79,-0.012584358055970496
ES112,2002,male,ages 80+,0.0048610741863783745
ES112,2002,total,age 0,2.2900084166430093e-4
ES112,2002,total,ages 1-79,-0.00819024043325996
ES112,2002,total,ages 80+,0.0032446128392167595
ES112,2003,female,age 0,8.868033219981545e-5
ES112,2003,female,ages 1-79,-0.00861593778060522
ES112,2003,female,ages 80+,-0.03281910549109848
ES112,2003,male,age 0,5.021751516881188e-4
ES112,2003,male,ages 1-79,-0.013000183056756737
ES112,2003,male,ages 80+,-0.029578819552825215
ES112,2003,total,age 0,4.0792519167016537e-4
ES112,2003,total,ages 1-79,-0.009999479674597633
ES112,2003,total,ages 80+,-0.02873618386315656
ES112,2004,female,age 0,-2.6426710901317232e-5
ES112,2004,female,ages 1-79,-0.004654384435014062
ES112,2004,female,ages 80+,0.05187865797498609
ES112,2004,male,age 0,1.2601497787002115e-4
ES112,2004,male,ages 1-79,-0.015570893680052478
ES112,2004,male,ages 80+,0.0013000743298320072
ES112,2004,total,age 0,9.198214448091158e-5
ES112,2004,total,ages 1-79,-0.009531716400395747
ES112,2004,total,ages 80+,0.02696377167899051
ES112,2005,female,age 0,2.1017236758135184e-4
ES112,2005,female,ages 1-79,-0.005196772813793972
ES112,2005,female,ages 80+,0.03648129214271624
ES112,2005,male,age 0,-2.435956512155794e-4
ES112,2005,male,ages 1-79,-0.016625532144178647
ES112,2005,male,ages 80+,-0.005500720105696185
ES112,2005,total,age 0,-1.437612265709478e-5
ES112,2005,total,ages 1-79,-0.011007428428825024
ES112,2005,total,ages 80+,0.017509639273303436
ES112,2006,female,age 0,-7.944758604428586e-4
ES112,2006,female,ages 1-79,-0.005819478852489788
ES112,2006,female,ages 80+,0.013254190548877293
ES112,2006,male,age 0,1.8954992758226104e-4
ES112,2006,male,ages 1-79,-0.00999117181024985
ES112,2006,male,ages 80+,-0.00977050406601666
ES112,2006,total,age 0,-2.702314164755899e-4
ES112,2006,total,ages 1-79,-0.007212992178168406
ES112,2006,total,ages 80+,0.002310667810059867
ES112,2007,female,age 0,-4.370553594921239e-4
ES112,2007,female,ages 1-79,-0.001316772699322798
ES112,2007,female,ages 80+,0.05997181935257711
ES112,2007,male,age 0,2.851284773888182e-4
ES112,2007,male,ages 1-79,-0.01757516301043653
ES112,2007,male,ages 80+,-0.01004440966865261
ES112,2007,total,age 0,-5.799888249436504e-5
ES112,2007,total,ages 1-79,-0.009498476111764378
ES112,2007,total,ages 80+,0.026008426418367456
ES112,2008,female,age 0,1.0224929645080817e-4
ES112,2008,female,ages 1-79,-0.0069187898629207226
ES112,2008,female,ages 80+,0.061370213684445445
ES112,2008,male,age 0,-1.5489884968181494e-4
ES112,2008,male,ages 1-79,-0.011847478494504873
ES112,2008,male,ages 80+,0.024290103828155444
ES112,2008,total,age 0,-7.607110300314262e-5
ES112,2008,total,ages 1-79,-0.008488137601065756
ES112,2008,total,ages 80+,0.044030842632681345
ES112,2009,female,age 0,2.785709490621873e-4
ES112,2009,female,ages 1-79,-0.006566507068593953
ES112,2009,female,ages 80+,0.01207988675639448
ES112,2009,male,age 0,1.9618354894638355e-4
ES112,2009,male,ages 1-79,-0.011286301604865212
ES112,2009,male,ages 80+,0.0035299285324937937
ES112,2009,total,age 0,2.370457604983652e-4
ES112,2009,total,ages 1-79,-0.008178309412996613
ES112,2009,total,ages 80+,0.008508788942489652
ES112,2010,female,age 0,2.173046028932525e-4
ES112,2010,female,ages 1-79,-0.0018239140932799452
ES112,2010,female,ages 80+,0.02149835310222856
ES112,2010,male,age 0,-4.199051910527779e-4
ES112,2010,male,ages 1-79,-0.013774082789090761
ES112,2010,male,ages 80+,-0.007689574833480924
ES112,2010,total,age 0,-6.828467477734411e-5
ES112,2010,total,ages 1-79,-0.007502265640592594
ES112,2010,total,ages 80+,0.007982395590998007
ES112,2011,female,age 0,-7.874330863247543e-5
ES112,2011,female,ages 1-79,-0.00644001265167278
ES112,2011,female,ages 80+,0.03017798672477893
ES112,2011,male,age 0,3.4326837016435034e-5
ES112,2011,male,ages 1-79,-0.009724256546958701
ES112,2011,male,ages 80+,0.03623176963174337
ES112,2011,total,age 0,-3.0466788491227134e-5
ES112,2011,total,ages 1-79,-0.007308533433914034
ES112,2011,total,ages 80+,0.030663476196511018
ES112,2012,female,age 0,5.2508795917444507e-5
ES112,2012,female,ages 1-79,-0.005296220371303996
ES112,2012,female,ages 80+,0.05235350105053795
ES112,2012,male,age 0,1.337731842318805e-4
ES112,2012,male,ages 1-79,-0.01440262716399296
ES112,2012,male,ages 80+,-0.041626520363969494
ES112,2012,total,age 0,9.354560029152952e-5
ES112,2012,total,ages 1-79,-0.009670476648741134
ES112,2012,total,ages 80+,0.004644921436635644
ES112,2013,female,age 0,0
ES112,2013,female,ages 1-79,-8.333767390042191e-4
ES112,2013,female,ages 80+,0.040820063923463074
ES112,2013,male,age 0,0
ES112,2013,male,ages 1-79,-0.012290933237294105
ES112,2013,male,ages 80+,-0.015812949601447756
ES112,2013,total,age 0,0
ES112,2013,total,ages 1-79,-0.005850361426035547
ES112,2013,total,ages 80+,0.013950621417000833
ES112,2014,female,age 0,-4.2422755573900736e-5
ES112,2014,female,ages 1-79,-0.0032824992430007674
ES112,2014,female,ages 80+,0.08901080354154592
ES112,2014,male,age 0,3.444034206193383e-4
ES112,2014,male,ages 1-79,-0.01096130172278528
ES112,2014,male,ages 80+,0.034651424798783054
ES112,2014,total,age 0,1.5970685739073043e-4
ES112,2014,total,ages 1-79,-0.0069641361605616275
ES112,2014,total,ages 80+,0.0641665743987841
ES112,2015,female,age 0,3.560689477494167e-4
ES112,2015,female,ages 1-79,-0.0028360372005180896
ES112,2015,female,ages 80+,-1.9818148016000764e-4
ES112,2015,male,age 0,4.8883559202614864e-5
ES112,2015,male,ages 1-79,-0.007713440709683064
ES112,2015,male,ages 80+,-0.00382181961859758
ES112,2015,total,age 0,1.525770381302113e-4
ES112,2015,total,ages 1-79,-0.00495780554554212
ES112,2015,total,ages 80+,-0.0013032590077945334
ES112,2016,female,age 0,4.431938771491836e-4
ES112,2016,female,ages 1-79,-0.004974489515061714
ES112,2016,female,ages 80+,0.015224601182968096
ES112,2016,male,age 0,-4.0593595772413015e-4
ES112,2016,male,ages 1-79,-0.009965725645996104
ES112,2016,male,ages 80+,-0.012908042893914791
ES112,2016,total,age 0,2.839188858475167e-5
ES112,2016,total,ages 1-79,-0.006827525541076896
ES112,2016,total,ages 80+,0.0022533728454598723
ES112,2017,female,age 0,0
ES112,2017,female,ages 1-79,-0.0037481896300490354
ES112,2017,female,ages 80+,0.0022502715450963065
ES112,2017,male,age 0,2.0125706751674733e-5
ES112,2017,male,ages 1-79,-0.012448611471376492
ES112,2017,male,ages 80+,0.019661702621185155
ES112,2017,total,age 0,1.2629391177955226e-5
ES112,2017,total,ages 1-79,-0.007825088745944698
ES112,2017,total,ages 80+,0.011057310710851366
ES112,2018,female,age 0,1.2051465627118376e-4
ES112,2018,female,ages 1-79,-0.002929100443483427
ES112,2018,female,ages 80+,0.04359071544313654
ES112,2018,male,age 0,-7.657697207564184e-5
ES112,2018,male,ages 1-79,-0.0010350216277586581
ES112,2018,male,ages 80+,0.005197087103634861
ES112,2018,total,age 0,6.383042200420021e-5
ES112,2018,total,ages 1-79,-0.001518363979605868
ES112,2018,total,ages 80+,0.026840703717096737
ES112,2019,female,age 0,0
ES112,2019,female,ages 1-79,-0.005460674354653552
ES112,2019,female,ages 80+,0.0835883785648994
ES112,2019,male,age 0,1.435849826443005e-4
ES112,2019,male,ages 1-79,-0.008320805815189593
ES112,2019,male,ages 80+,0.014761796131189567
ES112,2019,total,age 0,7.659783540803238e-5
ES112,2019,total,ages 1-79,-0.006259467251549613
ES112,2019,total,ages 80+,0.05016267412564088
ES112,2020,female,age 0,1.0597978311054749e-4
ES112,2020,female,ages 1-79,-0.00190866816587475
ES112,2020,female,ages 80+,0.0479210031151318
ES112,2020,male,age 0,2.4354540182755613e-4
ES112,2020,male,ages 1-79,-0.011809050852572472
ES112,2020,male,ages 80+,0.023129907915262253
ES112,2020,total,age 0,1.890375099359277e-4
ES112,2020,total,ages 1-79,-0.006308804655436475
ES112,2020,total,ages 80+,0.03981910493610714
ES112,2021,female,age 0,1.5734399981839542e-4
ES112,2021,female,ages 1-79,-0.0035675420961797316
ES112,2021,female,ages 80+,0.05406737871599247
ES112,2021,male,age 0,2.1005603040039918e-4
ES112,2021,male,ages 1-79,-0.008667674100959838
ES112,2021,male,ages 80+,2.932655634331621e-4
ES112,2021,total,age 0,1.8928034604067892e-4
ES112,2021,total,ages 1-79,-0.005636769364939221
ES112,2021,total,ages 80+,0.028128782938720266
ES112,2022,female,age 0,1.595797067098317e-4
ES112,2022,female,ages 1-79,-0.0022907867720752964
ES112,2022,female,ages 80+,-0.03159629414222302
ES112,2022,male,age 0,3.9718129762935126e-5
ES112,2022,male,ages 1-79,-0.005015755639661076
ES112,2022,male,ages 80+,-0.0022146659764999757
ES112,2022,total,age 0,9.77331224871948e-5
ES112,2022,total,ages 1-79,-0.0027492896526451985
ES112,2022,total,ages 80+,-0.015830488518255484
ES112,2023,female,age 0,-1.7203458048004302e-4
ES112,2023,female,ages 1-79,-0.0011143517062939929
ES112,2023,female,ages 80+,0.0323121540593421
ES112,2023,male,age 0,-2.4465942770223343e-5
ES112,2023,male,ages 1-79,-0.00489220109367748
ES112,2023,male,ages 80+,0.008857637911589951
ES112,2023,total,age 0,-9.435329160830823e-5
ES112,2023,total,ages 1-79,-0.0029389441541951035
ES112,2023,total,ages 80+,0.02135193436333129
ES112,2024,female,age 0,3.9835275493759465e-5
ES112,2024,female,ages 1-79,-0.0038332613169355847
ES112,2024,female,ages 80+,-3.9218125122966567e-4
ES112,2024,male,age 0,0
ES112,2024,male,ages 1-79,-0.004005388016615499
ES112,2024,male,ages 80+,0.05824378319758437
ES112,2024,total,age 0,2.4301447662710947e-5
ES112,2024,total,ages 1-79,-0.0037608250755870034
ES112,2024,total,ages 80+,0.01668463595662839
ES113,2002,female,age 0,-2.3668253640999186e-4
ES113,2002,female,ages 1-79,-0.007528338501990191
ES113,2002,female,ages 80+,0.04206204912191194
ES113,2002,male,age 0,-2.8466376749629514e-4
ES113,2002,male,ages 1-79,-0.012654547807177563
ES113,2002,male,ages 80+,0.010635194830513062
ES113,2002,total,age 0,-1.8851439404700372e-4
ES113,2002,total,ages 1-79,-0.009432663611710003
ES113,2002,total,ages 80+,0.02873448348609654
ES113,2003,female,age 0,2.395582775797481e-4
ES113,2003,female,ages 1-79,-0.006245092032427376
ES113,2003,female,ages 80+,0.00685577244442357
ES113,2003,male,age 0,1.4248177546311524e-4
ES113,2003,male,ages 1-79,-0.020340959415275618
ES113,2003,male,ages 80+,-0.015902192153926124
ES113,2003,total,age 0,2.1735799750001415e-4
ES113,2003,total,ages 1-79,-0.012398571317523593
ES113,2003,total,ages 80+,-0.0026300505716384745
ES113,2004,female,age 0,1.2845345816996185e-4
ES113,2004,female,ages 1-79,-0.003200117602193837
ES113,2004,female,ages 80+,0.05713200351983323
ES113,2004,male,age 0,4.0933377292651896e-4
ES113,2004,male,ages 1-79,-0.012988415951140872
ES113,2004,male,ages 80+,0.0035727084268909973
ES113,2004,total,age 0,3.067644789922135e-4
ES113,2004,total,ages 1-79,-0.006972062792014022
ES113,2004,total,ages 80+,0.03451564480081862
ES113,2005,female,age 0,5.516932962712516e-5
ES113,2005,female,ages 1-79,-0.0059170557027374854
ES113,2005,female,ages 80+,-0.020882581397254095
ES113,2005,male,age 0,3.0076169640893402e-5
ES113,2005,male,ages 1-79,-0.012177231826454565
ES113,2005,male,ages 80+,0.03289492360701467
ES113,2005,total,age 0,8.262232699890945e-5
ES113,2005,total,ages 1-79,-0.008760041314181437
ES113,2005,total,ages 80+,0.0014341609399593155
ES113,2006,female,age 0,1.785337862318934e-4
ES113,2006,female,ages 1-79,-0.00784639088355112
ES113,2006,female,ages 80+,0.03474813555876341
ES113,2006,male,age 0,-5.005468625326975e-4
ES113,2006,male,ages 1-79,-0.014318757875449836
ES113,2006,male,ages 80+,-0.02597255280260404
ES113,2006,total,age 0,-1.5770691635940467e-4
ES113,2006,total,ages 1-79,-0.010673167761903319
ES113,2006,total,ages 80+,0.0014306342158129232
ES113,2007,female,age 0,4.6692673775469614e-4
ES113,2007,female,ages 1-79,-0.00751145635262858
ES113,2007,female,ages 80+,-0.001444200938366111
ES113,2007,male,age 0,3.0203100314785646e-4
ES113,2007,male,ages 1-79,-0.010022297478270721
ES113,2007,male,ages 80+,-0.031729434287572494
ES113,2007,total,age 0,3.656026756400105e-4
ES113,2007,total,ages 1-79,-0.007973898237693131
ES113,2007,total,ages 80+,-0.015029990100872633
ES113,2008,female,age 0,3.222305935713139e-4
ES113,2008,female,ages 1-79,-0.0027593345082070047
ES113,2008,female,ages 80+,0.02462418864114197
ES113,2008,male,age 0,1.5201401549818944e-4
ES113,2008,male,ages 1-79,-0.005781291238911315
ES113,2008,male,ages 80+,-0.022825940829766925
ES113,2008,total,age 0,3.008192905827677e-4
ES113,2008,total,ages 1-79,-0.0034767855253045863
ES113,2008,total,ages 80+,0.004108528883441383
ES113,2009,female,age 0,1.3424737519012253e-4
ES113,2009,female,ages 1-79,-0.0060671441191995105
ES113,2009,female,ages 80+,0.10193477836029244
ES113,2009,male,age 0,2.2466184708508477e-4
ES113,2009,male,ages 1-79,-0.013195103326812894
ES113,2009,male,ages 80+,0.023842688970673157
ES113,2009,total,age 0,2.2780929324115904e-4
ES113,2009,total,ages 1-79,-0.008601196830172035
ES113,2009,total,ages 80+,0.0669888109665214
ES113,2010,female,age 0,6.575394017874109e-5
ES113,2010,female,ages 1-79,-0.001327189169809145
ES113,2010,female,ages 80+,0.08229099547418237
ES113,2010,male,age 0,2.803297458066126e-4
ES113,2010,male,ages 1-79,-0.012316194368988374
ES113,2010,male,ages 80+,0.010202447845724001
ES113,2010,total,age 0,2.754292949737589e-4
ES113,2010,total,ages 1-79,-0.005885552253778592
ES113,2010,total,ages 80+,0.05067284197994687
ES113,2011,female,age 0,1.4240723089316653e-4
ES113,2011,female,ages 1-79,-0.00371044202010983
ES113,2011,female,ages 80+,0.034018585249979846
ES113,2011,male,age 0,1.4299737713755175e-5
ES113,2011,male,ages 1-79,-0.013278483509870383
ES113,2011,male,ages 80+,0.027878826626042883
ES113,2011,total,age 0,6.523063695227858e-5
ES113,2011,total,ages 1-79,-0.0078049462676625615
ES113,2011,total,ages 80+,0.027041479479503347
ES113,2012,female,age 0,3.170132834903862e-4
ES113,2012,female,ages 1-79,-0.0037331378354672397
ES113,2012,female,ages 80+,0.017477449184163132
ES113,2012,male,age 0,-1.0205175129415658e-4
ES113,2012,male,ages 1-79,-0.010133449471896218
ES113,2012,male,ages 80+,-0.009211811440034795
ES113,2012,total,age 0,5.185152087475319e-5
ES113,2012,total,ages 1-79,-0.0065871171087404454
ES113,2012,total,ages 80+,0.00505442268894941
ES113,2013,female,age 0,8.447979751906832e-5
ES113,2013,female,ages 1-79,-0.004767816890412913
ES113,2013,female,ages 80+,0.06136571186746772
ES113,2013,male,age 0,3.724092590740646e-4
ES113,2013,male,ages 1-79,-0.007542503207913692
ES113,2013,male,ages 80+,-0.01015965853839381
ES113,2013,total,age 0,2.3528914971947623e-4
ES113,2013,total,ages 1-79,-0.005784201641232052
ES113,2013,total,ages 80+,0.027020575903310126
ES113,2014,female,age 0,1.377790983083642e-4
ES113,2014,female,ages 1-79,-6.763390059085588e-4
ES113,2014,female,ages 80+,0.08917255483081353
ES113,2014,male,age 0,1.511130600828553e-4
ES113,2014,male,ages 1-79,-0.013161834480305609
ES113,2014,male,ages 80+,0.028325045760001853
ES113,2014,total,age 0,1.4488458902271387e-4
ES113,2014,total,ages 1-79,-0.0063430284121199125
ES113,2014,total,ages 80+,0.05955234098934518
ES113,2015,female,age 0,2.8011430576632267e-4
ES113,2015,female,ages 1-79,-0.004088221717004921
ES113,2015,female,ages 80+,0.019863633666793928
ES113,2015,male,age 0,1.9003464139583266e-4
ES113,2015,male,ages 1-79,-0.010616233797772013
ES113,2015,male,ages 80+,0.023804901321216536
ES113,2015,total,age 0,2.396478261543349e-4
ES113,2015,total,ages 1-79,-0.006500526790043074
ES113,2015,total,ages 80+,0.0199749916614383
ES113,2016,female,age 0,3.3088321502932716e-4
ES113,2016,female,ages 1-79,-6.601014308114301e-4
ES113,2016,female,ages 80+,0.0016296422276725758
ES113,2016,male,age 0,-1.7495238884428164e-4
ES113,2016,male,ages 1-79,-0.01141047515357618
ES113,2016,male,ages 80+,0.014711553254900964
ES113,2016,total,age 0,7.85390115633746e-5
ES113,2016,total,ages 1-79,-0.005737393598056024
ES113,2016,total,ages 80+,0.006748655196063446
ES113,2017,female,age 0,-5.001455162177051e-4
ES113,2017,female,ages 1-79,-0.004174619642813032
ES113,2017,female,ages 80+,0.0516496587256619
ES113,2017,male,age 0,3.5764443126116765e-5
ES113,2017,male,ages 1-79,-0.003537025245936105
ES113,2017,male,ages 80+,0.031667905410787615
ES113,2017,total,age 0,-2.5029631514473036e-4
ES113,2017,total,ages 1-79,-0.0034704951985794056
ES113,2017,total,ages 80+,0.042571072596908587
ES113,2018,female,age 0,1.1696536351313381e-4
ES113,2018,female,ages 1-79,-0.0010316721279178334
ES113,2018,female,ages 80+,0.08269190550634153
ES113,2018,male,age 0,1.6339190174630808e-4
ES113,2018,male,ages 1-79,-0.007860196715777326
ES113,2018,male,ages 80+,0.03797278590551546
ES113,2018,total,age 0,1.4372097700373628e-4
ES113,2018,total,ages 1-79,-0.003720216497579686
ES113,2018,total,ages 80+,0.061150127858584424
ES113,2019,female,age 0,0
ES113,2019,female,ages 1-79,-0.0032597984290033835
ES113,2019,female,ages 80+,0.09238645905463913
ES113,2019,male,age 0,-3.261758548113575e-4
ES113,2019,male,ages 1-79,-0.003133426121914546
ES113,2019,male,ages 80+,0.03649655163757613
ES113,2019,total,age 0,-1.46947010791998e-4
ES113,2019,total,ages 1-79,-0.0025823844242860126
ES113,2019,total,ages 80+,0.06166115772794835
ES113,2020,female,age 0,0
ES113,2020,female,ages 1-79,-0.007640912414025859
ES113,2020,female,ages 80+,-0.034386241596803924
ES113,2020,male,age 0,3.314450539706412e-4
ES113,2020,male,ages 1-79,-0.012868560070968399
ES113,2020,male,ages 80+,-0.02189761064932
ES113,2020,total,age 0,2.443517576114745e-4
ES113,2020,total,ages 1-79,-0.00980540594093075
ES113,2020,total,ages 80+,-0.030298403441576412
ES113,2021,female,age 0,1.5662755437073972e-4
ES113,2021,female,ages 1-79,-9.031816595828556e-5
ES113,2021,female,ages 80+,0.06110328235620532
ES113,2021,male,age 0,-3.6653630637564227e-5
ES113,2021,male,ages 1-79,-0.008158072570173605
ES113,2021,male,ages 80+,0.04987528855504254
ES113,2021,total,age 0,5.5747452471507466e-5
ES113,2021,total,ages 1-79,-0.004138941509673398
ES113,2021,total,ages 80+,0.055058829849962757
ES113,2022,female,age 0,5.0553814064688145e-5
ES113,2022,female,ages 1-79,-0.003722621451400479
ES113,2022,female,ages 80+,-0.01865054502768382
ES113,2022,male,age 0,0
ES113,2022,male,ages 1-79,-0.011881044472899982
ES113,2022,male,ages 80+,0.005382286833698621
ES113,2022,total,age 0,3.175768565869261e-5
ES113,2022,total,ages 1-79,-0.007177143977142698
ES113,2022,total,ages 80+,-0.007879542417273035
ES113,2023,female,age 0,0
ES113,2023,female,ages 1-79,-0.002841676234529628
ES113,2023,female,ages 80+,0.06692824298331551
ES113,2023,male,age 0,6.695280506002594e-4
ES113,2023,male,ages 1-79,-0.013984678729457769
ES113,2023,male,ages 80+,0.0379297240763342
ES113,2023,total,age 0,2.007288137375089e-4
ES113,2023,total,ages 1-79,-0.007944368150064985
ES113,2023,total,ages 80+,0.05351901394508582
ES113,2024,female,age 0,2.812655710445739e-4
ES113,2024,female,ages 1-79,-0.0036564226690174104
ES113,2024,female,ages 80+,0.05592985864671179
ES113,2024,male,age 0,-6.045090185185691e-5
ES113,2024,male,ages 1-79,-0.008114076153838325
ES113,2024,male,ages 80+,0.03320468718492491
ES113,2024,total,age 0,1.0566589818800214e-4
ES113,2024,total,ages 1-79,-0.005444801425028041
ES113,2024,total,ages 80+,0.04534059569164421
ES114,2002,female,age 0,-2.58470757559558e-4
ES114,2002,female,ages 1-79,-0.00444258449849967
ES114,2002,female,ages 80+,-0.034974494000405455
ES114,2002,male,age 0,1.4792579442933433e-4
ES114,2002,male,ages 1-79,-0.016857576655828307
ES114,2002,male,ages 80+,-0.02275287331448739
ES114,2002,total,age 0,-4.5197803272518835e-5
ES114,2002,total,ages 1-79,-0.009839962395797604
ES114,2002,total,ages 80+,-0.029429352886056706
ES114,2003,female,age 0,-1.5022952063742704e-4
ES114,2003,female,ages 1-79,-0.005240668438984606
ES114,2003,female,ages 80+,0.018741127792692807
ES114,2003,male,age 0,3.8262052858706236e-5
ES114,2003,male,ages 1-79,-0.013900390743458946
ES114,2003,male,ages 80+,-0.03113842268108531
ES114,2003,total,age 0,-6.959903326016816e-5
ES114,2003,total,ages 1-79,-0.008554729857688284
ES114,2003,total,ages 80+,-0.002869869030022322
ES114,2004,female,age 0,1.8799184402172554e-4
ES114,2004,female,ages 1-79,-0.004050458207515585
ES114,2004,female,ages 80+,0.07257241138204444
ES114,2004,male,age 0,6.767816012819578e-5
ES114,2004,male,ages 1-79,-0.01563516945276165
ES114,2004,male,ages 80+,-0.00813950277698703
ES114,2004,total,age 0,9.68489886273146e-5
ES114,2004,total,ages 1-79,-0.00912709568964331
ES114,2004,total,ages 80+,0.03590888926130517
ES114,2005,female,age 0,4.484872619433845e-7
ES114,2005,female,ages 1-79,-0.0022822988769077156
ES114,2005,female,ages 80+,0.0024004047604911467
ES114,2005,male,age 0,6.967754463143522e-5
ES114,2005,male,ages 1-79,-0.010009795128727786
ES114,2005,male,ages 80+,-0.010048079626152537
ES114,2005,total,age 0,2.0825001379066144e-5
ES114,2005,total,ages 1-79,-0.005530314023021779
ES114,2005,total,ages 80+,-0.005436765671543763
ES114,2006,female,age 0,1.8361820489175916e-4
ES114,2006,female,ages 1-79,-0.003955265204934982
ES114,2006,female,ages 80+,0.020089945174653075
ES114,2006,male,age 0,-2.646065198534949e-4
ES114,2006,male,ages 1-79,-0.009810475982236631
ES114,2006,male,ages 80+,-0.01976797496863951
ES114,2006,total,age 0,-7.850748665806232e-5
ES114,2006,total,ages 1-79,-0.006019278972882343
ES114,2006,total,ages 80+,7.257174922449226e-4
ES114,2007,female,age 0,1.6057110804608874e-4
ES114,2007,female,ages 1-79,-0.004881101470993497
ES114,2007,female,ages 80+,0.03299638223049869
ES114,2007,male,age 0,9.077299851495916e-5
ES114,2007,male,ages 1-79,-0.014748048274027075
ES114,2007,male,ages 80+,-0.0355525469364136
ES114,2007,total,age 0,1.1714614162313697e-4
ES114,2007,total,ages 1-79,-0.009039040023226032
ES114,2007,total,ages 80+,0.0012365825813141391
ES114,2008,female,age 0,-1.8133664250486272e-4
ES114,2008,female,ages 1-79,-0.0029165024384399134
ES114,2008,female,ages 80+,0.13020651942405226
ES114,2008,male,age 0,-5.044403658552438e-5
ES114,2008,male,ages 1-79,-0.009872615408498008
ES114,2008,male,ages 80+,-0.06888397209375853
ES114,2008,total,age 0,-1.1649508497580617e-4
ES114,2008,total,ages 1-79,-0.005667985517954865
ES114,2008,total,ages 80+,0.0411964719937515
ES114,2009,female,age 0,6.405382805157256e-5
ES114,2009,female,ages 1-79,-0.006542725736953773
ES114,2009,female,ages 80+,0.08343081416253147
ES114,2009,male,age 0,1.1314873588485982e-4
ES114,2009,male,ages 1-79,-0.011433517057307205
ES114,2009,male,ages 80+,0.045911153168106775
ES114,2009,total,age 0,8.12574917152647e-5
ES114,2009,total,ages 1-79,-0.008669416149825603
ES114,2009,total,ages 80+,0.06420344053069113
ES114,2010,female,age 0,1.1597756684856035e-4
ES114,2010,female,ages 1-79,-0.00600220828021977
ES114,2010,female,ages 80+,0.07621967805989091
ES114,2010,male,age 0,1.2568487933323737e-4
ES114,2010,male,ages 1-79,-0.013647793804297193
ES114,2010,male,ages 80+,0.02436188909948532
ES114,2010,total,age 0,1.2096729681645792e-4
ES114,2010,total,ages 1-79,-0.009567496024856662
ES114,2010,total,ages 80+,0.05184473196408023
ES114,2011,female,age 0,1.6497773868180037e-4
ES114,2011,female,ages 1-79,-0.00458893433009144
ES114,2011,female,ages 80+,0.014360701235120378
ES114,2011,male,age 0,3.6758882224451e-5
ES114,2011,male,ages 1-79,-0.012285756910109066
ES114,2011,male,ages 80+,0.06679138097111638
ES114,2011,total,age 0,9.857399209677072e-5
ES114,2011,total,ages 1-79,-0.007935381936693915
ES114,2011,total,ages 80+,0.031263914183099026
ES114,2012,female,age 0,3.2558672658075774e-5
ES114,2012,female,ages 1-79,0.0013833121434202577
ES114,2012,female,ages 80+,0.023845703362390856
ES114,2012,male,age 0,-3.448198464642935e-4
ES114,2012,male,ages 1-79,-0.011663948621038948
ES114,2012,male,ages 80+,0.012035200251148594
ES114,2012,total,age 0,-1.6022232818909698e-4
ES114,2012,total,ages 1-79,-0.004617879616827251
ES114,2012,total,ages 80+,0.016023393020779614
ES114,2013,female,age 0,4.311083547400961e-5
ES114,2013,female,ages 1-79,-0.006206862191807289
ES114,2013,female,ages 80+,0.021616323736729247
ES114,2013,male,age 0,5.042233149915963e-5
ES114,2013,male,ages 1-79,-0.008035961420941753
ES114,2013,male,ages 80+,0.01745891473910057
ES114,2013,total,age 0,4.7399542906790716e-5
ES114,2013,total,ages 1-79,-0.0062988880569682885
ES114,2013,total,ages 80+,0.017219772225022387
ES114,2014,female,age 0,-3.0660115023476776e-4
ES114,2014,female,ages 1-79,-0.0012240272764290447
ES114,2014,female,ages 80+,0.12845573656712747
ES114,2014,male,age 0,1.0456629468263236e-4
ES114,2014,male,ages 1-79,-0.00989250462409083
ES114,2014,male,ages 80+,0.015932665529540035
ES114,2014,total,age 0,-8.642444523630668e-5
ES114,2014,total,ages 1-79,-0.0050342947028738875
ES114,2014,total,ages 80+,0.078493847359237
ES114,2015,female,age 0,-1.2263299994911983e-4
ES114,2015,female,ages 1-79,-0.00290525848695422
ES114,2015,female,ages 80+,0.01852972332395702
ES114,2015,male,age 0,2.613432530142417e-5
ES114,2015,male,ages 1-79,-0.008670912833341536
ES114,2015,male,ages 80+,0.02861532863617538
ES114,2015,total,age 0,-4.994279012214185e-5
ES114,2015,total,ages 1-79,-0.004985725821752241
ES114,2015,total,ages 80+,0.016420141633755325
ES114,2016,female,age 0,1.3802462762306148e-4
ES114,2016,female,ages 1-79,-0.0019537718983866723
ES114,2016,female,ages 80+,0.062425828266681145
ES114,2016,male,age 0,7.350601352188609e-7
ES114,2016,male,ages 1-79,-0.009448870531954156
ES114,2016,male,ages 80+,0.031828644323368745
ES114,2016,total,age 0,5.65806573944104e-5
ES114,2016,total,ages 1-79,-0.005252882541553084
ES114,2016,total,ages 80+,0.045655435945320906
ES114,2017,female,age 0,1.909262228223297e-4
ES114,2017,female,ages 1-79,-0.0046716750688566636
ES114,2017,female,ages 80+,0.04117253299827657
ES114,2017,male,age 0,-5.9170508914106865e-5
ES114,2017,male,ages 1-79,-0.012672406417665292
ES114,2017,male,ages 80+,0.012179086758169387
ES114,2017,total,age 0,6.357885675240969e-5
ES114,2017,total,ages 1-79,-0.008197260586115642
ES114,2017,total,ages 80+,0.027336062766818093
ES114,2018,female,age 0,1.2290352592682731e-05
ES114,2018,female,ages 1-79,-8.26375606429108e-4
ES114,2018,female,ages 80+,0.02319700157046847
ES114,2018,male,age 0,1.4244933546515677e-4
ES114,2018,male,ages 1-79,-0.004109227439802417
ES114,2018,male,ages 80+,0.016560418049854864
ES114,2018,total,age 0,8.0224669522057e-5
ES114,2018,total,ages 1-79,-0.0021630727785581045
ES114,2018,total,ages 80+,0.019706280216174227
ES114,2019,female,age 0,5.467146748157223e-5
ES114,2019,female,ages 1-79,-0.005097029046170919
ES114,2019,female,ages 80+,0.10323704304844387
ES114,2019,male,age 0,-1.689598069555582e-4
ES114,2019,male,ages 1-79,-0.006212034260414067
ES114,2019,male,ages 80+,0.03925493264132597
ES114,2019,total,age 0,-6.731320103364225e-5
ES114,2019,total,ages 1-79,-0.005201516916575259
ES114,2019,total,ages 80+,0.07394744162824667
ES114,2020,female,age 0,1.3273836496050434e-4
ES114,2020,female,ages 1-79,-0.002925875329896947
ES114,2020,female,ages 80+,0.008762265437386133
ES114,2020,male,age 0,1.8667273984783282e-4
ES114,2020,male,ages 1-79,-0.009585712777280774
ES114,2020,male,ages 80+,0.05589098494722608
ES114,2020,total,age 0,1.6579952749095728e-4
ES114,2020,total,ages 1-79,-0.005771107495611839
ES114,2020,total,ages 80+,0.02506724236033242
ES114,2021,female,age 0,2.6653072940450623e-6
ES114,2021,female,ages 1-79,-0.004254708063842944
ES114,2021,female,ages 80+,0.08255671009373308
ES114,2021,male,age 0,-2.600165793649366e-4
ES114,2021,male,ages 1-79,-0.012364954001177082
ES114,2021,male,ages 80+,0.018047833134903855
ES114,2021,total,age 0,-1.277773058367138e-4
ES114,2021,total,ages 1-79,-0.007821129518109884
ES114,2021,total,ages 80+,0.04938979001115933
ES114,2022,female,age 0,-8.758435237146022e-5
ES114,2022,female,ages 1-79,-0.002542339521364504
ES114,2022,female,ages 80+,-0.011934110184660701
ES114,2022,male,age 0,-5.601336481078774e-4
ES114,2022,male,ages 1-79,-0.009287410926908282
ES114,2022,male,ages 80+,0.006436776824162127
ES114,2022,total,age 0,-3.4522812851685996e-4
ES114,2022,total,ages 1-79,-0.005581735375882043
ES114,2022,total,ages 80+,-0.007121031992141789
ES114,2023,female,age 0,-3.515195915025113e-5
ES114,2023,female,ages 1-79,-0.005074688179639556
ES114,2023,female,ages 80+,0.0895677416552892
ES114,2023,male,age 0,-2.939940612557407e-4
ES114,2023,male,ages 1-79,-0.008823700788106122
ES114,2023,male,ages 80+,0.06326054286019883
ES114,2023,total,age 0,-1.6764981268302186e-4
ES114,2023,total,ages 1-79,-0.006634939589917231
ES114,2023,total,ages 80+,0.07223243742798385
ES114,2024,female,age 0,5.077839661085438e-5
ES114,2024,female,ages 1-79,-3.774166960948389e-4
ES114,2024,female,ages 80+,0.10717824215572211
ES114,2024,male,age 0,2.4632820085542943e-4
ES114,2024,male,ages 1-79,-0.01108133435706638
ES114,2024,male,ages 80+,0.05807042676638072
ES114,2024,total,age 0,1.6147896486434814e-4
ES114,2024,total,ages 1-79,-0.005495686820396499
ES114,2024,total,ages 80+,0.08230212580922566
ES120,2002,female,age 0,3.2027255608163834e-4
ES120,2002,female,ages 1-79,-0.00538780757476136
ES120,2002,female,ages 80+,-0.02381143905385253
ES120,2002,male,age 0,7.424771159902939e-5
ES120,2002,male,ages 1-79,-0.01456112207908251
ES120,2002,male,ages 80+,-0.008883228702459
ES120,2002,total,age 0,2.2630705754223768e-4
ES120,2002,total,ages 1-79,-0.009613738044232607
ES120,2002,total,ages 80+,-0.01633676994227639
ES120,2003,female,age 0,6.0981772317226005e-5
ES120,2003,female,ages 1-79,-0.0067906973726951075
ES120,2003,female,ages 80+,-0.08447501516461654
ES120,2003,male,age 0,-1.467066381548175e-4
ES120,2003,male,ages 1-79,-0.016549513571255933
ES120,2003,male,ages 80+,-0.02581419134374915
ES120,2003,total,age 0,4.9156563641456575e-5
ES120,2003,total,ages 1-79,-0.01093468211084966
ES120,2003,total,ages 80+,-0.05509752535522169
ES120,2004,female,age 0,1.9038465085800997e-4
ES120,2004,female,ages 1-79,-0.007580742434256354
ES120,2004,female,ages 80+,-0.03604054664617335
ES120,2004,male,age 0,-1.515170691349194e-4
ES120,2004,male,ages 1-79,-0.014538366429484768
ES120,2004,male,ages 80+,-0.03762336204817819
ES120,2004,total,age 0,1.5025148528908518e-5
ES120,2004,total,ages 1-79,-0.009940251065118866
ES120,2004,total,ages 80+,-0.035757519193886284
ES120,2005,female,age 0,5.686451321412418e-5
ES120,2005,female,ages 1-79,-0.004214486115259151
ES120,2005,female,ages 80+,-0.016209919405829838
ES120,2005,male,age 0,8.129504518656337e-5
ES120,2005,male,ages 1-79,-0.010968950009231138
ES120,2005,male,ages 80+,3.424040212161494e-4
ES120,2005,total,age 0,4.951913513319391e-5
ES120,2005,total,ages 1-79,-0.006962857275257282
ES120,2005,total,ages 80+,-0.00839719470342121
ES120,2006,female,age 0,1.7851735509341306e-4
ES120,2006,female,ages 1-79,-0.0040496854817725116
ES120,2006,female,ages 80+,-0.0044920779690242815
ES120,2006,male,age 0,2.3149474247276215e-4
ES120,2006,male,ages 1-79,-0.014880777410510122
ES120,2006,male,ages 80+,-0.012212006727426195
ES120,2006,total,age 0,2.0866474587611319e-4
ES120,2006,total,ages 1-79,-0.00883821468553149
ES120,2006,total,ages 80+,-0.007611644541488622
ES120,2007,female,age 0,-5.540061927121541e-5
ES120,2007,female,ages 1-79,-0.00615747063884298
ES120,2007,female,ages 80+,-0.026814415576194937
ES120,2007,male,age 0,-2.464212239093361e-4
ES120,2007,male,ages 1-79,-0.010934038516597279
ES120,2007,male,ages 80+,-0.010075993897364993
ES120,2007,total,age 0,-1.149171820738233e-4
ES120,2007,total,ages 1-79,-0.007443413279947376
ES120,2007,total,ages 80+,-0.01841678684375695
ES120,2008,female,age 0,5.540502923957436e-5
ES120,2008,female,ages 1-79,-0.006051074752407973
ES120,2008,female,ages 80+,0.007815329941823993
ES120,2008,male,age 0,9.935574776240504e-5
ES120,2008,male,ages 1-79,-0.011026540614047597
ES120,2008,male,ages 80+,-0.032903327100897946
ES120,2008,total,age 0,9.005393245085668e-5
ES120,2008,total,ages 1-79,-0.007503097241022567
ES120,2008,total,ages 80+,-0.01046523614280202
ES120,2009,female,age 0,2.70036189933881e-4
ES120,2009,female,ages 1-79,-0.00518629934875757
ES120,2009,female,ages 80+,-0.04023776374813541
ES120,2009,male,age 0,1.8839365921375117e-5
ES120,2009,male,ages 1-79,-0.008379752828498696
ES120,2009,male,ages 80+,-0.02154820192319694
ES120,2009,total,age 0,1.5156839705438713e-4
ES120,2009,total,ages 1-79,-0.006161855457177328
ES120,2009,total,ages 80+,-0.032786836738138356
ES120,2010,female,age 0,7.494177459684191e-5
ES120,2010,female,ages 1-79,-0.005317606934451437
ES120,2010,female,ages 80+,0.008898261059993466
ES120,2010,male,age 0,4.817245972932984e-5
ES120,2010,male,ages 1-79,-0.012509812373898192
ES120,2010,male,ages 80+,5.845059749420428e-4
ES120,2010,total,age 0,6.297353187502844e-5
ES120,2010,total,ages 1-79,-0.00838718854284349
ES120,2010,total,ages 80+,0.004725492482920743
ES120,2011,female,age 0,-1.409956004583172e-5
ES120,2011,female,ages 1-79,-0.0028128866913510594
ES120,2011,female,ages 80+,0.04168883265230685
ES120,2011,male,age 0,7.492899584126848e-5
ES120,2011,male,ages 1-79,-0.012935695722962885
ES120,2011,male,ages 80+,0.02531382844096209
ES120,2011,total,age 0,6.543152919058148e-5
ES120,2011,total,ages 1-79,-0.0074295305917462615
ES120,2011,total,ages 80+,0.031989568130834006
ES120,2012,female,age 0,1.095839592905745e-4
ES120,2012,female,ages 1-79,1.3937643734815344e-6
ES120,2012,female,ages 80+,-0.0055083163347582585
ES120,2012,male,age 0,9.678612858072456e-5
ES120,2012,male,ages 1-79,-0.010129558579114871
ES120,2012,male,ages 80+,-0.01791728600825056
ES120,2012,total,age 0,1.0349097398066785e-4
ES120,2012,total,ages 1-79,-0.00463450462132764
ES120,2012,total,ages 80+,-0.011292290430194932
ES120,2013,female,age 0,1.0136812950463074e-4
ES120,2013,female,ages 1-79,-0.005846046887784873
ES120,2013,female,ages 80+,-0.011201731016462418
ES120,2013,male,age 0,1.285931045521364e-4
ES120,2013,male,ages 1-79,-0.010589581072500284
ES120,2013,male,ages 80+,-0.01825216537314832
ES120,2013,total,age 0,1.125637064561835e-4
ES120,2013,total,ages 1-79,-0.007362441787073678
ES120,2013,total,ages 80+,-0.014816504905260229
ES120,2014,female,age 0,1.1849242118525635e-4
ES120,2014,female,ages 1-79,-0.004633999111444701
ES120,2014,female,ages 80+,0.04805505500728348
ES120,2014,male,age 0,1.911223851288989e-4
ES120,2014,male,ages 1-79,-0.011858600348088218
ES120,2014,male,ages 80+,-0.01514791039446498
ES120,2014,total,age 0,1.579254956458985e-4
ES120,2014,total,ages 1-79,-0.007741842198480432
ES120,2014,total,ages 80+,0.018400187418325054
ES120,2015,female,age 0,1.5731995462293514e-5
ES120,2015,female,ages 1-79,-0.006782272777311635
ES120,2015,female,ages 80+,0.005444147323067611
ES120,2015,male,age 0,-4.092625908825498e-5
ES120,2015,male,ages 1-79,-0.0085269442570052
ES120,2015,male,ages 80+,-0.009025724249151547
ES120,2015,total,age 0,-1.7838533806664975e-5
ES120,2015,total,ages 1-79,-0.006783675682837292
ES120,2015,total,ages 80+,-1.4039672135221157e-4
ES120,2016,female,age 0,3.886566708075802e-6
ES120,2016,female,ages 1-79,-0.0024233268269596153
ES120,2016,female,ages 80+,0.015412180790991513
ES120,2016,male,age 0,-1.5022843687450505e-4
ES120,2016,male,ages 1-79,-0.008678808481482985
ES120,2016,male,ages 80+,-0.008649582340958292
ES120,2016,total,age 0,-8.909297255461896e-5
ES120,2016,total,ages 1-79,-0.004950121217546018
ES120,2016,total,ages 80+,0.004704079561711871
ES120,2017,female,age 0,-7.269571639864252e-5
ES120,2017,female,ages 1-79,-0.0036656800061160887
ES120,2017,female,ages 80+,-0.006471224743323373
ES120,2017,male,age 0,9.263172951578342e-5
ES120,2017,male,ages 1-79,-0.012376542747393544
ES120,2017,male,ages 80+,0.02174078071473049
ES120,2017,total,age 0,8.946636298261048e-6
ES120,2017,total,ages 1-79,-0.007876771128023598
ES120,2017,total,ages 80+,0.004626940721391734
ES120,2018,female,age 0,6.15511460153532e-5
ES120,2018,female,ages 1-79,-0.004187147116983696
ES120,2018,female,ages 80+,0.05286474455184757
ES120,2018,male,age 0,-1.0261467083601684e-4
ES120,2018,male,ages 1-79,-0.008513722988531754
ES120,2018,male,ages 80+,0.005743065438827105
ES120,2018,total,age 0,-2.2115437465714188e-5
ES120,2018,total,ages 1-79,-0.006108792216922291
ES120,2018,total,ages 80+,0.031188014834755178
ES120,2019,female,age 0,-8.858918312570223e-5
ES120,2019,female,ages 1-79,-0.002630636879317643
ES120,2019,female,ages 80+,0.07449755630837568
ES120,2019,male,age 0,2.689819355673944e-4
ES120,2019,male,ages 1-79,-0.009533681513222302
ES120,2019,male,ages 80+,0.01486919222585312
ES120,2019,total,age 0,1.0384651034430301e-4
ES120,2019,total,ages 1-79,-0.005554242588299025
ES120,2019,total,ages 80+,0.04819955453615527
ES120,2020,female,age 0,1.980189201431167e-4
ES120,2020,female,ages 1-79,-0.005618731368197679
ES120,2020,female,ages 80+,0.012033158445557048
ES120,2020,male,age 0,-3.376084884155685e-5
ES120,2020,male,ages 1-79,-0.015418916498545585
ES120,2020,male,ages 80+,-0.015141870170556248
ES120,2020,total,age 0,7.974325071504304e-5
ES120,2020,total,ages 1-79,-0.010134578426772248
ES120,2020,total,ages 80+,-2.111342000521016e-4
ES120,2021,female,age 0,1.6526893599611315e-4
ES120,2021,female,ages 1-79,-0.005147514534474238
ES120,2021,female,ages 80+,0.058124349801527454
ES120,2021,male,age 0,1.8687470544462187e-4
ES120,2021,male,ages 1-79,-0.010646202014024043
ES120,2021,male,ages 80+,0.030803785362074124
ES120,2021,total,age 0,1.7389071515116136e-4
ES120,2021,total,ages 1-79,-0.007597234674064756
ES120,2021,total,ages 80+,0.045283091622547386
ES120,2022,female,age 0,-2.73975839244259e-4
ES120,2022,female,ages 1-79,-0.005118323656355196
ES120,2022,female,ages 80+,0.013448451508526402
ES120,2022,male,age 0,1.7302754924164416e-4
ES120,2022,male,ages 1-79,-0.009117486704962813
ES120,2022,male,ages 80+,-0.01955651231582413
ES120,2022,total,age 0,-2.151881093476142e-5
ES120,2022,total,ages 1-79,-0.0066326326281100105
ES120,2022,total,ages 80+,-0.001866312824234613
ES120,2023,female,age 0,-4.898110486073318e-5
ES120,2023,female,ages 1-79,-0.0022214273750102327
ES120,2023,female,ages 80+,0.05629054763184865
ES120,2023,male,age 0,-1.3083658607574152e-4
ES120,2023,male,ages 1-79,-0.008617706861928264
ES120,2023,male,ages 80+,0.01976338027499856
ES120,2023,total,age 0,-9.154236285486313e-5
ES120,2023,total,ages 1-79,-0.004931356906705727
ES120,2023,total,ages 80+,0.03885776967091141
ES120,2024,female,age 0,1.9205495288237615e-4
ES120,2024,female,ages 1-79,-0.0023516163831552414
ES120,2024,female,ages 80+,0.044399662887695236
ES120,2024,male,age 0,-3.580378723111348e-5
ES120,2024,male,ages 1-79,-0.007946750703283998
ES120,2024,male,ages 80+,0.039574286549272364
ES120,2024,total,age 0,7.373603377571648e-5
ES120,2024,total,ages 1-79,-0.004592519035884835
ES120,2024,total,ages 80+,0.03962174719172847
ES130,2002,female,age 0,7.909233233104969e-5
ES130,2002,female,ages 1-79,-0.008426934832756475
ES130,2002,female,ages 80+,0.03436340034288362
ES130,2002,male,age 0,-4.3591614890374703e-4
ES130,2002,male,ages 1-79,-0.014079913971092765
ES130,2002,male,ages 80+,-0.013635134868257067
ES130,2002,total,age 0,-1.6557867748399948e-4
ES130,2002,total,ages 1-79,-0.01075765940857171
ES130,2002,total,ages 80+,0.013619912149440375
ES130,2003,female,age 0,-4.514184714497759e-4
ES130,2003,female,ages 1-79,-0.005442348697157691
ES130,2003,female,ages 80+,-0.0156475494106014
ES130,2003,male,age 0,1.1625245119669228e-4
ES130,2003,male,ages 1-79,-0.01386918685914895
ES130,2003,male,ages 80+,-0.015991919602028927
ES130,2003,total,age 0,-1.64187987559891e-4
ES130,2003,total,ages 1-79,-0.008863910314920015
ES130,2003,total,ages 80+,-0.01707104477092996
ES130,2004,female,age 0,1.3334681780759989e-4
ES130,2004,female,ages 1-79,-0.004725709446120683
ES130,2004,female,ages 80+,0.01934719161103841
ES130,2004,male,age 0,4.225790806607524e-5
ES130,2004,male,ages 1-79,-0.014565730961964866
ES130,2004,male,ages 80+,0.004952302237958901
ES130,2004,total,age 0,8.775471768324355e-5
ES130,2004,total,ages 1-79,-0.009228560353435167
ES130,2004,total,ages 80+,0.012153491554056848
ES130,2005,female,age 0,2.596382870641325e-4
ES130,2005,female,ages 1-79,-0.0022291879296441547
ES130,2005,female,ages 80+,0.003767455686593795
ES130,2005,male,age 0,9.954171016027392e-7
ES130,2005,male,ages 1-79,-0.01551048719408924
ES130,2005,male,ages 80+,-0.019249169704274486
ES130,2005,total,age 0,1.2810225759673152e-4
ES130,2005,total,ages 1-79,-0.008384171714713362
ES130,2005,total,ages 80+,-0.006930219804665398
ES130,2006,female,age 0,2.0678897998911678e-4
ES130,2006,female,ages 1-79,-0.0038110397242300175
ES130,2006,female,ages 80+,-0.012166224420819802
ES130,2006,male,age 0,-1.1793914565391755e-5
ES130,2006,male,ages 1-79,-0.00892984099214009
ES130,2006,male,ages 80+,-0.014539291683491447
ES130,2006,total,age 0,9.032247331565661e-5
ES130,2006,total,ages 1-79,-0.006100005044440902
ES130,2006,total,ages 80+,-0.011379762728893659
ES130,2007,female,age 0,-8.693148697184455e-6
ES130,2007,female,ages 1-79,-0.007766027335131228
ES130,2007,female,ages 80+,-0.007898241208892043
ES130,2007,male,age 0,-9.818064086104121e-5
ES130,2007,male,ages 1-79,-0.009352528897227545
ES130,2007,male,ages 80+,-0.012211735089418623
ES130,2007,total,age 0,-5.408965651030747e-5
ES130,2007,total,ages 1-79,-0.0074960028878078636
ES130,2007,total,ages 80+,-0.007933470466459827
ES130,2008,female,age 0,-8.087482625861774e-5
ES130,2008,female,ages 1-79,-0.003922004174472716
ES130,2008,female,ages 80+,0.004800931924729409
ES130,2008,male,age 0,-2.4779784955968254e-5
ES130,2008,male,ages 1-79,-0.011310606184290656
ES130,2008,male,ages 80+,-0.020604236013011562
ES130,2008,total,age 0,-5.1226284822684407e-5
ES130,2008,total,ages 1-79,-0.006827741886068953
ES130,2008,total,ages 80+,-0.004427122022275763
ES130,2009,female,age 0,2.3633548432826356e-4
ES130,2009,female,ages 1-79,-0.003994733135529756
ES130,2009,female,ages 80+,0.05532890458715703
ES130,2009,male,age 0,-5.9882240239729606e-5
ES130,2009,male,ages 1-79,-0.01266308006872805
ES130,2009,male,ages 80+,-5.923898246452466e-4
ES130,2009,total,age 0,8.272360568555507e-5
ES130,2009,total,ages 1-79,-0.007801894695428418
ES130,2009,total,ages 80+,0.029765089257516756
ES130,2010,female,age 0,-1.288240592953203e-5
ES130,2010,female,ages 1-79,-0.00464532816799665
ES130,2010,female,ages 80+,0.08096840492077303
ES130,2010,male,age 0,-1.1280585543484584e-4
ES130,2010,male,ages 1-79,-0.007524645184589087
ES130,2010,male,ages 80+,0.002721903881370471
ES130,2010,total,age 0,-6.466631917575613e-5
ES130,2010,total,ages 1-79,-0.00539699407933592
ES130,2010,total,ages 80+,0.04669699125637139
ES130,2011,female,age 0,-1.8823125622154676e-6
ES130,2011,female,ages 1-79,-0.005967406443218155
ES130,2011,female,ages 80+,0.07537177937220459
ES130,2011,male,age 0,-2.7510209114503202e-5
ES130,2011,male,ages 1-79,-0.014359967516224665
ES130,2011,male,ages 80+,0.0036747035912699007
ES130,2011,total,age 0,-1.47157872383327e-5
ES130,2011,total,ages 1-79,-0.009563218088760721
ES130,2011,total,ages 80+,0.04365632016905154
ES130,2012,female,age 0,1.1205516729067159e-4
ES130,2012,female,ages 1-79,-0.002590267743811363
ES130,2012,female,ages 80+,0.005229432078703517
ES130,2012,male,age 0,9.503434146587616e-5
ES130,2012,male,ages 1-79,-0.013552353766035932
ES130,2012,male,ages 80+,0.0039337336807041615
ES130,2012,total,age 0,9.757755162944292e-5
ES130,2012,total,ages 1-79,-0.007474827164108142
ES130,2012,total,ages 80+,0.0025842917160096342
ES130,2013,female,age 0,6.0264737224225695e-5
ES130,2013,female,ages 1-79,-0.0038710747685304654
ES130,2013,female,ages 80+,0.07387218646054453
ES130,2013,male,age 0,2.7175643109691853e-4
ES130,2013,male,ages 1-79,-0.010446045555944567
ES130,2013,male,ages 80+,0.012606277544589008
ES130,2013,total,age 0,1.7656469547331006e-4
ES130,2013,total,ages 1-79,-0.006319130484909945
ES130,2013,total,ages 80+,0.04511697237039329
ES130,2014,female,age 0,1.428077979804648e-4
ES130,2014,female,ages 1-79,-0.004555948355889346
ES130,2014,female,ages 80+,0.022320018051614876
ES130,2014,male,age 0,2.7587622829943777e-4
ES130,2014,male,ages 1-79,-0.01097499797414781
ES130,2014,male,ages 80+,0.017957650467878422
ES130,2014,total,age 0,2.1721445038490987e-4
ES130,2014,total,ages 1-79,-0.006892183864991376
ES130,2014,total,ages 80+,0.018591934519907847
ES130,2015,female,age 0,2.39864127765307e-7
ES130,2015,female,ages 1-79,-0.005092616488537129
ES130,2015,female,ages 80+,-0.019373393120683684
ES130,2015,male,age 0,1.5845532686875575e-4
ES130,2015,male,ages 1-79,-0.014675288717508048
ES130,2015,male,ages 80+,0.0029388361855497078
ES130,2015,total,age 0,6.183114337742526e-5
ES130,2015,total,ages 1-79,-0.009483480118625045
ES130,2015,total,ages 80+,-0.01039872231154413
ES130,2016,female,age 0,1.6858403435634445e-4
ES130,2016,female,ages 1-79,-0.0035424480387450815
ES130,2016,female,ages 80+,0.04934307238055399
ES130,2016,male,age 0,5.899737985856391e-5
ES130,2016,male,ages 1-79,-0.008663569742448377
ES130,2016,male,ages 80+,0.010821071027376006
ES130,2016,total,age 0,1.1660969157420043e-4
ES130,2016,total,ages 1-79,-0.005440334997818307
ES130,2016,total,ages 80+,0.030329888767394612
ES130,2017,female,age 0,1.6090750197660377e-4
ES130,2017,female,ages 1-79,-0.006093569673459081
ES130,2017,female,ages 80+,0.005945695462174782
ES130,2017,male,age 0,1.7916433454166495e-4
ES130,2017,male,ages 1-79,-0.0036063386249471506
ES130,2017,male,ages 80+,0.02469751154827612
ES130,2017,total,age 0,1.6686087681828945e-4
ES130,2017,total,ages 1-79,-0.004709391208333002
ES130,2017,total,ages 80+,0.015200863632733926
ES130,2018,female,age 0,-4.313265404249688e-5
ES130,2018,female,ages 1-79,-4.8654973454546e-5
ES130,2018,female,ages 80+,0.04001749031850285
ES130,2018,male,age 0,1.328492320324462e-4
ES130,2018,male,ages 1-79,-0.010140455812372051
ES130,2018,male,ages 80+,0.005256803440019841
ES130,2018,total,age 0,3.4523693754749904e-5
ES130,2018,total,ages 1-79,-0.005201307008262957
ES130,2018,total,ages 80+,0.02471307586103901
ES130,2019,female,age 0,-2.4434813523396174e-5
ES130,2019,female,ages 1-79,-0.00390781867647568
ES130,2019,female,ages 80+,0.06358625337040079
ES130,2019,male,age 0,1.2786794137238915e-4
ES130,2019,male,ages 1-79,-0.010991407502534039
ES130,2019,male,ages 80+,-0.008397513084591655
ES130,2019,total,age 0,5.258470592319116e-5
ES130,2019,total,ages 1-79,-0.007002403018505395
ES130,2019,total,ages 80+,0.03184741463889609
ES130,2020,female,age 0,2.9889974958163866e-4
ES130,2020,female,ages 1-79,-0.0047466942208362235
ES130,2020,female,ages 80+,0.0061361545136604245
ES130,2020,male,age 0,1.9573290529857276e-4
ES130,2020,male,ages 1-79,-0.007428086032537654
ES130,2020,male,ages 80+,0.007979050595017504
ES130,2020,total,age 0,2.572961998334682e-4
ES130,2020,total,ages 1-79,-0.005629353087813805
ES130,2020,total,ages 80+,0.010130882090288763
ES130,2021,female,age 0,-1.2150190490252547e-4
ES130,2021,female,ages 1-79,-9.781150723854343e-5
ES130,2021,female,ages 80+,0.08163090429962117
ES130,2021,male,age 0,2.0855215716156933e-4
ES130,2021,male,ages 1-79,-0.00651614824911379
ES130,2021,male,ages 80+,0.0025098985049489125
ES130,2021,total,age 0,5.274804196460855e-5
ES130,2021,total,ages 1-79,-0.003010300657763343
ES130,2021,total,ages 80+,0.04783400626971692
ES130,2022,female,age 0,-3.7822173191368356e-5
ES130,2022,female,ages 1-79,-0.004440167119785595
ES130,2022,female,ages 80+,0.017481484632877894
ES130,2022,male,age 0,-2.0397431861620088e-4
ES130,2022,male,ages 1-79,-0.006550631994599387
ES130,2022,male,ages 80+,-0.0034235513695052636
ES130,2022,total,age 0,-1.4713645102287703e-4
ES130,2022,total,ages 1-79,-0.005036357439047656
ES130,2022,total,ages 80+,0.007211543223092334
ES130,2023,female,age 0,3.755415013068572e-6
ES130,2023,female,ages 1-79,-0.0027321329388733783
ES130,2023,female,ages 80+,0.08303647458183719
ES130,2023,male,age 0,-2.3334555739841262e-4
ES130,2023,male,ages 1-79,-0.0074958848667191
ES130,2023,male,ages 80+,-0.026571837338782628
ES130,2023,total,age 0,-8.342625352492762e-5
ES130,2023,total,ages 1-79,-0.004906244697163267
ES130,2023,total,ages 80+,0.033272071324374014
ES130,2024,female,age 0,-4.28361120620677e-4
ES130,2024,female,ages 1-79,-0.003065929876780165
ES130,2024,female,ages 80+,0.1006347727427597
ES130,2024,male,age 0,2.4109382244850828e-4
ES130,2024,male,ages 1-79,-0.01077217738101357
ES130,2024,male,ages 80+,0.030350710691819854
ES130,2024,total,age 0,-3.3590300574565056e-5
ES130,2024,total,ages 1-79,-0.006648320577797913
ES130,2024,total,ages 80+,0.06667225981278017
ES211,2002,female,age 0,1.0317819863214504e-4
ES211,2002,female,ages 1-79,-0.009280653300811362
ES211,2002,female,ages 80+,-0.00994059074552183
ES211,2002,male,age 0,8.273103673866279e-5
ES211,2002,male,ages 1-79,-0.013501301699525394
ES211,2002,male,ages 80+,-0.017309298141166517
ES211,2002,total,age 0,4.5144193187457513e-5
ES211,2002,total,ages 1-79,-0.011358938553726616
ES211,2002,total,ages 80+,-0.012633166579466793
ES211,2003,female,age 0,8.842557162195212e-5
ES211,2003,female,ages 1-79,-0.003504105527263228
ES211,2003,female,ages 80+,-0.015735610556725156
ES211,2003,male,age 0,-1.192426718918603e-4
ES211,2003,male,ages 1-79,-0.026534354859549747
ES211,2003,male,ages 80+,0.0033525407066553846
ES211,2003,total,age 0,-5.2478270503396214e-5
ES211,2003,total,ages 1-79,-0.014446090220077002
ES211,2003,total,ages 80+,-0.006777837232217325
ES211,2004,female,age 0,-1.175200475584721e-5
ES211,2004,female,ages 1-79,-0.0028517885415363323
ES211,2004,female,ages 80+,-0.08404257593174541
ES211,2004,male,age 0,2.158540049451623e-4
ES211,2004,male,ages 1-79,-0.017001799147293165
ES211,2004,male,ages 80+,-0.028995256298398574
ES211,2004,total,age 0,1.0761449132039411e-4
ES211,2004,total,ages 1-79,-0.008760875510986232
ES211,2004,total,ages 80+,-0.0613470713329569
ES211,2005,female,age 0,5.097046073617753e-5
ES211,2005,female,ages 1-79,-0.0013943785988401102
ES211,2005,female,ages 80+,-0.029484442656353103
ES211,2005,male,age 0,-3.8889661151022046e-5
ES211,2005,male,ages 1-79,-0.007262323671617105
ES211,2005,male,ages 80+,-0.005887230857975578
ES211,2005,total,age 0,4.6563066223874984e-5
ES211,2005,total,ages 1-79,-0.00459172068032217
ES211,2005,total,ages 80+,-0.019820062604433385
ES211,2006,female,age 0,1.0639360902019179e-4
ES211,2006,female,ages 1-79,-0.002428166328210799
ES211,2006,female,ages 80+,0.036551595087457964
ES211,2006,male,age 0,-8.594730818618108e-4
ES211,2006,male,ages 1-79,-0.008495258417859752
ES211,2006,male,ages 80+,0.018935294036599035
ES211,2006,total,age 0,-3.2666635261360886e-4
ES211,2006,total,ages 1-79,-0.0053226376188287156
ES211,2006,total,ages 80+,0.02751369872775125
ES211,2007,female,age 0,7.221414663526689e-5
ES211,2007,female,ages 1-79,-0.0023567111597289246
ES211,2007,female,ages 80+,2.4191458281208264e-4
ES211,2007,male,age 0,-6.866190881966125e-5
ES211,2007,male,ages 1-79,-0.014815944450492464
ES211,2007,male,ages 80+,0.03770139119314154
ES211,2007,total,age 0,5.0779344278176215e-5
ES211,2007,total,ages 1-79,-0.008098244710060825
ES211,2007,total,ages 80+,0.01513076295571528
ES211,2008,female,age 0,-4.922422084944288e-4
ES211,2008,female,ages 1-79,-0.0026389568789431297
ES211,2008,female,ages 80+,0.008934609472337394
ES211,2008,male,age 0,0
ES211,2008,male,ages 1-79,-0.009823652369408475
ES211,2008,male,ages 80+,0.05178080023588668
ES211,2008,total,age 0,-2.29423397741015e-4
ES211,2008,total,ages 1-79,-0.006258716356834835
ES211,2008,total,ages 80+,0.024766873652000053
ES211,2009,female,age 0,-6.612892351563289e-4
ES211,2009,female,ages 1-79,7.766841955165929e-5
ES211,2009,female,ages 80+,0.07466105290743524
ES211,2009,male,age 0,1.5052804058555866e-4
ES211,2009,male,ages 1-79,-0.013044077913952363
ES211,2009,male,ages 80+,0.01902592957796923
ES211,2009,total,age 0,-2.562953076356457e-4
ES211,2009,total,ages 1-79,-0.006681219345990185
ES211,2009,total,ages 80+,0.049483808615356464
ES211,2010,female,age 0,7.914023941364385e-5
ES211,2010,female,ages 1-79,-0.0047307969445063245
ES211,2010,female,ages 80+,0.05745157453545149
ES211,2010,male,age 0,2.1895817159160684e-4
ES211,2010,male,ages 1-79,-0.014126067256396087
ES211,2010,male,ages 80+,-0.05117435403715251
ES211,2010,total,age 0,1.8442615234445626e-4
ES211,2010,total,ages 1-79,-0.00954119530359266
ES211,2010,total,ages 80+,0.01174213553344687
ES211,2011,female,age 0,2.8799756772065186e-5
ES211,2011,female,ages 1-79,-2.506631754726196e-4
ES211,2011,female,ages 80+,0.017622774963504534
ES211,2011,male,age 0,1.3827895399720256e-4
ES211,2011,male,ages 1-79,-0.008171175253714368
ES211,2011,male,ages 80+,-0.002617031024675775
ES211,2011,total,age 0,1.310088003556161e-4
ES211,2011,total,ages 1-79,-0.0039058857297741066
ES211,2011,total,ages 80+,0.012397861555014156
ES211,2012,female,age 0,1.6524747522294537e-4
ES211,2012,female,ages 1-79,-0.001993805255224731
ES211,2012,female,ages 80+,0.020212209306053722
ES211,2012,male,age 0,2.40282630892457e-4
ES211,2012,male,ages 1-79,-0.005450264515775357
ES211,2012,male,ages 80+,-0.06759263314171429
ES211,2012,total,age 0,2.1141474660149132e-4
ES211,2012,total,ages 1-79,-0.0022167668759227755
ES211,2012,total,ages 80+,-0.011871197837035573
ES211,2013,female,age 0,-3.0176309628511576e-4
ES211,2013,female,ages 1-79,-0.004230870433253006
ES211,2013,female,ages 80+,0.12397057378922938
ES211,2013,male,age 0,3.6490428429692605e-4
ES211,2013,male,ages 1-79,-0.0034832442358227337
ES211,2013,male,ages 80+,-0.002408778119649284
ES211,2013,total,age 0,3.05800016198614e-5
ES211,2013,total,ages 1-79,-0.003013035058819887
ES211,2013,total,ages 80+,0.06044834715551424
ES211,2014,female,age 0,1.9292206851740203e-4
ES211,2014,female,ages 1-79,-0.0019785421293546874
ES211,2014,female,ages 80+,0.06406509664300732
ES211,2014,male,age 0,1.7487196164962674e-4
ES211,2014,male,ages 1-79,-0.009323576058588539
ES211,2014,male,ages 80+,0.023104483448251216
ES211,2014,total,age 0,1.8364667522835759e-4
ES211,2014,total,ages 1-79,-0.005471497783503559
ES211,2014,total,ages 80+,0.04222451652309011
ES211,2015,female,age 0,6.674395749038083e-5
ES211,2015,female,ages 1-79,-0.0033134971905403343
ES211,2015,female,ages 80+,0.07902064950193266
ES211,2015,male,age 0,-2.9184913512021645e-4
ES211,2015,male,ages 1-79,-0.010936485427106983
ES211,2015,male,ages 80+,0.020095029158676444
ES211,2015,total,age 0,-1.2683868295738457e-4
ES211,2015,total,ages 1-79,-0.00745007355376661
ES211,2015,total,ages 80+,0.05261420859799512
ES211,2016,female,age 0,1.3024061656410438e-4
ES211,2016,female,ages 1-79,-0.0032348296467117153
ES211,2016,female,ages 80+,0.019436495176630354
ES211,2016,male,age 0,-2.14721521417416e-4
ES211,2016,male,ages 1-79,-0.007545272489752303
ES211,2016,male,ages 80+,-0.018401314789359136
ES211,2016,total,age 0,-3.060589348130066e-5
ES211,2016,total,ages 1-79,-0.004770404199079439
ES211,2016,total,ages 80+,0.0030989969921928345
ES211,2017,female,age 0,-2.53478553006763e-4
ES211,2017,female,ages 1-79,-0.003277764697329477
ES211,2017,female,ages 80+,0.14705022332979736
ES211,2017,male,age 0,-6.091920655705568e-4
ES211,2017,male,ages 1-79,-0.010071026088713141
ES211,2017,male,ages 80+,0.06132562867698967
ES211,2017,total,age 0,-4.249578678131213e-4
ES211,2017,total,ages 1-79,-0.005472003504137532
ES211,2017,total,ages 80+,0.10612899546725395
ES211,2018,female,age 0,-0.001184163514341319
ES211,2018,female,ages 1-79,-0.00489790143742585
ES211,2018,female,ages 80+,0.12098424974834376
ES211,2018,male,age 0,-6.19375867492757e-4
ES211,2018,male,ages 1-79,-0.004026174556713555
ES211,2018,male,ages 80+,0.02963497762467819
ES211,2018,total,age 0,-8.614843779311304e-4
ES211,2018,total,ages 1-79,-0.004110428018367973
ES211,2018,total,ages 80+,0.07852769307035132
ES211,2019,female,age 0,2.2204949862424453e-4
ES211,2019,female,ages 1-79,-0.002591166175365768
ES211,2019,female,ages 80+,0.17108680431624237
ES211,2019,male,age 0,-3.623266314562096e-4
ES211,2019,male,ages 1-79,-0.010245706411851739
ES211,2019,male,ages 80+,-0.03950665179526005
ES211,2019,total,age 0,-7.016972161653603e-5
ES211,2019,total,ages 1-79,-0.0062601696852978405
ES211,2019,total,ages 80+,0.07840449068389929
ES211,2020,female,age 0,1.1001834020514397e-4
ES211,2020,female,ages 1-79,-0.003069739990440995
ES211,2020,female,ages 80+,0.014414207745620284
ES211,2020,male,age 0,-5.189554991817259e-4
ES211,2020,male,ages 1-79,-0.00793975529413913
ES211,2020,male,ages 80+,-0.010568324821724666
ES211,2020,total,age 0,-2.2647206925378792e-4
ES211,2020,total,ages 1-79,-0.0051014611671325386
ES211,2020,total,ages 80+,0.00462546963812599
ES211,2021,female,age 0,-1.2411335264983964e-4
ES211,2021,female,ages 1-79,-0.001260678906227007
ES211,2021,female,ages 80+,0.16407396237528638
ES211,2021,male,age 0,2.998934952318695e-4
ES211,2021,male,ages 1-79,-0.007266739318433253
ES211,2021,male,ages 80+,0.001956086671819162
ES211,2021,total,age 0,9.575888640276381e-5
ES211,2021,total,ages 1-79,-0.0037674849874286924
ES211,2021,total,ages 80+,0.08921150765102878
ES211,2022,female,age 0,3.1488596554760635e-5
ES211,2022,female,ages 1-79,-0.0012239831621038383
ES211,2022,female,ages 80+,0.0022839871070933805
ES211,2022,male,age 0,3.720727299776159e-4
ES211,2022,male,ages 1-79,-0.007336111269194129
ES211,2022,male,ages 80+,0.010442686725086386
ES211,2022,total,age 0,2.1289407772472183e-4
ES211,2022,total,ages 1-79,-0.004121672285973505
ES211,2022,total,ages 80+,0.004332163871221574
ES211,2023,female,age 0,3.9123320034956317e-4
ES211,2023,female,ages 1-79,-0.002371888046333034
ES211,2023,female,ages 80+,-0.010206480981353034
ES211,2023,male,age 0,2.5005134821985404e-4
ES211,2023,male,ages 1-79,-0.005916015841118857
ES211,2023,male,ages 80+,0.029715528574104075
ES211,2023,total,age 0,3.33749620740674e-4
ES211,2023,total,ages 1-79,-0.003716190992635382
ES211,2023,total,ages 80+,0.0019040229096365605
ES211,2024,female,age 0,4.410143897193503e-4
ES211,2024,female,ages 1-79,2.855047978217607e-4
ES211,2024,female,ages 80+,0.048691118603513356
ES211,2024,male,age 0,3.233113117242833e-4
ES211,2024,male,ages 1-79,-0.0029195454509984534
ES211,2024,male,ages 80+,-0.020642008822361793
ES211,2024,total,age 0,3.83532156146447e-4
ES211,2024,total,ages 1-79,-7.745301683693034e-4
ES211,2024,total,ages 80+,0.016980239828216115
ES212,2002,female,age 0,1.7269746312661586e-4
ES212,2002,female,ages 1-79,-0.00395279985491871
ES212,2002,female,ages 80+,0.03320185709054886
ES212,2002,male,age 0,-3.9579132498520963e-4
ES212,2002,male,ages 1-79,-0.015339458889463658
ES212,2002,male,ages 80+,0.006117666481562898
ES212,2002,total,age 0,-1.1852848252862947e-4
ES212,2002,total,ages 1-79,-0.009222476240365795
ES212,2002,total,ages 80+,0.01983605833936513
ES212,2003,female,age 0,2.3259964162374125e-4
ES212,2003,female,ages 1-79,-0.0017404887503691172
ES212,2003,female,ages 80+,-0.04496909914516293
ES212,2003,male,age 0,1.906568578697413e-4
ES212,2003,male,ages 1-79,-0.016393370055129433
ES212,2003,male,ages 80+,-0.010356268717677255
ES212,2003,total,age 0,2.1176668129402353e-4
ES212,2003,total,ages 1-79,-0.00832590029505331
ES212,2003,total,ages 80+,-0.029170271836091305
ES212,2004,female,age 0,-1.1140304080270327e-4
ES212,2004,female,ages 1-79,-0.0034401781395630364
ES212,2004,female,ages 80+,0.0131811463018802
ES212,2004,male,age 0,-8.073644066566144e-5
ES212,2004,male,ages 1-79,-0.019631060329890246
ES212,2004,male,ages 80+,0.01836276850414951
ES212,2004,total,age 0,-1.2149002624963071e-4
ES212,2004,total,ages 1-79,-0.010590229891379857
ES212,2004,total,ages 80+,0.013162381585957547
ES212,2005,female,age 0,2.1442095058012394e-4
ES212,2005,female,ages 1-79,-0.0028492099868389032
ES212,2005,female,ages 80+,0.049417714704193726
ES212,2005,male,age 0,2.01187335966289e-4
ES212,2005,male,ages 1-79,-0.012864917710337972
ES212,2005,male,ages 80+,0.01790120551575356
ES212,2005,total,age 0,1.7983333645866855e-4
ES212,2005,total,ages 1-79,-0.007182107400868932
ES212,2005,total,ages 80+,0.034133865187836135
ES212,2006,female,age 0,3.2439439544932466e-5
ES212,2006,female,ages 1-79,-0.002523735246080492
ES212,2006,female,ages 80+,0.05189749419926945
ES212,2006,male,age 0,7.637471986274693e-6
ES212,2006,male,ages 1-79,-0.013477097226612585
ES212,2006,male,ages 80+,0.03111127867538161
ES212,2006,total,age 0,2.7394191206238026e-5
ES212,2006,total,ages 1-79,-0.007199543631826679
ES212,2006,total,ages 80+,0.04063997806927544
ES212,2007,female,age 0,3.137052977418206e-4
ES212,2007,female,ages 1-79,-0.0034685506777586495
ES212,2007,female,ages 80+,0.025672081374447764
ES212,2007,male,age 0,3.2825714098438127e-4
ES212,2007,male,ages 1-79,-0.010472604015282638
ES212,2007,male,ages 80+,0.017122395501854074
ES212,2007,total,age 0,3.21005139861959e-4
ES212,2007,total,ages 1-79,-0.006491300383225162
ES212,2007,total,ages 80+,0.02229061415167102
ES212,2008,female,age 0,-1.417681305274729e-4
ES212,2008,female,ages 1-79,-0.002701802381801279
ES212,2008,female,ages 80+,0.034740326043161476
ES212,2008,male,age 0,1.5223172260973703e-4
ES212,2008,male,ages 1-79,-0.01079242514340514
ES212,2008,male,ages 80+,-0.0052820534239355135
ES212,2008,total,age 0,5.023018379828691e-7
ES212,2008,total,ages 1-79,-0.006277969090934584
ES212,2008,total,ages 80+,0.01628570163660989
ES212,2009,female,age 0,9.758516831297671e-5
ES212,2009,female,ages 1-79,-0.004322323149429122
ES212,2009,female,ages 80+,0.02432133103587227
ES212,2009,male,age 0,-7.489501840414776e-5
ES212,2009,male,ages 1-79,-0.012721382526636568
ES212,2009,male,ages 80+,-0.01821422141294592
ES212,2009,total,age 0,1.067017175464135e-5
ES212,2009,total,ages 1-79,-0.008008568063076725
ES212,2009,total,ages 80+,0.0061158150807428075
ES212,2010,female,age 0,5.126636224355543e-5
ES212,2010,female,ages 1-79,-0.0012129758396551556
ES212,2010,female,ages 80+,0.04071357025375198
ES212,2010,male,age 0,-2.1661007185956526e-5
ES212,2010,male,ages 1-79,-0.008543647674135263
ES212,2010,male,ages 80+,-0.007061024428600314
ES212,2010,total,age 0,2.3622410846066554e-5
ES212,2010,total,ages 1-79,-0.003977551117222027
ES212,2010,total,ages 80+,0.020515400897813528
ES212,2011,female,age 0,-8.147813576980779e-5
ES212,2011,female,ages 1-79,-0.0038474845414374565
ES212,2011,female,ages 80+,0.03058759548263166
ES212,2011,male,age 0,-2.5404659774100096e-5
ES212,2011,male,ages 1-79,-0.007419638832589002
ES212,2011,male,ages 80+,-0.003958206694807721
ES212,2011,total,age 0,-7.234949304949493e-5
ES212,2011,total,ages 1-79,-0.004977551629113989
ES212,2011,total,ages 80+,0.01446372304210529
ES212,2012,female,age 0,-4.251619266883148e-4
ES212,2012,female,ages 1-79,-0.002395395851725425
ES212,2012,female,ages 80+,0.03257362767120028
ES212,2012,male,age 0,-6.6472158789482295e-6
ES212,2012,male,ages 1-79,-0.00883996625186171
ES212,2012,male,ages 80+,-0.047368464836528956
ES212,2012,total,age 0,-2.3019972473190513e-4
ES212,2012,total,ages 1-79,-0.005128379040376963
ES212,2012,total,ages 80+,0.00191379785412513
ES212,2013,female,age 0,1.6806613907791474e-4
ES212,2013,female,ages 1-79,-0.004142177664624687
ES212,2013,female,ages 80+,0.0431743409344381
ES212,2013,male,age 0,3.1494288888732e-4
ES212,2013,male,ages 1-79,-0.008508517638146442
ES212,2013,male,ages 80+,0.015479532557008496
ES212,2013,total,age 0,2.477234510762323e-4
ES212,2013,total,ages 1-79,-0.005614761759732011
ES212,2013,total,ages 80+,0.02861503862925099
ES212,2014,female,age 0,-5.9190173838114375e-5
ES212,2014,female,ages 1-79,-0.0023803877291163258
ES212,2014,female,ages 80+,0.06424781576172284
ES212,2014,male,age 0,2.3667958446255054e-4
ES212,2014,male,ages 1-79,-0.010857739274388937
ES212,2014,male,ages 80+,-0.018336666900091773
ES212,2014,total,age 0,8.534669439424827e-5
ES212,2014,total,ages 1-79,-0.006260501764184381
ES212,2014,total,ages 80+,0.03136821190615004
ES212,2015,female,age 0,-4.6843509697498026e-5
ES212,2015,female,ages 1-79,-9.900759027107048e-4
ES212,2015,female,ages 80+,0.018575583262968057
ES212,2015,male,age 0,1.663547775909657e-4
ES212,2015,male,ages 1-79,-0.010289058763799975
ES212,2015,male,ages 80+,-0.018571431960059302
ES212,2015,total,age 0,7.147384648896316e-5
ES212,2015,total,ages 1-79,-0.005602144507941048
ES212,2015,total,ages 80+,0.0040555493510547914
ES212,2016,female,age 0,-5.119131116081317e-4
ES212,2016,female,ages 1-79,-0.0038079200467339997
ES212,2016,female,ages 80+,0.05819002744973814
ES212,2016,male,age 0,5.424897148415717e-5
ES212,2016,male,ages 1-79,-0.009047547758257933
ES212,2016,male,ages 80+,0.00528167565086024
ES212,2016,total,age 0,-2.2151353689764833e-4
ES212,2016,total,ages 1-79,-0.005997341377287167
ES212,2016,total,ages 80+,0.03443026680394941
ES212,2017,female,age 0,-3.954802782166297e-4
ES212,2017,female,ages 1-79,-0.0026240645325218957
ES212,2017,female,ages 80+,0.0210349500938615
ES212,2017,male,age 0,-1.7930058987419015e-4
ES212,2017,male,ages 1-79,-0.009562221330639628
ES212,2017,male,ages 80+,0.024622404355534467
ES212,2017,total,age 0,-2.8354129702632894e-4
ES212,2017,total,ages 1-79,-0.005692018589065964
ES212,2017,total,ages 80+,0.02191094567839397
ES212,2018,female,age 0,1.554572838634219e-4
ES212,2018,female,ages 1-79,-0.00179056889520203
ES212,2018,female,ages 80+,0.06019582272617338
ES212,2018,male,age 0,1.5451982697210173e-4
ES212,2018,male,ages 1-79,-0.009944772722603941
ES212,2018,male,ages 80+,0.018645826983075382
ES212,2018,total,age 0,1.4420575069355688e-4
ES212,2018,total,ages 1-79,-0.005747249440305535
ES212,2018,total,ages 80+,0.04232036428913701
ES212,2019,female,age 0,1.1559225382319678e-4
ES212,2019,female,ages 1-79,-0.0026917659719550508
ES212,2019,female,ages 80+,0.06680043365574571
ES212,2019,male,age 0,4.948979771907973e-5
ES212,2019,male,ages 1-79,-0.00550349166212057
ES212,2019,male,ages 80+,0.011993176495193455
ES212,2019,total,age 0,8.634893642534602e-5
ES212,2019,total,ages 1-79,-0.003763630307207503
ES212,2019,total,ages 80+,0.03973535051482274
ES212,2020,female,age 0,1.1103979142062297e-4
ES212,2020,female,ages 1-79,-0.006802170146722237
ES212,2020,female,ages 80+,0.018596598055159307
ES212,2020,male,age 0,1.6082265612716445e-6
ES212,2020,male,ages 1-79,-0.013999830943506113
ES212,2020,male,ages 80+,0.0121080744849224
ES212,2020,total,age 0,5.182383094399011e-5
ES212,2020,total,ages 1-79,-0.009898770796456065
ES212,2020,total,ages 80+,0.016427271982730942
ES212,2021,female,age 0,-3.114868396786885e-5
ES212,2021,female,ages 1-79,-0.0026708444497401873
ES212,2021,female,ages 80+,0.03955864514749674
ES212,2021,male,age 0,1.6385040915474283e-5
ES212,2021,male,ages 1-79,-0.008828897966982753
ES212,2021,male,ages 80+,-0.024745646297279426
ES212,2021,total,age 0,-4.701230748323533e-6
ES212,2021,total,ages 1-79,-0.005396273980751891
ES212,2021,total,ages 80+,0.012814622733094125
ES212,2022,female,age 0,8.636180360258359e-5
ES212,2022,female,ages 1-79,-0.004232859065306729
ES212,2022,female,ages 80+,-0.014804532183711017
ES212,2022,male,age 0,-1.6880538110427027e-4
ES212,2022,male,ages 1-79,-0.009825564846483403
ES212,2022,male,ages 80+,-0.004966964976703407
ES212,2022,total,age 0,-4.677271266836335e-5
ES212,2022,total,ages 1-79,-0.006743752852895256
ES212,2022,total,ages 80+,-0.011479558543490401
ES212,2023,female,age 0,-1.7203202585734743e-4
ES212,2023,female,ages 1-79,-0.003226194613877492
ES212,2023,female,ages 80+,0.0443726640082123
ES212,2023,male,age 0,1.0956695708047722e-4
ES212,2023,male,ages 1-79,-0.01056393895934462
ES212,2023,male,ages 80+,0.004889681704460528
ES212,2023,total,age 0,-3.819917660228562e-5
ES212,2023,total,ages 1-79,-0.006549751039890324
ES212,2023,total,ages 80+,0.027531621277925793
ES212,2024,female,age 0,7.19145120642189e-5
ES212,2024,female,ages 1-79,-0.004539527639870361
ES212,2024,female,ages 80+,0.022993185177705898
ES212,2024,male,age 0,4.508454817959612e-5
ES212,2024,male,ages 1-79,-0.008867454611722208
ES212,2024,male,ages 80+,0.035551475486424636
ES212,2024,total,age 0,4.3751734161595485e-5
ES212,2024,total,ages 1-79,-0.00625341732705304
ES212,2024,total,ages 80+,0.026842209996564684
ES213,2002,female,age 0,1.3357631764646647e-4
ES213,2002,female,ages 1-79,-0.004020451968399744
ES213,2002,female,ages 80+,6.969979621999035e-4
ES213,2002,male,age 0,9.14754069620575e-5
ES213,2002,male,ages 1-79,-0.014632594580535382
ES213,2002,male,ages 80+,-0.051554383574375556
ES213,2002,total,age 0,8.259346520399132e-5
ES213,2002,total,ages 1-79,-0.008771927448622128
ES213,2002,total,ages 80+,-0.024280037143110094
ES213,2003,female,age 0,-1.7316314796796692e-4
ES213,2003,female,ages 1-79,-0.003746855043893844
ES213,2003,female,ages 80+,0.016115984660566247
ES213,2003,male,age 0,-1.2775165789700657e-4
ES213,2003,male,ages 1-79,-0.014322893490954213
ES213,2003,male,ages 80+,-0.03981616276883869
ES213,2003,total,age 0,-1.81981158489809e-4
ES213,2003,total,ages 1-79,-0.0084911225417183
ES213,2003,total,ages 80+,-0.007981968419765832
ES213,2004,female,age 0,-2.4907205922431326e-4
ES213,2004,female,ages 1-79,-0.006268898473781185
ES213,2004,female,ages 80+,-0.028952420829508642
ES213,2004,male,age 0,4.0041199232775004e-5
ES213,2004,male,ages 1-79,-0.013438026832642329
ES213,2004,male,ages 80+,-0.03501222403893879
ES213,2004,total,age 0,-1.1977158010733615e-4
ES213,2004,total,ages 1-79,-0.009013246335813003
ES213,2004,total,ages 80+,-0.03221822946309764
ES213,2005,female,age 0,1.7230688079045617e-4
ES213,2005,female,ages 1-79,-0.004854550315290303
ES213,2005,female,ages 80+,-0.040509840239945
ES213,2005,male,age 0,6.65179066027026e-5
ES213,2005,male,ages 1-79,-0.008993627894863843
ES213,2005,male,ages 80+,-0.022945020611355123
ES213,2005,total,age 0,1.0626311488464705e-4
ES213,2005,total,ages 1-79,-0.006355620402146412
ES213,2005,total,ages 80+,-0.030370087013561822
ES213,2006,female,age 0,7.911158711901409e-5
ES213,2006,female,ages 1-79,-0.002425587346216876
ES213,2006,female,ages 80+,0.01843379577646529
ES213,2006,male,age 0,3.0042087096230816e-4
ES213,2006,male,ages 1-79,-0.011115657039970235
ES213,2006,male,ages 80+,-0.03310503090845641
ES213,2006,total,age 0,1.907759816833397e-4
ES213,2006,total,ages 1-79,-0.006369173346012105
ES213,2006,total,ages 80+,-0.0030808540590898555
ES213,2007,female,age 0,4.353627739323455e-5
ES213,2007,female,ages 1-79,-0.003208011795169075
ES213,2007,female,ages 80+,-0.02465648797068859
ES213,2007,male,age 0,7.487071894939155e-5
ES213,2007,male,ages 1-79,-0.01270626456253068
ES213,2007,male,ages 80+,-0.013887247421069351
ES213,2007,total,age 0,6.092914266699622e-5
ES213,2007,total,ages 1-79,-0.007163187703188286
ES213,2007,total,ages 80+,-0.02020269695479847
ES213,2008,female,age 0,-1.0013249267011926e-4
ES213,2008,female,ages 1-79,-0.004249653978677281
ES213,2008,female,ages 80+,-0.006582806952042546
ES213,2008,male,age 0,-1.6604272885030225e-5
ES213,2008,male,ages 1-79,-0.014912450813737087
ES213,2008,male,ages 80+,0.010756820780136768
ES213,2008,total,age 0,-7.123704310626279e-5
ES213,2008,total,ages 1-79,-0.00874145287051944
ES213,2008,total,ages 80+,-0.0015610906031070237
ES213,2009,female,age 0,1.3996609631872832e-4
ES213,2009,female,ages 1-79,-0.005097768378786623
ES213,2009,female,ages 80+,0.031819741297425694
ES213,2009,male,age 0,3.619308418949187e-5
ES213,2009,male,ages 1-79,-0.009490457001063504
ES213,2009,male,ages 80+,-0.025184183053867163
ES213,2009,total,age 0,7.780842534957576e-5
ES213,2009,total,ages 1-79,-0.006812266325232038
ES213,2009,total,ages 80+,0.005669663986488216
ES213,2010,female,age 0,-7.515354652739106e-5
ES213,2010,female,ages 1-79,-0.0042569150412692
ES213,2010,female,ages 80+,0.024934232207161004
ES213,2010,male,age 0,6.053066251451026e-6
ES213,2010,male,ages 1-79,-0.013790914978115574
ES213,2010,male,ages 80+,0.002621610814903308
ES213,2010,total,age 0,-3.264790364103883e-5
ES213,2010,total,ages 1-79,-0.00846181218524195
ES213,2010,total,ages 80+,0.01323617796035604
ES213,2011,female,age 0,2.0508705138724972e-4
ES213,2011,female,ages 1-79,-0.002561642982407294
ES213,2011,female,ages 80+,0.03973426264514359
ES213,2011,male,age 0,-6.460060833715471e-5
ES213,2011,male,ages 1-79,-0.008635651122018775
ES213,2011,male,ages 80+,0.01691863723639575
ES213,2011,total,age 0,1.215590492756503e-4
ES213,2011,total,ages 1-79,-0.0051511915346660105
ES213,2011,total,ages 80+,0.027378832589165628
ES213,2012,female,age 0,1.136705430422002e-4
ES213,2012,female,ages 1-79,-2.832042035280113e-4
ES213,2012,female,ages 80+,-0.006343970906287393
ES213,2012,male,age 0,-2.471418089297193e-4
ES213,2012,male,ages 1-79,-0.011936736846836063
ES213,2012,male,ages 80+,-0.013015816031566946
ES213,2012,total,age 0,-6.963033712182129e-5
ES213,2012,total,ages 1-79,-0.005722421144666866
ES213,2012,total,ages 80+,-0.009703781091673776
ES213,2013,female,age 0,4.478050756314337e-5
ES213,2013,female,ages 1-79,-0.002659336862709385
ES213,2013,female,ages 80+,0.060784216556277124
ES213,2013,male,age 0,-9.769003190283288e-5
ES213,2013,male,ages 1-79,-0.00966602974588608
ES213,2013,male,ages 80+,-0.009440909060166529
ES213,2013,total,age 0,-2.8958158211470915e-5
ES213,2013,total,ages 1-79,-0.0057104511857711225
ES213,2013,total,ages 80+,0.029601965911079456
ES213,2014,female,age 0,-2.483161502864708e-5
ES213,2014,female,ages 1-79,-0.0035992106053233048
ES213,2014,female,ages 80+,-0.03887140084373333
ES213,2014,male,age 0,1.6791762761116108e-4
ES213,2014,male,ages 1-79,-0.01273812778745936
ES213,2014,male,ages 80+,-0.009677070528716476
ES213,2014,total,age 0,7.236088823332743e-5
ES213,2014,total,ages 1-79,-0.007706690071379675
ES213,2014,total,ages 80+,-0.028655792331734
ES213,2015,female,age 0,5.236780490498622e-6
ES213,2015,female,ages 1-79,-0.004957924500987232
ES213,2015,female,ages 80+,0.001339653356271179
ES213,2015,male,age 0,6.738320412800203e-6
ES213,2015,male,ages 1-79,-0.0076073781328184886
ES213,2015,male,ages 80+,-0.024336925777263464
ES213,2015,total,age 0,1.0855484519014615e-5
ES213,2015,total,ages 1-79,-0.005769365600048764
ES213,2015,total,ages 80+,-0.00992682145961699
ES213,2016,female,age 0,-1.29075742145327e-5
ES213,2016,female,ages 1-79,-0.0024152467161599736
ES213,2016,female,ages 80+,0.10199695458795469
ES213,2016,male,age 0,-2.3373931403059055e-4
ES213,2016,male,ages 1-79,-0.0132238482860941
ES213,2016,male,ages 80+,0.009789334288450094
ES213,2016,total,age 0,-1.2525370126114922e-4
ES213,2016,total,ages 1-79,-0.007342143220357056
ES213,2016,total,ages 80+,0.058516108506334596
ES213,2017,female,age 0,1.1154544680723154e-4
ES213,2017,female,ages 1-79,-0.004106655446349824
ES213,2017,female,ages 80+,0.09760047833476963
ES213,2017,male,age 0,2.648670660858318e-5
ES213,2017,male,ages 1-79,-0.009397639338524338
ES213,2017,male,ages 80+,-0.001735222926051265
ES213,2017,total,age 0,6.718688852601847e-5
ES213,2017,total,ages 1-79,-0.00633734126074022
ES213,2017,total,ages 80+,0.053568456075710334
ES213,2018,female,age 0,1.3377668140797936e-4
ES213,2018,female,ages 1-79,-0.0014584827382010284
ES213,2018,female,ages 80+,0.02713366431415161
ES213,2018,male,age 0,1.602466278726719e-4
ES213,2018,male,ages 1-79,-0.005638860401528904
ES213,2018,male,ages 80+,0.0143122288223308
ES213,2018,total,age 0,1.6193100559434807e-4
ES213,2018,total,ages 1-79,-0.003086670078507373
ES213,2018,total,ages 80+,0.023637294494616264
ES213,2019,female,age 0,1.2494467766825345e-4
ES213,2019,female,ages 1-79,-0.0019332583058242168
ES213,2019,female,ages 80+,0.061772148106190417
ES213,2019,male,age 0,2.5907771267647537e-4
ES213,2019,male,ages 1-79,-0.010902590923156378
ES213,2019,male,ages 80+,0.04781890986712334
ES213,2019,total,age 0,1.9354359878390523e-4
ES213,2019,total,ages 1-79,-0.005959889602496542
ES213,2019,total,ages 80+,0.05649523297146722
ES213,2020,female,age 0,8.41837604258841e-5
ES213,2020,female,ages 1-79,-0.002661389017379551
ES213,2020,female,ages 80+,0.06146996230920964
ES213,2020,male,age 0,-2.5966836229140045e-4
ES213,2020,male,ages 1-79,-0.011285582486743322
ES213,2020,male,ages 80+,0.002570004998484386
ES213,2020,total,age 0,-8.931448601999707e-5
ES213,2020,total,ages 1-79,-0.006287169781660239
ES213,2020,total,ages 80+,0.03539865623400863
ES213,2021,female,age 0,-1.820027155143282e-4
ES213,2021,female,ages 1-79,-0.004168421839628378
ES213,2021,female,ages 80+,0.08147537699227425
ES213,2021,male,age 0,-1.2769947210370712e-4
ES213,2021,male,ages 1-79,-0.0068594630792274056
ES213,2021,male,ages 80+,0.0066176553702147825
ES213,2021,total,age 0,-1.487117506784584e-4
ES213,2021,total,ages 1-79,-0.005093543837788971
ES213,2021,total,ages 80+,0.04751161320462323
ES213,2022,female,age 0,1.8195612467648153e-4
ES213,2022,female,ages 1-79,-0.0024397796702888405
ES213,2022,female,ages 80+,0.01921574427310239
ES213,2022,male,age 0,1.6551622801452262e-4
ES213,2022,male,ages 1-79,-0.010157654223690518
ES213,2022,male,ages 80+,0.004125119589574011
ES213,2022,total,age 0,1.7398741572279464e-4
ES213,2022,total,ages 1-79,-0.006095444019842439
ES213,2022,total,ages 80+,0.011636792313379139
ES213,2023,female,age 0,-3.06651922582916e-4
ES213,2023,female,ages 1-79,-0.0036562675736142706
ES213,2023,female,ages 80+,0.05566678382144487
ES213,2023,male,age 0,1.8517228928147973e-4
ES213,2023,male,ages 1-79,-0.00895361391787106
ES213,2023,male,ages 80+,0.03811247347859554
ES213,2023,total,age 0,-5.890190635036208e-5
ES213,2023,total,ages 1-79,-0.005864975761415878
ES213,2023,total,ages 80+,0.04818817351158695
ES213,2024,female,age 0,-3.852391124478335e-6
ES213,2024,female,ages 1-79,-0.002990162069093983
ES213,2024,female,ages 80+,0.06380355752791747
ES213,2024,male,age 0,7.302684728518552e-5
ES213,2024,male,ages 1-79,-0.007362950243342372
ES213,2024,male,ages 80+,0.05301968727581551
ES213,2024,total,age 0,3.4692869553496034e-5
ES213,2024,total,ages 1-79,-0.00483191015449427
ES213,2024,total,ages 80+,0.05725750940137994
ES220,2002,female,age 0,2.1617219769353623e-4
ES220,2002,female,ages 1-79,-0.0028737752009295775
ES220,2002,female,ages 80+,0.044937532144284704
ES220,2002,male,age 0,1.3568317502448812e-4
ES220,2002,male,ages 1-79,-0.015448298490865004
ES220,2002,male,ages 80+,0.007776815485618097
ES220,2002,total,age 0,1.7725081428415865e-4
ES220,2002,total,ages 1-79,-0.009090184737914571
ES220,2002,total,ages 80+,0.02549943343336554
ES220,2003,female,age 0,-1.1898849576882475e-4
ES220,2003,female,ages 1-79,-0.012047548696794594
ES220,2003,female,ages 80+,0.006984462456170702
ES220,2003,male,age 0,-1.529536297864277e-4
ES220,2003,male,ages 1-79,-0.013141792544293963
ES220,2003,male,ages 80+,-0.024087495904867178
ES220,2003,total,age 0,-1.4016154655635289e-4
ES220,2003,total,ages 1-79,-0.012205571494545792
ES220,2003,total,ages 80+,-0.00592805039127299
ES220,2004,female,age 0,1.6967117425761113e-5
ES220,2004,female,ages 1-79,-0.008008257928216462
ES220,2004,female,ages 80+,0.016264622506696337
ES220,2004,male,age 0,-3.934778147074541e-4
ES220,2004,male,ages 1-79,-0.010474631033245585
ES220,2004,male,ages 80+,0.006756647163710834
ES220,2004,total,age 0,-1.6784260334010183e-4
ES220,2004,total,ages 1-79,-0.008383217575614593
ES220,2004,total,ages 80+,0.011663716575786527
ES220,2005,female,age 0,8.529564831796492e-5
ES220,2005,female,ages 1-79,-0.0027457063419619775
ES220,2005,female,ages 80+,0.047394838039600706
ES220,2005,male,age 0,-2.0565610810761682e-4
ES220,2005,male,ages 1-79,-0.009370761318266519
ES220,2005,male,ages 80+,-0.0035857223093787183
ES220,2005,total,age 0,-5.1904915354461516e-5
ES220,2005,total,ages 1-79,-0.005486040132489852
ES220,2005,total,ages 80+,0.023383185309154578
ES220,2006,female,age 0,1.7823349555536457e-4
ES220,2006,female,ages 1-79,-0.006268013566344198
ES220,2006,female,ages 80+,0.021599945101917664
ES220,2006,male,age 0,-3.9097826518000805e-5
ES220,2006,male,ages 1-79,-0.011876530667484515
ES220,2006,male,ages 80+,0.023282668993365698
ES220,2006,total,age 0,5.229299238195173e-5
ES220,2006,total,ages 1-79,-0.008631651259665783
ES220,2006,total,ages 80+,0.020873614724456188
ES220,2007,female,age 0,-2.4551969310058728e-5
ES220,2007,female,ages 1-79,-0.004193749563144578
ES220,2007,female,ages 80+,0.06926060792010186
ES220,2007,male,age 0,-1.344179719466059e-4
ES220,2007,male,ages 1-79,-0.008521495398758624
ES220,2007,male,ages 80+,-0.01244250034829754
ES220,2007,total,age 0,-8.562441776816151e-5
ES220,2007,total,ages 1-79,-0.0061623415609453475
ES220,2007,total,ages 80+,0.03067191771960362
ES220,2008,female,age 0,-8.33138337555381e-5
ES220,2008,female,ages 1-79,-0.003500910997791623
ES220,2008,female,ages 80+,0.07383530884037781
ES220,2008,male,age 0,-2.1772222806306046e-4
ES220,2008,male,ages 1-79,-0.00768592307764226
ES220,2008,male,ages 80+,0.011339126507702323
ES220,2008,total,age 0,-1.5359594224125062e-4
ES220,2008,total,ages 1-79,-0.005226355010585856
ES220,2008,total,ages 80+,0.04309372813008752
ES220,2009,female,age 0,-1.252743479990298e-4
ES220,2009,female,ages 1-79,-0.005488797486839314
ES220,2009,female,ages 80+,0.04992181084573812
ES220,2009,male,age 0,-1.8861791697682783e-4
ES220,2009,male,ages 1-79,-0.011918866168540387
ES220,2009,male,ages 80+,-0.0020979802644489863
ES220,2009,total,age 0,-1.5800513275567518e-4
ES220,2009,total,ages 1-79,-0.008412846538613766
ES220,2009,total,ages 80+,0.024249613003499246
ES220,2010,female,age 0,-1.5729438472883228e-4
ES220,2010,female,ages 1-79,-0.004871954283644246
ES220,2010,female,ages 80+,0.042888912947855545
ES220,2010,male,age 0,3.990360004346095e-5
ES220,2010,male,ages 1-79,-0.013350945224732225
ES220,2010,male,ages 80+,0.01634917120598521
ES220,2010,total,age 0,-4.8836593704160675e-5
ES220,2010,total,ages 1-79,-0.008661532606972952
ES220,2010,total,ages 80+,0.029510988576727293
ES220,2011,female,age 0,-4.240870776480813e-4
ES220,2011,female,ages 1-79,-0.004925896694397035
ES220,2011,female,ages 80+,0.039029905984387554
ES220,2011,male,age 0,3.832287412736345e-5
ES220,2011,male,ages 1-79,-0.010406742591222484
ES220,2011,male,ages 80+,0.017689084979007643
ES220,2011,total,age 0,-1.8771502649737808e-4
ES220,2011,total,ages 1-79,-0.007426185272905705
ES220,2011,total,ages 80+,0.03156129352084954
ES220,2012,female,age 0,-6.0755992316931896e-5
ES220,2012,female,ages 1-79,-0.0042629775638336614
ES220,2012,female,ages 80+,0.03291422298490168
ES220,2012,male,age 0,-1.484943864919905e-4
ES220,2012,male,ages 1-79,-0.009824284857852358
ES220,2012,male,ages 80+,-0.007586395553703926
ES220,2012,total,age 0,-1.054476435600771e-4
ES220,2012,total,ages 1-79,-0.006633835369285579
ES220,2012,total,ages 80+,0.015097970086255259
ES220,2013,female,age 0,-1.5284810968651914e-4
ES220,2013,female,ages 1-79,-7.598678939087136e-5
ES220,2013,female,ages 80+,0.11999878863374783
ES220,2013,male,age 0,2.1125093822674875e-4
ES220,2013,male,ages 1-79,-0.007201947322014301
ES220,2013,male,ages 80+,-0.013195255511655658
ES220,2013,total,age 0,3.442374925363314e-5
ES220,2013,total,ages 1-79,-0.003410252423927513
ES220,2013,total,ages 80+,0.06475875499203201
ES220,2014,female,age 0,1.6600804083285333e-4
ES220,2014,female,ages 1-79,-0.002566698000066596
ES220,2014,female,ages 80+,0.0591983117905882
ES220,2014,male,age 0,2.7025346495694244e-4
ES220,2014,male,ages 1-79,-0.0084734237072586
ES220,2014,male,ages 80+,-0.005858865177953577
ES220,2014,total,age 0,2.1550676386429687e-4
ES220,2014,total,ages 1-79,-0.005133346498751008
ES220,2014,total,ages 80+,0.029270666116946554
ES220,2015,female,age 0,-3.644525756406857e-5
ES220,2015,female,ages 1-79,-0.005477023870010738
ES220,2015,female,ages 80+,-0.0012900538277145282
ES220,2015,male,age 0,-7.944862357567015e-5
ES220,2015,male,ages 1-79,-0.010219552479195468
ES220,2015,male,ages 80+,0.013182909868277783
ES220,2015,total,age 0,-7.503739167392385e-5
ES220,2015,total,ages 1-79,-0.007551521665004574
ES220,2015,total,ages 80+,0.0022991785994009115
ES220,2016,female,age 0,-8.38427913791935e-5
ES220,2016,female,ages 1-79,-0.0047567457190625575
ES220,2016,female,ages 80+,-0.008462257287673209
ES220,2016,male,age 0,-8.657549819464844e-6
ES220,2016,male,ages 1-79,-0.00907910818663932
ES220,2016,male,ages 80+,0.014673474268298143
ES220,2016,total,age 0,-4.046104225765245e-5
ES220,2016,total,ages 1-79,-0.006697042942615727
ES220,2016,total,ages 80+,0.0013618805011197978
ES220,2017,female,age 0,-2.272758716501835e-4
ES220,2017,female,ages 1-79,-0.004082237751389469
ES220,2017,female,ages 80+,0.03394676186846042
ES220,2017,male,age 0,8.684995588024075e-5
ES220,2017,male,ages 1-79,-0.008813797623493035
ES220,2017,male,ages 80+,0.027619107348523103
ES220,2017,total,age 0,-6.616225410761962e-5
ES220,2017,total,ages 1-79,-0.006165624105897155
ES220,2017,total,ages 80+,0.03028663933227823
ES220,2018,female,age 0,1.4727575315957365e-4
ES220,2018,female,ages 1-79,-0.0040669511584983135
ES220,2018,female,ages 80+,0.07148111842067698
ES220,2018,male,age 0,1.5419447715567144e-4
ES220,2018,male,ages 1-79,-0.005103227936555423
ES220,2018,male,ages 80+,0.0041020093262026085
ES220,2018,total,age 0,1.5011765848333393e-4
ES220,2018,total,ages 1-79,-0.004048447036375543
ES220,2018,total,ages 80+,0.04212627366515877
ES220,2019,female,age 0,2.4417276200558175e-4
ES220,2019,female,ages 1-79,-0.002782255165960238
ES220,2019,female,ages 80+,0.06004955757601684
ES220,2019,male,age 0,-1.1204677296253402e-4
ES220,2019,male,ages 1-79,-0.008954304398036185
ES220,2019,male,ages 80+,-0.006155520894469735
ES220,2019,total,age 0,6.731508497820967e-5
ES220,2019,total,ages 1-79,-0.00565124265658261
ES220,2019,total,ages 80+,0.031830481554174034
ES220,2020,female,age 0,-3.858341439789107e-6
ES220,2020,female,ages 1-79,-0.0025564406939185417
ES220,2020,female,ages 80+,-0.019786260410967885
ES220,2020,male,age 0,-4.0906542915493274e-4
ES220,2020,male,ages 1-79,-0.00930822902812297
ES220,2020,male,ages 80+,-0.0038033539277626295
ES220,2020,total,age 0,-2.1325272398412388e-4
ES220,2020,total,ages 1-79,-0.00583813359043753
ES220,2020,total,ages 80+,-0.013079865900404613
ES220,2021,female,age 0,8.183545184353784e-6
ES220,2021,female,ages 1-79,-0.007135498603235228
ES220,2021,female,ages 80+,0.11015717849136653
ES220,2021,male,age 0,-8.263772197149572e-5
ES220,2021,male,ages 1-79,-0.009414333505804427
ES220,2021,male,ages 80+,0.031011692101690573
ES220,2021,total,age 0,-3.074144449036943e-5
ES220,2021,total,ages 1-79,-0.008038352070311273
ES220,2021,total,ages 80+,0.07224348596735676
ES220,2022,female,age 0,-2.3678011594793938e-5
ES220,2022,female,ages 1-79,-0.002638220564730854
ES220,2022,female,ages 80+,0.009420131522480085
ES220,2022,male,age 0,5.283585574632515e-5
ES220,2022,male,ages 1-79,-0.008645135427559047
ES220,2022,male,ages 80+,-0.03474138352180515
ES220,2022,total,age 0,2.8400950976140187e-5
ES220,2022,total,ages 1-79,-0.005451210230863309
ES220,2022,total,ages 80+,-0.010681942357437024
ES220,2023,female,age 0,-4.437369366258299e-5
ES220,2023,female,ages 1-79,-0.0024278141626077926
ES220,2023,female,ages 80+,0.08469572918286677
ES220,2023,male,age 0,4.649726834489577e-5
ES220,2023,male,ages 1-79,-0.006197737821190683
ES220,2023,male,ages 80+,0.014098971856845232
ES220,2023,total,age 0,4.145142236020876e-7
ES220,2023,total,ages 1-79,-0.0039068085283708994
ES220,2023,total,ages 80+,0.05190819037265124
ES220,2024,female,age 0,7.169860150231842e-6
ES220,2024,female,ages 1-79,-3.506352489435861e-4
ES220,2024,female,ages 80+,0.005468226707300742
ES220,2024,male,age 0,2.128650609960992e-4
ES220,2024,male,ages 1-79,-0.0026219486751432536
ES220,2024,male,ages 80+,0.02219081366017602
ES220,2024,total,age 0,1.1268470420898707e-4
ES220,2024,total,ages 1-79,-0.0013595993380609728
ES220,2024,total,ages 80+,0.012090329839590035
ES230,2002,female,age 0,-1.6080542643509142e-4
ES230,2002,female,ages 1-79,-0.009468842354316465
ES230,2002,female,ages 80+,-0.009491243680751493
ES230,2002,male,age 0,-1.6171145488184016e-4
ES230,2002,male,ages 1-79,-0.010348060735720175
ES230,2002,male,ages 80+,0.048890975951095664
ES230,2002,total,age 0,4.955003905932011e-5
ES230,2002,total,ages 1-79,-0.008653790946872037
ES230,2002,total,ages 80+,0.013393244101374092
ES230,2003,female,age 0,-2.106300760825503e-4
ES230,2003,female,ages 1-79,-0.005467159443153189
ES230,2003,female,ages 80+,-0.02378828572218255
ES230,2003,male,age 0,2.198234412093752e-4
ES230,2003,male,ages 1-79,-0.01404474584061708
ES230,2003,male,ages 80+,-0.0028040779482578285
ES230,2003,total,age 0,1.8214214281522925e-4
ES230,2003,total,ages 1-79,-0.009199649465668615
ES230,2003,total,ages 80+,-0.010804260366759112
ES230,2004,female,age 0,2.1836965362334942e-4
ES230,2004,female,ages 1-79,-0.010396096657533056
ES230,2004,female,ages 80+,-0.022442952822119795
ES230,2004,male,age 0,1.5708099838103895e-4
ES230,2004,male,ages 1-79,-0.017302124983495492
ES230,2004,male,ages 80+,-0.013062040509922273
ES230,2004,total,age 0,3.08877286870398e-4
ES230,2004,total,ages 1-79,-0.013858964342427896
ES230,2004,total,ages 80+,-0.01971493426579635
ES230,2005,female,age 0,-3.2914009702913485e-4
ES230,2005,female,ages 1-79,-0.005444106094680077
ES230,2005,female,ages 80+,-0.05996919946841393
ES230,2005,male,age 0,-9.346487627667757e-4
ES230,2005,male,ages 1-79,-0.009127382838168899
ES230,2005,male,ages 80+,-0.022494337984431883
ES230,2005,total,age 0,-5.587229503549251e-4
ES230,2005,total,ages 1-79,-0.007015579840429968
ES230,2005,total,ages 80+,-0.04075233106159025
ES230,2006,female,age 0,-8.377623075772535e-5
ES230,2006,female,ages 1-79,-0.0014111007285519525
ES230,2006,female,ages 80+,0.03213224903386193
ES230,2006,male,age 0,9.913138455486297e-5
ES230,2006,male,ages 1-79,-0.01679907607882845
ES230,2006,male,ages 80+,-0.04945969929607891
ES230,2006,total,age 0,1.5113935143509666e-4
ES230,2006,total,ages 1-79,-0.009049539299244949
ES230,2006,total,ages 80+,-0.01102640705759346
ES230,2007,female,age 0,2.1343725151625175e-4
ES230,2007,female,ages 1-79,-0.0061767041560073874
ES230,2007,female,ages 80+,-0.013851202586527438
ES230,2007,male,age 0,4.454924176832252e-6
ES230,2007,male,ages 1-79,-0.01010327539629724
ES230,2007,male,ages 80+,-0.02476492274569112
ES230,2007,total,age 0,1.90471280421764e-4
ES230,2007,total,ages 1-79,-0.0073760034629837025
ES230,2007,total,ages 80+,-0.019912818405453607
ES230,2008,female,age 0,1.5483318107298126e-4
ES230,2008,female,ages 1-79,-0.005934561547841067
ES230,2008,female,ages 80+,-0.04216969472121626
ES230,2008,male,age 0,-4.2926882224789175e-4
ES230,2008,male,ages 1-79,-0.014283902988437543
ES230,2008,male,ages 80+,-0.05777915075346757
ES230,2008,total,age 0,-1.5631522748290547e-4
ES230,2008,total,ages 1-79,-0.00948475471353749
ES230,2008,total,ages 80+,-0.049050788233084584
ES230,2009,female,age 0,-7.265500376366974e-5
ES230,2009,female,ages 1-79,-0.00587577940213752
ES230,2009,female,ages 80+,0.07453035322341528
ES230,2009,male,age 0,3.3451586262189906e-4
ES230,2009,male,ages 1-79,-0.014482982731752109
ES230,2009,male,ages 80+,0.006250549730824249
ES230,2009,total,age 0,8.20705819486993e-5
ES230,2009,total,ages 1-79,-0.010115392459167954
ES230,2009,total,ages 80+,0.044853133278622725
ES230,2010,female,age 0,1.391681409571045e-4
ES230,2010,female,ages 1-79,9.948778121959883e-4
ES230,2010,female,ages 80+,0.02579858440600537
ES230,2010,male,age 0,-1.9398848600564857e-4
ES230,2010,male,ages 1-79,-0.009134912789446573
ES230,2010,male,ages 80+,5.635371343325896e-4
ES230,2010,total,age 0,-5.2426014205127637e-05
ES230,2010,total,ages 1-79,-0.0037991554138095563
ES230,2010,total,ages 80+,0.014460904024567324
ES230,2011,female,age 0,-2.1492959420622347e-4
ES230,2011,female,ages 1-79,4.2122610138819734e-4
ES230,2011,female,ages 80+,0.019998225379223564
ES230,2011,male,age 0,-2.9305151225236196e-5
ES230,2011,male,ages 1-79,-0.012958574038372719
ES230,2011,male,ages 80+,0.0050328172242089745
ES230,2011,total,age 0,-2.1083085239755265e-4
ES230,2011,total,ages 1-79,-0.005998222085971018
ES230,2011,total,ages 80+,0.013137514189852977
ES230,2012,female,age 0,2.5396567622870854e-4
ES230,2012,female,ages 1-79,-0.005793234875274579
ES230,2012,female,ages 80+,0.03403150821571016
ES230,2012,male,age 0,2.593112692421157e-6
ES230,2012,male,ages 1-79,-0.006430473349434491
ES230,2012,male,ages 80+,-0.005199770559963457
ES230,2012,total,age 0,1.2429528915697556e-4
ES230,2012,total,ages 1-79,-0.005397218653978523
ES230,2012,total,ages 80+,0.013661372218741117
ES230,2013,female,age 0,-1.5550530253829404e-4
ES230,2013,female,ages 1-79,-0.005603611283066433
ES230,2013,female,ages 80+,-0.03049232259735719
ES230,2013,male,age 0,-4.0135576865176864e-4
ES230,2013,male,ages 1-79,-0.00589020844014802
ES230,2013,male,ages 80+,-0.006341036111324564
ES230,2013,total,age 0,-2.74131328394462e-4
ES230,2013,total,ages 1-79,-0.005130962155358634
ES230,2013,total,ages 80+,-0.019745309289447177
ES230,2014,female,age 0,-4.343468514837904e-4
ES230,2014,female,ages 1-79,-0.0029310345109904764
ES230,2014,female,ages 80+,-0.025955651615691355
ES230,2014,male,age 0,1.9542806484618583e-4
ES230,2014,male,ages 1-79,-0.011057560361542575
ES230,2014,male,ages 80+,0.053811419711163974
ES230,2014,total,age 0,-6.92619632609382e-5
ES230,2014,total,ages 1-79,-0.006530590508818894
ES230,2014,total,ages 80+,0.005749422791620752
ES230,2015,female,age 0,2.1437418498258652e-4
ES230,2015,female,ages 1-79,-0.003287355652184569
ES230,2015,female,ages 80+,0.0438491045875931
ES230,2015,male,age 0,8.330391863157711e-5
ES230,2015,male,ages 1-79,-0.013438825478343465
ES230,2015,male,ages 80+,-0.01849474148145002
ES230,2015,total,age 0,1.6349880722381433e-4
ES230,2015,total,ages 1-79,-0.007809126146133509
ES230,2015,total,ages 80+,0.012969104645879772
ES230,2016,female,age 0,9.501339905286304e-5
ES230,2016,female,ages 1-79,-0.0033725215786609627
ES230,2016,female,ages 80+,0.10360185180064915
ES230,2016,male,age 0,9.784205624819537e-5
ES230,2016,male,ages 1-79,-0.0028344472192281373
ES230,2016,male,ages 80+,0.010797982795125005
ES230,2016,total,age 0,9.9157963142376e-5
ES230,2016,total,ages 1-79,-0.0026860146918654664
ES230,2016,total,ages 80+,0.05993108893109361
ES230,2017,female,age 0,-4.7771768438495084e-4
ES230,2017,female,ages 1-79,-0.003246514779072329
ES230,2017,female,ages 80+,0.10012577151711125
ES230,2017,male,age 0,1.628439679789776e-4
ES230,2017,male,ages 1-79,-0.010783815368030735
ES230,2017,male,ages 80+,0.03895532261100959
ES230,2017,total,age 0,-9.75391429491355e-5
ES230,2017,total,ages 1-79,-0.0070773373079927974
ES230,2017,total,ages 80+,0.07289251575727157
ES230,2018,female,age 0,-2.82928353149363e-4
ES230,2018,female,ages 1-79,-0.003589907233580636
ES230,2018,female,ages 80+,0.11096574479481894
ES230,2018,male,age 0,-4.936802279076564e-4
ES230,2018,male,ages 1-79,-0.010215699307969454
ES230,2018,male,ages 80+,-0.016426051363742974
ES230,2018,total,age 0,-3.9033267219870215e-4
ES230,2018,total,ages 1-79,-0.006190700582821673
ES230,2018,total,ages 80+,0.04714735437225272
ES230,2019,female,age 0,-3.703199660670684e-4
ES230,2019,female,ages 1-79,-0.004095341778222879
ES230,2019,female,ages 80+,0.10102566042892976
ES230,2019,male,age 0,2.1139891815011763e-4
ES230,2019,male,ages 1-79,-0.010154099884193352
ES230,2019,male,ages 80+,0.0386433800283324
ES230,2019,total,age 0,-9.759671583407057e-5
ES230,2019,total,ages 1-79,-0.006794905833460221
ES230,2019,total,ages 80+,0.07339619771448003
ES230,2020,female,age 0,4.224521004392373e-5
ES230,2020,female,ages 1-79,-0.007767214187930655
ES230,2020,female,ages 80+,-0.01572520004452908
ES230,2020,male,age 0,-2.544510536553427e-4
ES230,2020,male,ages 1-79,-0.011881400670751165
ES230,2020,male,ages 80+,0.008207510005905312
ES230,2020,total,age 0,-1.1258660182437191e-4
ES230,2020,total,ages 1-79,-0.009838503377731435
ES230,2020,total,ages 80+,-0.00529428113578994
ES230,2021,female,age 0,-9.953381221155256e-5
ES230,2021,female,ages 1-79,-0.005022975885440562
ES230,2021,female,ages 80+,-0.013045936597180736
ES230,2021,male,age 0,-4.694308187344406e-5
ES230,2021,male,ages 1-79,-0.011486802240509998
ES230,2021,male,ages 80+,0.0060471107419295
ES230,2021,total,age 0,-2.7513019191847756e-5
ES230,2021,total,ages 1-79,-0.0077664806332869984
ES230,2021,total,ages 80+,-0.005034114757398071
ES230,2022,female,age 0,1.700333127823478e-4
ES230,2022,female,ages 1-79,-0.0019171648096809085
ES230,2022,female,ages 80+,0.015514039459272606
ES230,2022,male,age 0,-4.581108565011576e-5
ES230,2022,male,ages 1-79,-0.01199582865767736
ES230,2022,male,ages 80+,-0.037066583939089265
ES230,2022,total,age 0,2.836160928549667e-5
ES230,2022,total,ages 1-79,-0.006796617440842201
ES230,2022,total,ages 80+,-0.010382364013919242
ES230,2023,female,age 0,1.2511708441633826e-4
ES230,2023,female,ages 1-79,-8.221205809394109e-4
ES230,2023,female,ages 80+,0.02979392571906961
ES230,2023,male,age 0,-9.284144353163023e-5
ES230,2023,male,ages 1-79,-0.003916232502416368
ES230,2023,male,ages 80+,0.018914901291737223
ES230,2023,total,age 0,-2.4472361598215406e-5
ES230,2023,total,ages 1-79,-0.001638030905984196
ES230,2023,total,ages 80+,0.02658265155974874
ES230,2024,female,age 0,2.3066499335169728e-4
ES230,2024,female,ages 1-79,-0.0027854341553616327
ES230,2024,female,ages 80+,0.04412223435449883
ES230,2024,male,age 0,-1.5118769939508492e-4
ES230,2024,male,ages 1-79,-0.007577507515192034
ES230,2024,male,ages 80+,-0.018327393164621904
ES230,2024,total,age 0,2.1860663099856732e-5
ES230,2024,total,ages 1-79,-0.004633629053617396
ES230,2024,total,ages 80+,0.019968150254391998
ES241,2002,female,age 0,5.651427226781179e-4
ES241,2002,female,ages 1-79,-0.004260473385604956
ES241,2002,female,ages 80+,0.039967798869363066
ES241,2002,male,age 0,3.347008623706919e-4
ES241,2002,male,ages 1-79,-0.01690563015305085
ES241,2002,male,ages 80+,-0.013602048656415813
ES241,2002,total,age 0,3.399030995599688e-4
ES241,2002,total,ages 1-79,-0.0099692388418695
ES241,2002,total,ages 80+,0.011346596225895768
ES241,2003,female,age 0,-5.201125969850437e-4
ES241,2003,female,ages 1-79,-0.009095741973042913
ES241,2003,female,ages 80+,-0.012243107844420127
ES241,2003,male,age 0,-1.2925549141968966e-4
ES241,2003,male,ages 1-79,-0.016686877695076444
ES241,2003,male,ages 80+,-0.015345581219154938
ES241,2003,total,age 0,-3.954293992330163e-4
ES241,2003,total,ages 1-79,-0.012373186399689894
ES241,2003,total,ages 80+,-0.011988294296748844
ES241,2004,female,age 0,-1.865174681370263e-14
ES241,2004,female,ages 1-79,-0.006883093268176813
ES241,2004,female,ages 80+,0.01283275231589897
ES241,2004,male,age 0,1.954052437701487e-4
ES241,2004,male,ages 1-79,-0.007681410090623436
ES241,2004,male,ages 80+,-0.016962101699780775
ES241,2004,total,age 0,1.1140564188460235e-4
ES241,2004,total,ages 1-79,-0.007102572436427229
ES241,2004,total,ages 80+,-9.334084098135617e-4
ES241,2005,female,age 0,-2.1162292229560844e-4
ES241,2005,female,ages 1-79,-0.001307383381534619
ES241,2005,female,ages 80+,-0.014118248305039788
ES241,2005,male,age 0,-5.348896899931067e-4
ES241,2005,male,ages 1-79,-0.004501590379696968
ES241,2005,male,ages 80+,-0.006715369407479292
ES241,2005,total,age 0,-3.083363562214706e-4
ES241,2005,total,ages 1-79,-0.0023011088135506306
ES241,2005,total,ages 80+,-0.008352345347106493
ES241,2006,female,age 0,-2.1862340900606706e-4
ES241,2006,female,ages 1-79,-0.004761614879992198
ES241,2006,female,ages 80+,0.03496513090146903
ES241,2006,male,age 0,2.4401991026335763e-4
ES241,2006,male,ages 1-79,-0.011222953758460713
ES241,2006,male,ages 80+,0.07359047744432343
ES241,2006,total,age 0,4.505258882034368e-5
ES241,2006,total,ages 1-79,-0.00788676364743782
ES241,2006,total,ages 80+,0.052269655852431644
ES241,2007,female,age 0,1.9499252520682275e-4
ES241,2007,female,ages 1-79,-0.0025198722178965127
ES241,2007,female,ages 80+,0.07157085559951944
ES241,2007,male,age 0,2.1155965679924162e-4
ES241,2007,male,ages 1-79,-0.0016536832825207477
ES241,2007,male,ages 80+,0.032621032960401954
ES241,2007,total,age 0,2.041365443158122e-4
ES241,2007,total,ages 1-79,-0.001074804603571274
ES241,2007,total,ages 80+,0.05087321478882001
ES241,2008,female,age 0,-6.213081333740192e-4
ES241,2008,female,ages 1-79,-0.005511724896462935
ES241,2008,female,ages 80+,-0.016756726141298604
ES241,2008,male,age 0,0
ES241,2008,male,ages 1-79,-0.00993815385006283
ES241,2008,male,ages 80+,-0.02553999331291615
ES241,2008,total,age 0,-2.4945516330843306e-4
ES241,2008,total,ages 1-79,-0.00706069968583801
ES241,2008,total,ages 80+,-0.018104995281038965
ES241,2009,female,age 0,-2.8766244905305398e-5
ES241,2009,female,ages 1-79,-9.797081409071455e-4
ES241,2009,female,ages 80+,0.019813314702041986
ES241,2009,male,age 0,-2.7243481780180403e-5
ES241,2009,male,ages 1-79,-0.01580423380773091
ES241,2009,male,ages 80+,0.025457513315030718
ES241,2009,total,age 0,-4.51715600076833e-5
ES241,2009,total,ages 1-79,-0.007857401814943786
ES241,2009,total,ages 80+,0.019133015231736362
ES241,2010,female,age 0,2.0378166147261132e-4
ES241,2010,female,ages 1-79,-0.00793083921902682
ES241,2010,female,ages 80+,0.09582203649198667
ES241,2010,male,age 0,-1.0588341619737602e-4
ES241,2010,male,ages 1-79,-0.006487941667166021
ES241,2010,male,ages 80+,-0.016981469480902792
ES241,2010,total,age 0,4.2951540924322074e-5
ES241,2010,total,ages 1-79,-0.006930457373368147
ES241,2010,total,ages 80+,0.039458441279275114
ES241,2011,female,age 0,-4.653101585268628e-4
ES241,2011,female,ages 1-79,-0.013008600022642092
ES241,2011,female,ages 80+,0.059186768628525996
ES241,2011,male,age 0,1.7554610571276184e-4
ES241,2011,male,ages 1-79,-0.012075785562732536
ES241,2011,male,ages 80+,-0.0057799436321323075
ES241,2011,total,age 0,-9.491244635864227e-6
ES241,2011,total,ages 1-79,-0.011642569126259605
ES241,2011,total,ages 80+,0.026473761924946427
ES241,2012,female,age 0,2.0924059001234635e-4
ES241,2012,female,ages 1-79,-0.006726349301629702
ES241,2012,female,ages 80+,0.031633576463717686
ES241,2012,male,age 0,-2.3343981289523908e-4
ES241,2012,male,ages 1-79,-0.010826764848559142
ES241,2012,male,ages 80+,0.035532595368043055
ES241,2012,total,age 0,-6.934897191840154e-6
ES241,2012,total,ages 1-79,-0.008232155641623554
ES241,2012,total,ages 80+,0.029449773864672443
ES241,2013,female,age 0,0
ES241,2013,female,ages 1-79,-0.005754542283133539
ES241,2013,female,ages 80+,0.08695001692019064
ES241,2013,male,age 0,2.4292917642806323e-4
ES241,2013,male,ages 1-79,-0.004411287552618437
ES241,2013,male,ages 80+,-0.00855361865742612
ES241,2013,total,age 0,1.359445627196519e-4
ES241,2013,total,ages 1-79,-0.004190207546561974
ES241,2013,total,ages 80+,0.0404651369827448
ES241,2014,female,age 0,1.378937083298076e-4
ES241,2014,female,ages 1-79,-0.005953855366130125
ES241,2014,female,ages 80+,0.025510376496853858
ES241,2014,male,age 0,1.3037326602340646e-4
ES241,2014,male,ages 1-79,-0.012677207136487727
ES241,2014,male,ages 80+,0.0017357710928400036
ES241,2014,total,age 0,1.3410947121353777e-4
ES241,2014,total,ages 1-79,-0.009243456358315142
ES241,2014,total,ages 80+,0.01272838696208279
ES241,2015,female,age 0,8.121478902308772e-5
ES241,2015,female,ages 1-79,-0.0023754632864193934
ES241,2015,female,ages 80+,-0.0381289052381522
ES241,2015,male,age 0,1.3265229063138355e-4
ES241,2015,male,ages 1-79,-0.008053017875910668
ES241,2015,male,ages 80+,-0.03526865491592769
ES241,2015,total,age 0,1.18874113448112e-4
ES241,2015,total,ages 1-79,-0.004913694311376952
ES241,2015,total,ages 80+,-0.038134186762518
ES241,2016,female,age 0,1.5486763592164506e-4
ES241,2016,female,ages 1-79,-0.003720354758989888
ES241,2016,female,ages 80+,0.04657171500422887
ES241,2016,male,age 0,-4.7415210026387016e-4
ES241,2016,male,ages 1-79,-0.00711038642959872
ES241,2016,male,ages 80+,0.05447228401216936
ES241,2016,total,age 0,-1.574335864089943e-4
ES241,2016,total,ages 1-79,-0.005117474019863599
ES241,2016,total,ages 80+,0.050556474610191825
ES241,2017,female,age 0,2.352096422611403e-4
ES241,2017,female,ages 1-79,-0.0029583161221864883
ES241,2017,female,ages 80+,0.07290294241309195
ES241,2017,male,age 0,8.313293230891681e-5
ES241,2017,male,ages 1-79,-0.010206726704277209
ES241,2017,male,ages 80+,-0.0023518327950981348
ES241,2017,total,age 0,1.6079443351969946e-4
ES241,2017,total,ages 1-79,-0.005541700228144476
ES241,2017,total,ages 80+,0.03442681321578179
ES241,2018,female,age 0,-1.925533351679635e-4
ES241,2018,female,ages 1-79,-0.005353370855998089
ES241,2018,female,ages 80+,0.032995436593282065
ES241,2018,male,age 0,-5.355257941634764e-5
ES241,2018,male,ages 1-79,-0.0027311724498015185
ES241,2018,male,ages 80+,0.0197668512983994
ES241,2018,total,age 0,-1.147988591868069e-4
ES241,2018,total,ages 1-79,-0.003821166644989467
ES241,2018,total,ages 80+,0.027232280398819315
ES241,2019,female,age 0,-1.583259972053839e-4
ES241,2019,female,ages 1-79,-0.0036247973772234074
ES241,2019,female,ages 80+,0.18099848228946014
ES241,2019,male,age 0,-6.477171547257341e-4
ES241,2019,male,ages 1-79,-0.007837241690793854
ES241,2019,male,ages 80+,0.09142772985635672
ES241,2019,total,age 0,-4.2992319046695126e-4
ES241,2019,total,ages 1-79,-0.005644324924153198
ES241,2019,total,ages 80+,0.136062398727926
ES241,2020,female,age 0,0
ES241,2020,female,ages 1-79,-0.0010706890867707547
ES241,2020,female,ages 80+,-0.06824015588130342
ES241,2020,male,age 0,0
ES241,2020,male,ages 1-79,-0.005113424427658816
ES241,2020,male,ages 80+,-0.0018701881668673767
ES241,2020,total,age 0,0
ES241,2020,total,ages 1-79,-0.0023655866154566815
ES241,2020,total,ages 80+,-0.031325952493265107
ES241,2021,female,age 0,1.3279154104250918e-4
ES241,2021,female,ages 1-79,-0.010203118189602149
ES241,2021,female,ages 80+,0.10675698400823258
ES241,2021,male,age 0,1.5750686410020216e-4
ES241,2021,male,ages 1-79,-0.011689706401823003
ES241,2021,male,ages 80+,-0.009324167136478434
ES241,2021,total,age 0,1.5181886021141172e-4
ES241,2021,total,ages 1-79,-0.010110755319587146
ES241,2021,total,ages 80+,0.0529031679079196
ES241,2022,female,age 0,0
ES241,2022,female,ages 1-79,0.0013162945120662028
ES241,2022,female,ages 80+,0.002065782302925135
ES241,2022,male,age 0,-7.742927186598481e-5
ES241,2022,male,ages 1-79,-0.013417945347375851
ES241,2022,male,ages 80+,-0.01617309505376377
ES241,2022,total,age 0,-5.045692687218067e-6
ES241,2022,total,ages 1-79,-0.006377809454210401
ES241,2022,total,ages 80+,-0.010396884520093956
ES241,2023,female,age 0,1.405211665509489e-4
ES241,2023,female,ages 1-79,-0.0033219838219393045
ES241,2023,female,ages 80+,-0.03677299531448132
ES241,2023,male,age 0,2.8665323494331306e-4
ES241,2023,male,ages 1-79,-0.012855536300473397
ES241,2023,male,ages 80+,0.05436728923399417
ES241,2023,total,age 0,2.1995334235405553e-4
ES241,2023,total,ages 1-79,-0.008417924862309516
ES241,2023,total,ages 80+,0.006297618367073959
ES241,2024,female,age 0,-9.193914482911273e-5
ES241,2024,female,ages 1-79,-0.006705343398845026
ES241,2024,female,ages 80+,0.1076292057026812
ES241,2024,male,age 0,1.6570662643713372e-4
ES241,2024,male,ages 1-79,-0.003801258367378677
ES241,2024,male,ages 80+,0.021745621712576896
ES241,2024,total,age 0,6.46591537846455e-5
ES241,2024,total,ages 1-79,-0.0041558768744232024
ES241,2024,total,ages 80+,0.06409492216044896
ES242,2002,female,age 0,9.029135282895282e-5
ES242,2002,female,ages 1-79,-0.0019484068440018443
ES242,2002,female,ages 80+,0.116425526448801
ES242,2002,male,age 0,5.647880911370404e-4
ES242,2002,male,ages 1-79,-0.008412733415491862
ES242,2002,male,ages 80+,0.05638268544898728
ES242,2002,total,age 0,1.6608385056434473e-4
ES242,2002,total,ages 1-79,-0.0046008907966267575
ES242,2002,total,ages 80+,0.08383882030076553
ES242,2003,female,age 0,1.8428389841148354e-4
ES242,2003,female,ages 1-79,-0.006418290219279573
ES242,2003,female,ages 80+,0.07075090391324128
ES242,2003,male,age 0,2.7577850333002004e-4
ES242,2003,male,ages 1-79,-0.010150301605132216
ES242,2003,male,ages 80+,-0.008348887174230636
ES242,2003,total,age 0,1.457274130615746e-4
ES242,2003,total,ages 1-79,-0.0079530923756732
ES242,2003,total,ages 80+,0.03619715342641326
ES242,2004,female,age 0,-2.8691082845461245e-4
ES242,2004,female,ages 1-79,-0.0020056305439360555
ES242,2004,female,ages 80+,-0.030493656164195176
ES242,2004,male,age 0,2.844719125721479e-4
ES242,2004,male,ages 1-79,-0.01257446012482362
ES242,2004,male,ages 80+,0.08387732484672814
ES242,2004,total,age 0,7.441505966470803e-5
ES242,2004,total,ages 1-79,-0.0073027100768246565
ES242,2004,total,ages 80+,0.022667070943875912
ES242,2005,female,age 0,-9.88856327843545e-4
ES242,2005,female,ages 1-79,-0.001070778817461804
ES242,2005,female,ages 80+,0.09253250726239293
ES242,2005,male,age 0,6.771307977823566e-4
ES242,2005,male,ages 1-79,-0.005544919884830497
ES242,2005,male,ages 80+,0.019733538600092915
ES242,2005,total,age 0,-7.520880605287853e-5
ES242,2005,total,ages 1-79,-0.0029277468250699127
ES242,2005,total,ages 80+,0.05378935133903488
ES242,2006,female,age 0,2.9242852904441235e-4
ES242,2006,female,ages 1-79,-0.007763501624039633
ES242,2006,female,ages 80+,0.0991108466540262
ES242,2006,male,age 0,2.9835290288835847e-4
ES242,2006,male,ages 1-79,-0.005937733572647602
ES242,2006,male,ages 80+,-0.0493480513456562
ES242,2006,total,age 0,3.177572198849033e-4
ES242,2006,total,ages 1-79,-0.005992099637200774
ES242,2006,total,ages 80+,0.02223974623827165
ES242,2007,female,age 0,6.883282493477073e-5
ES242,2007,female,ages 1-79,-0.0055169951639762425
ES242,2007,female,ages 80+,0.08064137581999536
ES242,2007,male,age 0,8.494963918173116e-5
ES242,2007,male,ages 1-79,-0.015459884903191166
ES242,2007,male,ages 80+,-0.020650189984544765
ES242,2007,total,age 0,5.209300878659907e-5
ES242,2007,total,ages 1-79,-0.00975849371540911
ES242,2007,total,ages 80+,0.02644018593177721
ES242,2008,female,age 0,-0.0010009589304227906
ES242,2008,female,ages 1-79,0.0011402849705639884
ES242,2008,female,ages 80+,0.024549382529473467
ES242,2008,male,age 0,1.4191370420895137e-4
ES242,2008,male,ages 1-79,-0.006439994463373167
ES242,2008,male,ages 80+,0.049504354440916644
ES242,2008,total,age 0,-5.803059329212866e-4
ES242,2008,total,ages 1-79,-0.002739516977395073
ES242,2008,total,ages 80+,0.03354753983301987
ES242,2009,female,age 0,-2.7088693466714893e-4
ES242,2009,female,ages 1-79,-0.010529069885051048
ES242,2009,female,ages 80+,0.09700325715745833
ES242,2009,male,age 0,-2.83569667519468e-4
ES242,2009,male,ages 1-79,-0.012371529854228163
ES242,2009,male,ages 80+,-0.017181707264900387
ES242,2009,total,age 0,-4.1790965317037754e-4
ES242,2009,total,ages 1-79,-0.010980969708377978
ES242,2009,total,ages 80+,0.04776730146537003
ES242,2010,female,age 0,2.2373761385257172e-4
ES242,2010,female,ages 1-79,-0.00747113746178662
ES242,2010,female,ages 80+,0.1675632424186675
ES242,2010,male,age 0,-5.125463793654214e-4
ES242,2010,male,ages 1-79,-0.006218820823153544
ES242,2010,male,ages 80+,-0.008848558780888431
ES242,2010,total,age 0,-1.3707625753471152e-4
ES242,2010,total,ages 1-79,-0.005586391746467673
ES242,2010,total,ages 80+,0.06821948133802372
ES242,2011,female,age 0,0
ES242,2011,female,ages 1-79,-0.004064317701855946
ES242,2011,female,ages 80+,0.025599645219434138
ES242,2011,male,age 0,-2.1417965550397683e-4
ES242,2011,male,ages 1-79,-0.011783284705648135
ES242,2011,male,ages 80+,0.060824979690657505
ES242,2011,total,age 0,-1.0246213793307021e-4
ES242,2011,total,ages 1-79,-0.0073703934499177145
ES242,2011,total,ages 80+,0.04317895075617925
ES242,2012,female,age 0,0
ES242,2012,female,ages 1-79,-2.3156982752877537e-4
ES242,2012,female,ages 80+,0.04889671521888147
ES242,2012,male,age 0,0
ES242,2012,male,ages 1-79,-0.006439115360697847
ES242,2012,male,ages 80+,0.02993952924114912
ES242,2012,total,age 0,0
ES242,2012,total,ages 1-79,-0.002963667885308107
ES242,2012,total,ages 80+,0.040540086594543945
ES242,2013,female,age 0,0
ES242,2013,female,ages 1-79,-0.0080929993397964
ES242,2013,female,ages 80+,0.041616362889487404
ES242,2013,male,age 0,3.196647940297596e-4
ES242,2013,male,ages 1-79,-0.01028228316761393
ES242,2013,male,ages 80+,-0.008236157487559216
ES242,2013,total,age 0,1.9794947287284797e-4
ES242,2013,total,ages 1-79,-0.007972559461958283
ES242,2013,total,ages 80+,0.016050045356254452
ES242,2014,female,age 0,3.033087306854346e-4
ES242,2014,female,ages 1-79,-0.0038501727383970417
ES242,2014,female,ages 80+,0.09819503972464605
ES242,2014,male,age 0,0
ES242,2014,male,ages 1-79,-0.005740456262199286
ES242,2014,male,ages 80+,0.027724320313286005
ES242,2014,total,age 0,1.8793202423538977e-4
ES242,2014,total,ages 1-79,-0.003950722771464848
ES242,2014,total,ages 80+,0.06642196106443732
ES242,2015,female,age 0,3.6404378335962433e-4
ES242,2015,female,ages 1-79,-0.0099075372282010285
ES242,2015,female,ages 80+,0.09690143626102714
ES242,2015,male,age 0,1.7003140396727848e-4
ES242,2015,male,ages 1-79,-0.010624084266729214
ES242,2015,male,ages 80+,0.008292823331612326
ES242,2015,total,age 0,2.790947884036181e-4
ES242,2015,total,ages 1-79,-0.009793330837016346
ES242,2015,total,ages 80+,0.055205995380154936
ES242,2016,female,age 0,0
ES242,2016,female,ages 1-79,-0.0068646782387379495
ES242,2016,female,ages 80+,0.16285197155717215
ES242,2016,male,age 0,3.749713798647644e-4
ES242,2016,male,ages 1-79,-0.004099713969220032
ES242,2016,male,ages 80+,0.07281701716837925
ES242,2016,total,age 0,1.0236304548504993e-4
ES242,2016,total,ages 1-79,-0.00502614309575353
ES242,2016,total,ages 80+,0.1197390297166445
ES242,2017,female,age 0,2.695612981514878e-4
ES242,2017,female,ages 1-79,-0.002487917607207411
ES242,2017,female,ages 80+,0.058229556236347006
ES242,2017,male,age 0,1.7499460222091437e-4
ES242,2017,male,ages 1-79,-0.007416529523135369
ES242,2017,male,ages 80+,0.1432104796452306
ES242,2017,total,age 0,2.1874101136197709e-4
ES242,2017,total,ages 1-79,-0.0036212364817227614
ES242,2017,total,ages 80+,0.0855834910965646
ES242,2018,female,age 0,2.128171081542281e-4
ES242,2018,female,ages 1-79,-0.0034428845663238483
ES242,2018,female,ages 80+,0.0138567085993643
ES242,2018,male,age 0,0
ES242,2018,male,ages 1-79,-0.010487234461774568
ES242,2018,male,ages 80+,0.028919311588045633
ES242,2018,total,age 0,2.2456192498468278e-4
ES242,2018,total,ages 1-79,-0.007177476120687757
ES242,2018,total,ages 80+,0.020834361277531396
ES242,2019,female,age 0,1.660050777350829e-4
ES242,2019,female,ages 1-79,-0.004341975233689044
ES242,2019,female,ages 80+,0.08471619760710705
ES242,2019,male,age 0,0
ES242,2019,male,ages 1-79,-0.01017793576145028
ES242,2019,male,ages 80+,0.021287288412643907
ES242,2019,total,age 0,9.637932535690447e-5
ES242,2019,total,ages 1-79,-0.006609095568133201
ES242,2019,total,ages 80+,0.053684887217535907
ES242,2020,female,age 0,-1.3029085825264932e-5
ES242,2020,female,ages 1-79,5.950285494360646e-4
ES242,2020,female,ages 80+,-0.04042427735051629
ES242,2020,male,age 0,1.2498157028411404e-4
ES242,2020,male,ages 1-79,-0.015256318858388955
ES242,2020,male,ages 80+,0.03495077367654715
ES242,2020,total,age 0,5.641691773304268e-5
ES242,2020,total,ages 1-79,-0.0069763220823348664
ES242,2020,total,ages 80+,-5.8120525417371116e-5
ES242,2021,female,age 0,0
ES242,2021,female,ages 1-79,-0.0013744509463579635
ES242,2021,female,ages 80+,0.12734318790439964
ES242,2021,male,age 0,-6.723992709622583e-4
ES242,2021,male,ages 1-79,-0.00726870564603848
ES242,2021,male,ages 80+,-0.012100236140994494
ES242,2021,total,age 0,-2.847706686595801e-4
ES242,2021,total,ages 1-79,-0.003027440639810616
ES242,2021,total,ages 80+,0.054003327407498275
ES242,2022,female,age 0,3.1024297525575264e-4
ES242,2022,female,ages 1-79,3.461359735112725e-4
ES242,2022,female,ages 80+,-0.004057294856239808
ES242,2022,male,age 0,0
ES242,2022,male,ages 1-79,-0.0167603980445912
ES242,2022,male,ages 80+,-0.03762556233036748
ES242,2022,total,age 0,2.0977247105442726e-4
ES242,2022,total,ages 1-79,-0.008938892651544194
ES242,2022,total,ages 80+,-0.022651333564433447
ES242,2023,female,age 0,0
ES242,2023,female,ages 1-79,-0.0036491514969928195
ES242,2023,female,ages 80+,0.10107230541692491
ES242,2023,male,age 0,2.2791324047176592e-4
ES242,2023,male,ages 1-79,-0.011426956907016065
ES242,2023,male,ages 80+,-0.031092417612211595
ES242,2023,total,age 0,1.26880199486665e-4
ES242,2023,total,ages 1-79,-0.007853350300054808
ES242,2023,total,ages 80+,0.027976538881013223
ES242,2024,female,age 0,0
ES242,2024,female,ages 1-79,-8.000743766783382e-4
ES242,2024,female,ages 80+,-0.025178119604052952
ES242,2024,male,age 0,0
ES242,2024,male,ages 1-79,-0.013131519768593943
ES242,2024,male,ages 80+,0.007777749346693379
ES242,2024,total,age 0,1.865174681370263e-14
ES242,2024,total,ages 1-79,-0.007490238675476602
ES242,2024,total,ages 80+,-0.011374430801876376
ES243,2002,female,age 0,7.84829424962057e-5
ES243,2002,female,ages 1-79,-0.008730858899374024
ES243,2002,female,ages 80+,-7.884572917758459e-4
ES243,2002,male,age 0,2.4061809465654834e-4
ES243,2002,male,ages 1-79,-0.011061040321215826
ES243,2002,male,ages 80+,-0.018619620404449908
ES243,2002,total,age 0,1.7420109600560485e-4
ES243,2002,total,ages 1-79,-0.009031609846174881
ES243,2002,total,ages 80+,-0.011631361423190278
ES243,2003,female,age 0,-1.0445520361748289e-4
ES243,2003,female,ages 1-79,-0.006489235775054721
ES243,2003,female,ages 80+,-0.05051355225933566
ES243,2003,male,age 0,-7.532044630176771e-5
ES243,2003,male,ages 1-79,-0.016128623800275903
ES243,2003,male,ages 80+,-0.020843378822539203
ES243,2003,total,age 0,-8.973092130053654e-5
ES243,2003,total,ages 1-79,-0.010876626385418382
ES243,2003,total,ages 80+,-0.036486792572251285
ES243,2004,female,age 0,-5.842819249765645e-4
ES243,2004,female,ages 1-79,-0.005533802307418815
ES243,2004,female,ages 80+,-0.036947377155158154
ES243,2004,male,age 0,1.6513043935501443e-4
ES243,2004,male,ages 1-79,-0.011433713575294754
ES243,2004,male,ages 80+,-0.016058933796807045
ES243,2004,total,age 0,-1.530263315133382e-4
ES243,2004,total,ages 1-79,-0.007568532294048512
ES243,2004,total,ages 80+,-0.02503144263275449
ES243,2005,female,age 0,-1.1637959821559069e-4
ES243,2005,female,ages 1-79,-0.0010373572971982663
ES243,2005,female,ages 80+,-0.0362314989495863
ES243,2005,male,age 0,-4.542131463710101e-6
ES243,2005,male,ages 1-79,-0.010241208129662173
ES243,2005,male,ages 80+,-0.026731185939293384
ES243,2005,total,age 0,-1.0737247076707543e-4
ES243,2005,total,ages 1-79,-0.005393373573386074
ES243,2005,total,ages 80+,-0.032078597451028354
ES243,2006,female,age 0,3.958263458529257e-5
ES243,2006,female,ages 1-79,-0.0072009251227518195
ES243,2006,female,ages 80+,-0.02832616225155418
ES243,2006,male,age 0,-1.7477715583277337e-4
ES243,2006,male,ages 1-79,-0.01307147666199196
ES243,2006,male,ages 80+,-0.00312464169978504
ES243,2006,total,age 0,-8.026090481920766e-5
ES243,2006,total,ages 1-79,-0.00927510790997748
ES243,2006,total,ages 80+,-0.016124115699031813
ES243,2007,female,age 0,-5.8479456729655595e-5
ES243,2007,female,ages 1-79,-0.007774632083846901
ES243,2007,female,ages 80+,0.04060668248937916
ES243,2007,male,age 0,-1.2037965517868181e-4
ES243,2007,male,ages 1-79,-0.012320324117928959
ES243,2007,male,ages 80+,-0.03684983341378176
ES243,2007,total,age 0,-6.735305505674454e-5
ES243,2007,total,ages 1-79,-0.009345662557751617
ES243,2007,total,ages 80+,0.0016790729117690077
ES243,2008,female,age 0,-4.167318428430461e-5
ES243,2008,female,ages 1-79,-0.004313588520357268
ES243,2008,female,ages 80+,-0.0445576881890935
ES243,2008,male,age 0,1.7498932316564812e-4
ES243,2008,male,ages 1-79,-0.01165421036438563
ES243,2008,male,ages 80+,-0.002844437186586897
ES243,2008,total,age 0,5.9015022654081915e-5
ES243,2008,total,ages 1-79,-0.007748012776794491
ES243,2008,total,ages 80+,-0.024297740502895168
ES243,2009,female,age 0,1.611663337827732e-4
ES243,2009,female,ages 1-79,-0.006279892460385128
ES243,2009,female,ages 80+,-0.005839749243897491
ES243,2009,male,age 0,-1.7664445134890413e-4
ES243,2009,male,ages 1-79,-0.009713230681262262
ES243,2009,male,ages 80+,-0.014203654865696339
ES243,2009,total,age 0,-1.2422869806070394e-5
ES243,2009,total,ages 1-79,-0.007584998135728669
ES243,2009,total,ages 80+,-0.012413652781732117
ES243,2010,female,age 0,-6.761749674644145e-5
ES243,2010,female,ages 1-79,-0.0035857586178723376
ES243,2010,female,ages 80+,0.04774080764888555
ES243,2010,male,age 0,3.1876326587470505e-5
ES243,2010,male,ages 1-79,-0.013276443799736647
ES243,2010,male,ages 80+,-0.015752789635423346
ES243,2010,total,age 0,-1.648279416434344e-5
ES243,2010,total,ages 1-79,-0.007807176115132673
ES243,2010,total,ages 80+,0.014396413975324478
ES243,2011,female,age 0,1.2694782717337534e-4
ES243,2011,female,ages 1-79,-0.004646111396029897
ES243,2011,female,ages 80+,0.009664706174597026
ES243,2011,male,age 0,1.3012294416176205e-4
ES243,2011,male,ages 1-79,-0.009230544965873371
ES243,2011,male,ages 80+,-0.03169453028213133
ES243,2011,total,age 0,1.3287627482637187e-4
ES243,2011,total,ages 1-79,-0.0064607161824748365
ES243,2011,total,ages 80+,-0.011228568541687207
ES243,2012,female,age 0,-1.0631144471306796e-4
ES243,2012,female,ages 1-79,-0.0049748138257249
ES243,2012,female,ages 80+,0.018401415305466306
ES243,2012,male,age 0,3.0171241915377277e-4
ES243,2012,male,ages 1-79,-0.009617109818338685
ES243,2012,male,ages 80+,0.0056527527705010246
ES243,2012,total,age 0,1.1055597084889116e-4
ES243,2012,total,ages 1-79,-0.00676496913381351
ES243,2012,total,ages 80+,0.010382443648394066
ES243,2013,female,age 0,-6.546968406014103e-5
ES243,2013,female,ages 1-79,-0.005005325747917018
ES243,2013,female,ages 80+,-1.8818963467862396e-4
ES243,2013,male,age 0,-1.3708738683291649e-4
ES243,2013,male,ages 1-79,-0.007383256206243085
ES243,2013,male,ages 80+,-0.03215320863339252
ES243,2013,total,age 0,-1.041574197847077e-4
ES243,2013,total,ages 1-79,-0.00561251822319662
ES243,2013,total,ages 80+,-0.014351504452582329
ES243,2014,female,age 0,-3.8630971323087915e-5
ES243,2014,female,ages 1-79,-0.00583024665335328
ES243,2014,female,ages 80+,0.019115901754398423
ES243,2014,male,age 0,-1.2463586034585435e-4
ES243,2014,male,ages 1-79,-0.0064531586709909855
ES243,2014,male,ages 80+,-1.1363498034564976e-4
ES243,2014,total,age 0,-9.334311184848419e-5
ES243,2014,total,ages 1-79,-0.005671645217621
ES243,2014,total,ages 80+,0.011725916182305632
ES243,2015,female,age 0,-1.563313232570582e-4
ES243,2015,female,ages 1-79,-0.003115165061975079
ES243,2015,female,ages 80+,0.044551688563180286
ES243,2015,male,age 0,-8.148656188062247e-5
ES243,2015,male,ages 1-79,-0.005508906361613403
ES243,2015,male,ages 80+,-0.003567868713086668
ES243,2015,total,age 0,-1.1660226020697781e-4
ES243,2015,total,ages 1-79,-0.0038828222072585373
ES243,2015,total,ages 80+,0.022217853247888164
ES243,2016,female,age 0,-2.2658389248463816e-5
ES243,2016,female,ages 1-79,-0.0031182218451163953
ES243,2016,female,ages 80+,0.09646822015376072
ES243,2016,male,age 0,1.38522324870406e-4
ES243,2016,male,ages 1-79,-0.009518345909337894
ES243,2016,male,ages 80+,0.002952833149521498
ES243,2016,total,age 0,7.062784922257456e-5
ES243,2016,total,ages 1-79,-0.00553164256860926
ES243,2016,total,ages 80+,0.05437369056231539
ES243,2017,female,age 0,1.2153806098725745e-4
ES243,2017,female,ages 1-79,-9.893398210058513e-4
ES243,2017,female,ages 80+,0.025101786721247903
ES243,2017,male,age 0,1.1712597362443795e-4
ES243,2017,male,ages 1-79,-0.00496881612804534
ES243,2017,male,ages 80+,0.014555169524616544
ES243,2017,total,age 0,1.1851729894091128e-4
ES243,2017,total,ages 1-79,-0.002595577076143548
ES243,2017,total,ages 80+,0.02042026860085842
ES243,2018,female,age 0,-2.1794770440024686e-5
ES243,2018,female,ages 1-79,-5.340903294862317e-4
ES243,2018,female,ages 80+,0.08417459297309698
ES243,2018,male,age 0,-1.1703660537174746e-5
ES243,2018,male,ages 1-79,-0.0075458573029798135
ES243,2018,male,ages 80+,0.04430276711252558
ES243,2018,total,age 0,-1.6604230159810856e-5
ES243,2018,total,ages 1-79,-0.0036202232730351692
ES243,2018,total,ages 80+,0.06344212086900665
ES243,2019,female,age 0,-5.812610644588062e-5
ES243,2019,female,ages 1-79,-0.0018119104455339573
ES243,2019,female,ages 80+,0.1043624891894927
ES243,2019,male,age 0,1.257462235935063e-4
ES243,2019,male,ages 1-79,-0.009236961574761433
ES243,2019,male,ages 80+,0.04721062191535317
ES243,2019,total,age 0,3.5200487350669764e-5
ES243,2019,total,ages 1-79,-0.005160625415386217
ES243,2019,total,ages 80+,0.08057727051406438
ES243,2020,female,age 0,2.6018192743089336e-5
ES243,2020,female,ages 1-79,-0.0031054369690660965
ES243,2020,female,ages 80+,-0.021770264567634055
ES243,2020,male,age 0,1.9471308346694934e-4
ES243,2020,male,ages 1-79,-0.009456857290839484
ES243,2020,male,ages 80+,-0.014830454395739674
ES243,2020,total,age 0,1.1386011145741568e-4
ES243,2020,total,ages 1-79,-0.005784680884890961
ES243,2020,total,ages 80+,-0.0182151547125576
ES243,2021,female,age 0,1.5119063287172198e-4
ES243,2021,female,ages 1-79,-7.779918479154294e-4
ES243,2021,female,ages 80+,0.0201180722309688
ES243,2021,male,age 0,2.317187463008217e-5
ES243,2021,male,ages 1-79,-0.009357587225944122
ES243,2021,male,ages 80+,-6.315116976071088e-4
ES243,2021,total,age 0,8.555294640406766e-5
ES243,2021,total,ages 1-79,-0.005101244856441796
ES243,2021,total,ages 80+,0.008755217150946844
ES243,2022,female,age 0,3.909282117008365e-5
ES243,2022,female,ages 1-79,-0.0032646072107062516
ES243,2022,female,ages 80+,-0.04979899189006837
ES243,2022,male,age 0,-2.9332763198571427e-4
ES243,2022,male,ages 1-79,-0.007050752207934404
ES243,2022,male,ages 80+,-0.008938595045204157
ES243,2022,total,age 0,-1.297694136359626e-4
ES243,2022,total,ages 1-79,-0.0050057098799784015
ES243,2022,total,ages 80+,-0.03127353558411769
ES243,2023,female,age 0,1.005206538847911e-4
ES243,2023,female,ages 1-79,-0.0029859178226854565
ES243,2023,female,ages 80+,0.03692324863207984
ES243,2023,male,age 0,-1.323108886362564e-4
ES243,2023,male,ages 1-79,-0.007309943109895082
ES243,2023,male,ages 80+,0.00642262266569071
ES243,2023,total,age 0,-3.180808934921171e-5
ES243,2023,total,ages 1-79,-0.004706261072221935
ES243,2023,total,ages 80+,0.02216217135584227
ES243,2024,female,age 0,1.8723173235819343e-4
ES243,2024,female,ages 1-79,-0.003779689601506501
ES243,2024,female,ages 80+,0.04738335558446393
ES243,2024,male,age 0,-1.789711172990439e-4
ES243,2024,male,ages 1-79,-0.005377168813626475
ES243,2024,male,ages 80+,0.04422492271827262
ES243,2024,total,age 0,-5.5497128761052575e-6
ES243,2024,total,ages 1-79,-0.00428742776110848
ES243,2024,total,ages 80+,0.045125285774886566
ES300,2002,female,age 0,3.895771785944984e-5
ES300,2002,female,ages 1-79,-0.005010395995339825
ES300,2002,female,ages 80+,-0.005987668627570764
ES300,2002,male,age 0,-2.038504152720586e-4
ES300,2002,male,ages 1-79,-0.011048766268339765
ES300,2002,male,ages 80+,-0.010177965533702265
ES300,2002,total,age 0,-8.321651802230151e-5
ES300,2002,total,ages 1-79,-0.007292282112821341
ES300,2002,total,ages 80+,-0.007082052445875718
ES300,2003,female,age 0,-5.657803260689024e-5
ES300,2003,female,ages 1-79,-0.003713058531391758
ES300,2003,female,ages 80+,-0.05429328399238456
ES300,2003,male,age 0,-2.3402346005408506e-5
ES300,2003,male,ages 1-79,-0.01417287001991857
ES300,2003,male,ages 80+,-0.01843942448492747
ES300,2003,total,age 0,-3.9659695782574535e-5
ES300,2003,total,ages 1-79,-0.008335533077117006
ES300,2003,total,ages 80+,-0.03809291272672351
ES300,2004,female,age 0,-1.2671297186174182e-4
ES300,2004,female,ages 1-79,-0.00494874616594786
ES300,2004,female,ages 80+,-0.02187212231644245
ES300,2004,male,age 0,-3.8222734714029884e-06
ES300,2004,male,ages 1-79,-0.014879223173232436
ES300,2004,male,ages 80+,-0.009811622874754164
ES300,2004,total,age 0,-6.276870628828965e-5
ES300,2004,total,ages 1-79,-0.009143375205975239
ES300,2004,total,ages 80+,-0.015646633336030412
ES300,2005,female,age 0,1.5216674457226442e-5
ES300,2005,female,ages 1-79,-0.0033958448966907636
ES300,2005,female,ages 80+,0.0027285067263132443
ES300,2005,male,age 0,3.7982928820105345e-5
ES300,2005,male,ages 1-79,-0.01112668382900878
ES300,2005,male,ages 80+,-0.005205258969525131
ES300,2005,total,age 0,2.7635415926474227e-5
ES300,2005,total,ages 1-79,-0.006681837768161001
ES300,2005,total,ages 80+,-2.710460871055316e-4
ES300,2006,female,age 0,-2.4509923701512975e-5
ES300,2006,female,ages 1-79,-0.004511276541561456
ES300,2006,female,ages 80+,0.0036714330385332027
ES300,2006,male,age 0,6.871117087816997e-6
ES300,2006,male,ages 1-79,-0.013324432627706148
ES300,2006,male,ages 80+,-0.013280418480777373
ES300,2006,total,age 0,-8.52282974046313e-6
ES300,2006,total,ages 1-79,-0.00819486914587442
ES300,2006,total,ages 80+,-0.0029382991928040524
ES300,2007,female,age 0,-1.0747792724541853e-5
ES300,2007,female,ages 1-79,-0.00433214002305296
ES300,2007,female,ages 80+,0.007076203089801385
ES300,2007,male,age 0,8.829065861545987e-6
ES300,2007,male,ages 1-79,-0.012102414929295875
ES300,2007,male,ages 80+,0.00315422638245412
ES300,2007,total,age 0,1.5171892620048373e-6
ES300,2007,total,ages 1-79,-0.007546880343814789
ES300,2007,total,ages 80+,0.005746009618212651
ES300,2008,female,age 0,2.358186698724008e-5
ES300,2008,female,ages 1-79,-0.0026552455115410696
ES300,2008,female,ages 80+,0.03318844362785636
ES300,2008,male,age 0,-7.800936662080371e-5
ES300,2008,male,ages 1-79,-0.011137502457005354
ES300,2008,male,ages 80+,-0.007717815286540183
ES300,2008,total,age 0,-3.061246424683186e-5
ES300,2008,total,ages 1-79,-0.006335705313073264
ES300,2008,total,ages 80+,0.016360633730743014
ES300,2009,female,age 0,-6.067130628362734e-5
ES300,2009,female,ages 1-79,-0.003006580844554323
ES300,2009,female,ages 80+,0.035902543500911856
ES300,2009,male,age 0,5.012493401146233e-6
ES300,2009,male,ages 1-79,-0.0077922852092545195
ES300,2009,male,ages 80+,-0.007844087129733869
ES300,2009,total,age 0,-2.5159866540380145e-5
ES300,2009,total,ages 1-79,-0.004880894979801567
ES300,2009,total,ages 80+,0.01795358785519805
ES300,2010,female,age 0,6.633638658788408e-5
ES300,2010,female,ages 1-79,-0.0029549189454245077
ES300,2010,female,ages 80+,0.06110416300108827
ES300,2010,male,age 0,-5.485247496287415e-5
ES300,2010,male,ages 1-79,-0.008511973726031899
ES300,2010,male,ages 80+,0.0082560178468050055
ES300,2010,total,age 0,-1.3195050653002557e-8
ES300,2010,total,ages 1-79,-0.0051911786869603144
ES300,2010,total,ages 80+,0.03926656534011851
ES300,2011,female,age 0,-3.0125754539968193e-5
ES300,2011,female,ages 1-79,-0.004121477992040392
ES300,2011,female,ages 80+,0.05620173210818135
ES300,2011,male,age 0,-2.0272087287211854e-5
ES300,2011,male,ages 1-79,-0.008329889023434596
ES300,2011,male,ages 80+,-0.0018133833568631935
ES300,2011,total,age 0,-2.5023397834139043e-5
ES300,2011,total,ages 1-79,-0.005698379751418071
ES300,2011,total,ages 80+,0.03265437655623547
ES300,2012,female,age 0,2.6746953243218712e-5
ES300,2012,female,ages 1-79,-0.003267516404827033
ES300,2012,female,ages 80+,0.06364444908958633
ES300,2012,male,age 0,1.8187252679189957e-5
ES300,2012,male,ages 1-79,-0.007092721200678507
ES300,2012,male,ages 80+,0.0014200306567221724
ES300,2012,total,age 0,2.2213165935258114e-5
ES300,2012,total,ages 1-79,-0.004761566925136666
ES300,2012,total,ages 80+,0.03820252580079695
ES300,2013,female,age 0,5.677399339837267e-5
ES300,2013,female,ages 1-79,-0.0030797696438068563
ES300,2013,female,ages 80+,0.06679974472270836
ES300,2013,male,age 0,1.427725070853341e-4
ES300,2013,male,ages 1-79,-0.010748588010824359
ES300,2013,male,ages 80+,0.01883353902809302
ES300,2013,total,age 0,9.991742227124812e-5
ES300,2013,total,ages 1-79,-0.006361157465413115
ES300,2013,total,ages 80+,0.045770808595610626
ES300,2014,female,age 0,8.826285039550101e-5
ES300,2014,female,ages 1-79,-0.003848846762588793
ES300,2014,female,ages 80+,0.07847954830371297
ES300,2014,male,age 0,1.2818381968058808e-4
ES300,2014,male,ages 1-79,-0.00921547433607844
ES300,2014,male,ages 80+,0.018135311356825
ES300,2014,total,age 0,1.0867531281086251e-4
ES300,2014,total,ages 1-79,-0.006052515451783946
ES300,2014,total,ages 80+,0.05251924965635472
ES300,2015,female,age 0,2.4657758016987718e-5
ES300,2015,female,ages 1-79,-0.002505177983980999
ES300,2015,female,ages 80+,0.019391164239434978
ES300,2015,male,age 0,1.101880306543982e-4
ES300,2015,male,ages 1-79,-0.007896748942046426
ES300,2015,male,ages 80+,0.006015647165030016
ES300,2015,total,age 0,7.018735141368245e-5
ES300,2015,total,ages 1-79,-0.004784012243312015
ES300,2015,total,ages 80+,0.01348771370386832
ES300,2016,female,age 0,2.56310836951055e-5
ES300,2016,female,ages 1-79,-0.0028323822438597766
ES300,2016,female,ages 80+,0.07863875203096303
ES300,2016,male,age 0,9.969552548171398e-5
ES300,2016,male,ages 1-79,-0.007383550754346067
ES300,2016,male,ages 80+,0.01732469714048008
ES300,2016,total,age 0,6.529790719585335e-5
ES300,2016,total,ages 1-79,-0.004636214989551692
ES300,2016,total,ages 80+,0.0525040507626941
ES300,2017,female,age 0,-9.653463143933887e-6
ES300,2017,female,ages 1-79,-0.004881061272571109
ES300,2017,female,ages 80+,0.05047313336160987
ES300,2017,male,age 0,4.419556269773201e-5
ES300,2017,male,ages 1-79,-0.007657619206323653
ES300,2017,male,ages 80+,0.022157837046514254
ES300,2017,total,age 0,1.7555440247350315e-5
ES300,2017,total,ages 1-79,-0.0059352197320647615
ES300,2017,total,ages 80+,0.03814373030002701
ES300,2018,female,age 0,3.520222291368103e-5
ES300,2018,female,ages 1-79,-0.003375855254309934
ES300,2018,female,ages 80+,0.09565566497225218
ES300,2018,male,age 0,4.6939410726942195e-5
ES300,2018,male,ages 1-79,-0.006919277187126896
ES300,2018,male,ages 80+,0.06361510087743288
ES300,2018,total,age 0,4.1398643438406545e-5
ES300,2018,total,ages 1-79,-0.004718435264578703
ES300,2018,total,ages 80+,0.08043340869273521
ES300,2019,female,age 0,1.1215507868636614e-4
ES300,2019,female,ages 1-79,-0.0031459665166618748
ES300,2019,female,ages 80+,0.13799315127472028
ES300,2019,male,age 0,-1.492108351117483e-5
ES300,2019,male,ages 1-79,-0.007553697993568248
ES300,2019,male,ages 80+,0.0825944865075889
ES300,2019,total,age 0,4.5653216080780566e-5
ES300,2019,total,ages 1-79,-0.00493836756972142
ES300,2019,total,ages 80+,0.1112930987614292
ES300,2020,female,age 0,4.222231136526743e-5
ES300,2020,female,ages 1-79,-0.003271155695144832
ES300,2020,female,ages 80+,-0.012347310701541504
ES300,2020,male,age 0,-1.4377010453335109e-6
ES300,2020,male,ages 1-79,-0.004510271389720569
ES300,2020,male,ages 80+,-0.005614539740642794
ES300,2020,total,age 0,2.0161509383093755e-5
ES300,2020,total,ages 1-79,-0.003664477559181422
ES300,2020,total,ages 80+,-0.008787891204950583
ES300,2021,female,age 0,3.813816487931818e-5
ES300,2021,female,ages 1-79,-0.002662789396416782
ES300,2021,female,ages 80+,0.1394746757983931
ES300,2021,male,age 0,1.0403319487017522e-4
ES300,2021,male,ages 1-79,-0.005376372111979566
ES300,2021,male,ages 80+,0.02464928338959988
ES300,2021,total,age 0,7.183825834924126e-5
ES300,2021,total,ages 1-79,-0.0038393843810140896
ES300,2021,total,ages 80+,0.08833854860716953
ES300,2022,female,age 0,1.5028717779344427e-5
ES300,2022,female,ages 1-79,-0.0033487725498821067
ES300,2022,female,ages 80+,0.05377092979817882
ES300,2022,male,age 0,6.532226957276587e-5
ES300,2022,male,ages 1-79,-0.007598282025075112
ES300,2022,male,ages 80+,0.007473703099183243
ES300,2022,total,age 0,4.139012624276101e-5
ES300,2022,total,ages 1-79,-0.005182691671039259
ES300,2022,total,ages 80+,0.03382743235757928
ES300,2023,female,age 0,7.770688994846112e-5
ES300,2023,female,ages 1-79,-0.0034582127990096458
ES300,2023,female,ages 80+,0.12860248318314346
ES300,2023,male,age 0,-1.986273633723689e-5
ES300,2023,male,ages 1-79,-0.007083600372201432
ES300,2023,male,ages 80+,0.06217157978443304
ES300,2023,total,age 0,2.7794280829406826e-5
ES300,2023,total,ages 1-79,-0.004965238121414851
ES300,2023,total,ages 80+,0.09889465532564434
ES300,2024,female,age 0,1.3026229142105257e-4
ES300,2024,female,ages 1-79,-0.0025272993068211763
ES300,2024,female,ages 80+,0.12523544128532732
ES300,2024,male,age 0,5.907487082229687e-5
ES300,2024,male,ages 1-79,-0.00607693349791912
ES300,2024,male,ages 80+,0.06385997326065353
ES300,2024,total,age 0,9.2820615816930675e-05
ES300,2024,total,ages 1-79,-0.004024488715213147
ES300,2024,total,ages 80+,0.09773783400297784
ES411,2002,female,age 0,-7.704707532757059e-4
ES411,2002,female,ages 1-79,-0.002920710022762349
ES411,2002,female,ages 80+,-0.019764575663101504
ES411,2002,male,age 0,7.257840231059543e-4
ES411,2002,male,ages 1-79,-0.00983108123197111
ES411,2002,male,ages 80+,-0.0039031341504963853
ES411,2002,total,age 0,2.9873234273237288e-5
ES411,2002,total,ages 1-79,-0.00532609495238539
ES411,2002,total,ages 80+,-0.016805411905991722
ES411,2003,female,age 0,-9.039534759046683e-5
ES411,2003,female,ages 1-79,-0.011853140593478485
ES411,2003,female,ages 80+,0.035944679029781545
ES411,2003,male,age 0,-3.0129501937509618e-5
ES411,2003,male,ages 1-79,-0.01177768149871537
ES411,2003,male,ages 80+,0.011493002278132377
ES411,2003,total,age 0,-8.046594734765212e-5
ES411,2003,total,ages 1-79,-0.010673206294063502
ES411,2003,total,ages 80+,0.02328362828083423
ES411,2004,female,age 0,1.2288552891258115e-4
ES411,2004,female,ages 1-79,-0.005340076629884862
ES411,2004,female,ages 80+,0.013731901045008342
ES411,2004,male,age 0,-5.379339220528232e-4
ES411,2004,male,ages 1-79,-0.02266075461740265
ES411,2004,male,ages 80+,0.004090899522456385
ES411,2004,total,age 0,-2.3393122131734194e-4
ES411,2004,total,ages 1-79,-0.013240673848365744
ES411,2004,total,ages 80+,0.008400917845089093
ES411,2005,female,age 0,2.932774618503865e-4
ES411,2005,female,ages 1-79,-0.0077990440180503015
ES411,2005,female,ages 80+,0.06456937222918037
ES411,2005,male,age 0,-3.177871323121517e-4
ES411,2005,male,ages 1-79,-0.005689230206748434
ES411,2005,male,ages 80+,-0.026575246127116862
ES411,2005,total,age 0,-3.518537625849292e-6
ES411,2005,total,ages 1-79,-0.005482132780998286
ES411,2005,total,ages 80+,0.015082290230413667
ES411,2006,female,age 0,1.9513374310495672e-5
ES411,2006,female,ages 1-79,-0.005284772316754563
ES411,2006,female,ages 80+,0.02288929009043969
ES411,2006,male,age 0,-2.719361338523286e-4
ES411,2006,male,ages 1-79,-0.004542478290465706
ES411,2006,male,ages 80+,-0.02655647198617319
ES411,2006,total,age 0,4.0722944881795725e-5
ES411,2006,total,ages 1-79,-0.004365159864584088
ES411,2006,total,ages 80+,-0.001406832081282814
ES411,2007,female,age 0,-0.0011177985533374684
ES411,2007,female,ages 1-79,-0.004990998492273941
ES411,2007,female,ages 80+,0.05920893745900608
ES411,2007,male,age 0,-4.130646613729618e-4
ES411,2007,male,ages 1-79,-0.007249653773266064
ES411,2007,male,ages 80+,-2.916977168631969e-4
ES411,2007,total,age 0,-7.578626972229421e-4
ES411,2007,total,ages 1-79,-0.005732619119388044
ES411,2007,total,ages 80+,0.026401644201367504
ES411,2008,female,age 0,-4.29979616035236e-4
ES411,2008,female,ages 1-79,-0.005709694432311152
ES411,2008,female,ages 80+,-0.03375747063601414
ES411,2008,male,age 0,-9.588278519380445e-4
ES411,2008,male,ages 1-79,-0.009185872743056649
ES411,2008,male,ages 80+,-0.009844858026685901
ES411,2008,total,age 0,-7.273733097419066e-4
ES411,2008,total,ages 1-79,-0.008031879175655971
ES411,2008,total,ages 80+,-0.026606951317948366
ES411,2009,female,age 0,-3.519806602329708e-4
ES411,2009,female,ages 1-79,-6.455379987253848e-4
ES411,2009,female,ages 80+,-3.7608996623542806e-4
ES411,2009,male,age 0,1.8025356834419114e-4
ES411,2009,male,ages 1-79,-0.010579008971192096
ES411,2009,male,ages 80+,0.030494116362661312
ES411,2009,total,age 0,-7.82590903794567e-5
ES411,2009,total,ages 1-79,-0.006024434845063755
ES411,2009,total,ages 80+,0.009175343003422213
ES411,2010,female,age 0,-1.9808285748491866e-4
ES411,2010,female,ages 1-79,-0.0015940566962025198
ES411,2010,female,ages 80+,0.05964563062494302
ES411,2010,male,age 0,0
ES411,2010,male,ages 1-79,-0.0037867643503252347
ES411,2010,male,ages 80+,-0.01275693597901146
ES411,2010,total,age 0,-8.640108278968307e-5
ES411,2010,total,ages 1-79,-0.002163406462082175
ES411,2010,total,ages 80+,0.02266937783055826
ES411,2011,female,age 0,1.650437038933063e-4
ES411,2011,female,ages 1-79,-0.007055282312201067
ES411,2011,female,ages 80+,0.04200919452149222
ES411,2011,male,age 0,-4.684581916715887e-4
ES411,2011,male,ages 1-79,-0.009073550116645835
ES411,2011,male,ages 80+,6.482431840367266e-4
ES411,2011,total,age 0,-6.583713128594895e-5
ES411,2011,total,ages 1-79,-0.007938275536414916
ES411,2011,total,ages 80+,0.023794599343781905
ES411,2012,female,age 0,-6.965173967880638e-4
ES411,2012,female,ages 1-79,0.0010758391659795442
ES411,2012,female,ages 80+,0.01904673755232604
ES411,2012,male,age 0,0
ES411,2012,male,ages 1-79,-0.011603718299386565
ES411,2012,male,ages 80+,-0.009728133006979292
ES411,2012,total,age 0,-3.216518226073521e-4
ES411,2012,total,ages 1-79,-0.005152535185342134
ES411,2012,total,ages 80+,0.006564328765380686
ES411,2013,female,age 0,0
ES411,2013,female,ages 1-79,-0.0013359791944936575
ES411,2013,female,ages 80+,0.08026440054124334
ES411,2013,male,age 0,-8.590634281798189e-4
ES411,2013,male,ages 1-79,-0.007692684847790941
ES411,2013,male,ages 80+,0.05255180096704236
ES411,2013,total,age 0,-5.050941349416286e-4
ES411,2013,total,ages 1-79,-0.004435926390674933
ES411,2013,total,ages 80+,0.06904679626473956
ES411,2014,female,age 0,0
ES411,2014,female,ages 1-79,-0.003707008350032073
ES411,2014,female,ages 80+,0.0020758365463515067
ES411,2014,male,age 0,0
ES411,2014,male,ages 1-79,-0.004480874442762682
ES411,2014,male,ages 80+,-0.0013890071173639357
ES411,2014,total,age 0,0
ES411,2014,total,ages 1-79,-0.0027628285006212113
ES411,2014,total,ages 80+,0.0014209185193720386
ES411,2015,female,age 0,1.7839002326261303e-4
ES411,2015,female,ages 1-79,-0.0022726537701142835
ES411,2015,female,ages 80+,0.03122324210059338
ES411,2015,male,age 0,3.138771052827796e-4
ES411,2015,male,ages 1-79,-0.0035813267474121783
ES411,2015,male,ages 80+,0.028748663539262465
ES411,2015,total,age 0,3.420844943912329e-4
ES411,2015,total,ages 1-79,-0.002383974459976521
ES411,2015,total,ages 80+,0.02786849504976791
ES411,2016,female,age 0,3.345742704513599e-4
ES411,2016,female,ages 1-79,-0.005164779355305576
ES411,2016,female,ages 80+,0.14707698245678685
ES411,2016,male,age 0,0
ES411,2016,male,ages 1-79,-0.007648564656611702
ES411,2016,male,ages 80+,0.0075758314660984635
ES411,2016,total,age 0,2.53182578144371e-4
ES411,2016,total,ages 1-79,-0.006696324021438766
ES411,2016,total,ages 80+,0.08008569135242291
ES411,2017,female,age 0,2.56551416909044e-4
ES411,2017,female,ages 1-79,0.0035746719297650702
ES411,2017,female,ages 80+,0.07773818286335904
ES411,2017,male,age 0,0
ES411,2017,male,ages 1-79,-0.016496784053917878
ES411,2017,male,ages 80+,0.05038119334203688
ES411,2017,total,age 0,-2.0745004544001994e-5
ES411,2017,total,ages 1-79,-0.006861125226674075
ES411,2017,total,ages 80+,0.06620507211839577
ES411,2018,female,age 0,1.8965408501597097e-4
ES411,2018,female,ages 1-79,-0.005766797441551587
ES411,2018,female,ages 80+,0.10869610668155841
ES411,2018,male,age 0,7.863507748976694e-4
ES411,2018,male,ages 1-79,-0.008161601565575941
ES411,2018,male,ages 80+,0.16663573190159914
ES411,2018,total,age 0,4.5805152968200736e-4
ES411,2018,total,ages 1-79,-0.00692606331717327
ES411,2018,total,ages 80+,0.11654666841231853
ES411,2019,female,age 0,-9.615832225455756e-4
ES411,2019,female,ages 1-79,0.001392023554357941
ES411,2019,female,ages 80+,0.11014073574747862
ES411,2019,male,age 0,-0.001480543532526372
ES411,2019,male,ages 1-79,-0.011353298151279325
ES411,2019,male,ages 80+,0.0826892911912586
ES411,2019,total,age 0,-0.001226055581761214
ES411,2019,total,ages 1-79,-0.005111933861497537
ES411,2019,total,ages 80+,0.09261815587269177
ES411,2020,female,age 0,0
ES411,2020,female,ages 1-79,-0.00451667495203321
ES411,2020,female,ages 80+,-0.030491564660844312
ES411,2020,male,age 0,2.437337672696899e-4
ES411,2020,male,ages 1-79,-1.4184337206465201e-4
ES411,2020,male,ages 80+,0.00839825070338078
ES411,2020,total,age 0,1.355907505965643e-4
ES411,2020,total,ages 1-79,-0.002500531279652987
ES411,2020,total,ages 80+,-0.011342361926125937
ES411,2021,female,age 0,1.9228518870277614e-4
ES411,2021,female,ages 1-79,-0.0033128379299579456
ES411,2021,female,ages 80+,0.17895341548111407
ES411,2021,male,age 0,2.2953943164447717e-4
ES411,2021,male,ages 1-79,-0.01484361709405628
ES411,2021,male,ages 80+,0.024634181425941766
ES411,2021,total,age 0,2.1153238061785866e-4
ES411,2021,total,ages 1-79,-0.00874092873614145
ES411,2021,total,ages 80+,0.10180510159968104
ES411,2022,female,age 0,2.7222075460609706e-4
ES411,2022,female,ages 1-79,-0.0024711753863865663
ES411,2022,female,ages 80+,0.07577534617742819
ES411,2022,male,age 0,-8.57218346934435e-4
ES411,2022,male,ages 1-79,-0.0013983080134606913
ES411,2022,male,ages 80+,-0.02895164778500014
ES411,2022,total,age 0,-2.9859379534181876e-4
ES411,2022,total,ages 1-79,-0.0011104903384504723
ES411,2022,total,ages 80+,0.020246231509985453
ES411,2023,female,age 0,1.8200834526148102e-4
ES411,2023,female,ages 1-79,-0.004126831513044559
ES411,2023,female,ages 80+,0.08249694393026855
ES411,2023,male,age 0,0
ES411,2023,male,ages 1-79,-0.007060847099512902
ES411,2023,male,ages 80+,0.046232885169019654
ES411,2023,total,age 0,1.0313283566677829e-4
ES411,2023,total,ages 1-79,-0.005070085504408274
ES411,2023,total,ages 80+,0.06394788123743263
ES411,2024,female,age 0,0
ES411,2024,female,ages 1-79,-0.00891634786689421
ES411,2024,female,ages 80+,0.022969126907511808
ES411,2024,male,age 0,2.3123287944999636e-4
ES411,2024,male,ages 1-79,-0.009515906082768921
ES411,2024,male,ages 80+,0.08846637665665469
ES411,2024,total,age 0,1.372710560211064e-4
ES411,2024,total,ages 1-79,-0.009124242147695128
ES411,2024,total,ages 80+,0.0490221412553702
ES412,2002,female,age 0,2.153229434945651e-4
ES412,2002,female,ages 1-79,5.135568590736202e-4
ES412,2002,female,ages 80+,0.07825516263245734
ES412,2002,male,age 0,1.0633245540643359e-4
ES412,2002,male,ages 1-79,-0.01110549777557919
ES412,2002,male,ages 80+,0.017572442468053028
ES412,2002,total,age 0,1.0316353644125687e-4
ES412,2002,total,ages 1-79,-0.005328991361722585
ES412,2002,total,ages 80+,0.045334103591430454
ES412,2003,female,age 0,-4.085612267646129e-4
ES412,2003,female,ages 1-79,-0.0021401886377148405
ES412,2003,female,ages 80+,0.013004586233425944
ES412,2003,male,age 0,-2.6614924200623973e-4
ES412,2003,male,ages 1-79,-0.015476021407766175
ES412,2003,male,ages 80+,-0.006670053929291718
ES412,2003,total,age 0,-4.349574053381101e-4
ES412,2003,total,ages 1-79,-0.00881225496544064
ES412,2003,total,ages 80+,0.004132240625709688
ES412,2004,female,age 0,3.210969160943101e-4
ES412,2004,female,ages 1-79,-0.0015288039771710355
ES412,2004,female,ages 80+,0.01333947643083765
ES412,2004,male,age 0,1.1437338605021737e-4
ES412,2004,male,ages 1-79,-0.01511655487487352
ES412,2004,male,ages 80+,-0.017450175863942215
ES412,2004,total,age 0,1.9200081131345945e-4
ES412,2004,total,ages 1-79,-0.007796999915564641
ES412,2004,total,ages 80+,-0.0016360997539141622
ES412,2005,female,age 0,2.335776261330005e-4
ES412,2005,female,ages 1-79,-0.004709522041173973
ES412,2005,female,ages 80+,0.009806127659614975
ES412,2005,male,age 0,1.1956025114497976e-4
ES412,2005,male,ages 1-79,-0.013150313850939711
ES412,2005,male,ages 80+,0.003080108584100058
ES412,2005,total,age 0,2.3201747105148295e-4
ES412,2005,total,ages 1-79,-0.0073484624735691015
ES412,2005,total,ages 80+,0.008195511162362232
ES412,2006,female,age 0,-7.561565955752936e-5
ES412,2006,female,ages 1-79,-0.009290006216175345
ES412,2006,female,ages 80+,0.11799266152820126
ES412,2006,male,age 0,7.20383135694832e-6
ES412,2006,male,ages 1-79,-0.007654628478497488
ES412,2006,male,ages 80+,0.02769781386242573
ES412,2006,total,age 0,3.197056793237663e-5
ES412,2006,total,ages 1-79,-0.008228031833809877
ES412,2006,total,ages 80+,0.07406151212908171
ES412,2007,female,age 0,3.236115655872939e-4
ES412,2007,female,ages 1-79,-0.008651926962201548
ES412,2007,female,ages 80+,-0.0010653275026839687
ES412,2007,male,age 0,-8.172579580005524e-5
ES412,2007,male,ages 1-79,-0.0051094773867309245
ES412,2007,male,ages 80+,-0.04458215856314335
ES412,2007,total,age 0,9.573706481742864e-5
ES412,2007,total,ages 1-79,-0.0065223415384994855
ES412,2007,total,ages 80+,-0.018986707953615452
ES412,2008,female,age 0,3.137111409454785e-4
ES412,2008,female,ages 1-79,-0.00680811034938034
ES412,2008,female,ages 80+,0.00604457484281767
ES412,2008,male,age 0,-3.7184439898887734e-4
ES412,2008,male,ages 1-79,-0.008440759657713352
ES412,2008,male,ages 80+,0.009896171090090493
ES412,2008,total,age 0,-1.3311350472335263e-4
ES412,2008,total,ages 1-79,-0.006909018356296405
ES412,2008,total,ages 80+,0.0059640126427240765
ES412,2009,female,age 0,-1.2564793039002113e-4
ES412,2009,female,ages 1-79,-0.003649788451562116
ES412,2009,female,ages 80+,0.0018472784388182256
ES412,2009,male,age 0,-7.436343058097217e-5
ES412,2009,male,ages 1-79,-0.011943408644106618
ES412,2009,male,ages 80+,0.03450485424591242
ES412,2009,total,age 0,-1.7274625988674737e-4
ES412,2009,total,ages 1-79,-0.007073345692167535
ES412,2009,total,ages 80+,0.015266808402603825
ES412,2010,female,age 0,1.4000475488356313e-4
ES412,2010,female,ages 1-79,-4.4118564367147395e-4
ES412,2010,female,ages 80+,0.06743995256123972
ES412,2010,male,age 0,2.1553706446964386e-4
ES412,2010,male,ages 1-79,-0.012708412691724534
ES412,2010,male,ages 80+,-0.01852032224507661
ES412,2010,total,age 0,1.9742209540577304e-4
ES412,2010,total,ages 1-79,-0.0063138006566449256
ES412,2010,total,ages 80+,0.02590739915032659
ES412,2011,female,age 0,9.236844679754579e-5
ES412,2011,female,ages 1-79,-0.004576009622991704
ES412,2011,female,ages 80+,0.04596508149138505
ES412,2011,male,age 0,-3.5072353007135634e-5
ES412,2011,male,ages 1-79,-0.008409688200019076
ES412,2011,male,ages 80+,-2.1185658145554155e-4
ES412,2011,total,age 0,9.180636780768578e-5
ES412,2011,total,ages 1-79,-0.006166468588029279
ES412,2011,total,ages 80+,0.02538289817003882
ES412,2012,female,age 0,-4.1210834164559306e-5
ES412,2012,female,ages 1-79,-0.0016707324664716173
ES412,2012,female,ages 80+,0.032336244289455716
ES412,2012,male,age 0,6.258477969420866e-5
ES412,2012,male,ages 1-79,-0.007007345862705298
ES412,2012,male,ages 80+,-0.05641086882090629
ES412,2012,total,age 0,5.866993203733242e-5
ES412,2012,total,ages 1-79,-0.0038965323079056475
ES412,2012,total,ages 80+,-0.011543794112488097
ES412,2013,female,age 0,1.2019578073245771e-4
ES412,2013,female,ages 1-79,-0.0047576246335550324
ES412,2013,female,ages 80+,-0.03425108965830712
ES412,2013,male,age 0,-4.542449702522872e-6
ES412,2013,male,ages 1-79,-0.011522740098955053
ES412,2013,male,ages 80+,-0.006840506164039629
ES412,2013,total,age 0,5.593899372201659e-5
ES412,2013,total,ages 1-79,-0.007625002389262043
ES412,2013,total,ages 80+,-0.023574680146064755
ES412,2014,female,age 0,3.985352364252085e-5
ES412,2014,female,ages 1-79,0.001991346648413217
ES412,2014,female,ages 80+,0.010548257849411031
ES412,2014,male,age 0,-6.882851416833806e-5
ES412,2014,male,ages 1-79,-0.01342780928786795
ES412,2014,male,ages 80+,0.0355774789854282
ES412,2014,total,age 0,-2.3023648631847933e-5
ES412,2014,total,ages 1-79,-0.005533282274559395
ES412,2014,total,ages 80+,0.019267961220566253
ES412,2015,female,age 0,0
ES412,2015,female,ages 1-79,-0.005046940251514706
ES412,2015,female,ages 80+,0.06936200882442078
ES412,2015,male,age 0,5.140420933696671e-5
ES412,2015,male,ages 1-79,-0.0093181585878904
ES412,2015,male,ages 80+,-0.026400217601548027
ES412,2015,total,age 0,3.193642017786742e-5
ES412,2015,total,ages 1-79,-0.00663586546799021
ES412,2015,total,ages 80+,0.02308012292441247
ES412,2016,female,age 0,0
ES412,2016,female,ages 1-79,-0.003608409131552543
ES412,2016,female,ages 80+,0.04635788085692886
ES412,2016,male,age 0,-6.490012141426168e-4
ES412,2016,male,ages 1-79,-0.012316279937761784
ES412,2016,male,ages 80+,0.05425537608275215
ES412,2016,total,age 0,-2.645143969399143e-4
ES412,2016,total,ages 1-79,-0.007854906856193715
ES412,2016,total,ages 80+,0.046267988139617494
ES412,2017,female,age 0,2.90920299378388e-4
ES412,2017,female,ages 1-79,-0.0029717076372775854
ES412,2017,female,ages 80+,0.06330735830090126
ES412,2017,male,age 0,2.0086582956477863e-4
ES412,2017,male,ages 1-79,-0.011014846371119838
ES412,2017,male,ages 80+,0.015686766196692792
ES412,2017,total,age 0,2.3160120441009197e-4
ES412,2017,total,ages 1-79,-0.0067549577141817405
ES412,2017,total,ages 80+,0.03907067818884441
ES412,2018,female,age 0,1.0525899099168544e-4
ES412,2018,female,ages 1-79,-0.0029061345785964072
ES412,2018,female,ages 80+,0.04086984753000908
ES412,2018,male,age 0,1.195526964308621e-4
ES412,2018,male,ages 1-79,-0.005748417429140425
ES412,2018,male,ages 80+,0.06206931870528466
ES412,2018,total,age 0,1.1904465801667626e-4
ES412,2018,total,ages 1-79,-0.003945890446143326
ES412,2018,total,ages 80+,0.05636795835965336
ES412,2019,female,age 0,2.0094557031025882e-4
ES412,2019,female,ages 1-79,-6.020867358507459e-4
ES412,2019,female,ages 80+,0.07129348645600694
ES412,2019,male,age 0,1.9172809748059462e-4
ES412,2019,male,ages 1-79,-0.004390410159183627
ES412,2019,male,ages 80+,0.08658390841662847
ES412,2019,total,age 0,1.9630369064198197e-4
ES412,2019,total,ages 1-79,-0.001987331785138366
ES412,2019,total,ages 80+,0.07377634720368018
ES412,2020,female,age 0,-1.3063845412136537e-5
ES412,2020,female,ages 1-79,-0.007134261699429847
ES412,2020,female,ages 80+,-0.01413356367992311
ES412,2020,male,age 0,2.3572813282228856e-4
ES412,2020,male,ages 1-79,-0.009442038798405347
ES412,2020,male,ages 80+,-0.024955877222554643
ES412,2020,total,age 0,1.2197553256678071e-4
ES412,2020,total,ages 1-79,-0.0077239516678831045
ES412,2020,total,ages 80+,-0.01912219056863539
ES412,2021,female,age 0,9.746981379746386e-5
ES412,2021,female,ages 1-79,-0.008099772980231915
ES412,2021,female,ages 80+,0.051343390856394146
ES412,2021,male,age 0,2.239347922561344e-4
ES412,2021,male,ages 1-79,-0.0044879493887942
ES412,2021,male,ages 80+,0.0016097524615747635
ES412,2021,total,age 0,1.6478975043774077e-4
ES412,2021,total,ages 1-79,-0.005938086651387677
ES412,2021,total,ages 80+,0.028768886251076715
ES412,2022,female,age 0,3.2742953623936727e-4
ES412,2022,female,ages 1-79,-0.006198070350597996
ES412,2022,female,ages 80+,0.04333572448813894
ES412,2022,male,age 0,-3.523676737511163e-6
ES412,2022,male,ages 1-79,-0.005077262034405039
ES412,2022,male,ages 80+,-0.03234322662915496
ES412,2022,total,age 0,1.6606805950143311e-4
ES412,2022,total,ages 1-79,-0.004980828923313331
ES412,2022,total,ages 80+,0.0112553581285669
ES412,2023,female,age 0,2.2452386785449862e-4
ES412,2023,female,ages 1-79,-0.006243987483854637
ES412,2023,female,ages 80+,0.10511627682752034
ES412,2023,male,age 0,-1.4761868788583127e-4
ES412,2023,male,ages 1-79,-0.014891530562869286
ES412,2023,male,ages 80+,0.021950542917463504
ES412,2023,total,age 0,3.493846209936769e-5
ES412,2023,total,ages 1-79,-0.010517420993765616
ES412,2023,total,ages 80+,0.06894157309278913
ES412,2024,female,age 0,2.089532981184401e-4
ES412,2024,female,ages 1-79,-0.0036888927806478494
ES412,2024,female,ages 80+,0.14934715188792125
ES412,2024,male,age 0,2.040551112676229e-4
ES412,2024,male,ages 1-79,-0.01074901278683853
ES412,2024,male,ages 80+,0.013947598057724924
ES412,2024,total,age 0,2.1282424321006436e-4
ES412,2024,total,ages 1-79,-0.006995386405734312
ES412,2024,total,ages 80+,0.09214707809243226
ES413,2002,female,age 0,-2.2356528958265685e-4
ES413,2002,female,ages 1-79,-0.0032818083798891924
ES413,2002,female,ages 80+,5.252404016837433e-4
ES413,2002,male,age 0,-7.57534267546838e-5
ES413,2002,male,ages 1-79,-0.011973437801623328
ES413,2002,male,ages 80+,0.024214263973527363
ES413,2002,total,age 0,-1.9766419261414288e-4
ES413,2002,total,ages 1-79,-0.007090999071896092
ES413,2002,total,ages 80+,0.007583432503434299
ES413,2003,female,age 0,6.061539798555776e-5
ES413,2003,female,ages 1-79,-0.001467527479375303
ES413,2003,female,ages 80+,-0.0166734712110848
ES413,2003,male,age 0,-1.1644246539268619e-4
ES413,2003,male,ages 1-79,-0.008926352688689644
ES413,2003,male,ages 80+,-0.026810811488356442
ES413,2003,total,age 0,-9.780304130957781e-6
ES413,2003,total,ages 1-79,-0.004666527905727592
ES413,2003,total,ages 80+,-0.019769908474412137
ES413,2004,female,age 0,9.347992535562163e-5
ES413,2004,female,ages 1-79,-0.00210765381624524
ES413,2004,female,ages 80+,0.034784208762157556
ES413,2004,male,age 0,3.890034824837362e-4
ES413,2004,male,ages 1-79,-0.012599205605509674
ES413,2004,male,ages 80+,-0.011656037393382522
ES413,2004,total,age 0,2.599948786309271e-4
ES413,2004,total,ages 1-79,-0.00651191843863254
ES413,2004,total,ages 80+,0.01399072835207214
ES413,2005,female,age 0,-2.7979378279858677e-4
ES413,2005,female,ages 1-79,-0.004841772588255355
ES413,2005,female,ages 80+,0.014804176321634142
ES413,2005,male,age 0,2.234042943533482e-5
ES413,2005,male,ages 1-79,-0.008249589235024767
ES413,2005,male,ages 80+,-0.011031564793200471
ES413,2005,total,age 0,-1.1546220977414888e-4
ES413,2005,total,ages 1-79,-0.0063597480539269
ES413,2005,total,ages 80+,0.0018886068502830845
ES413,2006,female,age 0,1.655225781126975e-4
ES413,2006,female,ages 1-79,-0.00644025660100549
ES413,2006,female,ages 80+,0.0346079168287841
ES413,2006,male,age 0,-6.717718753050715e-4
ES413,2006,male,ages 1-79,-0.008336381980953173
ES413,2006,male,ages 80+,-0.02746633763401706
ES413,2006,total,age 0,-3.694154066500456e-4
ES413,2006,total,ages 1-79,-0.006609051843138739
ES413,2006,total,ages 80+,0.006353574572563539
ES413,2007,female,age 0,-8.512756763447711e-4
ES413,2007,female,ages 1-79,-0.005648472505262504
ES413,2007,female,ages 80+,0.1006582510917669
ES413,2007,male,age 0,3.436304723723067e-4
ES413,2007,male,ages 1-79,-0.010258320278622723
ES413,2007,male,ages 80+,-0.06812790337953717
ES413,2007,total,age 0,-2.3210829466506797e-4
ES413,2007,total,ages 1-79,-0.007008975796462707
ES413,2007,total,ages 80+,0.011443726568058702
ES413,2008,female,age 0,-2.960646093409982e-4
ES413,2008,female,ages 1-79,-0.0027677174532894588
ES413,2008,female,ages 80+,0.03788212158777485
ES413,2008,male,age 0,-1.422708899235978e-4
ES413,2008,male,ages 1-79,-0.01113812314147856
ES413,2008,male,ages 80+,0.028153672157428086
ES413,2008,total,age 0,-2.2753557134395984e-4
ES413,2008,total,ages 1-79,-0.006257153794305243
ES413,2008,total,ages 80+,0.03159805363339514
ES413,2009,female,age 0,-6.197454697760567e-4
ES413,2009,female,ages 1-79,-0.006647775635747549
ES413,2009,female,ages 80+,0.03364304216972057
ES413,2009,male,age 0,1.6396332018475714e-4
ES413,2009,male,ages 1-79,-0.008303408341283448
ES413,2009,male,ages 80+,0.031164820873924644
ES413,2009,total,age 0,-2.2384712063898982e-4
ES413,2009,total,ages 1-79,-0.0069583523574978014
ES413,2009,total,ages 80+,0.030634586247110664
ES413,2010,female,age 0,1.8427265410552205e-4
ES413,2010,female,ages 1-79,-0.006888160504653544
ES413,2010,female,ages 80+,0.06093942144692006
ES413,2010,male,age 0,1.9506070500654099e-4
ES413,2010,male,ages 1-79,-0.013554777952704575
ES413,2010,male,ages 80+,5.002421346175026e-4
ES413,2010,total,age 0,1.9360876441777564e-4
ES413,2010,total,ages 1-79,-0.009672531043992965
ES413,2010,total,ages 80+,0.031166424600741052
ES413,2011,female,age 0,1.533245257236116e-4
ES413,2011,female,ages 1-79,-0.004026706739035382
ES413,2011,female,ages 80+,0.010822318221469639
ES413,2011,male,age 0,-9.076903439216456e-5
ES413,2011,male,ages 1-79,-0.009209443617974726
ES413,2011,male,ages 80+,0.04270380348230167
ES413,2011,total,age 0,4.3304434470373934e-5
ES413,2011,total,ages 1-79,-0.006329722415368439
ES413,2011,total,ages 80+,0.022027656715121132
ES413,2012,female,age 0,2.471311759802303e-4
ES413,2012,female,ages 1-79,-0.003582339209062386
ES413,2012,female,ages 80+,-0.007546152987458419
ES413,2012,male,age 0,1.5215423932928392e-4
ES413,2012,male,ages 1-79,-0.006035987312110473
ES413,2012,male,ages 80+,0.0051202780546156755
ES413,2012,total,age 0,2.424840609027247e-4
ES413,2012,total,ages 1-79,-0.0044385553094407285
ES413,2012,total,ages 80+,-3.1148590438973e-4
ES413,2013,female,age 0,2.2668533353610088e-4
ES413,2013,female,ages 1-79,-0.003455037191579024
ES413,2013,female,ages 80+,0.06916807923807766
ES413,2013,male,age 0,3.000120673295339e-4
ES413,2013,male,ages 1-79,-0.011667826534824587
ES413,2013,male,ages 80+,0.014959617234330876
ES413,2013,total,age 0,2.695030509433918e-4
ES413,2013,total,ages 1-79,-0.007553753799575106
ES413,2013,total,ages 80+,0.043432031175524216
ES413,2014,female,age 0,-4.7449563876179296e-5
ES413,2014,female,ages 1-79,-0.0050749148122795
ES413,2014,female,ages 80+,0.09654011115402707
ES413,2014,male,age 0,3.0812235777245996e-4
ES413,2014,male,ages 1-79,-0.006101196121872852
ES413,2014,male,ages 80+,0.014756576781265483
ES413,2014,total,age 0,1.3012519226069145e-4
ES413,2014,total,ages 1-79,-0.005372957139614303
ES413,2014,total,ages 80+,0.05823341467926054
ES413,2015,female,age 0,1.3048533735796265e-4
ES413,2015,female,ages 1-79,-0.003381863623125583
ES413,2015,female,ages 80+,0.03362876591700634
ES413,2015,male,age 0,1.3349093663879462e-4
ES413,2015,male,ages 1-79,-0.009539510069343246
ES413,2015,male,ages 80+,-0.010219491452726447
ES413,2015,total,age 0,1.4814222452579876e-4
ES413,2015,total,ages 1-79,-0.005880247548295275
ES413,2015,total,ages 80+,0.014094451682591207
ES413,2016,female,age 0,-4.0875399491441814e-4
ES413,2016,female,ages 1-79,-0.0035051852577947787
ES413,2016,female,ages 80+,0.052451035387096855
ES413,2016,male,age 0,3.609827351639663e-4
ES413,2016,male,ages 1-79,-0.010186731217933133
ES413,2016,male,ages 80+,0.04604413586473747
ES413,2016,total,age 0,3.620510110949923e-5
ES413,2016,total,ages 1-79,-0.006690711484365347
ES413,2016,total,ages 80+,0.04876274825259774
ES413,2017,female,age 0,1.0245036403281612e-4
ES413,2017,female,ages 1-79,-0.004537591630484693
ES413,2017,female,ages 80+,0.07902725424333884
ES413,2017,male,age 0,1.8472082949552813e-4
ES413,2017,male,ages 1-79,-0.014003721362440592
ES413,2017,male,ages 80+,0.04811023882759752
ES413,2017,total,age 0,1.332494712374822e-4
ES413,2017,total,ages 1-79,-0.008927344420004724
ES413,2017,total,ages 80+,0.06384306854026092
ES413,2018,female,age 0,3.2369590751393085e-4
ES413,2018,female,ages 1-79,-0.0023280031241046757
ES413,2018,female,ages 80+,0.0723857543958339
ES413,2018,male,age 0,2.1166370620018176e-4
ES413,2018,male,ages 1-79,-0.010010746457645957
ES413,2018,male,ages 80+,0.025174981813044783
ES413,2018,total,age 0,2.646046802311219e-4
ES413,2018,total,ages 1-79,-0.005923216528530367
ES413,2018,total,ages 80+,0.049005075513025506
ES413,2019,female,age 0,1.1076048859259615e-4
ES413,2019,female,ages 1-79,-0.0013864946447590385
ES413,2019,female,ages 80+,0.14407667038990551
ES413,2019,male,age 0,3.762997742605464e-4
ES413,2019,male,ages 1-79,-0.010027209883212616
ES413,2019,male,ages 80+,0.052457780275176114
ES413,2019,total,age 0,2.858806843329561e-4
ES413,2019,total,ages 1-79,-0.005367340388930162
ES413,2019,total,ages 80+,0.10025629811876353
ES413,2020,female,age 0,8.54968574429753e-5
ES413,2020,female,ages 1-79,-0.002583255564735786
ES413,2020,female,ages 80+,-0.049066158383375844
ES413,2020,male,age 0,0
ES413,2020,male,ages 1-79,-0.016035623843536517
ES413,2020,male,ages 80+,-0.04467611593617338
ES413,2020,total,age 0,2.986182131235392e-5
ES413,2020,total,ages 1-79,-0.009159440142802025
ES413,2020,total,ages 80+,-0.04623194819606084
ES413,2021,female,age 0,2.4132194240438398e-4
ES413,2021,female,ages 1-79,-0.0011318453523045946
ES413,2021,female,ages 80+,0.15152702496853074
ES413,2021,male,age 0,9.145294331718816e-5
ES413,2021,male,ages 1-79,-0.0062546764679588225
ES413,2021,male,ages 80+,0.038115278003307246
ES413,2021,total,age 0,1.7603271202974982e-4
ES413,2021,total,ages 1-79,-0.0035504650908649727
ES413,2021,total,ages 80+,0.09715338368048247
ES413,2022,female,age 0,3.3922172766632987e-4
ES413,2022,female,ages 1-79,-0.005487484292229608
ES413,2022,female,ages 80+,0.03496995826006515
ES413,2022,male,age 0,-1.8187253367925985e-4
ES413,2022,male,ages 1-79,-0.008285182244538575
ES413,2022,male,ages 80+,-0.01815908432810257
ES413,2022,total,age 0,7.689783599129823e-5
ES413,2022,total,ages 1-79,-0.006225548210425733
ES413,2022,total,ages 80+,0.0092025085322784
ES413,2023,female,age 0,2.0100332351979762e-4
ES413,2023,female,ages 1-79,-0.004750131847007196
ES413,2023,female,ages 80+,0.13395731124961624
ES413,2023,male,age 0,-9.67877460515661e-5
ES413,2023,male,ages 1-79,-0.008929909009512049
ES413,2023,male,ages 80+,0.03840469602405282
ES413,2023,total,age 0,1.9856826444243858e-5
ES413,2023,total,ages 1-79,-0.006380464769266364
ES413,2023,total,ages 80+,0.0899916943177718
ES413,2024,female,age 0,2.0836922067754088e-4
ES413,2024,female,ages 1-79,-0.005497197577880125
ES413,2024,female,ages 80+,0.12986641837098026
ES413,2024,male,age 0,3.998785301752998e-4
ES413,2024,male,ages 1-79,-0.011186508330805943
ES413,2024,male,ages 80+,0.031811296069549674
ES413,2024,total,age 0,3.130574441930282e-4
ES413,2024,total,ages 1-79,-0.008152286003410163
ES413,2024,total,ages 80+,0.0841770123491121
ES414,2002,female,age 0,-7.201050967551968e-4
ES414,2002,female,ages 1-79,-0.0014812007182613842
ES414,2002,female,ages 80+,-0.09357183218593179
ES414,2002,male,age 0,-8.943916305058425e-4
ES414,2002,male,ages 1-79,-0.021377974362876057
ES414,2002,male,ages 80+,0.0055098937905112295
ES414,2002,total,age 0,-9.878732898003667e-4
ES414,2002,total,ages 1-79,-0.010640507293260867
ES414,2002,total,ages 80+,-0.04044207700164736
ES414,2003,female,age 0,7.871584055742584e-5
ES414,2003,female,ages 1-79,-0.005592343321289708
ES414,2003,female,ages 80+,-0.027159482240173703
ES414,2003,male,age 0,-5.468732325121255e-4
ES414,2003,male,ages 1-79,-0.008697597997338703
ES414,2003,male,ages 80+,0.014592575238625637
ES414,2003,total,age 0,-2.06723061219278e-4
ES414,2003,total,ages 1-79,-0.006977385822537595
ES414,2003,total,ages 80+,-0.008687265857600285
ES414,2004,female,age 0,0
ES414,2004,female,ages 1-79,-0.0052970781447785435
ES414,2004,female,ages 80+,0.0701854019661846
ES414,2004,male,age 0,-3.086625889192425e-4
ES414,2004,male,ages 1-79,-0.01340452702679275
ES414,2004,male,ages 80+,-0.0035523553899463912
ES414,2004,total,age 0,-2.4084338464731278e-4
ES414,2004,total,ages 1-79,-0.008833221096066688
ES414,2004,total,ages 80+,0.03654732800938293
ES414,2005,female,age 0,-9.325873406851315e-15
ES414,2005,female,ages 1-79,-0.003710535695197726
ES414,2005,female,ages 80+,-0.009486009295907037
ES414,2005,male,age 0,4.1909587490934595e-4
ES414,2005,male,ages 1-79,-0.014190334171249774
ES414,2005,male,ages 80+,0.03812710895288633
ES414,2005,total,age 0,1.6273773005133382e-4
ES414,2005,total,ages 1-79,-0.008556758882612356
ES414,2005,total,ages 80+,0.009223173195808709
ES414,2006,female,age 0,-6.224351489420079e-4
ES414,2006,female,ages 1-79,-0.005345051736045105
ES414,2006,female,ages 80+,0.07394716638341828
ES414,2006,male,age 0,-9.134024982030222e-4
ES414,2006,male,ages 1-79,-0.0067042855418772244
ES414,2006,male,ages 80+,-0.0020181793035198674
ES414,2006,total,age 0,-6.765333521135966e-4
ES414,2006,total,ages 1-79,-0.005540634983397084
ES414,2006,total,ages 80+,0.03263459716172545
ES414,2007,female,age 0,1.649017546913203e-4
ES414,2007,female,ages 1-79,-0.002050006220610321
ES414,2007,female,ages 80+,-0.014594470543331961
ES414,2007,male,age 0,-1.7449427774148576e-4
ES414,2007,male,ages 1-79,-0.01625425738792416
ES414,2007,male,ages 80+,-0.0032082110371311305
ES414,2007,total,age 0,5.838673204363801e-5
ES414,2007,total,ages 1-79,-0.008236647399951929
ES414,2007,total,ages 80+,-0.010920401510942687
ES414,2008,female,age 0,0
ES414,2008,female,ages 1-79,-0.013219873363045422
ES414,2008,female,ages 80+,0.11737822464200327
ES414,2008,male,age 0,1.5936893533117225e-4
ES414,2008,male,ages 1-79,-0.006012249104121345
ES414,2008,male,ages 80+,-0.058152596753864104
ES414,2008,total,age 0,9.105001636037718e-5
ES414,2008,total,ages 1-79,-0.008379876936668097
ES414,2008,total,ages 80+,0.031139002960798877
ES414,2009,female,age 0,-4.364178094142595e-4
ES414,2009,female,ages 1-79,-0.003782712148698384
ES414,2009,female,ages 80+,0.037925202971340354
ES414,2009,male,age 0,-9.455779217438752e-4
ES414,2009,male,ages 1-79,-0.015367929722097114
ES414,2009,male,ages 80+,0.03354865514536811
ES414,2009,total,age 0,-7.156704377909896e-4
ES414,2009,total,ages 1-79,-0.008778872467068105
ES414,2009,total,ages 80+,0.03735655742708803
ES414,2010,female,age 0,2.9628995255338424e-4
ES414,2010,female,ages 1-79,-0.005713819252850646
ES414,2010,female,ages 80+,0.010426940044756838
ES414,2010,male,age 0,9.311305560760842e-5
ES414,2010,male,ages 1-79,-0.013265460916926583
ES414,2010,male,ages 80+,-0.030255120515261344
ES414,2010,total,age 0,1.9354698512316575e-4
ES414,2010,total,ages 1-79,-0.00813011962045921
ES414,2010,total,ages 80+,-0.004904912772443638
ES414,2011,female,age 0,7.862283038118694e-4
ES414,2011,female,ages 1-79,0.0023262398116978087
ES414,2011,female,ages 80+,0.11795242227065215
ES414,2011,male,age 0,2.8697504470123953e-4
ES414,2011,male,ages 1-79,-0.007927679004479282
ES414,2011,male,ages 80+,0.035185200874356455
ES414,2011,total,age 0,3.348453533139886e-4
ES414,2011,total,ages 1-79,-0.0033261889490335383
ES414,2011,total,ages 80+,0.08055724936003808
ES414,2012,female,age 0,0
ES414,2012,female,ages 1-79,-0.002181512606170695
ES414,2012,female,ages 80+,0.005549399936599246
ES414,2012,male,age 0,-1.5464534418965466e-4
ES414,2012,male,ages 1-79,4.394274978007954e-4
ES414,2012,male,ages 80+,-0.011601159990028614
ES414,2012,total,age 0,-1.0518121490593951e-4
ES414,2012,total,ages 1-79,-4.993576894524801e-4
ES414,2012,total,ages 80+,-0.0028958224027907167
ES414,2013,female,age 0,8.8055454078885e-5
ES414,2013,female,ages 1-79,-0.005522680810934627
ES414,2013,female,ages 80+,-0.037216130910118356
ES414,2013,male,age 0,-8.562164137453797e-4
ES414,2013,male,ages 1-79,-0.006807143926989089
ES414,2013,male,ages 80+,0.058221623693203904
ES414,2013,total,age 0,-4.024139550107402e-4
ES414,2013,total,ages 1-79,-0.0054132553780763225
ES414,2013,total,ages 80+,-0.003553549391850862
ES414,2014,female,age 0,9.680930607785168e-5
ES414,2014,female,ages 1-79,-0.006880240210526748
ES414,2014,female,ages 80+,-0.007311239287124984
ES414,2014,male,age 0,2.874979372639051e-4
ES414,2014,male,ages 1-79,-0.013584995053304343
ES414,2014,male,ages 80+,0.014371682739697378
ES414,2014,total,age 0,1.9981876285260204e-4
ES414,2014,total,ages 1-79,-0.009128099109607114
ES414,2014,total,ages 80+,4.23750224956841e-4
ES414,2015,female,age 0,0
ES414,2015,female,ages 1-79,-0.00694049189098786
ES414,2015,female,ages 80+,-0.06651701308013136
ES414,2015,male,age 0,-4.36397278716665e-4
ES414,2015,male,ages 1-79,-0.006741132779658159
ES414,2015,male,ages 80+,-0.007123569773889406
ES414,2015,total,age 0,-2.564212729964938e-4
ES414,2015,total,ages 1-79,-0.005363103947097521
ES414,2015,total,ages 80+,-0.037658644007894475
ES414,2016,female,age 0,0
ES414,2016,female,ages 1-79,-0.005462981450949284
ES414,2016,female,ages 80+,0.09124410368140858
ES414,2016,male,age 0,0
ES414,2016,male,ages 1-79,-0.0013292435224237283
ES414,2016,male,ages 80+,-0.03141577512442624
ES414,2016,total,age 0,0
ES414,2016,total,ages 1-79,-0.0012181715634634882
ES414,2016,total,ages 80+,0.03303282238369565
ES414,2017,female,age 0,2.3692928123907785e-4
ES414,2017,female,ages 1-79,-0.008324109666632187
ES414,2017,female,ages 80+,0.006517634965136468
ES414,2017,male,age 0,1.7518110923438478e-4
ES414,2017,male,ages 1-79,-0.009057924228907319
ES414,2017,male,ages 80+,0.01834533063507241
ES414,2017,total,age 0,2.0486023539288052e-4
ES414,2017,total,ages 1-79,-0.009099185393409797
ES414,2017,total,ages 80+,0.00950496077936738
ES414,2018,female,age 0,-0.0014738307886791161
ES414,2018,female,ages 1-79,0.004215600468232534
ES414,2018,female,ages 80+,0.030359741324210945
ES414,2018,male,age 0,1.6580931309645677e-4
ES414,2018,male,ages 1-79,-0.011712557314326277
ES414,2018,male,ages 80+,-0.004661786222412586
ES414,2018,total,age 0,-7.853198340003506e-4
ES414,2018,total,ages 1-79,-0.004604692366693269
ES414,2018,total,ages 80+,0.01091615732956135
ES414,2019,female,age 0,0
ES414,2019,female,ages 1-79,-3.510466677655275e-4
ES414,2019,female,ages 80+,0.11062712821567061
ES414,2019,male,age 0,2.1928755555291512e-4
ES414,2019,male,ages 1-79,-0.003434104511198393
ES414,2019,male,ages 80+,0.008705627914446283
ES414,2019,total,age 0,4.581669994419529e-5
ES414,2019,total,ages 1-79,-0.0011588127731391408
ES414,2019,total,ages 80+,0.06185303769230497
ES414,2020,female,age 0,3.857903742621069e-4
ES414,2020,female,ages 1-79,-0.0061918984864112086
ES414,2020,female,ages 80+,-0.06995819749336504
ES414,2020,male,age 0,1.4083620434906808e-4
ES414,2020,male,ages 1-79,-0.013713484275381636
ES414,2020,male,ages 80+,-0.005549722879833022
ES414,2020,total,age 0,2.597239982971563e-4
ES414,2020,total,ages 1-79,-0.008687464472854803
ES414,2020,total,ages 80+,-0.024648619203129433
ES414,2021,female,age 0,2.663735122737168e-4
ES414,2021,female,ages 1-79,-4.1805213310780595e-4
ES414,2021,female,ages 80+,0.07338818452283738
ES414,2021,male,age 0,4.0813776733466297e-4
ES414,2021,male,ages 1-79,-0.008920265842556457
ES414,2021,male,ages 80+,0.02601882740237826
ES414,2021,total,age 0,3.4736339450676997e-4
ES414,2021,total,ages 1-79,-0.004516321230472152
ES414,2021,total,ages 80+,0.05289221823902487
ES414,2022,female,age 0,3.9020478764073937e-4
ES414,2022,female,ages 1-79,-0.004902717900921831
ES414,2022,female,ages 80+,0.04271563278325907
ES414,2022,male,age 0,0
ES414,2022,male,ages 1-79,-0.006438380921772716
ES414,2022,male,ages 80+,0.01760846970726615
ES414,2022,total,age 0,2.5925228266672186e-4
ES414,2022,total,ages 1-79,-0.004561303056895933
ES414,2022,total,ages 80+,0.03388066457750525
ES414,2023,female,age 0,2.8201893621999116e-4
ES414,2023,female,ages 1-79,-0.0047978305174773235
ES414,2023,female,ages 80+,0.08711816314487078
ES414,2023,male,age 0,3.9161815263794356e-4
ES414,2023,male,ages 1-79,-0.010300735998985549
ES414,2023,male,ages 80+,0.009864716802674834
ES414,2023,total,age 0,3.4768244607558807e-4
ES414,2023,total,ages 1-79,-0.007726225488006642
ES414,2023,total,ages 80+,0.05663342267373934
ES414,2024,female,age 0,0
ES414,2024,female,ages 1-79,-0.005299682207978291
ES414,2024,female,ages 80+,0.02806292525840213
ES414,2024,male,age 0,0
ES414,2024,male,ages 1-79,-0.009654794922256169
ES414,2024,male,ages 80+,-0.006642495636614933
ES414,2024,total,age 0,0
ES414,2024,total,ages 1-79,-0.007198308890245434
ES414,2024,total,ages 80+,0.013670988597932261
ES415,2002,female,age 0,-5.787791430103209e-4
ES415,2002,female,ages 1-79,-0.0050125723425226065
ES415,2002,female,ages 80+,0.03780313629426005
ES415,2002,male,age 0,-4.51170765312386e-5
ES415,2002,male,ages 1-79,-0.012220673881338587
ES415,2002,male,ages 80+,0.04150283639508663
ES415,2002,total,age 0,-3.837706271760714e-4
ES415,2002,total,ages 1-79,-0.00795825275213632
ES415,2002,total,ages 80+,0.04250878661993371
ES415,2003,female,age 0,-5.541562044403777e-4
ES415,2003,female,ages 1-79,-0.0051164581988487525
ES415,2003,female,ages 80+,0.04976594279878664
ES415,2003,male,age 0,-3.604304345225874e-4
ES415,2003,male,ages 1-79,-0.011490194857368253
ES415,2003,male,ages 80+,-0.01628154397719257
ES415,2003,total,age 0,-5.571798634825527e-4
ES415,2003,total,ages 1-79,-0.007918123910477417
ES415,2003,total,ages 80+,0.01688754947707525
ES415,2004,female,age 0,1.0630985847245246e-4
ES415,2004,female,ages 1-79,-0.003047319992506388
ES415,2004,female,ages 80+,0.06063607078742422
ES415,2004,male,age 0,0
ES415,2004,male,ages 1-79,-0.013559118969480933
ES415,2004,male,ages 80+,0.015537823507878771
ES415,2004,total,age 0,6.146671850617482e-5
ES415,2004,total,ages 1-79,-0.008245742053120819
ES415,2004,total,ages 80+,0.034278670082508386
ES415,2005,female,age 0,1.836420695340293e-4
ES415,2005,female,ages 1-79,-0.0031240065079773845
ES415,2005,female,ages 80+,0.03416960386091973
ES415,2005,male,age 0,-4.5279118685244137e-4
ES415,2005,male,ages 1-79,-0.0069542549022133205
ES415,2005,male,ages 80+,0.0020387116755211515
ES415,2005,total,age 0,-7.383377201373992e-5
ES415,2005,total,ages 1-79,-0.004610039761487921
ES415,2005,total,ages 80+,0.02244952264585167
ES415,2006,female,age 0,1.2781393231392772e-4
ES415,2006,female,ages 1-79,-0.0018156358087127985
ES415,2006,female,ages 80+,-0.022162643019119188
ES415,2006,male,age 0,1.7457752054183108e-4
ES415,2006,male,ages 1-79,-0.006640397057138765
ES415,2006,male,ages 80+,0.0226269678641399
ES415,2006,total,age 0,2.0849990933753332e-4
ES415,2006,total,ages 1-79,-0.003622070726530875
ES415,2006,total,ages 80+,-7.650250218956822e-4
ES415,2007,female,age 0,6.292858706280115e-5
ES415,2007,female,ages 1-79,-0.007985997827064582
ES415,2007,female,ages 80+,0.08669628483915573
ES415,2007,male,age 0,-3.999664169733126e-5
ES415,2007,male,ages 1-79,-0.011862225411297087
ES415,2007,male,ages 80+,0.04396972502863611
ES415,2007,total,age 0,1.722770952478567e-5
ES415,2007,total,ages 1-79,-0.00851735221868939
ES415,2007,total,ages 80+,0.06311124658167896
ES415,2008,female,age 0,-7.351642521234214e-4
ES415,2008,female,ages 1-79,-0.00492258076363776
ES415,2008,female,ages 80+,0.058526498975317164
ES415,2008,male,age 0,2.004275691967226e-4
ES415,2008,male,ages 1-79,-0.008032356337810173
ES415,2008,male,ages 80+,-0.015891749569717062
ES415,2008,total,age 0,-2.1672459851583876e-4
ES415,2008,total,ages 1-79,-0.005575147422162829
ES415,2008,total,ages 80+,0.023993649332529624
ES415,2009,female,age 0,3.4974376979960217e-4
ES415,2009,female,ages 1-79,-0.0017653893590949955
ES415,2009,female,ages 80+,0.04110680050767064
ES415,2009,male,age 0,-4.356443569574932e-4
ES415,2009,male,ages 1-79,-0.010935427460260553
ES415,2009,male,ages 80+,0.045150315106265326
ES415,2009,total,age 0,1.0553199720349815e-5
ES415,2009,total,ages 1-79,-0.005543364038129708
ES415,2009,total,ages 80+,0.0408641864690753
ES415,2010,female,age 0,-3.66362346139472e-4
ES415,2010,female,ages 1-79,-0.004013684708424685
ES415,2010,female,ages 80+,0.08332574921586744
ES415,2010,male,age 0,1.24485088152057e-4
ES415,2010,male,ages 1-79,-0.012297031562840434
ES415,2010,male,ages 80+,-0.006235690027855338
ES415,2010,total,age 0,-1.3746302229655332e-4
ES415,2010,total,ages 1-79,-0.007984145916489254
ES415,2010,total,ages 80+,0.04490754643813484
ES415,2011,female,age 0,1.9925836947009542e-4
ES415,2011,female,ages 1-79,-0.009140938842778036
ES415,2011,female,ages 80+,0.06825888435581343
ES415,2011,male,age 0,-3.138977212935665e-4
ES415,2011,male,ages 1-79,-0.011313838771233766
ES415,2011,male,ages 80+,-0.03660805924792175
ES415,2011,total,age 0,-1.5761715323463907e-4
ES415,2011,total,ages 1-79,-0.009760936658298736
ES415,2011,total,ages 80+,0.017461490725108626
ES415,2012,female,age 0,-1.7626442056528218e-4
ES415,2012,female,ages 1-79,-0.0024177183807829175
ES415,2012,female,ages 80+,0.018452330088021683
ES415,2012,male,age 0,1.7775081901210782e-4
ES415,2012,male,ages 1-79,-0.009092762391226208
ES415,2012,male,ages 80+,-0.011857491799947585
ES415,2012,total,age 0,4.102057692888914e-6
ES415,2012,total,ages 1-79,-0.005657639036320848
ES415,2012,total,ages 80+,0.00357737187117685
ES415,2013,female,age 0,2.1598934620956523e-4
ES415,2013,female,ages 1-79,-0.004191876725514812
ES415,2013,female,ages 80+,0.06160324448396744
ES415,2013,male,age 0,-4.617085081118889e-5
ES415,2013,male,ages 1-79,-0.005643933170172947
ES415,2013,male,ages 80+,-0.04713167953768566
ES415,2013,total,age 0,8.756113941955961e-5
ES415,2013,total,ages 1-79,-0.004616067780442902
ES415,2013,total,ages 80+,0.005633553097594404
ES415,2014,female,age 0,1.7165504967463544e-5
ES415,2014,female,ages 1-79,-0.0034323101449193994
ES415,2014,female,ages 80+,0.03020779257165719
ES415,2014,male,age 0,1.924437037508558e-4
ES415,2014,male,ages 1-79,-0.004559897796644586
ES415,2014,male,ages 80+,0.018910767389638726
ES415,2014,total,age 0,1.1114318009123725e-4
ES415,2014,total,ages 1-79,-0.003369273344092624
ES415,2014,total,ages 80+,0.022296190269054675
ES415,2015,female,age 0,3.272790975558349e-4
ES415,2015,female,ages 1-79,-0.004639142599965943
ES415,2015,female,ages 80+,0.06084340135605555
ES415,2015,male,age 0,0
ES415,2015,male,ages 1-79,-0.005943596424439495
ES415,2015,male,ages 80+,-0.023069274261808832
ES415,2015,total,age 0,2.1987783707625542e-4
ES415,2015,total,ages 1-79,-0.004676133446341737
ES415,2015,total,ages 80+,0.02444329129465301
ES415,2016,female,age 0,2.1771576104715146e-4
ES415,2016,female,ages 1-79,-0.0035426632726562575
ES415,2016,female,ages 80+,0.10388934390580469
ES415,2016,male,age 0,3.08711341636068e-4
ES415,2016,male,ages 1-79,-0.012848922022944353
ES415,2016,male,ages 80+,0.04111294880703308
ES415,2016,total,age 0,2.5077032760740544e-4
ES415,2016,total,ages 1-79,-0.007924723810486886
ES415,2016,total,ages 80+,0.07509367408340387
ES415,2017,female,age 0,-2.7334688892894363e-4
ES415,2017,female,ages 1-79,-0.004225779950973807
ES415,2017,female,ages 80+,0.06003160826010916
ES415,2017,male,age 0,2.5065154550778853e-4
ES415,2017,male,ages 1-79,-0.008898673333481408
ES415,2017,male,ages 80+,0.09096812250105679
ES415,2017,total,age 0,-1.0128874072841675e-5
ES415,2017,total,ages 1-79,-0.0064149269431591945
ES415,2017,total,ages 80+,0.06767163120990162
ES415,2018,female,age 0,1.4728606445642023e-4
ES415,2018,female,ages 1-79,-0.004131590849889542
ES415,2018,female,ages 80+,0.022901511772612883
ES415,2018,male,age 0,3.1203075704535265e-4
ES415,2018,male,ages 1-79,-0.006396553913286204
ES415,2018,male,ages 80+,0.08316271438327619
ES415,2018,total,age 0,2.3332627848104276e-4
ES415,2018,total,ages 1-79,-0.004362388629620207
ES415,2018,total,ages 80+,0.048263992405161826
ES415,2019,female,age 0,1.392060972174209e-4
ES415,2019,female,ages 1-79,-9.11745492351266e-4
ES415,2019,female,ages 80+,0.09771933576697772
ES415,2019,male,age 0,-2.850320629989818e-5
ES415,2019,male,ages 1-79,-0.009857162448110614
ES415,2019,male,ages 80+,0.05761377285198134
ES415,2019,total,age 0,5.416379676052022e-5
ES415,2019,total,ages 1-79,-0.005202407215790031
ES415,2019,total,ages 80+,0.07736295785908222
ES415,2020,female,age 0,-3.796439116960756e-4
ES415,2020,female,ages 1-79,-0.0011825662766259421
ES415,2020,female,ages 80+,-0.005683269532954123
ES415,2020,male,age 0,5.128782050748069e-4
ES415,2020,male,ages 1-79,-0.009237908591378319
ES415,2020,male,ages 80+,0.004374010199834132
ES415,2020,total,age 0,1.3807390436606322e-4
ES415,2020,total,ages 1-79,-0.0051566276595812
ES415,2020,total,ages 80+,-6.219518831586945e-4
ES415,2021,female,age 0,0
ES415,2021,female,ages 1-79,-0.002749614109206236
ES415,2021,female,ages 80+,0.2045261004224001
ES415,2021,male,age 0,2.743846343064816e-4
ES415,2021,male,ages 1-79,-0.0072966710005046035
ES415,2021,male,ages 80+,0.0633244346198188
ES415,2021,total,age 0,1.9389083084064767e-4
ES415,2021,total,ages 1-79,-0.004556382393185511
ES415,2021,total,ages 80+,0.13839955715347124
ES415,2022,female,age 0,1.2287745402729717e-4
ES415,2022,female,ages 1-79,-0.004654626939778658
ES415,2022,female,ages 80+,0.010909653385771705
ES415,2022,male,age 0,1.9686272235557825e-4
ES415,2022,male,ages 1-79,-0.00836363939586399
ES415,2022,male,ages 80+,0.018117624935018478
ES415,2022,total,age 0,1.7456869000709936e-4
ES415,2022,total,ages 1-79,-0.006198052340342864
ES415,2022,total,ages 80+,0.012206048830415074
ES415,2023,female,age 0,1.9547188665277622e-4
ES415,2023,female,ages 1-79,-0.004208323814375515
ES415,2023,female,ages 80+,0.11956348488246202
ES415,2023,male,age 0,3.380977394851384e-4
ES415,2023,male,ages 1-79,-0.00649476461424335
ES415,2023,male,ages 80+,0.09283624781483302
ES415,2023,total,age 0,2.7920141746057503e-4
ES415,2023,total,ages 1-79,-0.005116324574426121
ES415,2023,total,ages 80+,0.10427739159694867
ES415,2024,female,age 0,-4.3296897567134997e-4
ES415,2024,female,ages 1-79,-0.0028737538994763334
ES415,2024,female,ages 80+,0.18128480913341571
ES415,2024,male,age 0,0
ES415,2024,male,ages 1-79,-0.006362088820821957
ES415,2024,male,ages 80+,9.087276228311666e-4
ES415,2024,total,age 0,-2.568703266380719e-4
ES415,2024,total,ages 1-79,-0.0046300044191971736
ES415,2024,total,ages 80+,0.0972898477495206
ES416,2002,female,age 0,1.5768760072804594e-4
ES416,2002,female,ages 1-79,-0.005879931057864802
ES416,2002,female,ages 80+,0.07310599724072848
ES416,2002,male,age 0,-3.287329257362302e-4
ES416,2002,male,ages 1-79,-0.016607872293071077
ES416,2002,male,ages 80+,-0.010252945586152768
ES416,2002,total,age 0,-5.117866708962897e-5
ES416,2002,total,ages 1-79,-0.010272873584671844
ES416,2002,total,ages 80+,0.035059752640607546
ES416,2003,female,age 0,-7.433022581419432e-4
ES416,2003,female,ages 1-79,-0.008751783169617035
ES416,2003,female,ages 80+,0.0371316954891142
ES416,2003,male,age 0,3.256446024842027e-4
ES416,2003,male,ages 1-79,-0.013672240006451192
ES416,2003,male,ages 80+,-0.03395596502456369
ES416,2003,total,age 0,-1.888705790581308e-4
ES416,2003,total,ages 1-79,-0.010287126885736053
ES416,2003,total,ages 80+,-0.0024580425340310873
ES416,2004,female,age 0,-8.025427873136857e-4
ES416,2004,female,ages 1-79,-0.004921721928954719
ES416,2004,female,ages 80+,0.1435354681462474
ES416,2004,male,age 0,6.04620948811144e-4
ES416,2004,male,ages 1-79,-0.010796463163426345
ES416,2004,male,ages 80+,0.023668829003322803
ES416,2004,total,age 0,-2.819855135470775e-4
ES416,2004,total,ages 1-79,-0.006520707562885592
ES416,2004,total,ages 80+,0.08758056003480395
ES416,2005,female,age 0,1.5441311398800133e-4
ES416,2005,female,ages 1-79,-0.009477809248389096
ES416,2005,female,ages 80+,0.12037324444553144
ES416,2005,male,age 0,-1.7138722527579984e-4
ES416,2005,male,ages 1-79,-0.010907764554469275
ES416,2005,male,ages 80+,-0.027375292163317508
ES416,2005,total,age 0,2.925071035561622e-6
ES416,2005,total,ages 1-79,-0.00866735087546796
ES416,2005,total,ages 80+,0.05467152871686648
ES416,2006,female,age 0,2.044489162450268e-4
ES416,2006,female,ages 1-79,-0.005848307809233935
ES416,2006,female,ages 80+,0.011296425961330472
ES416,2006,male,age 0,1.5483262992677137e-4
ES416,2006,male,ages 1-79,-0.009249415341708615
ES416,2006,male,ages 80+,-0.06991942692804798
ES416,2006,total,age 0,2.834991743690679e-4
ES416,2006,total,ages 1-79,-0.006695490131678684
ES416,2006,total,ages 80+,-0.02258424000716315
ES416,2007,female,age 0,-0.0017768939235564218
ES416,2007,female,ages 1-79,-0.0028286562750010243
ES416,2007,female,ages 80+,0.08651410324979796
ES416,2007,male,age 0,0
ES416,2007,male,ages 1-79,-0.018603370043985972
ES416,2007,male,ages 80+,-0.033939864652950874
ES416,2007,total,age 0,-6.56657192907392e-4
ES416,2007,total,ages 1-79,-0.010217706765020868
ES416,2007,total,ages 80+,0.03342567672934972
ES416,2008,female,age 0,1.0269600291967101e-4
ES416,2008,female,ages 1-79,-5.80691262159361e-4
ES416,2008,female,ages 80+,0.003926290025994879
ES416,2008,male,age 0,-7.825422110874815e-4
ES416,2008,male,ages 1-79,-0.02084809290571661
ES416,2008,male,ages 80+,0.06121344509163543
ES416,2008,total,age 0,-4.3814751962478017e-4
ES416,2008,total,ages 1-79,-0.009557124239944068
ES416,2008,total,ages 80+,0.022369897458622286
ES416,2009,female,age 0,-4.985798842342456e-4
ES416,2009,female,ages 1-79,-0.006249889163655308
ES416,2009,female,ages 80+,0.07402095100574468
ES416,2009,male,age 0,1.464726384126135e-4
ES416,2009,male,ages 1-79,-0.004042027141508595
ES416,2009,male,ages 80+,0.005893381422743722
ES416,2009,total,age 0,-1.085542279152429e-4
ES416,2009,total,ages 1-79,-0.004388018412131947
ES416,2009,total,ages 80+,0.038191731119329116
ES416,2010,female,age 0,-9.839139322665863e-4
ES416,2010,female,ages 1-79,-0.0031591308055357857
ES416,2010,female,ages 80+,0.1130888765639461
ES416,2010,male,age 0,1.835244064758525e-4
ES416,2010,male,ages 1-79,-0.005874543739045288
ES416,2010,male,ages 80+,-0.022645142114468858
ES416,2010,total,age 0,-3.994893238403358e-4
ES416,2010,total,ages 1-79,-0.004322734786121312
ES416,2010,total,ages 80+,0.044963267451615045
ES416,2011,female,age 0,2.3460955488114536e-4
ES416,2011,female,ages 1-79,-0.0074616261780890624
ES416,2011,female,ages 80+,-0.022266231857013936
ES416,2011,male,age 0,0
ES416,2011,male,ages 1-79,-0.012958077342714279
ES416,2011,male,ages 80+,-0.06979995937989186
ES416,2011,total,age 0,7.571774076880924e-5
ES416,2011,total,ages 1-79,-0.009737915858183647
ES416,2011,total,ages 80+,-0.04423291905743943
ES416,2012,female,age 0,2.0097763915919342e-4
ES416,2012,female,ages 1-79,0.002463972782500963
ES416,2012,female,ages 80+,0.008511348084899822
ES416,2012,male,age 0,8.953111158552891e-5
ES416,2012,male,ages 1-79,-0.01176156958279536
ES416,2012,male,ages 80+,-0.0037216638824760172
ES416,2012,total,age 0,1.4205069650365126e-4
ES416,2012,total,ages 1-79,-0.003974810804251954
ES416,2012,total,ages 80+,0.0037673463507796115
ES416,2013,female,age 0,-0.0013026026232219956
ES416,2013,female,ages 1-79,-0.008036322737080014
ES416,2013,female,ages 80+,0.0035913738854338947
ES416,2013,male,age 0,5.770212457483532e-4
ES416,2013,male,ages 1-79,-0.007115056483729423
ES416,2013,male,ages 80+,-0.021800430985514818
ES416,2013,total,age 0,-3.4237906172297956e-4
ES416,2013,total,ages 1-79,-0.0068654694304730954
ES416,2013,total,ages 80+,-0.008566142411831332
ES416,2014,female,age 0,0
ES416,2014,female,ages 1-79,-0.0021322722371090045
ES416,2014,female,ages 80+,-0.028363987051733132
ES416,2014,male,age 0,0
ES416,2014,male,ages 1-79,-0.01315010063165168
ES416,2014,male,ages 80+,-0.03151272602692081
ES416,2014,total,age 0,-9.325873406851315e-15
ES416,2014,total,ages 1-79,-0.006261084883937959
ES416,2014,total,ages 80+,-0.03291805712438106
ES416,2015,female,age 0,3.1866494731384333e-4
ES416,2015,female,ages 1-79,0.0018903300850780275
ES416,2015,female,ages 80+,-0.029832416912623744
ES416,2015,male,age 0,2.963558960712634e-4
ES416,2015,male,ages 1-79,-0.014055475098313036
ES416,2015,male,ages 80+,0.010804420779941554
ES416,2015,total,age 0,2.933459085935093e-4
ES416,2015,total,ages 1-79,-0.005079529974155844
ES416,2015,total,ages 80+,-0.01108783947414028
ES416,2016,female,age 0,0
ES416,2016,female,ages 1-79,-0.001397434746416737
ES416,2016,female,ages 80+,0.13799687900351051
ES416,2016,male,age 0,1.7063517595329987e-4
ES416,2016,male,ages 1-79,-0.017831982804308377
ES416,2016,male,ages 80+,0.008041095392988779
ES416,2016,total,age 0,9.485951015159162e-5
ES416,2016,total,ages 1-79,-0.0089291477894789
ES416,2016,total,ages 80+,0.0739981063859945
ES416,2017,female,age 0,3.12994578380978e-4
ES416,2017,female,ages 1-79,-0.0038527493607894503
ES416,2017,female,ages 80+,0.08254382048923156
ES416,2017,male,age 0,0
ES416,2017,male,ages 1-79,-0.011539718554325397
ES416,2017,male,ages 80+,0.024621019351709638
ES416,2017,total,age 0,2.4685692163752297e-4
ES416,2017,total,ages 1-79,-0.007084033999767216
ES416,2017,total,ages 80+,0.05497293182169892
ES416,2018,female,age 0,7.924175242447934e-5
ES416,2018,female,ages 1-79,-0.004098375716313418
ES416,2018,female,ages 80+,0.0969367346679281
ES416,2018,male,age 0,2.1924767503397102e-4
ES416,2018,male,ages 1-79,-0.007079891950582474
ES416,2018,male,ages 80+,0.03658848925776047
ES416,2018,total,age 0,1.5777418148998578e-4
ES416,2018,total,ages 1-79,-0.005228293654162166
ES416,2018,total,ages 80+,0.06874645965238523
ES416,2019,female,age 0,1.8646050840306517e-4
ES416,2019,female,ages 1-79,-0.011729042912234155
ES416,2019,female,ages 80+,0.19789891989035738
ES416,2019,male,age 0,1.8215512320366985e-4
ES416,2019,male,ages 1-79,-0.007768091154586664
ES416,2019,male,ages 80+,0.03501656223671372
ES416,2019,total,age 0,2.1687802958723256e-4
ES416,2019,total,ages 1-79,-0.00797013442564119
ES416,2019,total,ages 80+,0.11630029604116426
ES416,2020,female,age 0,0
ES416,2020,female,ages 1-79,-0.007335436631316481
ES416,2020,female,ages 80+,-0.05343711405272654
ES416,2020,male,age 0,2.711681894960862e-4
ES416,2020,male,ages 1-79,-8.292817467653215e-4
ES416,2020,male,ages 80+,-0.005528786510251004
ES416,2020,total,age 0,2.2641219017408882e-4
ES416,2020,total,ages 1-79,-0.0030563899376208365
ES416,2020,total,ages 80+,-0.03181438329020789
ES416,2021,female,age 0,-0.0014985013308365985
ES416,2021,female,ages 1-79,-0.006572301330213087
ES416,2021,female,ages 80+,0.13645423163948547
ES416,2021,male,age 0,-1.2268476993667498e-4
ES416,2021,male,ages 1-79,-0.00965525341300989
ES416,2021,male,ages 80+,0.04981497544297536
ES416,2021,total,age 0,-7.576471627091291e-4
ES416,2021,total,ages 1-79,-0.007194414271473547
ES416,2021,total,ages 80+,0.09771548955144202
ES416,2022,female,age 0,0
ES416,2022,female,ages 1-79,-0.006139946003498798
ES416,2022,female,ages 80+,0.04871042111506535
ES416,2022,male,age 0,1.3376874433430191e-4
ES416,2022,male,ages 1-79,-0.016551161079003937
ES416,2022,male,ages 80+,0.008382364046368704
ES416,2022,total,age 0,8.063357860857132e-5
ES416,2022,total,ages 1-79,-0.010658755995692881
ES416,2022,total,ages 80+,0.025464792143514763
ES416,2023,female,age 0,2.2665523725969982e-5
ES416,2023,female,ages 1-79,-0.0036830526255135325
ES416,2023,female,ages 80+,0.09622838414862855
ES416,2023,male,age 0,2.996989104395691e-4
ES416,2023,male,ages 1-79,-0.012978161882318248
ES416,2023,male,ages 80+,0.037848047162106865
ES416,2023,total,age 0,1.255788071141174e-4
ES416,2023,total,ages 1-79,-0.008135256465637333
ES416,2023,total,ages 80+,0.06824098367813466
ES416,2024,female,age 0,-2.2755056762607166e-4
ES416,2024,female,ages 1-79,-0.006497611134679309
ES416,2024,female,ages 80+,0.03939786294097696
ES416,2024,male,age 0,-8.729693251714129e-4
ES416,2024,male,ages 1-79,-0.007822146428327879
ES416,2024,male,ages 80+,0.058060025382256804
ES416,2024,total,age 0,-5.503904869838262e-4
ES416,2024,total,ages 1-79,-0.006462402154986069
ES416,2024,total,ages 80+,0.03889011092310836
ES417,2002,female,age 0,0.0011328103541829904
ES417,2002,female,ages 1-79,-0.004533409773411955
ES417,2002,female,ages 80+,-0.06082260761071184
ES417,2002,male,age 0,8.933698005321386e-5
ES417,2002,male,ages 1-79,-0.016650359425007914
ES417,2002,male,ages 80+,0.010034475613563694
ES417,2002,total,age 0,5.031197347467619e-4
ES417,2002,total,ages 1-79,-0.009272118437592387
ES417,2002,total,ages 80+,-0.0269394135241565
ES417,2003,female,age 0,1.7612916139904213e-4
ES417,2003,female,ages 1-79,-0.002008559294891893
ES417,2003,female,ages 80+,0.016379420785260286
ES417,2003,male,age 0,4.527678617117305e-4
ES417,2003,male,ages 1-79,-0.009108701080882294
ES417,2003,male,ages 80+,0.02289603059211144
ES417,2003,total,age 0,3.205477335984975e-4
ES417,2003,total,ages 1-79,-0.0053320746449191745
ES417,2003,total,ages 80+,0.02051004726665554
ES417,2004,female,age 0,-0.001201583185312919
ES417,2004,female,ages 1-79,-0.009477814250804142
ES417,2004,female,ages 80+,0.017401142350058962
ES417,2004,male,age 0,5.74307866228926e-4
ES417,2004,male,ages 1-79,-0.017946580618289073
ES417,2004,male,ages 80+,0.02246596563731262
ES417,2004,total,age 0,-2.5350544279264614e-4
ES417,2004,total,ages 1-79,-0.011833093051725528
ES417,2004,total,ages 80+,0.016195557207470346
ES417,2005,female,age 0,4.5757876082308323e-4
ES417,2005,female,ages 1-79,-0.002493250354299866
ES417,2005,female,ages 80+,-0.012873997835251269
ES417,2005,male,age 0,-6.251212233735501e-5
ES417,2005,male,ages 1-79,-0.011314816439363272
ES417,2005,male,ages 80+,0.05827148931979151
ES417,2005,total,age 0,1.1501964431613848e-4
ES417,2005,total,ages 1-79,-0.00606677560516713
ES417,2005,total,ages 80+,0.01561503360329513
ES417,2006,female,age 0,-4.962654751218182e-4
ES417,2006,female,ages 1-79,-0.005574004371695937
ES417,2006,female,ages 80+,0.07883333850197086
ES417,2006,male,age 0,0
ES417,2006,male,ages 1-79,-0.012607671399083259
ES417,2006,male,ages 80+,0.05362205405867424
ES417,2006,total,age 0,9.715265532798018e-5
ES417,2006,total,ages 1-79,-0.007993418173843254
ES417,2006,total,ages 80+,0.06506153355940253
ES417,2007,female,age 0,-3.865140795255198e-4
ES417,2007,female,ages 1-79,-0.008608993823695503
ES417,2007,female,ages 80+,0.2002813588949603
ES417,2007,male,age 0,-6.246419161553228e-5
ES417,2007,male,ages 1-79,-0.013639017123905448
ES417,2007,male,ages 80+,-0.02521259769894279
ES417,2007,total,age 0,-1.7306954342233933e-4
ES417,2007,total,ages 1-79,-0.010595261539945174
ES417,2007,total,ages 80+,0.08805711582640446
ES417,2008,female,age 0,2.3158677647882047e-4
ES417,2008,female,ages 1-79,-0.004683414733102652
ES417,2008,female,ages 80+,0.12465198676072076
ES417,2008,male,age 0,-7.463904628171048e-4
ES417,2008,male,ages 1-79,-0.004472249985015138
ES417,2008,male,ages 80+,-0.04073470948181311
ES417,2008,total,age 0,-3.889597232311456e-4
ES417,2008,total,ages 1-79,-0.003787293093915671
ES417,2008,total,ages 80+,0.048235173980138095
ES417,2009,female,age 0,1.9451937681093468e-4
ES417,2009,female,ages 1-79,-0.003384507406032273
ES417,2009,female,ages 80+,0.10863387097991542
ES417,2009,male,age 0,0
ES417,2009,male,ages 1-79,-0.008560933379915394
ES417,2009,male,ages 80+,0.01810239524206987
ES417,2009,total,age 0,-2.2196016319650355e-5
ES417,2009,total,ages 1-79,-0.0050724097003563805
ES417,2009,total,ages 80+,0.07047857433208361
ES417,2010,female,age 0,6.132734827706688e-4
ES417,2010,female,ages 1-79,-7.893067168486451e-4
ES417,2010,female,ages 80+,0.06775089830074886
ES417,2010,male,age 0,0
ES417,2010,male,ages 1-79,-0.005096773501478513
ES417,2010,male,ages 80+,0.11097028092819457
ES417,2010,total,age 0,1.91616401426585e-4
ES417,2010,total,ages 1-79,-0.0016601359444459907
ES417,2010,total,ages 80+,0.08893186070894292
ES417,2011,female,age 0,-2.3132455681023186e-4
ES417,2011,female,ages 1-79,0.001356687084384315
ES417,2011,female,ages 80+,0.07187269333366125
ES417,2011,male,age 0,0
ES417,2011,male,ages 1-79,-0.005285052010294208
ES417,2011,male,ages 80+,0.039696446204423086
ES417,2011,total,age 0,-6.790412793412203e-5
ES417,2011,total,ages 1-79,-0.0010236824039685333
ES417,2011,total,ages 80+,0.05447304625768037
ES417,2012,female,age 0,0
ES417,2012,female,ages 1-79,-0.005531817750948323
ES417,2012,female,ages 80+,0.11346896120542649
ES417,2012,male,age 0,3.853056766121321e-4
ES417,2012,male,ages 1-79,-0.011194869967559709
ES417,2012,male,ages 80+,0.01239346358398561
ES417,2012,total,age 0,2.1453214165533362e-4
ES417,2012,total,ages 1-79,-0.008034854339502346
ES417,2012,total,ages 80+,0.07350920283436241
ES417,2013,female,age 0,2.1842947147845867e-4
ES417,2013,female,ages 1-79,-0.006355164559431586
ES417,2013,female,ages 80+,0.1819485032120922
ES417,2013,male,age 0,-0.0015080313191158951
ES417,2013,male,ages 1-79,-0.0029737760718352366
ES417,2013,male,ages 80+,0.08643035192726072
ES417,2013,total,age 0,-6.512468493577656e-4
ES417,2013,total,ages 1-79,-0.004938181867150405
ES417,2013,total,ages 80+,0.1380711282079498
ES417,2014,female,age 0,0
ES417,2014,female,ages 1-79,-0.006848475542524105
ES417,2014,female,ages 80+,0.024314182324475672
ES417,2014,male,age 0,1.5229293734524065e-4
ES417,2014,male,ages 1-79,-0.007742164212207726
ES417,2014,male,ages 80+,0.045715092743538854
ES417,2014,total,age 0,1.0288480365122216e-4
ES417,2014,total,ages 1-79,-0.006490655493185721
ES417,2014,total,ages 80+,0.0396323530088496
ES417,2015,female,age 0,3.189500388903253e-4
ES417,2015,female,ages 1-79,-0.005288362889125651
ES417,2015,female,ages 80+,-0.037468677087712995
ES417,2015,male,age 0,0
ES417,2015,male,ages 1-79,-0.01713695616630062
ES417,2015,male,ages 80+,0.014732076295865988
ES417,2015,total,age 0,1.8748235732014005e-4
ES417,2015,total,ages 1-79,-0.009345155401121118
ES417,2015,total,ages 80+,-0.015706691183047475
ES417,2016,female,age 0,4.311547863374113e-4
ES417,2016,female,ages 1-79,-0.005711893007868109
ES417,2016,female,ages 80+,0.10943086338979542
ES417,2016,male,age 0,2.9442656498551164e-4
ES417,2016,male,ages 1-79,-0.011569426683764492
ES417,2016,male,ages 80+,0.04078026429784156
ES417,2016,total,age 0,3.475713770178842e-4
ES417,2016,total,ages 1-79,-0.007434114137654595
ES417,2016,total,ages 80+,0.07763169822730659
ES417,2017,female,age 0,0
ES417,2017,female,ages 1-79,0.004016422460784274
ES417,2017,female,ages 80+,0.11918438060319264
ES417,2017,male,age 0,6.377413929536262e-4
ES417,2017,male,ages 1-79,-0.0046515252405967995
ES417,2017,male,ages 80+,0.06868091184204389
ES417,2017,total,age 0,1.2596049909327527e-4
ES417,2017,total,ages 1-79,-2.833910870191532e-4
ES417,2017,total,ages 80+,0.09321718560301864
ES417,2018,female,age 0,0
ES417,2018,female,ages 1-79,-0.005162158653729286
ES417,2018,female,ages 80+,0.15700348214409726
ES417,2018,male,age 0,0
ES417,2018,male,ages 1-79,-0.011458831367387616
ES417,2018,male,ages 80+,0.11128156791790032
ES417,2018,total,age 0,0
ES417,2018,total,ages 1-79,-0.007919134221863858
ES417,2018,total,ages 80+,0.1229479245563062
ES417,2019,female,age 0,1.8081165257767602e-4
ES417,2019,female,ages 1-79,-0.0079711469975239
ES417,2019,female,ages 80+,0.14027734625672383
ES417,2019,male,age 0,0
ES417,2019,male,ages 1-79,-0.003475706949277511
ES417,2019,male,ages 80+,0.04770495908998509
ES417,2019,total,age 0,1.242316793558222e-4
ES417,2019,total,ages 1-79,-0.0053115225228583
ES417,2019,total,ages 80+,0.09854335537016161
ES417,2020,female,age 0,1.5000321194719158e-4
ES417,2020,female,ages 1-79,-0.00215008426837104
ES417,2020,female,ages 80+,-0.04743865039772363
ES417,2020,male,age 0,0
ES417,2020,male,ages 1-79,0.002372616437020027
ES417,2020,male,ages 80+,0.016092883508245812
ES417,2020,total,age 0,2.160757778479589e-4
ES417,2020,total,ages 1-79,3.358826523935008e-4
ES417,2020,total,ages 80+,-0.01341522390482239
ES417,2021,female,age 0,-1.5208816025266084e-4
ES417,2021,female,ages 1-79,0.003454071913052032
ES417,2021,female,ages 80+,0.028191201378635462
ES417,2021,male,age 0,2.9897957674839936e-4
ES417,2021,male,ages 1-79,-0.012121684594415687
ES417,2021,male,ages 80+,0.10660210658769387
ES417,2021,total,age 0,-3.701225444233404e-5
ES417,2021,total,ages 1-79,-0.004097441039734081
ES417,2021,total,ages 80+,0.06502900855632508
ES417,2022,female,age 0,3.511243825360635e-4
ES417,2022,female,ages 1-79,0.0012161614746243996
ES417,2022,female,ages 80+,0.08432714594107517
ES417,2022,male,age 0,3.5289266791380493e-4
ES417,2022,male,ages 1-79,-0.010928049630630543
ES417,2022,male,ages 80+,-0.03401977808478874
ES417,2022,total,age 0,3.5308280427395994e-4
ES417,2022,total,ages 1-79,-0.0048107395358285565
ES417,2022,total,ages 80+,0.030244767194803623
ES417,2023,female,age 0,0
ES417,2023,female,ages 1-79,-0.009249761256180903
ES417,2023,female,ages 80+,0.0941301209148716
ES417,2023,male,age 0,0
ES417,2023,male,ages 1-79,-0.011119390284175083
ES417,2023,male,ages 80+,0.047300586056631455
ES417,2023,total,age 0,3.730349362740526e-14
ES417,2023,total,ages 1-79,-0.00834552343770012
ES417,2023,total,ages 80+,0.07283399639417526
ES417,2024,female,age 0,0
ES417,2024,female,ages 1-79,-0.005614327109268711
ES417,2024,female,ages 80+,0.04202288378512227
ES417,2024,male,age 0,0
ES417,2024,male,ages 1-79,-0.007863723008138167
ES417,2024,male,ages 80+,0.01686767823041891
ES417,2024,total,age 0,2.7977620220553945e-14
ES417,2024,total,ages 1-79,-0.005846180168388425
ES417,2024,total,ages 80+,0.030313738355235306
ES418,2002,female,age 0,-1.7204413918613288e-4
ES418,2002,female,ages 1-79,-0.004358380047225094
ES418,2002,female,ages 80+,-0.04342977226997599
ES418,2002,male,age 0,-1.9446791743711828e-4
ES418,2002,male,ages 1-79,-0.015435902535568181
ES418,2002,male,ages 80+,-0.05465837372653218
ES418,2002,total,age 0,-2.2407645496781188e-4
ES418,2002,total,ages 1-79,-0.008779763159727116
ES418,2002,total,ages 80+,-0.04636995693190779
ES418,2003,female,age 0,-2.415311507782845e-5
ES418,2003,female,ages 1-79,-0.0036238300392027116
ES418,2003,female,ages 80+,-0.022497854529099446
ES418,2003,male,age 0,1.1731894216351015e-4
ES418,2003,male,ages 1-79,-0.015493646287354872
ES418,2003,male,ages 80+,-0.04572896095486515
ES418,2003,total,age 0,6.609737253637291e-5
ES418,2003,total,ages 1-79,-0.00891099936721106
ES418,2003,total,ages 80+,-0.03555430687152575
ES418,2004,female,age 0,1.1826418295129385e-4
ES418,2004,female,ages 1-79,-0.0032775318358062074
ES418,2004,female,ages 80+,-0.039101913442495834
ES418,2004,male,age 0,9.111177442264895e-5
ES418,2004,male,ages 1-79,-0.011974393433962314
ES418,2004,male,ages 80+,-0.047054994530867256
ES418,2004,total,age 0,1.4384231648451097e-4
ES418,2004,total,ages 1-79,-0.006948389295410404
ES418,2004,total,ages 80+,-0.04419296090536304
ES418,2005,female,age 0,-9.673711261638028e-5
ES418,2005,female,ages 1-79,-0.0020897826088936756
ES418,2005,female,ages 80+,-0.0076856236272785546
ES418,2005,male,age 0,8.991692514736827e-5
ES418,2005,male,ages 1-79,-0.0060279724142621015
ES418,2005,male,ages 80+,-0.013619311302400072
ES418,2005,total,age 0,5.5171335616843674e-5
ES418,2005,total,ages 1-79,-0.003410707210722956
ES418,2005,total,ages 80+,-0.009467703102774097
ES418,2006,female,age 0,-1.694016915730598e-4
ES418,2006,female,ages 1-79,-0.003548222399137787
ES418,2006,female,ages 80+,-0.030037397932480676
ES418,2006,male,age 0,-4.922297488482653e-4
ES418,2006,male,ages 1-79,-0.011667797614218
ES418,2006,male,ages 80+,-0.05278957772285843
ES418,2006,total,age 0,-3.1998920041308057e-4
ES418,2006,total,ages 1-79,-0.007172993134774585
ES418,2006,total,ages 80+,-0.041821344439830155
ES418,2007,female,age 0,-6.367572586828185e-4
ES418,2007,female,ages 1-79,-0.005074685804549634
ES418,2007,female,ages 80+,-9.263156179664216e-4
ES418,2007,male,age 0,5.113714114187492e-6
ES418,2007,male,ages 1-79,-0.016540464276877876
ES418,2007,male,ages 80+,-0.03780758313914004
ES418,2007,total,age 0,-3.1779711947534236e-4
ES418,2007,total,ages 1-79,-0.010327795119605725
ES418,2007,total,ages 80+,-0.01834604145887153
ES418,2008,female,age 0,9.866000813735253e-5
ES418,2008,female,ages 1-79,-0.004669842558040831
ES418,2008,female,ages 80+,-0.0024092794729900224
ES418,2008,male,age 0,2.1194287820138706e-4
ES418,2008,male,ages 1-79,-0.008319773509226944
ES418,2008,male,ages 80+,-0.03996331002142
ES418,2008,total,age 0,1.653379155222773e-4
ES418,2008,total,ages 1-79,-0.006364260875827064
ES418,2008,total,ages 80+,-0.02015129377688866
ES418,2009,female,age 0,-3.930974783540987e-4
ES418,2009,female,ages 1-79,-0.006694940347648385
ES418,2009,female,ages 80+,0.012615252173962872
ES418,2009,male,age 0,7.20153638894544e-5
ES418,2009,male,ages 1-79,-0.010574374731390668
ES418,2009,male,ages 80+,-0.021864768598186205
ES418,2009,total,age 0,-1.4266831882914257e-4
ES418,2009,total,ages 1-79,-0.008426361826793599
ES418,2009,total,ages 80+,0.0018506017164899042
ES418,2010,female,age 0,-2.02312092416859e-4
ES418,2010,female,ages 1-79,-0.0030146349438181577
ES418,2010,female,ages 80+,0.022504435838012704
ES418,2010,male,age 0,8.289996196170497e-5
ES418,2010,male,ages 1-79,-0.011719506889245702
ES418,2010,male,ages 80+,-0.011662581582456658
ES418,2010,total,age 0,-7.905771717684601e-5
ES418,2010,total,ages 1-79,-0.0070946500385206494
ES418,2010,total,ages 80+,0.0077203360989943105
ES418,2011,female,age 0,1.4626709730007647e-4
ES418,2011,female,ages 1-79,-0.008681037180075662
ES418,2011,female,ages 80+,-0.0017191319011556003
ES418,2011,male,age 0,-0.00034902056175212264
ES418,2011,male,ages 1-79,-0.011282027056806549
ES418,2011,male,ages 80+,-0.015209133047656764
ES418,2011,total,age 0,-1.5096474569907873e-4
ES418,2011,total,ages 1-79,-0.009523797490725888
ES418,2011,total,ages 80+,-0.008322506689341144
ES418,2012,female,age 0,1.1796718308575962e-4
ES418,2012,female,ages 1-79,3.413402978860256e-4
ES418,2012,female,ages 80+,0.0017263738561105746
ES418,2012,male,age 0,-3.619858227988747e-4
ES418,2012,male,ages 1-79,-0.007843432260309074
ES418,2012,male,ages 80+,-0.0219359708833059
ES418,2012,total,age 0,-1.422734571409517e-4
ES418,2012,total,ages 1-79,-0.003130193003917501
ES418,2012,total,ages 80+,-0.010431400480962093
ES418,2013,female,age 0,-9.268889901058108e-5
ES418,2013,female,ages 1-79,-0.0028139898064480982
ES418,2013,female,ages 80+,0.028033803148960704
ES418,2013,male,age 0,4.5595404407738416e-5
ES418,2013,male,ages 1-79,-0.004376152554357344
ES418,2013,male,ages 80+,-0.009271240584296441
ES418,2013,total,age 0,-1.4463835777896429e-5
ES418,2013,total,ages 1-79,-0.0028826298493728054
ES418,2013,total,ages 80+,0.012568448412206858
ES418,2014,female,age 0,1.2665971605322566e-4
ES418,2014,female,ages 1-79,-0.005328942407716865
ES418,2014,female,ages 80+,0.0471822596406124
ES418,2014,male,age 0,-1.879689507722548e-4
ES418,2014,male,ages 1-79,-0.007948048142324847
ES418,2014,male,ages 80+,-0.009922568940235417
ES418,2014,total,age 0,-5.025558749116808e-5
ES418,2014,total,ages 1-79,-0.006434412389654712
ES418,2014,total,ages 80+,0.023131628470918514
ES418,2015,female,age 0,6.857760674908892e-5
ES418,2015,female,ages 1-79,-0.001269731137070534
ES418,2015,female,ages 80+,-0.036618626901723
ES418,2015,male,age 0,-6.025484237855929e-5
ES418,2015,male,ages 1-79,-0.01262955279828409
ES418,2015,male,ages 80+,-8.213657617738013e-4
ES418,2015,total,age 0,2.070621651583179e-6
ES418,2015,total,ages 1-79,-0.006777120685790093
ES418,2015,total,ages 80+,-0.022483721786683078
ES418,2016,female,age 0,2.1338706155546767e-4
ES418,2016,female,ages 1-79,-0.0038230631661477646
ES418,2016,female,ages 80+,0.05152363844126029
ES418,2016,male,age 0,9.155921612266296e-7
ES418,2016,male,ages 1-79,-0.009036313057407645
ES418,2016,male,ages 80+,0.02386306880612591
ES418,2016,total,age 0,1.0740632818570342e-4
ES418,2016,total,ages 1-79,-0.006156714342767572
ES418,2016,total,ages 80+,0.038873553528258095
ES418,2017,female,age 0,2.9722572245286304e-5
ES418,2017,female,ages 1-79,-0.002388846015081651
ES418,2017,female,ages 80+,0.05888364871281633
ES418,2017,male,age 0,2.0379199836455714e-4
ES418,2017,male,ages 1-79,-0.005116124523509206
ES418,2017,male,ages 80+,0.03396190606756046
ES418,2017,total,age 0,1.160648283197691e-4
ES418,2017,total,ages 1-79,-0.003389589554009041
ES418,2017,total,ages 80+,0.047542405402912526
ES418,2018,female,age 0,-1.9657901590306936e-4
ES418,2018,female,ages 1-79,-0.0038382592834308505
ES418,2018,female,ages 80+,0.06592088785414912
ES418,2018,male,age 0,-2.614098449068048e-4
ES418,2018,male,ages 1-79,-0.011000841639199656
ES418,2018,male,ages 80+,0.011723356821464921
ES418,2018,total,age 0,-2.2485350368009048e-4
ES418,2018,total,ages 1-79,-0.00695612294316585
ES418,2018,total,ages 80+,0.04458950020314867
ES418,2019,female,age 0,2.581055888218596e-4
ES418,2019,female,ages 1-79,-0.0026532315252633795
ES418,2019,female,ages 80+,0.12105362478668186
ES418,2019,male,age 0,1.523515322314771e-4
ES418,2019,male,ages 1-79,-0.011903208168556332
ES418,2019,male,ages 80+,0.02071865237193024
ES418,2019,total,age 0,2.0439533749154153e-4
ES418,2019,total,ages 1-79,-0.007115942795524195
ES418,2019,total,ages 80+,0.08246055873158153
ES418,2020,female,age 0,9.461063245096157e-5
ES418,2020,female,ages 1-79,-0.00404349889250414
ES418,2020,female,ages 80+,-0.015815621869378533
ES418,2020,male,age 0,-1.9707725334440533e-4
ES418,2020,male,ages 1-79,-0.007182190071437125
ES418,2020,male,ages 80+,-0.0013248043132791376
ES418,2020,total,age 0,-4.9947839427920865e-5
ES418,2020,total,ages 1-79,-0.005404277181451902
ES418,2020,total,ages 80+,-0.013134279835534104
ES418,2021,female,age 0,-9.386314681205364e-5
ES418,2021,female,ages 1-79,-5.250307280510833e-4
ES418,2021,female,ages 80+,0.08749638853488395
ES418,2021,male,age 0,-2.7425666374273344e-5
ES418,2021,male,ages 1-79,-0.00393456666621571
ES418,2021,male,ages 80+,0.014638433106586711
ES418,2021,total,age 0,-5.935634753492169e-5
ES418,2021,total,ages 1-79,-0.0021040403183303527
ES418,2021,total,ages 80+,0.051114704059646146
ES418,2022,female,age 0,-4.041468679987621e-4
ES418,2022,female,ages 1-79,-0.006454759789203082
ES418,2022,female,ages 80+,0.04099036223125624
ES418,2022,male,age 0,-2.473460636734417e-4
ES418,2022,male,ages 1-79,-0.013754839455884441
ES418,2022,male,ages 80+,-0.01858995801410833
ES418,2022,total,age 0,-3.285283811115588e-4
ES418,2022,total,ages 1-79,-0.009756118755247203
ES418,2022,total,ages 80+,0.01309532705542734
ES418,2023,female,age 0,-2.4578666792589537e-4
ES418,2023,female,ages 1-79,-0.004456995150317779
ES418,2023,female,ages 80+,0.09159017379920494
ES418,2023,male,age 0,1.2769128513843923e-4
ES418,2023,male,ages 1-79,-0.008931144122339165
ES418,2023,male,ages 80+,0.04979284129703788
ES418,2023,total,age 0,-4.152232704881339e-5
ES418,2023,total,ages 1-79,-0.006210110068997379
ES418,2023,total,ages 80+,0.07201753367348435
ES418,2024,female,age 0,4.920438138496392e-5
ES418,2024,female,ages 1-79,-0.005502653807836322
ES418,2024,female,ages 80+,0.07524034997464306
ES418,2024,male,age 0,-3.766723228775369e-4
ES418,2024,male,ages 1-79,-0.006495204530630079
ES418,2024,male,ages 80+,0.048334828734034246
ES418,2024,total,age 0,-8.801831835911378e-5
ES418,2024,total,ages 1-79,-0.005842594694749755
ES418,2024,total,ages 80+,0.06455540627104767
ES419,2002,female,age 0,-2.231955851654207e-5
ES419,2002,female,ages 1-79,-0.008119268410294464
ES419,2002,female,ages 80+,-0.04349713339434476
ES419,2002,male,age 0,-8.056747665869303e-4
ES419,2002,male,ages 1-79,-0.009306533876706272
ES419,2002,male,ages 80+,0.008417867334811471
ES419,2002,total,age 0,-2.607464245713406e-4
ES419,2002,total,ages 1-79,-0.007629222017829499
ES419,2002,total,ages 80+,-0.01899706610903617
ES419,2003,female,age 0,2.783473967140087e-4
ES419,2003,female,ages 1-79,-0.0031797747752929746
ES419,2003,female,ages 80+,0.010271369732215492
ES419,2003,male,age 0,-3.5286931679719493e-4
ES419,2003,male,ages 1-79,-0.010309094519833688
ES419,2003,male,ages 80+,-0.013375689132973705
ES419,2003,total,age 0,-1.9950232295310973e-4
ES419,2003,total,ages 1-79,-0.005745747109577891
ES419,2003,total,ages 80+,0.005909759748534318
ES419,2004,female,age 0,-4.3487969093502056e-4
ES419,2004,female,ages 1-79,-0.0014288005471845193
ES419,2004,female,ages 80+,0.10151144217799636
ES419,2004,male,age 0,0
ES419,2004,male,ages 1-79,-0.013632492781925165
ES419,2004,male,ages 80+,0.027987510130900034
ES419,2004,total,age 0,-2.471644813020973e-4
ES419,2004,total,ages 1-79,-0.0073200883804894045
ES419,2004,total,ages 80+,0.06963357281357768
ES419,2005,female,age 0,-3.179806214553713e-4
ES419,2005,female,ages 1-79,-0.0041807779315114835
ES419,2005,female,ages 80+,0.007777604956065604
ES419,2005,male,age 0,-5.1102138288599675e-6
ES419,2005,male,ages 1-79,-0.013235747439042753
ES419,2005,male,ages 80+,-0.006312494223641631
ES419,2005,total,age 0,-1.6081981328719836e-4
ES419,2005,total,ages 1-79,-0.008293172240829672
ES419,2005,total,ages 80+,0.0015928514846129584
ES419,2006,female,age 0,4.267820954015727e-4
ES419,2006,female,ages 1-79,-0.0039701569631723395
ES419,2006,female,ages 80+,0.1336992906261585
ES419,2006,male,age 0,-0.001411574512608121
ES419,2006,male,ages 1-79,-0.005838418712476391
ES419,2006,male,ages 80+,-0.0017179644678074271
ES419,2006,total,age 0,-5.201577251904301e-4
ES419,2006,total,ages 1-79,-0.0038955335413910865
ES419,2006,total,ages 80+,0.06945607321343653
ES419,2007,female,age 0,2.4577172807786117e-4
ES419,2007,female,ages 1-79,-0.004056191136112346
ES419,2007,female,ages 80+,0.055438476185004575
ES419,2007,male,age 0,-3.046582395542136e-4
ES419,2007,male,ages 1-79,-0.010497808036554486
ES419,2007,male,ages 80+,0.0256639459687258
ES419,2007,total,age 0,-9.41392774432935e-5
ES419,2007,total,ages 1-79,-0.006738073737655476
ES419,2007,total,ages 80+,0.036595549669552876
ES419,2008,female,age 0,2.1108192641113198e-4
ES419,2008,female,ages 1-79,-0.00279587384448344
ES419,2008,female,ages 80+,0.04588520371717811
ES419,2008,male,age 0,1.410560781364323e-4
ES419,2008,male,ages 1-79,-0.00504554850278003
ES419,2008,male,ages 80+,0.03220972103752048
ES419,2008,total,age 0,1.930297541664702e-4
ES419,2008,total,ages 1-79,-0.003070607355776167
ES419,2008,total,ages 80+,0.04104403950057604
ES419,2009,female,age 0,5.446706590412346e-5
ES419,2009,female,ages 1-79,-0.004276306603195706
ES419,2009,female,ages 80+,0.03209395855407133
ES419,2009,male,age 0,0
ES419,2009,male,ages 1-79,-0.010093706774729701
ES419,2009,male,ages 80+,-0.009722842453018082
ES419,2009,total,age 0,9.120919105174723e-5
ES419,2009,total,ages 1-79,-0.005319421877710535
ES419,2009,total,ages 80+,0.013396716663719568
ES419,2010,female,age 0,0
ES419,2010,female,ages 1-79,-0.004082109584814998
ES419,2010,female,ages 80+,0.10036931712436248
ES419,2010,male,age 0,-0.0012096503453594535
ES419,2010,male,ages 1-79,-0.013743691087247507
ES419,2010,male,ages 80+,-0.03931251813086571
ES419,2010,total,age 0,-6.745706050698565e-4
ES419,2010,total,ages 1-79,-0.008781945327570808
ES419,2010,total,ages 80+,0.03114181153516176
ES419,2011,female,age 0,0
ES419,2011,female,ages 1-79,-0.009388195313409693
ES419,2011,female,ages 80+,0.05621803991003682
ES419,2011,male,age 0,3.350943721483748e-4
ES419,2011,male,ages 1-79,-0.00875457766304029
ES419,2011,male,ages 80+,-0.026697447004777358
ES419,2011,total,age 0,2.0934352229121168e-4
ES419,2011,total,ages 1-79,-0.008803235340085695
ES419,2011,total,ages 80+,0.017040507723045863
ES419,2012,female,age 0,0
ES419,2012,female,ages 1-79,-0.004481580060633777
ES419,2012,female,ages 80+,0.038722749865268045
ES419,2012,male,age 0,2.425572123222985e-4
ES419,2012,male,ages 1-79,-0.012546496214955263
ES419,2012,male,ages 80+,0.018079904949500705
ES419,2012,total,age 0,1.2157314967976732e-4
ES419,2012,total,ages 1-79,-0.00782061146822927
ES419,2012,total,ages 80+,0.02525663303021889
ES419,2013,female,age 0,3.4737649903327026e-4
ES419,2013,female,ages 1-79,-0.007891361256030016
ES419,2013,female,ages 80+,0.048088991463061406
ES419,2013,male,age 0,0
ES419,2013,male,ages 1-79,-0.004644425890772585
ES419,2013,male,ages 80+,-0.0017083845181836317
ES419,2013,total,age 0,2.1389270654681002e-4
ES419,2013,total,ages 1-79,-0.005515338159056887
ES419,2013,total,ages 80+,0.02207509484406034
ES419,2014,female,age 0,0.00035646214989223343
ES419,2014,female,ages 1-79,-0.007882654028688096
ES419,2014,female,ages 80+,0.021042638351537225
ES419,2014,male,age 0,2.7100243633740686e-4
ES419,2014,male,ages 1-79,-0.01501415271869873
ES419,2014,male,ages 80+,0.004116151772838441
ES419,2014,total,age 0,3.2728328965389044e-4
ES419,2014,total,ages 1-79,-0.010988479608722502
ES419,2014,total,ages 80+,0.010774095531047318
ES419,2015,female,age 0,0
ES419,2015,female,ages 1-79,-0.004366329637836315
ES419,2015,female,ages 80+,-0.05698653622534369
ES419,2015,male,age 0,0
ES419,2015,male,ages 1-79,-0.0044416380386148105
ES419,2015,male,ages 80+,0.010722724588122238
ES419,2015,total,age 0,0
ES419,2015,total,ages 1-79,-0.0037828078315424096
ES419,2015,total,ages 80+,-0.026866382443402132
ES419,2016,female,age 0,0
ES419,2016,female,ages 1-79,-0.004087832563986978
ES419,2016,female,ages 80+,0.012364221136178868
ES419,2016,male,age 0,3.240181155066659e-4
ES419,2016,male,ages 1-79,-0.014697993977955888
ES419,2016,male,ages 80+,0.022720759240359923
ES419,2016,total,age 0,2.1346352104190726e-4
ES419,2016,total,ages 1-79,-0.010110726066608594
ES419,2016,total,ages 80+,0.016070257426166846
ES419,2017,female,age 0,-6.585781227609218e-4
ES419,2017,female,ages 1-79,7.750931561565921e-4
ES419,2017,female,ages 80+,0.050637752188921664
ES419,2017,male,age 0,-2.817222236378586e-5
ES419,2017,male,ages 1-79,-0.01013802918942398
ES419,2017,male,ages 80+,-9.547200185674592e-4
ES419,2017,total,age 0,-2.589331346906042e-4
ES419,2017,total,ages 1-79,-0.004097234533910688
ES419,2017,total,ages 80+,0.029719152223127963
ES419,2018,female,age 0,-8.080216578469938e-7
ES419,2018,female,ages 1-79,-0.004371635818796987
ES419,2018,female,ages 80+,0.11225451635983134
ES419,2018,male,age 0,3.4850000004344606e-4
ES419,2018,male,ages 1-79,-0.005620054840616151
ES419,2018,male,ages 80+,0.04585384971546573
ES419,2018,total,age 0,1.8988857332716993e-4
ES419,2018,total,ages 1-79,-0.0047913111018444525
ES419,2018,total,ages 80+,0.0814416615619821
ES419,2019,female,age 0,-9.203519866530152e-5
ES419,2019,female,ages 1-79,-0.0044253126794250395
ES419,2019,female,ages 80+,0.057029045407668864
ES419,2019,male,age 0,0
ES419,2019,male,ages 1-79,-0.012084157566223684
ES419,2019,male,ages 80+,0.08424598040207665
ES419,2019,total,age 0,2.2611680915033644e-4
ES419,2019,total,ages 1-79,-0.008681515757121512
ES419,2019,total,ages 80+,0.06466625049432885
ES419,2020,female,age 0,0
ES419,2020,female,ages 1-79,-0.0021846822254830423
ES419,2020,female,ages 80+,-0.035793857406030874
ES419,2020,male,age 0,0
ES419,2020,male,ages 1-79,-0.011790726453289154
ES419,2020,male,ages 80+,-9.376048774382348e-4
ES419,2020,total,age 0,0
ES419,2020,total,ages 1-79,-0.006586507763959024
ES419,2020,total,ages 80+,-0.019114301477045244
ES419,2021,female,age 0,2.965621152433307e-4
ES419,2021,female,ages 1-79,-0.005415402550510245
ES419,2021,female,ages 80+,0.02703663307595016
ES419,2021,male,age 0,0
ES419,2021,male,ages 1-79,-0.007593929714537682
ES419,2021,male,ages 80+,0.010152960543245791
ES419,2021,total,age 0,1.6560003333306668e-4
ES419,2021,total,ages 1-79,-0.005690949766996061
ES419,2021,total,ages 80+,0.01931326314835135
ES419,2022,female,age 0,0
ES419,2022,female,ages 1-79,-9.932581759130076e-4
ES419,2022,female,ages 80+,0.03382794779180501
ES419,2022,male,age 0,0
ES419,2022,male,ages 1-79,-0.009896089019867726
ES419,2022,male,ages 80+,-0.009228092245559493
ES419,2022,total,age 0,0
ES419,2022,total,ages 1-79,-0.005388242798202981
ES419,2022,total,ages 80+,0.012262834398426382
ES419,2023,female,age 0,0
ES419,2023,female,ages 1-79,-0.007871543723681606
ES419,2023,female,ages 80+,0.05783828537419555
ES419,2023,male,age 0,0
ES419,2023,male,ages 1-79,-0.005793882636338454
ES419,2023,male,ages 80+,0.030354922207810393
ES419,2023,total,age 0,0
ES419,2023,total,ages 1-79,-0.005810072233002074
ES419,2023,total,ages 80+,0.0466444248946345
ES419,2024,female,age 0,0
ES419,2024,female,ages 1-79,-0.0019580275637217136
ES419,2024,female,ages 80+,0.09639923763258226
ES419,2024,male,age 0,0
ES419,2024,male,ages 1-79,-0.016390208554321987
ES419,2024,male,ages 80+,0.00582399133569373
ES419,2024,total,age 0,-9.325873406851315e-15
ES419,2024,total,ages 1-79,-0.009068864982214715
ES419,2024,total,ages 80+,0.05123551948774928
ES421,2002,female,age 0,8.835455567394655e-5
ES421,2002,female,ages 1-79,-0.0045877627986409646
ES421,2002,female,ages 80+,0.030251028375059864
ES421,2002,male,age 0,8.608375129213179e-5
ES421,2002,male,ages 1-79,-0.006441353382841246
ES421,2002,male,ages 80+,-0.04012787313454638
ES421,2002,total,age 0,8.742201424473848e-5
ES421,2002,total,ages 1-79,-0.00468115222133007
ES421,2002,total,ages 80+,-0.0028088223877072924
ES421,2003,female,age 0,-8.441181898915064e-5
ES421,2003,female,ages 1-79,-0.009945709045498847
ES421,2003,female,ages 80+,-0.014323205855583658
ES421,2003,male,age 0,7.510563505704114e-5
ES421,2003,male,ages 1-79,-0.02045937975944421
ES421,2003,male,ages 80+,-0.001557498339725072
ES421,2003,total,age 0,7.579605912878156e-6
ES421,2003,total,ages 1-79,-0.014569453695579635
ES421,2003,total,ages 80+,-0.007681378440944402
ES421,2004,female,age 0,2.1622953413734424e-4
ES421,2004,female,ages 1-79,-0.0075551364313383145
ES421,2004,female,ages 80+,-0.01809720254844683
ES421,2004,male,age 0,1.4827396187418293e-4
ES421,2004,male,ages 1-79,-0.015123457995637597
ES421,2004,male,ages 80+,-0.059978010235429285
ES421,2004,total,age 0,1.2724560905416036e-4
ES421,2004,total,ages 1-79,-0.011140199977776943
ES421,2004,total,ages 80+,-0.035173128399691486
ES421,2005,female,age 0,-2.927401849477423e-4
ES421,2005,female,ages 1-79,-0.003102088846705363
ES421,2005,female,ages 80+,-0.03549658404001681
ES421,2005,male,age 0,-1.3086757859838888e-4
ES421,2005,male,ages 1-79,-0.010991199860188068
ES421,2005,male,ages 80+,-0.02603673324870534
ES421,2005,total,age 0,-1.7143419047320702e-4
ES421,2005,total,ages 1-79,-0.007099519439777632
ES421,2005,total,ages 80+,-0.03336644111260287
ES421,2006,female,age 0,1.2307838871081288e-4
ES421,2006,female,ages 1-79,-0.00617789355841696
ES421,2006,female,ages 80+,-0.062092237906546784
ES421,2006,male,age 0,1.711228284668677e-4
ES421,2006,male,ages 1-79,-0.006257681559448064
ES421,2006,male,ages 80+,-0.029078186669028193
ES421,2006,total,age 0,1.4351355191134942e-4
ES421,2006,total,ages 1-79,-0.005861745163569961
ES421,2006,total,ages 80+,-0.047746247357672675
ES421,2007,female,age 0,2.2919491596323164e-4
ES421,2007,female,ages 1-79,-7.51860884205262e-4
ES421,2007,female,ages 80+,-0.013769384183268589
ES421,2007,male,age 0,1.0832334894814792e-4
ES421,2007,male,ages 1-79,-0.01055366894150281
ES421,2007,male,ages 80+,-0.011125436071326305
ES421,2007,total,age 0,1.9730441733982744e-4
ES421,2007,total,ages 1-79,-0.005143724041162586
ES421,2007,total,ages 80+,-0.01057424494182352
ES421,2008,female,age 0,-7.872969462296117e-5
ES421,2008,female,ages 1-79,-0.007007833923765826
ES421,2008,female,ages 80+,0.005018660501190021
ES421,2008,male,age 0,-3.391721392287485e-5
ES421,2008,male,ages 1-79,-0.00953730099322467
ES421,2008,male,ages 80+,0.010278038846508582
ES421,2008,total,age 0,-5.352262525930232e-5
ES421,2008,total,ages 1-79,-0.007849725461774771
ES421,2008,total,ages 80+,0.00780388362681176
ES421,2009,female,age 0,2.304121347578026e-5
ES421,2009,female,ages 1-79,-0.005332599771403844
ES421,2009,female,ages 80+,0.0022942770271430508
ES421,2009,male,age 0,6.402364810727375e-5
ES421,2009,male,ages 1-79,-0.011660107404566473
ES421,2009,male,ages 80+,-0.017670801082767744
ES421,2009,total,age 0,5.212904909503346e-5
ES421,2009,total,ages 1-79,-0.007631916709187734
ES421,2009,total,ages 80+,-0.008697920620616117
ES421,2010,female,age 0,5.045659433706125e-5
ES421,2010,female,ages 1-79,-0.006585790625311134
ES421,2010,female,ages 80+,-0.0074848264980637985
ES421,2010,male,age 0,6.24893548710481e-5
ES421,2010,male,ages 1-79,-0.010216908333775466
ES421,2010,male,ages 80+,-0.0376596020807504
ES421,2010,total,age 0,4.742426854948452e-5
ES421,2010,total,ages 1-79,-0.007978648770427357
ES421,2010,total,ages 80+,-0.02505144657315572
ES421,2011,female,age 0,-9.577036238734279e-5
ES421,2011,female,ages 1-79,-0.007064347461097467
ES421,2011,female,ages 80+,0.06048954131411666
ES421,2011,male,age 0,-3.595404180833068e-4
ES421,2011,male,ages 1-79,-0.01316469012868739
ES421,2011,male,ages 80+,-0.027046251234835915
ES421,2011,total,age 0,-2.3371075953904224e-4
ES421,2011,total,ages 1-79,-0.009418878870673924
ES421,2011,total,ages 80+,0.021933996952060924
ES421,2012,female,age 0,4.361043508956067e-5
ES421,2012,female,ages 1-79,-0.0037970528208226416
ES421,2012,female,ages 80+,-0.0447919074054641
ES421,2012,male,age 0,-8.657177436355084e-5
ES421,2012,male,ages 1-79,-0.009110529836941017
ES421,2012,male,ages 80+,-0.027769548171110346
ES421,2012,total,age 0,-2.2295087747555914e-5
ES421,2012,total,ages 1-79,-0.0062401748822310385
ES421,2012,total,ages 80+,-0.03767664370318043
ES421,2013,female,age 0,2.2741479751129838e-4
ES421,2013,female,ages 1-79,-0.004566140648742677
ES421,2013,female,ages 80+,0.04892709922900239
ES421,2013,male,age 0,1.0728602488650917e-4
ES421,2013,male,ages 1-79,-0.012665196240244115
ES421,2013,male,ages 80+,-0.01884735263213759
ES421,2013,total,age 0,1.6715800879341312e-4
ES421,2013,total,ages 1-79,-0.007977080806531483
ES421,2013,total,ages 80+,0.01709485626685657
ES421,2014,female,age 0,-4.0312936726089217e-4
ES421,2014,female,ages 1-79,1.9469947385445047e-4
ES421,2014,female,ages 80+,-0.005348180746400727
ES421,2014,male,age 0,1.0173372307199946e-4
ES421,2014,male,ages 1-79,-0.013121418050154328
ES421,2014,male,ages 80+,-0.010104641759643391
ES421,2014,total,age 0,-1.4435561303469891e-4
ES421,2014,total,ages 1-79,-0.00595681576196598
ES421,2014,total,ages 80+,-0.006590732445409525
ES421,2015,female,age 0,2.574941056421005e-4
ES421,2015,female,ages 1-79,-0.006805759821833901
ES421,2015,female,ages 80+,0.014821709915437542
ES421,2015,male,age 0,1.2749280420068477e-4
ES421,2015,male,ages 1-79,-0.01437225237707471
ES421,2015,male,ages 80+,0.002725917455663561
ES421,2015,total,age 0,2.0287302704395194e-4
ES421,2015,total,ages 1-79,-0.010261641936162788
ES421,2015,total,ages 80+,0.00862255713625827
ES421,2016,female,age 0,7.446396102923026e-5
ES421,2016,female,ages 1-79,-0.006423067617302273
ES421,2016,female,ages 80+,-0.011245928474829296
ES421,2016,male,age 0,1.3053577492161376e-4
ES421,2016,male,ages 1-79,-0.015442617616031804
ES421,2016,male,ages 80+,0.05696361749069903
ES421,2016,total,age 0,1.0438363516448758e-4
ES421,2016,total,ages 1-79,-0.01074959918677695
ES421,2016,total,ages 80+,0.012210686463287948
ES421,2017,female,age 0,2.9242247944447465e-4
ES421,2017,female,ages 1-79,-0.0026278086578048372
ES421,2017,female,ages 80+,-0.028943894182615525
ES421,2017,male,age 0,1.2436580595084955e-4
ES421,2017,male,ages 1-79,-0.006762790313815244
ES421,2017,male,ages 80+,0.011505292004703644
ES421,2017,total,age 0,2.0516841896740264e-4
ES421,2017,total,ages 1-79,-0.004257109655093011
ES421,2017,total,ages 80+,-0.014695569326385393
ES421,2018,female,age 0,-2.4108481337898873e-4
ES421,2018,female,ages 1-79,2.8038740379965755e-5
ES421,2018,female,ages 80+,0.07719938534285847
ES421,2018,male,age 0,1.304741671147166e-4
ES421,2018,male,ages 1-79,-0.007690067524229882
ES421,2018,male,ages 80+,0.03781295270316015
ES421,2018,total,age 0,-5.5707611361513945e-5
ES421,2018,total,ages 1-79,-0.003023558149767418
ES421,2018,total,ages 80+,0.058106440248940454
ES421,2019,female,age 0,-1.674013906210197e-4
ES421,2019,female,ages 1-79,-0.007373576403132736
ES421,2019,female,ages 80+,0.02097609115541864
ES421,2019,male,age 0,-3.7790217444887706e-4
ES421,2019,male,ages 1-79,-0.012896412229457088
ES421,2019,male,ages 80+,0.0171133838534598
ES421,2019,total,age 0,-2.4364741922599316e-4
ES421,2019,total,ages 1-79,-0.009574125712259945
ES421,2019,total,ages 80+,0.016909250255079958
ES421,2020,female,age 0,1.007104738914435e-4
ES421,2020,female,ages 1-79,-0.0032562936693885753
ES421,2020,female,ages 80+,-0.032690875976943555
ES421,2020,male,age 0,9.771954647990952e-5
ES421,2020,male,ages 1-79,-0.007302705518885828
ES421,2020,male,ages 80+,0.017457954872009608
ES421,2020,total,age 0,8.718395816809011e-5
ES421,2020,total,ages 1-79,-0.005045511343244424
ES421,2020,total,ages 80+,-0.007296587252671809
ES421,2021,female,age 0,3.0797598297701493e-4
ES421,2021,female,ages 1-79,-0.0037563075607552135
ES421,2021,female,ages 80+,0.0318727875214278
ES421,2021,male,age 0,3.133221977924735e-4
ES421,2021,male,ages 1-79,-0.010832331090410867
ES421,2021,male,ages 80+,0.0028968471281148322
ES421,2021,total,age 0,3.082702009096572e-4
ES421,2021,total,ages 1-79,-0.00724231914982804
ES421,2021,total,ages 80+,0.018606856616870518
ES421,2022,female,age 0,-6.001775190820008e-4
ES421,2022,female,ages 1-79,-0.0062500403030457
ES421,2022,female,ages 80+,-0.013207020103981226
ES421,2022,male,age 0,1.3569442512637733e-4
ES421,2022,male,ages 1-79,-0.015187608767078038
ES421,2022,male,ages 80+,-0.022014279241245903
ES421,2022,total,age 0,-2.1539426083101392e-4
ES421,2022,total,ages 1-79,-0.010472301735668266
ES421,2022,total,ages 80+,-0.015061195458378435
ES421,2023,female,age 0,1.771373750634147e-4
ES421,2023,female,ages 1-79,-0.00396843263173033
ES421,2023,female,ages 80+,0.027385635531988507
ES421,2023,male,age 0,1.8483844590948533e-4
ES421,2023,male,ages 1-79,-0.004120871242320727
ES421,2023,male,ages 80+,0.01994503780055962
ES421,2023,total,age 0,2.1471828465393345e-4
ES421,2023,total,ages 1-79,-0.00332098815818091
ES421,2023,total,ages 80+,0.024234753364797416
ES421,2024,female,age 0,2.0417511812411478e-4
ES421,2024,female,ages 1-79,-0.0015412467298956444
ES421,2024,female,ages 80+,0.027583533676680292
ES421,2024,male,age 0,3.7226832898657684e-4
ES421,2024,male,ages 1-79,-0.007481686543210528
ES421,2024,male,ages 80+,0.006774101288531807
ES421,2024,total,age 0,2.9638174558684706e-4
ES421,2024,total,ages 1-79,-0.004115192301143219
ES421,2024,total,ages 80+,0.015342688727650444
ES422,2002,female,age 0,-1.3577299633272643e-4
ES422,2002,female,ages 1-79,-0.0036736990129890255
ES422,2002,female,ages 80+,-0.06430990459342197
ES422,2002,male,age 0,-4.1516864624642296e-4
ES422,2002,male,ages 1-79,-0.017820166782740017
ES422,2002,male,ages 80+,0.01187035151242479
ES422,2002,total,age 0,-2.7954644657031e-4
ES422,2002,total,ages 1-79,-0.010764048144126546
ES422,2002,total,ages 80+,-0.029922982429144516
ES422,2003,female,age 0,1.1163161554520385e-4
ES422,2003,female,ages 1-79,-0.009281366452492598
ES422,2003,female,ages 80+,-0.04119379951332716
ES422,2003,male,age 0,1.7839877242840067e-4
ES422,2003,male,ages 1-79,-0.01724359635035323
ES422,2003,male,ages 80+,-0.033856803925819585
ES422,2003,total,age 0,1.491461051682457e-4
ES422,2003,total,ages 1-79,-0.012690597838496177
ES422,2003,total,ages 80+,-0.037050320256454015
ES422,2004,female,age 0,-1.296719848841483e-4
ES422,2004,female,ages 1-79,-0.004839201601759084
ES422,2004,female,ages 80+,7.512813451907921e-4
ES422,2004,male,age 0,-4.2303821199702815e-4
ES422,2004,male,ages 1-79,-0.012732688619634929
ES422,2004,male,ages 80+,-0.013012064656426965
ES422,2004,total,age 0,-2.9619206761115753e-4
ES422,2004,total,ages 1-79,-0.00837338694993546
ES422,2004,total,ages 80+,-0.008653794819355014
ES422,2005,female,age 0,-2.9754580017715985e-4
ES422,2005,female,ages 1-79,-0.002446822524028831
ES422,2005,female,ages 80+,-0.030507583459492546
ES422,2005,male,age 0,-4.3399903997710015e-4
ES422,2005,male,ages 1-79,-0.00770459332577007
ES422,2005,male,ages 80+,0.0012871732489958911
ES422,2005,total,age 0,-3.4448185286778323e-4
ES422,2005,total,ages 1-79,-0.00484744150159231
ES422,2005,total,ages 80+,-0.01865244817636308
ES422,2006,female,age 0,1.123288979516898e-4
ES422,2006,female,ages 1-79,-0.004318507489301583
ES422,2006,female,ages 80+,-0.019370092868339715
ES422,2006,male,age 0,8.008097821532457e-6
ES422,2006,male,ages 1-79,-0.016595874334675242
ES422,2006,male,ages 80+,-0.04374852424901169
ES422,2006,total,age 0,8.187311606505022e-5
ES422,2006,total,ages 1-79,-0.010380219760281448
ES422,2006,total,ages 80+,-0.028162460420145634
ES422,2007,female,age 0,-5.401403721625015e-5
ES422,2007,female,ages 1-79,-0.007723993939085088
ES422,2007,female,ages 80+,0.007647560662219718
ES422,2007,male,age 0,1.0778361392631284e-4
ES422,2007,male,ages 1-79,-0.014189885168398602
ES422,2007,male,ages 80+,-0.054146428491348986
ES422,2007,total,age 0,-9.557799219277825e-6
ES422,2007,total,ages 1-79,-0.010215768021139498
ES422,2007,total,ages 80+,-0.016748139994958028
ES422,2008,female,age 0,2.296956887422888e-4
ES422,2008,female,ages 1-79,-0.007408075903113851
ES422,2008,female,ages 80+,-0.06614150137622783
ES422,2008,male,age 0,-4.3188397700912203e-4
ES422,2008,male,ages 1-79,-0.01312056454322634
ES422,2008,male,ages 80+,-0.03301915466792906
ES422,2008,total,age 0,-1.2845188898611532e-4
ES422,2008,total,ages 1-79,-0.00992741356812452
ES422,2008,total,ages 80+,-0.0503159228418692
ES422,2009,female,age 0,7.821828221809552e-5
ES422,2009,female,ages 1-79,1.5588018429983674e-4
ES422,2009,female,ages 80+,-0.05228360001287975
ES422,2009,male,age 0,1.7122521547071614e-4
ES422,2009,male,ages 1-79,-0.011640084619680536
ES422,2009,male,ages 80+,0.004340876625576407
ES422,2009,total,age 0,1.2615953068390972e-4
ES422,2009,total,ages 1-79,-0.00521301093319318
ES422,2009,total,ages 80+,-0.027211396149909996
ES422,2010,female,age 0,-1.251382987731979e-5
ES422,2010,female,ages 1-79,-0.0040388884036068485
ES422,2010,female,ages 80+,0.03195304538477038
ES422,2010,male,age 0,-2.3028909945522336e-4
ES422,2010,male,ages 1-79,-0.010154415157725374
ES422,2010,male,ages 80+,-0.020315309866959796
ES422,2010,total,age 0,-1.2392278109573616e-4
ES422,2010,total,ages 1-79,-0.006383452298893977
ES422,2010,total,ages 80+,0.006370688938742132
ES422,2011,female,age 0,-7.121322530528841e-5
ES422,2011,female,ages 1-79,-0.004152647237619487
ES422,2011,female,ages 80+,8.06727696979273e-5
ES422,2011,male,age 0,-1.9375129505304467e-4
ES422,2011,male,ages 1-79,-0.015027217633823482
ES422,2011,male,ages 80+,-0.021085173137336682
ES422,2011,total,age 0,-1.4810989259129713e-4
ES422,2011,total,ages 1-79,-0.008971222079505244
ES422,2011,total,ages 80+,-0.00812657754332457
ES422,2012,female,age 0,2.055883303298248e-5
ES422,2012,female,ages 1-79,-0.01051882092336981
ES422,2012,female,ages 80+,0.011322397405605849
ES422,2012,male,age 0,2.0377569299810997e-4
ES422,2012,male,ages 1-79,-0.010741510004385835
ES422,2012,male,ages 80+,0.007508737395466945
ES422,2012,total,age 0,9.441559510730485e-5
ES422,2012,total,ages 1-79,-0.009952723654813117
ES422,2012,total,ages 80+,0.009630893905880199
ES422,2013,female,age 0,1.619940359788274e-4
ES422,2013,female,ages 1-79,-0.0061982165357329705
ES422,2013,female,ages 80+,0.01698752503393164
ES422,2013,male,age 0,2.7753746282355354e-5
ES422,2013,male,ages 1-79,-0.011401578654207996
ES422,2013,male,ages 80+,-0.03201699595924429
ES422,2013,total,age 0,8.841889553457117e-5
ES422,2013,total,ages 1-79,-0.007784170361722586
ES422,2013,total,ages 80+,-0.0037504561312637456
ES422,2014,female,age 0,4.760785219849982e-5
ES422,2014,female,ages 1-79,-0.0055653020811452176
ES422,2014,female,ages 80+,-0.041000119387317846
ES422,2014,male,age 0,-4.079388402909774e-4
ES422,2014,male,ages 1-79,-0.008040676203892533
ES422,2014,male,ages 80+,0.002511933126025094
ES422,2014,total,age 0,-1.8475014828857122e-4
ES422,2014,total,ages 1-79,-0.006109080375463972
ES422,2014,total,ages 80+,-0.02458716948103995
ES422,2015,female,age 0,3.098259075696763e-5
ES422,2015,female,ages 1-79,-0.007891064202300742
ES422,2015,female,ages 80+,-0.022522865392412286
ES422,2015,male,age 0,-2.1213326220801323e-4
ES422,2015,male,ages 1-79,-0.007199258633550696
ES422,2015,male,ages 80+,-0.005847229139608282
ES422,2015,total,age 0,-9.999015668281487e-5
ES422,2015,total,ages 1-79,-0.006353019591017159
ES422,2015,total,ages 80+,-0.014942708041716341
ES422,2016,female,age 0,2.87403041473882e-4
ES422,2016,female,ages 1-79,-0.0073372796429954975
ES422,2016,female,ages 80+,0.026745717976458284
ES422,2016,male,age 0,1.2141990156757381e-4
ES422,2016,male,ages 1-79,-0.01702647808380687
ES422,2016,male,ages 80+,0.025601327466493417
ES422,2016,total,age 0,2.117762809981593e-4
ES422,2016,total,ages 1-79,-0.011148694318538151
ES422,2016,total,ages 80+,0.024721683605318553
ES422,2017,female,age 0,1.9609256088458339e-4
ES422,2017,female,ages 1-79,-0.003560196661438406
ES422,2017,female,ages 80+,-0.001298441201044144
ES422,2017,male,age 0,-2.8420939585431764e-4
ES422,2017,male,ages 1-79,-0.009752965240621584
ES422,2017,male,ages 80+,0.028886386085519362
ES422,2017,total,age 0,-4.625152421716073e-5
ES422,2017,total,ages 1-79,-0.006052223007942667
ES422,2017,total,ages 80+,0.010768683237524466
ES422,2018,female,age 0,2.414716842824408e-4
ES422,2018,female,ages 1-79,-0.005538068591779318
ES422,2018,female,ages 80+,0.011898137483589796
ES422,2018,male,age 0,-1.742289381322346e-5
ES422,2018,male,ages 1-79,-0.009342307410689466
ES422,2018,male,ages 80+,0.07992167064154057
ES422,2018,total,age 0,1.2027729213777083e-4
ES422,2018,total,ages 1-79,-0.006935291149515297
ES422,2018,total,ages 80+,0.034470333287386655
ES422,2019,female,age 0,3.551028961142476e-5
ES422,2019,female,ages 1-79,-0.0038130809227803187
ES422,2019,female,ages 80+,0.04162305130500759
ES422,2019,male,age 0,1.6943674133177686e-4
ES422,2019,male,ages 1-79,-0.010342773812888126
ES422,2019,male,ages 80+,0.06397894690962466
ES422,2019,total,age 0,1.2322557262061255e-4
ES422,2019,total,ages 1-79,-0.006858593678578783
ES422,2019,total,ages 80+,0.05229857876030311
ES422,2020,female,age 0,5.074263803219699e-6
ES422,2020,female,ages 1-79,-0.005711915950476619
ES422,2020,female,ages 80+,-0.008569439459380877
ES422,2020,male,age 0,-1.4942497865524788e-4
ES422,2020,male,ages 1-79,-0.007074186891823531
ES422,2020,male,ages 80+,-0.007547235837240815
ES422,2020,total,age 0,-6.045343228009319e-5
ES422,2020,total,ages 1-79,-0.006090843952055006
ES422,2020,total,ages 80+,-0.00861590511407185
ES422,2021,female,age 0,7.94195081785055e-5
ES422,2021,female,ages 1-79,-0.00109675017156216
ES422,2021,female,ages 80+,0.022298226480086093
ES422,2021,male,age 0,7.016823357170534e-5
ES422,2021,male,ages 1-79,-0.008956696882896912
ES422,2021,male,ages 80+,0.038390455014614626
ES422,2021,total,age 0,6.589767723811034e-5
ES422,2021,total,ages 1-79,-0.004290590120487521
ES422,2021,total,ages 80+,0.030168693387354957
ES422,2022,female,age 0,1.5516927135830953e-4
ES422,2022,female,ages 1-79,-0.005762453892623537
ES422,2022,female,ages 80+,-0.04153416009136997
ES422,2022,male,age 0,6.048972918390913e-5
ES422,2022,male,ages 1-79,-0.009974790944633586
ES422,2022,male,ages 80+,0.002749608520402229
ES422,2022,total,age 0,1.0859303165530434e-4
ES422,2022,total,ages 1-79,-0.007686324904057615
ES422,2022,total,ages 80+,-0.017652132167325734
ES422,2023,female,age 0,1.902718863327395e-4
ES422,2023,female,ages 1-79,-0.0053872530962915735
ES422,2023,female,ages 80+,0.044315824032814435
ES422,2023,male,age 0,6.204754053030408e-5
ES422,2023,male,ages 1-79,-0.008837107076216037
ES422,2023,male,ages 80+,0.014132984692692238
ES422,2023,total,age 0,1.3628953040433528e-4
ES422,2023,total,ages 1-79,-0.0066578383001469395
ES422,2023,total,ages 80+,0.029947833019588695
ES422,2024,female,age 0,2.091689202954597e-4
ES422,2024,female,ages 1-79,-0.002645740854654954
ES422,2024,female,ages 80+,0.027335586043587143
ES422,2024,male,age 0,3.0252074899447763e-5
ES422,2024,male,ages 1-79,-0.013332755674734034
ES422,2024,male,ages 80+,0.006320915081716748
ES422,2024,total,age 0,1.28132228136236e-4
ES422,2024,total,ages 1-79,-0.007707249724540583
ES422,2024,total,ages 80+,0.016041073101254917
ES423,2002,female,age 0,3.3180982949753985e-4
ES423,2002,female,ages 1-79,-0.005681892936671498
ES423,2002,female,ages 80+,0.029272087965511
ES423,2002,male,age 0,1.5761811099622788e-4
ES423,2002,male,ages 1-79,-0.007909546912585275
ES423,2002,male,ages 80+,-0.007336261389639848
ES423,2002,total,age 0,2.1722427225997083e-4
ES423,2002,total,ages 1-79,-0.006222218157669843
ES423,2002,total,ages 80+,0.012434424058225566
ES423,2003,female,age 0,1.1297962303473623e-4
ES423,2003,female,ages 1-79,-0.005901452609011789
ES423,2003,female,ages 80+,-0.024104486619869574
ES423,2003,male,age 0,-1.6584597596670044e-4
ES423,2003,male,ages 1-79,-0.0113788956391335
ES423,2003,male,ages 80+,-0.003280041991335452
ES423,2003,total,age 0,-2.0030666769730302e-4
ES423,2003,total,ages 1-79,-0.008130989274952474
ES423,2003,total,ages 80+,-0.014719522434710782
ES423,2004,female,age 0,2.3081915076251667e-4
ES423,2004,female,ages 1-79,-0.009535016757076983
ES423,2004,female,ages 80+,0.0355876996618701
ES423,2004,male,age 0,3.721555175860749e-4
ES423,2004,male,ages 1-79,-0.022016304826033197
ES423,2004,male,ages 80+,-7.989252437000521e-4
ES423,2004,total,age 0,2.1171926589721397e-4
ES423,2004,total,ages 1-79,-0.014728793832487564
ES423,2004,total,ages 80+,0.022944262015619117
ES423,2005,female,age 0,2.784296972193347e-4
ES423,2005,female,ages 1-79,-0.004673681397243587
ES423,2005,female,ages 80+,0.09123528144372693
ES423,2005,male,age 0,-8.023277349059413e-4
ES423,2005,male,ages 1-79,-0.00980097134039893
ES423,2005,male,ages 80+,0.08888419807995107
ES423,2005,total,age 0,-2.5413036898031314e-4
ES423,2005,total,ages 1-79,-0.006245046297187017
ES423,2005,total,ages 80+,0.08888569334487288
ES423,2006,female,age 0,0
ES423,2006,female,ages 1-79,-0.00563048345894469
ES423,2006,female,ages 80+,0.07494532847598823
ES423,2006,male,age 0,0
ES423,2006,male,ages 1-79,-0.010172344801998245
ES423,2006,male,ages 80+,-0.018026619152609936
ES423,2006,total,age 0,0
ES423,2006,total,ages 1-79,-0.006765210475597732
ES423,2006,total,ages 80+,0.027544040448556316
ES423,2007,female,age 0,-8.596860004993346e-5
ES423,2007,female,ages 1-79,-0.00981499137115904
ES423,2007,female,ages 80+,0.04140926391860088
ES423,2007,male,age 0,0
ES423,2007,male,ages 1-79,-0.01146024157585762
ES423,2007,male,ages 80+,-0.005962175404326565
ES423,2007,total,age 0,-4.4573756042826314e-5
ES423,2007,total,ages 1-79,-0.010084123108049795
ES423,2007,total,ages 80+,0.018902992404233526
ES423,2008,female,age 0,-3.058221409075417e-4
ES423,2008,female,ages 1-79,-9.115852973584272e-4
ES423,2008,female,ages 80+,0.025765824835427484
ES423,2008,male,age 0,4.551878864683845e-4
ES423,2008,male,ages 1-79,-0.016154830287846936
ES423,2008,male,ages 80+,0.013660386721634693
ES423,2008,total,age 0,1.633013572717291e-4
ES423,2008,total,ages 1-79,-0.00840827116940303
ES423,2008,total,ages 80+,0.019768573841797518
ES423,2009,female,age 0,4.6197436642747455e-4
ES423,2009,female,ages 1-79,-0.007898293634785503
ES423,2009,female,ages 80+,0.0720849776173906
ES423,2009,male,age 0,5.855690944306595e-5
ES423,2009,male,ages 1-79,-0.00976606153532518
ES423,2009,male,ages 80+,0.005127158318052993
ES423,2009,total,age 0,2.622341821026492e-4
ES423,2009,total,ages 1-79,-0.008493211603098523
ES423,2009,total,ages 80+,0.04022565472617816
ES423,2010,female,age 0,2.8779383573137625e-5
ES423,2010,female,ages 1-79,-0.01032050377744338
ES423,2010,female,ages 80+,0.01019340477976604
ES423,2010,male,age 0,4.184362474915944e-4
ES423,2010,male,ages 1-79,-0.015341571752040971
ES423,2010,male,ages 80+,0.05036987696187299
ES423,2010,total,age 0,2.808007071190753e-4
ES423,2010,total,ages 1-79,-0.012607517646268652
ES423,2010,total,ages 80+,0.02397025144168652
ES423,2011,female,age 0,-1.0151403309822127e-4
ES423,2011,female,ages 1-79,-0.006999083642116696
ES423,2011,female,ages 80+,-0.030057224660574335
ES423,2011,male,age 0,2.975331556287693e-4
ES423,2011,male,ages 1-79,-0.013828895857040103
ES423,2011,male,ages 80+,-0.002391662373697259
ES423,2011,total,age 0,1.4374541307255313e-4
ES423,2011,total,ages 1-79,-0.010063382461785682
ES423,2011,total,ages 80+,-0.01795744293921547
ES423,2012,female,age 0,2.619757387182487e-4
ES423,2012,female,ages 1-79,-0.0065915295689858416
ES423,2012,female,ages 80+,-0.008603608827016579
ES423,2012,male,age 0,1.6820470582317923e-4
ES423,2012,male,ages 1-79,-0.010746618006904293
ES423,2012,male,ages 80+,0.06565140962727989
ES423,2012,total,age 0,2.6373423846393616e-4
ES423,2012,total,ages 1-79,-0.008606830285982612
ES423,2012,total,ages 80+,0.017261617219951418
ES423,2013,female,age 0,4.375818049071397e-4
ES423,2013,female,ages 1-79,-0.001355172997091049
ES423,2013,female,ages 80+,-0.007808522630849725
ES423,2013,male,age 0,2.268804323988671e-4
ES423,2013,male,ages 1-79,-0.007647687166852589
ES423,2013,male,ages 80+,0.03303331848670815
ES423,2013,total,age 0,3.029110620549585e-4
ES423,2013,total,ages 1-79,-0.003926432407644404
ES423,2013,total,ages 80+,0.008800902827620118
ES423,2014,female,age 0,-2.6805106384032967e-4
ES423,2014,female,ages 1-79,-0.0021544700473121467
ES423,2014,female,ages 80+,0.10156093963558875
ES423,2014,male,age 0,1.6971489207316705e-4
ES423,2014,male,ages 1-79,-0.011180293355811955
ES423,2014,male,ages 80+,-0.03544084144944676
ES423,2014,total,age 0,-8.257864400691276e-5
ES423,2014,total,ages 1-79,-0.006962758507661721
ES423,2014,total,ages 80+,0.03751448443275497
ES423,2015,female,age 0,0
ES423,2015,female,ages 1-79,-6.361340790245794e-4
ES423,2015,female,ages 80+,0.057808477791789006
ES423,2015,male,age 0,-1.4595907226779912e-4
ES423,2015,male,ages 1-79,-0.011795642979960467
ES423,2015,male,ages 80+,-0.027785679284547744
ES423,2015,total,age 0,-9.754610325659397e-5
ES423,2015,total,ages 1-79,-0.005989733592717125
ES423,2015,total,ages 80+,0.013055952661513392
ES423,2016,female,age 0,2.449895357606682e-4
ES423,2016,female,ages 1-79,-0.00641648064068686
ES423,2016,female,ages 80+,0.01603950787941095
ES423,2016,male,age 0,1.6747846593730744e-4
ES423,2016,male,ages 1-79,-0.0115595856428834
ES423,2016,male,ages 80+,0.07976479570322959
ES423,2016,total,age 0,2.1233794645216783e-4
ES423,2016,total,ages 1-79,-0.008370074313112744
ES423,2016,total,ages 80+,0.03753187514700247
ES423,2017,female,age 0,0
ES423,2017,female,ages 1-79,-0.002731275842062627
ES423,2017,female,ages 80+,-0.009279228430778174
ES423,2017,male,age 0,-7.417508139215499e-5
ES423,2017,male,ages 1-79,-0.007084939008538979
ES423,2017,male,ages 80+,0.010071724764468822
ES423,2017,total,age 0,-8.031316545678299e-6
ES423,2017,total,ages 1-79,-0.004379480286314271
ES423,2017,total,ages 80+,-0.0020939605919043413
ES423,2018,female,age 0,-5.387605244049536e-4
ES423,2018,female,ages 1-79,-0.006389598970695405
ES423,2018,female,ages 80+,0.0327352245280321
ES423,2018,male,age 0,3.065061608548204e-4
ES423,2018,male,ages 1-79,-0.00981569228412853
ES423,2018,male,ages 80+,0.022132455032413956
ES423,2018,total,age 0,-1.1286681724518158e-4
ES423,2018,total,ages 1-79,-0.007651946865812142
ES423,2018,total,ages 80+,0.02438493296528174
ES423,2019,female,age 0,3.8277382114043504e-4
ES423,2019,female,ages 1-79,-0.002017958468218775
ES423,2019,female,ages 80+,0.00564687166728596
ES423,2019,male,age 0,1.8167618414271426e-4
ES423,2019,male,ages 1-79,-0.007032087177405778
ES423,2019,male,ages 80+,-0.006256030915523229
ES423,2019,total,age 0,3.113243102601532e-4
ES423,2019,total,ages 1-79,-0.0032246432337182038
ES423,2019,total,ages 80+,0.0025410487896838432
ES423,2020,female,age 0,-5.458657160479234e-4
ES423,2020,female,ages 1-79,-0.00354483044762462
ES423,2020,female,ages 80+,-0.027653383447595378
ES423,2020,male,age 0,3.912764564301001e-4
ES423,2020,male,ages 1-79,-0.006205501681640788
ES423,2020,male,ages 80+,0.0027525808703864497
ES423,2020,total,age 0,-6.025694714675129e-5
ES423,2020,total,ages 1-79,-0.004226490095887093
ES423,2020,total,ages 80+,-0.014343979263619982
ES423,2021,female,age 0,0
ES423,2021,female,ages 1-79,-0.0031632583585739856
ES423,2021,female,ages 80+,0.12294403488794158
ES423,2021,male,age 0,0
ES423,2021,male,ages 1-79,-0.008768779917297326
ES423,2021,male,ages 80+,0.02681482580421829
ES423,2021,total,age 0,0
ES423,2021,total,ages 1-79,-0.0054364110153371096
ES423,2021,total,ages 80+,0.07300620146865217
ES423,2022,female,age 0,3.0270618988333965e-4
ES423,2022,female,ages 1-79,-0.005274326515113557
ES423,2022,female,ages 80+,-0.03234200396997376
ES423,2022,male,age 0,3.210483130294912e-4
ES423,2022,male,ages 1-79,-0.010408267083283079
ES423,2022,male,ages 80+,-0.0027066719200739293
ES423,2022,total,age 0,3.125212639673507e-4
ES423,2022,total,ages 1-79,-0.007917411165487328
ES423,2022,total,ages 80+,-0.01299550965399859
ES423,2023,female,age 0,3.64411452227812e-4
ES423,2023,female,ages 1-79,-0.003717309885929655
ES423,2023,female,ages 80+,-9.489908763867308e-4
ES423,2023,male,age 0,1.961818430069559e-4
ES423,2023,male,ages 1-79,-0.00801562544547204
ES423,2023,male,ages 80+,0.1045975836684689
ES423,2023,total,age 0,2.8960290880367535e-4
ES423,2023,total,ages 1-79,-0.005668498517294972
ES423,2023,total,ages 80+,0.03647005918825852
ES423,2024,female,age 0,2.0116968930738562e-4
ES423,2024,female,ages 1-79,-0.0057586593464610605
ES423,2024,female,ages 80+,0.0776100136120143
ES423,2024,male,age 0,3.0966665678297577e-4
ES423,2024,male,ages 1-79,-0.013394601499214606
ES423,2024,male,ages 80+,0.015736680629012706
ES423,2024,total,age 0,2.617366487286862e-4
ES423,2024,total,ages 1-79,-0.009434128726802158
ES423,2024,total,ages 80+,0.046306757687369984
ES424,2002,female,age 0,3.279633159678696e-4
ES424,2002,female,ages 1-79,-0.0010140109669720648
ES424,2002,female,ages 80+,0.02475405702391741
ES424,2002,male,age 0,1.473873336856709e-4
ES424,2002,male,ages 1-79,-0.009060271921760213
ES424,2002,male,ages 80+,0.023495393585741133
ES424,2002,total,age 0,2.0824975510050727e-4
ES424,2002,total,ages 1-79,-0.004767482999037327
ES424,2002,total,ages 80+,0.02776006732034182
ES424,2003,female,age 0,0
ES424,2003,female,ages 1-79,-0.008643260377801058
ES424,2003,female,ages 80+,-0.046912784857295206
ES424,2003,male,age 0,-1.1156968007280154e-4
ES424,2003,male,ages 1-79,-0.007124748502181791
ES424,2003,male,ages 80+,0.0546842788447126
ES424,2003,total,age 0,-5.2962914836903306e-5
ES424,2003,total,ages 1-79,-0.007284273386358222
ES424,2003,total,ages 80+,-0.007080075603644272
ES424,2004,female,age 0,-6.525508302415272e-4
ES424,2004,female,ages 1-79,-0.006269264532215986
ES424,2004,female,ages 80+,0.13107974502092012
ES424,2004,male,age 0,6.895676302158185e-5
ES424,2004,male,ages 1-79,-0.021282793299744023
ES424,2004,male,ages 80+,0.012839083642659604
ES424,2004,total,age 0,-2.8448540810303104e-4
ES424,2004,total,ages 1-79,-0.01327382365602108
ES424,2004,total,ages 80+,0.06671870912255495
ES424,2005,female,age 0,6.206687918462718e-5
ES424,2005,female,ages 1-79,-0.0010743864879981771
ES424,2005,female,ages 80+,0.1368252608236055
ES424,2005,male,age 0,1.3151929385880683e-4
ES424,2005,male,ages 1-79,-0.014753448448199515
ES424,2005,male,ages 80+,0.013307221906733932
ES424,2005,total,age 0,6.661016888571296e-5
ES424,2005,total,ages 1-79,-0.007950295742481054
ES424,2005,total,ages 80+,0.07160469151394092
ES424,2006,female,age 0,3.1237406701383884e-4
ES424,2006,female,ages 1-79,-0.0019248568601533387
ES424,2006,female,ages 80+,0.047560489505746255
ES424,2006,male,age 0,1.9949890440487097e-4
ES424,2006,male,ages 1-79,-0.009868511995683454
ES424,2006,male,ages 80+,-0.04756477774728482
ES424,2006,total,age 0,2.081202881667337e-4
ES424,2006,total,ages 1-79,-0.005522685835748814
ES424,2006,total,ages 80+,0.001988233891582831
ES424,2007,female,age 0,-1.954439527405298e-4
ES424,2007,female,ages 1-79,-0.0072971881131635614
ES424,2007,female,ages 80+,-0.042976599267809876
ES424,2007,male,age 0,-5.621697571895812e-4
ES424,2007,male,ages 1-79,-0.011613202205479487
ES424,2007,male,ages 80+,0.02668737343452503
ES424,2007,total,age 0,-3.576428854717344e-4
ES424,2007,total,ages 1-79,-0.008613058709555747
ES424,2007,total,ages 80+,-0.012475470789295628
ES424,2008,female,age 0,5.147161743737802e-5
ES424,2008,female,ages 1-79,-0.0070467967065863295
ES424,2008,female,ages 80+,0.10287214761206148
ES424,2008,male,age 0,-1.2144342491523854e-4
ES424,2008,male,ages 1-79,8.289612131739e-4
ES424,2008,male,ages 80+,-0.03445383715717859
ES424,2008,total,age 0,1.0379343550228662e-5
ES424,2008,total,ages 1-79,-0.0021103543994217843
ES424,2008,total,ages 80+,0.02873545580966083
ES424,2009,female,age 0,2.104045741666245e-6
ES424,2009,female,ages 1-79,-0.006185447043505921
ES424,2009,female,ages 80+,0.10894390532201208
ES424,2009,male,age 0,0
ES424,2009,male,ages 1-79,-0.012073517054924056
ES424,2009,male,ages 80+,0.035513254330670235
ES424,2009,total,age 0,-1.050420068256145e-5
ES424,2009,total,ages 1-79,-0.008747461748561523
ES424,2009,total,ages 80+,0.07764584001974334
ES424,2010,female,age 0,2.2196830134923128e-4
ES424,2010,female,ages 1-79,-0.008781911191955467
ES424,2010,female,ages 80+,0.1856802921464619
ES424,2010,male,age 0,-2.3057386274009318e-4
ES424,2010,male,ages 1-79,-0.00985456208904892
ES424,2010,male,ages 80+,-0.058668425165995366
ES424,2010,total,age 0,-1.1363402854186651e-5
ES424,2010,total,ages 1-79,-0.008233339814479452
ES424,2010,total,ages 80+,0.0522786377822497
ES424,2011,female,age 0,1.6171576850408157e-4
ES424,2011,female,ages 1-79,-0.0038309103664138297
ES424,2011,female,ages 80+,0.008037452998789732
ES424,2011,male,age 0,4.1112457421555124e-5
ES424,2011,male,ages 1-79,-0.013510816392916163
ES424,2011,male,ages 80+,0.0432618462498679
ES424,2011,total,age 0,1.029229920624827e-4
ES424,2011,total,ages 1-79,-0.008458645793702153
ES424,2011,total,ages 80+,0.015063181414622859
ES424,2012,female,age 0,1.1523795809746594e-4
ES424,2012,female,ages 1-79,-0.002993890024743381
ES424,2012,female,ages 80+,0.01041218299276651
ES424,2012,male,age 0,2.3304405385163746e-4
ES424,2012,male,ages 1-79,-0.014679490562906803
ES424,2012,male,ages 80+,0.01880271945895983
ES424,2012,total,age 0,1.7689733330580388e-4
ES424,2012,total,ages 1-79,-0.008937489985488139
ES424,2012,total,ages 80+,0.015456959336872824
ES424,2013,female,age 0,7.801343345371358e-5
ES424,2013,female,ages 1-79,-0.0015542139946363265
ES424,2013,female,ages 80+,0.013897890176490027
ES424,2013,male,age 0,-6.564481291444521e-4
ES424,2013,male,ages 1-79,-0.01013983872372069
ES424,2013,male,ages 80+,-0.0061142990972087325
ES424,2013,total,age 0,-2.946539072516056e-4
ES424,2013,total,ages 1-79,-0.005192350250852129
ES424,2013,total,ages 80+,0.0062255869558224125
ES424,2014,female,age 0,2.429494424409626e-4
ES424,2014,female,ages 1-79,-0.00364020054841936
ES424,2014,female,ages 80+,0.1479878094433962
ES424,2014,male,age 0,1.9773648512041715e-4
ES424,2014,male,ages 1-79,-0.00939985499476877
ES424,2014,male,ages 80+,0.0015256219025438296
ES424,2014,total,age 0,2.2996996496468263e-4
ES424,2014,total,ages 1-79,-0.006111941800866393
ES424,2014,total,ages 80+,0.08593586092937425
ES424,2015,female,age 0,-2.175203631002596e-5
ES424,2015,female,ages 1-79,-0.005338394547237795
ES424,2015,female,ages 80+,-0.02744279825955035
ES424,2015,male,age 0,3.4418949520737636e-4
ES424,2015,male,ages 1-79,-0.00972678483456741
ES424,2015,male,ages 80+,-0.027329463866754063
ES424,2015,total,age 0,2.0390008455285086e-4
ES424,2015,total,ages 1-79,-0.0070901982137750764
ES424,2015,total,ages 80+,-0.027098833224653698
ES424,2016,female,age 0,1.239594958643232e-4
ES424,2016,female,ages 1-79,-0.010046384707830605
ES424,2016,female,ages 80+,0.051764556707015026
ES424,2016,male,age 0,-1.4476690623690123e-4
ES424,2016,male,ages 1-79,-0.007492646533004499
ES424,2016,male,ages 80+,0.05249740786273997
ES424,2016,total,age 0,1.28336805798483e-5
ES424,2016,total,ages 1-79,-0.00834882955688933
ES424,2016,total,ages 80+,0.05001264015278025
ES424,2017,female,age 0,1.0208247686006763e-4
ES424,2017,female,ages 1-79,-0.0019708530879552033
ES424,2017,female,ages 80+,-0.04200001735926104
ES424,2017,male,age 0,0
ES424,2017,male,ages 1-79,-0.006681700609323046
ES424,2017,male,ages 80+,-0.00408404852831426
ES424,2017,total,age 0,7.273581266269852e-5
ES424,2017,total,ages 1-79,-0.00403565309931833
ES424,2017,total,ages 80+,-0.027381140822567287
ES424,2018,female,age 0,-3.4349500549073214e-4
ES424,2018,female,ages 1-79,-0.004511761216414995
ES424,2018,female,ages 80+,0.053809134089236196
ES424,2018,male,age 0,2.8871344704883085e-4
ES424,2018,male,ages 1-79,-8.499737351544429e-4
ES424,2018,male,ages 80+,0.1172248912895719
ES424,2018,total,age 0,-2.581430952951021e-5
ES424,2018,total,ages 1-79,-0.0015044932957223836
ES424,2018,total,ages 80+,0.08318820767546246
ES424,2019,female,age 0,1.0823872083961454e-4
ES424,2019,female,ages 1-79,0.0017024933861799574
ES424,2019,female,ages 80+,0.05626770720952365
ES424,2019,male,age 0,6.495196962921325e-5
ES424,2019,male,ages 1-79,-0.002514553592191935
ES424,2019,male,ages 80+,0.15957947728897853
ES424,2019,total,age 0,7.815702889635923e-5
ES424,2019,total,ages 1-79,6.018395636254229e-4
ES424,2019,total,ages 80+,0.10313526929983012
ES424,2020,female,age 0,0
ES424,2020,female,ages 1-79,-0.002891583992417732
ES424,2020,female,ages 80+,-0.04251342916787474
ES424,2020,male,age 0,1.696828081214254e-4
ES424,2020,male,ages 1-79,-0.00578686081505311
ES424,2020,male,ages 80+,-0.04295635462023127
ES424,2020,total,age 0,1.4686833630134358e-4
ES424,2020,total,ages 1-79,-0.003829339523716547
ES424,2020,total,ages 80+,-0.044554450447760865
ES424,2021,female,age 0,2.939852833860709e-4
ES424,2021,female,ages 1-79,-5.835231225928777e-4
ES424,2021,female,ages 80+,0.10281016168338372
ES424,2021,male,age 0,5.173603065301384e-5
ES424,2021,male,ages 1-79,-0.007920153798309518
ES424,2021,male,ages 80+,0.08220391566636949
ES424,2021,total,age 0,2.2713229324294661e-4
ES424,2021,total,ages 1-79,-0.00365712408051133
ES424,2021,total,ages 80+,0.0895859077469054
ES424,2022,female,age 0,-1.0181820935232204e-4
ES424,2022,female,ages 1-79,-0.0025628616442668075
ES424,2022,female,ages 80+,-5.623782202419728e-4
ES424,2022,male,age 0,2.087356353271359e-4
ES424,2022,male,ages 1-79,-0.007169365074891139
ES424,2022,male,ages 80+,-0.005639642335767385
ES424,2022,total,age 0,7.482330762361062e-5
ES424,2022,total,ages 1-79,-0.00405209011423449
ES424,2022,total,ages 80+,-0.004494023379818791
ES424,2023,female,age 0,1.3804581843267894e-4
ES424,2023,female,ages 1-79,0.0014609911012313146
ES424,2023,female,ages 80+,0.07703130577224782
ES424,2023,male,age 0,8.922000573429478e-5
ES424,2023,male,ages 1-79,-0.0058231681943136165
ES424,2023,male,ages 80+,0.032837632041193186
ES424,2023,total,age 0,1.1381616640055964e-4
ES424,2023,total,ages 1-79,-0.001760049882393816
ES424,2023,total,ages 80+,0.06944253570310874
ES424,2024,female,age 0,-2.4510268633122522e-5
ES424,2024,female,ages 1-79,7.499642243174912e-4
ES424,2024,female,ages 80+,0.040629592031033335
ES424,2024,male,age 0,-1.247545588285001e-5
ES424,2024,male,ages 1-79,-0.008023207201033458
ES424,2024,male,ages 80+,-0.018647465792462476
ES424,2024,total,age 0,4.33711256035468e-5
ES424,2024,total,ages 1-79,-0.0026201551521725123
ES424,2024,total,ages 80+,0.007698219071295413
ES425,2002,female,age 0,-3.485098478333967e-5
ES425,2002,female,ages 1-79,-0.006560952409081362
ES425,2002,female,ages 80+,-0.009422835086965672
ES425,2002,male,age 0,1.4416880317431256e-4
ES425,2002,male,ages 1-79,-0.012259763568849068
ES425,2002,male,ages 80+,-7.369227000161311e-4
ES425,2002,total,age 0,5.902221836531241e-5
ES425,2002,total,ages 1-79,-0.008999608405483866
ES425,2002,total,ages 80+,-0.0040863410123851245
ES425,2003,female,age 0,-1.9686585427970503e-4
ES425,2003,female,ages 1-79,-0.009817154376587603
ES425,2003,female,ages 80+,-0.028448340742843557
ES425,2003,male,age 0,-3.3840917991345514e-4
ES425,2003,male,ages 1-79,-0.013359796453024115
ES425,2003,male,ages 80+,-0.040603331835587383
ES425,2003,total,age 0,-2.758400563522406e-4
ES425,2003,total,ages 1-79,-0.011499006153533858
ES425,2003,total,ages 80+,-0.03128839291810908
ES425,2004,female,age 0,3.6926583912884727e-4
ES425,2004,female,ages 1-79,-0.006833938071261059
ES425,2004,female,ages 80+,-0.030961425576646932
ES425,2004,male,age 0,-2.2778723021990674e-4
ES425,2004,male,ages 1-79,-0.013887209858345524
ES425,2004,male,ages 80+,-0.056448272579748694
ES425,2004,total,age 0,6.314708247731081e-5
ES425,2004,total,ages 1-79,-0.010155313706279756
ES425,2004,total,ages 80+,-0.04486133070381268
ES425,2005,female,age 0,9.606416312804279e-5
ES425,2005,female,ages 1-79,-0.003774356000252171
ES425,2005,female,ages 80+,-0.005119772828373679
ES425,2005,male,age 0,1.7460079551291174e-4
ES425,2005,male,ages 1-79,-0.006796679882486887
ES425,2005,male,ages 80+,0.0013609246422801088
ES425,2005,total,age 0,1.3927430407037567e-4
ES425,2005,total,ages 1-79,-0.005148354871068479
ES425,2005,total,ages 80+,-0.002706792834807405
ES425,2006,female,age 0,1.2066318504241763e-4
ES425,2006,female,ages 1-79,-0.002533003155118961
ES425,2006,female,ages 80+,-0.04126495065722958
ES425,2006,male,age 0,-2.105849140509977e-4
ES425,2006,male,ages 1-79,-0.006721470782686833
ES425,2006,male,ages 80+,-0.011777637347002188
ES425,2006,total,age 0,-5.00903837935355e-5
ES425,2006,total,ages 1-79,-0.0040432305644126
ES425,2006,total,ages 80+,-0.02655259482449214
ES425,2007,female,age 0,1.478909032742943e-4
ES425,2007,female,ages 1-79,-0.004518644861551697
ES425,2007,female,ages 80+,-0.0359339574916693
ES425,2007,male,age 0,1.6124130374306231e-4
ES425,2007,male,ages 1-79,-0.013254865568147728
ES425,2007,male,ages 80+,-0.024202724145296187
ES425,2007,total,age 0,1.6143557806911908e-4
ES425,2007,total,ages 1-79,-0.008456204332327882
ES425,2007,total,ages 80+,-0.029222228588298045
ES425,2008,female,age 0,-1.8896732809466324e-4
ES425,2008,female,ages 1-79,-0.005869043313539887
ES425,2008,female,ages 80+,0.005368765921257377
ES425,2008,male,age 0,-6.464843088460658e-5
ES425,2008,male,ages 1-79,-0.014008990098675664
ES425,2008,male,ages 80+,-0.05274957222433202
ES425,2008,total,age 0,-1.0494875231205065e-4
ES425,2008,total,ages 1-79,-0.009801230924034924
ES425,2008,total,ages 80+,-0.022452731231152327
ES425,2009,female,age 0,2.0178978476227243e-6
ES425,2009,female,ages 1-79,-0.0026769812959868923
ES425,2009,female,ages 80+,0.029216087842871205
ES425,2009,male,age 0,3.1849878913488856e-5
ES425,2009,male,ages 1-79,-0.009599686320994432
ES425,2009,male,ages 80+,-0.00999682215096869
ES425,2009,total,age 0,1.2009096147458091e-5
ES425,2009,total,ages 1-79,-0.006272370241481056
ES425,2009,total,ages 80+,0.010292456423928231
ES425,2010,female,age 0,-1.0988173251660183e-4
ES425,2010,female,ages 1-79,-0.007488328289024223
ES425,2010,female,ages 80+,0.0036074842758317266
ES425,2010,male,age 0,1.1292595276494354e-4
ES425,2010,male,ages 1-79,-0.008572809393316609
ES425,2010,male,ages 80+,-0.02980795931142483
ES425,2010,total,age 0,2.1471536670126875e-5
ES425,2010,total,ages 1-79,-0.007697512761457871
ES425,2010,total,ages 80+,-0.009710393605034782
ES425,2011,female,age 0,1.4649336323376913e-4
ES425,2011,female,ages 1-79,-0.005787470284159128
ES425,2011,female,ages 80+,0.04026778564307291
ES425,2011,male,age 0,3.607570190085834e-5
ES425,2011,male,ages 1-79,-0.008874234158264101
ES425,2011,male,ages 80+,0.008792567998269066
ES425,2011,total,age 0,1.0669753582779538e-4
ES425,2011,total,ages 1-79,-0.007017054561142336
ES425,2011,total,ages 80+,0.026578172484558113
ES425,2012,female,age 0,8.305598049706261e-5
ES425,2012,female,ages 1-79,-0.0013010793343091501
ES425,2012,female,ages 80+,-1.2010279998554176e-4
ES425,2012,male,age 0,3.069526934981053e-5
ES425,2012,male,ages 1-79,-0.007874371308504467
ES425,2012,male,ages 80+,0.004159679075364138
ES425,2012,total,age 0,6.057612761619604e-5
ES425,2012,total,ages 1-79,-0.004236110057683739
ES425,2012,total,ages 80+,0.0033566332147776136
ES425,2013,female,age 0,4.21736469281655e-5
ES425,2013,female,ages 1-79,-0.0038476600992738566
ES425,2013,female,ages 80+,0.04924411456107282
ES425,2013,male,age 0,2.4396655561064262e-4
ES425,2013,male,ages 1-79,-0.013937024240494165
ES425,2013,male,ages 80+,-0.006821028446706755
ES425,2013,total,age 0,1.470643486136507e-4
ES425,2013,total,ages 1-79,-0.008616468314091146
ES425,2013,total,ages 80+,0.0272945173915326
ES425,2014,female,age 0,1.3255674253931311e-4
ES425,2014,female,ages 1-79,-0.006757642404165661
ES425,2014,female,ages 80+,0.03033515983643887
ES425,2014,male,age 0,-1.2779748967967696e-4
ES425,2014,male,ages 1-79,-0.006600658222012357
ES425,2014,male,ages 80+,-0.011418583449946859
ES425,2014,total,age 0,-1.1904245718624464e-6
ES425,2014,total,ages 1-79,-0.006265697379926157
ES425,2014,total,ages 80+,0.012588208764954895
ES425,2015,female,age 0,-7.681777921093673e-5
ES425,2015,female,ages 1-79,-0.005523159964741824
ES425,2015,female,ages 80+,0.0394718829253053
ES425,2015,male,age 0,2.919033691259286e-5
ES425,2015,male,ages 1-79,-0.007489488253323551
ES425,2015,male,ages 80+,0.035234410178897814
ES425,2015,total,age 0,-1.763844137895541e-5
ES425,2015,total,ages 1-79,-0.006339539578164436
ES425,2015,total,ages 80+,0.036328788526482886
ES425,2016,female,age 0,6.412832060243164e-5
ES425,2016,female,ages 1-79,-0.002593986466999872
ES425,2016,female,ages 80+,0.0026169996113097477
ES425,2016,male,age 0,-2.3717073293886887e-5
ES425,2016,male,ages 1-79,-0.009892036527423865
ES425,2016,male,ages 80+,-0.0014347869207789092
ES425,2016,total,age 0,2.2587974021617192e-5
ES425,2016,total,ages 1-79,-0.005661594249353728
ES425,2016,total,ages 80+,0.0012404753579678233
ES425,2017,female,age 0,-3.5731765324259934e-4
ES425,2017,female,ages 1-79,-0.006727006854312113
ES425,2017,female,ages 80+,0.023505309730945157
ES425,2017,male,age 0,-4.1777160425276777e-4
ES425,2017,male,ages 1-79,-0.0069977653218755865
ES425,2017,male,ages 80+,0.03061019608304909
ES425,2017,total,age 0,-3.816107781351188e-4
ES425,2017,total,ages 1-79,-0.006534875354863025
ES425,2017,total,ages 80+,0.027151310430772586
ES425,2018,female,age 0,1.4681546091542617e-4
ES425,2018,female,ages 1-79,-0.003459759792990097
ES425,2018,female,ages 80+,0.043170230300792964
ES425,2018,male,age 0,-1.2896637216392988e-4
ES425,2018,male,ages 1-79,-0.00985994771266618
ES425,2018,male,ages 80+,0.012879908701577314
ES425,2018,total,age 0,1.047366302994135e-5
ES425,2018,total,ages 1-79,-0.006082959301750479
ES425,2018,total,ages 80+,0.029023693827385153
ES425,2019,female,age 0,-9.956702952189742e-5
ES425,2019,female,ages 1-79,-0.0027696918898971606
ES425,2019,female,ages 80+,0.066916100580476
ES425,2019,male,age 0,2.6676652713071797e-6
ES425,2019,male,ages 1-79,-0.008626008587692299
ES425,2019,male,ages 80+,0.021456225816507076
ES425,2019,total,age 0,-5.688631125360943e-5
ES425,2019,total,ages 1-79,-0.005304714751717512
ES425,2019,total,ages 80+,0.04592158716666869
ES425,2020,female,age 0,5.74417206167821e-5
ES425,2020,female,ages 1-79,-0.0015912683834416685
ES425,2020,female,ages 80+,-0.02430177338372516
ES425,2020,male,age 0,-2.1743120588059447e-4
ES425,2020,male,ages 1-79,-0.01004479308395884
ES425,2020,male,ages 80+,-0.005379714012415054
ES425,2020,total,age 0,-1.2406694057112892e-4
ES425,2020,total,ages 1-79,-0.0061600498739807705
ES425,2020,total,ages 80+,-0.01390139402711342
ES425,2021,female,age 0,7.917104755613591e-5
ES425,2021,female,ages 1-79,-0.0021256252235391754
ES425,2021,female,ages 80+,0.052206831281831206
ES425,2021,male,age 0,1.9048228744915856e-4
ES425,2021,male,ages 1-79,-0.007109745740302253
ES425,2021,male,ages 80+,-0.0052070108638008926
ES425,2021,total,age 0,1.2396458215078294e-4
ES425,2021,total,ages 1-79,-0.0045273545553469316
ES425,2021,total,ages 80+,0.02324956111073771
ES425,2022,female,age 0,1.7322866104178816e-4
ES425,2022,female,ages 1-79,-0.004165518931282024
ES425,2022,female,ages 80+,0.07413320821447832
ES425,2022,male,age 0,-3.083772430279827e-4
ES425,2022,male,ages 1-79,-0.011150821531336376
ES425,2022,male,ages 80+,0.030057921458050654
ES425,2022,total,age 0,-7.60346882100415e-5
ES425,2022,total,ages 1-79,-0.0072357720456954645
ES425,2022,total,ages 80+,0.051644629466336675
ES425,2023,female,age 0,1.6653003444912356e-4
ES425,2023,female,ages 1-79,-0.004933187407024095
ES425,2023,female,ages 80+,0.08994341142797019
ES425,2023,male,age 0,-4.811366124361384e-6
ES425,2023,male,ages 1-79,-0.012011962730729325
ES425,2023,male,ages 80+,0.03895469684607
ES425,2023,total,age 0,8.422041133527815e-5
ES425,2023,total,ages 1-79,-0.00833702379488403
ES425,2023,total,ages 80+,0.0671982532731703
ES425,2024,female,age 0,-8.206345543114798e-5
ES425,2024,female,ages 1-79,-0.0038119373545581776
ES425,2024,female,ages 80+,0.154328796431922
ES425,2024,male,age 0,-4.4587290632833824e-5
ES425,2024,male,ages 1-79,-0.00708912268749071
ES425,2024,male,ages 80+,0.02105835870440837
ES425,2024,total,age 0,-6.678005989906849e-5
ES425,2024,total,ages 1-79,-0.005040090041341113
ES425,2024,total,ages 80+,0.09216664358795885
ES431,2002,female,age 0,-1.3441345761156606e-5
ES431,2002,female,ages 1-79,-0.004263047048364439
ES431,2002,female,ages 80+,0.032950469805730444
ES431,2002,male,age 0,-2.630995804653012e-4
ES431,2002,male,ages 1-79,-0.014940008464556594
ES431,2002,male,ages 80+,-0.006996722734189397
ES431,2002,total,age 0,-1.6701242982227946e-4
ES431,2002,total,ages 1-79,-0.009332443873580622
ES431,2002,total,ages 80+,0.01166293081432914
ES431,2003,female,age 0,-9.462760720104204e-5
ES431,2003,female,ages 1-79,-0.005583246317678597
ES431,2003,female,ages 80+,-0.030708516188456464
ES431,2003,male,age 0,-7.247010673007832e-5
ES431,2003,male,ages 1-79,-0.01907876344820269
ES431,2003,male,ages 80+,-0.03528377517369259
ES431,2003,total,age 0,-1.0493857893045852e-4
ES431,2003,total,ages 1-79,-0.012194836518819611
ES431,2003,total,ages 80+,-0.037357999911644964
ES431,2004,female,age 0,1.2614697870762828e-4
ES431,2004,female,ages 1-79,-0.00572272301334009
ES431,2004,female,ages 80+,0.020874631436113598
ES431,2004,male,age 0,1.418366134114457e-4
ES431,2004,male,ages 1-79,-0.019597227477623158
ES431,2004,male,ages 80+,-0.035466236610619414
ES431,2004,total,age 0,1.3866865593315674e-4
ES431,2004,total,ages 1-79,-0.011789139480972204
ES431,2004,total,ages 80+,-0.00893320354996564
ES431,2005,female,age 0,-8.66514957861478e-5
ES431,2005,female,ages 1-79,-0.005862235145342876
ES431,2005,female,ages 80+,0.023285483537080293
ES431,2005,male,age 0,-5.39641947000951e-4
ES431,2005,male,ages 1-79,-0.012881004131379927
ES431,2005,male,ages 80+,-0.039361294376852034
ES431,2005,total,age 0,-3.379248488749879e-4
ES431,2005,total,ages 1-79,-0.008730989632981552
ES431,2005,total,ages 80+,-0.008381407540606185
ES431,2006,female,age 0,-6.280912472685696e-4
ES431,2006,female,ages 1-79,-0.008016472868127796
ES431,2006,female,ages 80+,0.0044138641944890394
ES431,2006,male,age 0,-1.1964349772054499e-4
ES431,2006,male,ages 1-79,-0.016537134444506114
ES431,2006,male,ages 80+,-0.002680242741167087
ES431,2006,total,age 0,-3.3225154544175067e-4
ES431,2006,total,ages 1-79,-0.01165412774128854
ES431,2006,total,ages 80+,0.0022382210795579074
ES431,2007,female,age 0,1.7609898821576385e-4
ES431,2007,female,ages 1-79,-0.00793058915593994
ES431,2007,female,ages 80+,-0.008064500598178117
ES431,2007,male,age 0,-5.582531677980711e-5
ES431,2007,male,ages 1-79,-0.015144363761217722
ES431,2007,male,ages 80+,-0.0412397362325123
ES431,2007,total,age 0,3.745184292189428e-5
ES431,2007,total,ages 1-79,-0.011067459871990017
ES431,2007,total,ages 80+,-0.022193194109807475
ES431,2008,female,age 0,-1.422207378474001e-5
ES431,2008,female,ages 1-79,-0.005846754935488028
ES431,2008,female,ages 80+,-0.01064796726151734
ES431,2008,male,age 0,9.393394904383932e-5
ES431,2008,male,ages 1-79,-0.014666285407425182
ES431,2008,male,ages 80+,-0.0971803128866282
ES431,2008,total,age 0,1.984854569923667e-5
ES431,2008,total,ages 1-79,-0.009900905863409932
ES431,2008,total,ages 80+,-0.047377079590193716
ES431,2009,female,age 0,-1.530720589407845e-4
ES431,2009,female,ages 1-79,-0.004827949676724607
ES431,2009,female,ages 80+,0.01014044694395547
ES431,2009,male,age 0,8.731810173757398e-5
ES431,2009,male,ages 1-79,-0.015826960728781512
ES431,2009,male,ages 80+,0.011290264269169351
ES431,2009,total,age 0,-1.920366256365501e-5
ES431,2009,total,ages 1-79,-0.010071697468682476
ES431,2009,total,ages 80+,0.00903339655478254
ES431,2010,female,age 0,2.2172754916219404e-5
ES431,2010,female,ages 1-79,-0.008854627357084642
ES431,2010,female,ages 80+,-0.019948309790473073
ES431,2010,male,age 0,-6.248480257856287e-5
ES431,2010,male,ages 1-79,-0.014294283542179919
ES431,2010,male,ages 80+,-0.003646177054077741
ES431,2010,total,age 0,-1.704098023826384e-5
ES431,2010,total,ages 1-79,-0.011307552632108864
ES431,2010,total,ages 80+,-0.012921731022011258
ES431,2011,female,age 0,1.1109132517431617e-4
ES431,2011,female,ages 1-79,-0.005266572665365281
ES431,2011,female,ages 80+,0.011753648408517454
ES431,2011,male,age 0,1.7411545804729115e-4
ES431,2011,male,ages 1-79,-0.01245002236787341
ES431,2011,male,ages 80+,-0.013810359395633375
ES431,2011,total,age 0,1.3910627068014752e-4
ES431,2011,total,ages 1-79,-0.008069552769553127
ES431,2011,total,ages 80+,-0.001259451763592656
ES431,2012,female,age 0,-1.912085893772335e-4
ES431,2012,female,ages 1-79,-0.0028720370316691994
ES431,2012,female,ages 80+,-0.02346150279061417
ES431,2012,male,age 0,-4.725787847316353e-5
ES431,2012,male,ages 1-79,-0.009899054842601064
ES431,2012,male,ages 80+,-0.009701231172437819
ES431,2012,total,age 0,-1.1542409287609004e-4
ES431,2012,total,ages 1-79,-0.006153679102605012
ES431,2012,total,ages 80+,-0.017401742978833633
ES431,2013,female,age 0,-4.1036409168405996e-5
ES431,2013,female,ages 1-79,-0.002720994684670937
ES431,2013,female,ages 80+,-0.028997627271316488
ES431,2013,male,age 0,8.386943853450513e-6
ES431,2013,male,ages 1-79,-0.016530194544947995
ES431,2013,male,ages 80+,-0.0011627705719875515
ES431,2013,total,age 0,-8.206561578632747e-6
ES431,2013,total,ages 1-79,-0.009269998049331998
ES431,2013,total,ages 80+,-0.020103622271451717
ES431,2014,female,age 0,1.394047623991332e-4
ES431,2014,female,ages 1-79,-0.005123622894798274
ES431,2014,female,ages 80+,0.04022164527359985
ES431,2014,male,age 0,1.9437140538917642e-4
ES431,2014,male,ages 1-79,-0.008642454927351427
ES431,2014,male,ages 80+,0.019831595662017594
ES431,2014,total,age 0,1.664247809716146e-4
ES431,2014,total,ages 1-79,-0.0063972030270961645
ES431,2014,total,ages 80+,0.02676437153739966
ES431,2015,female,age 0,-2.1422526606873497e-5
ES431,2015,female,ages 1-79,-0.003220103020973724
ES431,2015,female,ages 80+,0.04355342751901646
ES431,2015,male,age 0,2.4888103737711936e-4
ES431,2015,male,ages 1-79,-0.010288329332221824
ES431,2015,male,ages 80+,-0.0058894655590789186
ES431,2015,total,age 0,2.213096148192503e-4
ES431,2015,total,ages 1-79,-0.0067529625634636615
ES431,2015,total,ages 80+,0.020279742103058718
ES431,2016,female,age 0,3.74366237570563e-6
ES431,2016,female,ages 1-79,-0.006394825285464025
ES431,2016,female,ages 80+,0.025736452575760176
ES431,2016,male,age 0,-2.202345782627429e-4
ES431,2016,male,ages 1-79,-0.008680160591974356
ES431,2016,male,ages 80+,-0.0029784169992909254
ES431,2016,total,age 0,-1.101265285209374e-4
ES431,2016,total,ages 1-79,-0.007252223462729013
ES431,2016,total,ages 80+,0.012796710820711137
ES431,2017,female,age 0,1.404885039577157e-4
ES431,2017,female,ages 1-79,-0.0042518894602748
ES431,2017,female,ages 80+,-0.02356675630559229
ES431,2017,male,age 0,1.8009530719229804e-5
ES431,2017,male,ages 1-79,-0.007189265155579503
ES431,2017,male,ages 80+,0.0013508775570320146
ES431,2017,total,age 0,8.633902666579048e-5
ES431,2017,total,ages 1-79,-0.005256331685838516
ES431,2017,total,ages 80+,-0.013247575203350664
ES431,2018,female,age 0,-1.4618133637737832e-4
ES431,2018,female,ages 1-79,-0.003868973606123583
ES431,2018,female,ages 80+,-0.006864611373431155
ES431,2018,male,age 0,1.3390972269474626e-4
ES431,2018,male,ages 1-79,-0.009355910512125065
ES431,2018,male,ages 80+,0.014018777466640216
ES431,2018,total,age 0,-2.42049212091852e-6
ES431,2018,total,ages 1-79,-0.006194689460203772
ES431,2018,total,ages 80+,0.0013195752195034318
ES431,2019,female,age 0,8.577366917525246e-5
ES431,2019,female,ages 1-79,-0.0049580833219755385
ES431,2019,female,ages 80+,-0.023289570364195083
ES431,2019,male,age 0,1.7250559514892926e-4
ES431,2019,male,ages 1-79,-0.011061404638902393
ES431,2019,male,ages 80+,0.023745597346276057
ES431,2019,total,age 0,1.278767544530897e-4
ES431,2019,total,ages 1-79,-0.007966489383701227
ES431,2019,total,ages 80+,-0.0056372368725321025
ES431,2020,female,age 0,1.2507698799064362e-4
ES431,2020,female,ages 1-79,-0.004364464244201866
ES431,2020,female,ages 80+,-0.013264002631375775
ES431,2020,male,age 0,-2.2092317681870338e-4
ES431,2020,male,ages 1-79,-0.011288134791538017
ES431,2020,male,ages 80+,-0.010241011432295038
ES431,2020,total,age 0,-5.241332882383057e-5
ES431,2020,total,ages 1-79,-0.007248995083749082
ES431,2020,total,ages 80+,-0.010286403539648662
ES431,2021,female,age 0,9.325873406851315e-15
ES431,2021,female,ages 1-79,-0.003992360191911124
ES431,2021,female,ages 80+,0.04718073002096147
ES431,2021,male,age 0,1.653986604745433e-4
ES431,2021,male,ages 1-79,-0.011703367498073273
ES431,2021,male,ages 80+,-0.0022475314862969407
ES431,2021,total,age 0,9.609671286520114e-5
ES431,2021,total,ages 1-79,-0.007678078684576739
ES431,2021,total,ages 80+,0.02418795624343473
ES431,2022,female,age 0,5.746772583980677e-5
ES431,2022,female,ages 1-79,-0.0031926926973374053
ES431,2022,female,ages 80+,-0.0685597542746873
ES431,2022,male,age 0,2.774695767144282e-4
ES431,2022,male,ages 1-79,-0.01365806433504902
ES431,2022,male,ages 80+,-0.004176795366202166
ES431,2022,total,age 0,1.8302303709425365e-4
ES431,2022,total,ages 1-79,-0.008066057301940554
ES431,2022,total,ages 80+,-0.03930108258135445
ES431,2023,female,age 0,1.3016435538643233e-4
ES431,2023,female,ages 1-79,-0.004625669625959758
ES431,2023,female,ages 80+,0.0300839541647267
ES431,2023,male,age 0,2.5482762786926326e-4
ES431,2023,male,ages 1-79,-0.007689480122083148
ES431,2023,male,ages 80+,0.006961113248562155
ES431,2023,total,age 0,1.5557258937910748e-4
ES431,2023,total,ages 1-79,-0.006086847359346985
ES431,2023,total,ages 80+,0.01901673999235882
ES431,2024,female,age 0,1.3944675720968237e-4
ES431,2024,female,ages 1-79,-0.0040450755691027185
ES431,2024,female,ages 80+,0.020520139024025406
ES431,2024,male,age 0,1.5508021349060382e-4
ES431,2024,male,ages 1-79,-0.006777286638312499
ES431,2024,male,ages 80+,0.011112621839622819
ES431,2024,total,age 0,1.350461938976712e-4
ES431,2024,total,ages 1-79,-0.0051841869227848
ES431,2024,total,ages 80+,0.01576449309847934
ES432,2002,female,age 0,-2.4279984210674205e-5
ES432,2002,female,ages 1-79,-0.003796164965006941
ES432,2002,female,ages 80+,-0.005720707505649336
ES432,2002,male,age 0,2.7033525458498354e-4
ES432,2002,male,ages 1-79,-0.01407946855745715
ES432,2002,male,ages 80+,0.0711071833851621
ES432,2002,total,age 0,0.00015667194484563721
ES432,2002,total,ages 1-79,-0.008024054494897981
ES432,2002,total,ages 80+,0.021082112962692846
ES432,2003,female,age 0,2.077839449976061e-4
ES432,2003,female,ages 1-79,-0.003870164544462611
ES432,2003,female,ages 80+,-0.02292365042516474
ES432,2003,male,age 0,2.376415825033098e-4
ES432,2003,male,ages 1-79,-0.013401148382532039
ES432,2003,male,ages 80+,-0.03170354399077618
ES432,2003,total,age 0,2.2285111794222135e-4
ES432,2003,total,ages 1-79,-0.007798765584369965
ES432,2003,total,ages 80+,-0.028099722493161942
ES432,2004,female,age 0,-2.32944719843176e-4
ES432,2004,female,ages 1-79,-0.002448466767017997
ES432,2004,female,ages 80+,-0.02969179656707137
ES432,2004,male,age 0,3.2867209378750485e-5
ES432,2004,male,ages 1-79,-0.01586519328398831
ES432,2004,male,ages 80+,0.005786761830227818
ES432,2004,total,age 0,-6.581744696428283e-5
ES432,2004,total,ages 1-79,-0.008291665393822433
ES432,2004,total,ages 80+,-0.016507360442535327
ES432,2005,female,age 0,7.323154095748496e-5
ES432,2005,female,ages 1-79,-0.0028556409298052055
ES432,2005,female,ages 80+,0.012530558890584872
ES432,2005,male,age 0,1.2858819695373014e-4
ES432,2005,male,ages 1-79,-0.017871984518247317
ES432,2005,male,ages 80+,0.018658045417702596
ES432,2005,total,age 0,1.1200985111144905e-4
ES432,2005,total,ages 1-79,-0.010208986493498608
ES432,2005,total,ages 80+,0.011009339767751912
ES432,2006,female,age 0,-2.2828207853464944e-4
ES432,2006,female,ages 1-79,-0.006852780922998369
ES432,2006,female,ages 80+,-0.005939504137087562
ES432,2006,male,age 0,6.877866071617559e-5
ES432,2006,male,ages 1-79,-0.010246093440386255
ES432,2006,male,ages 80+,0.0031283358471890996
ES432,2006,total,age 0,-2.11308372513768e-5
ES432,2006,total,ages 1-79,-0.00777281241215006
ES432,2006,total,ages 80+,-0.0012497970932965757
ES432,2007,female,age 0,-6.770131848650734e-4
ES432,2007,female,ages 1-79,-0.0038727327192887157
ES432,2007,female,ages 80+,0.01639332286619853
ES432,2007,male,age 0,-1.6972341296534084e-4
ES432,2007,male,ages 1-79,-0.010127424414397814
ES432,2007,male,ages 80+,0.02881175179203356
ES432,2007,total,age 0,-2.7682093859869735e-4
ES432,2007,total,ages 1-79,-0.006460019094197392
ES432,2007,total,ages 80+,0.021745826904923105
ES432,2008,female,age 0,2.6750366873086554e-4
ES432,2008,female,ages 1-79,-0.0039056838671474147
ES432,2008,female,ages 80+,0.02972620285182621
ES432,2008,male,age 0,3.2071909593707476e-4
ES432,2008,male,ages 1-79,-0.011501138790820997
ES432,2008,male,ages 80+,-0.02776022969868048
ES432,2008,total,age 0,2.8891373583607037e-4
ES432,2008,total,ages 1-79,-0.007134066832761311
ES432,2008,total,ages 80+,-4.939852869385933e-4
ES432,2009,female,age 0,4.0253670728399184e-4
ES432,2009,female,ages 1-79,-0.005138354902032759
ES432,2009,female,ages 80+,0.025724467834477086
ES432,2009,male,age 0,-1.2226898502153968e-4
ES432,2009,male,ages 1-79,-0.009003142692557321
ES432,2009,male,ages 80+,0.02426207632316487
ES432,2009,total,age 0,1.329272924401071e-4
ES432,2009,total,ages 1-79,-0.006375298852898507
ES432,2009,total,ages 80+,0.019951296642108277
ES432,2010,female,age 0,-3.165467639575619e-4
ES432,2010,female,ages 1-79,-0.007104632048692208
ES432,2010,female,ages 80+,-0.031176587297463858
ES432,2010,male,age 0,1.99895680020043e-4
ES432,2010,male,ages 1-79,-0.006470297531547974
ES432,2010,male,ages 80+,0.026490978634100503
ES432,2010,total,age 0,-6.171653615408156e-5
ES432,2010,total,ages 1-79,-0.006629832996063901
ES432,2010,total,ages 80+,-0.010657257737291669
ES432,2011,female,age 0,1.6856078656560881e-4
ES432,2011,female,ages 1-79,-0.005276897603775449
ES432,2011,female,ages 80+,0.08041204537512758
ES432,2011,male,age 0,3.1026185247049994e-4
ES432,2011,male,ages 1-79,-0.010381185870528305
ES432,2011,male,ages 80+,-0.006042689258814276
ES432,2011,total,age 0,2.5242069942091577e-4
ES432,2011,total,ages 1-79,-0.007323586539634132
ES432,2011,total,ages 80+,0.0438092111620711
ES432,2012,female,age 0,-3.1237885200851017e-4
ES432,2012,female,ages 1-79,-0.002945273708674532
ES432,2012,female,ages 80+,-0.002443857270936812
ES432,2012,male,age 0,1.9086669995853638e-4
ES432,2012,male,ages 1-79,-0.011189644214827106
ES432,2012,male,ages 80+,0.0032441232565082376
ES432,2012,total,age 0,-4.1893985559089966e-5
ES432,2012,total,ages 1-79,-0.00619197121331598
ES432,2012,total,ages 80+,-4.8904865315026885e-5
ES432,2013,female,age 0,1.7837707615654818e-4
ES432,2013,female,ages 1-79,-0.00585951624320301
ES432,2013,female,ages 80+,0.0524414984868288
ES432,2013,male,age 0,-4.7856768852104674e-5
ES432,2013,male,ages 1-79,-0.010811588120923948
ES432,2013,male,ages 80+,-0.018963265107658844
ES432,2013,total,age 0,6.305937723363965e-5
ES432,2013,total,ages 1-79,-0.007725410908219401
ES432,2013,total,ages 80+,0.021996655111900798
ES432,2014,female,age 0,-4.1338965697845987e-4
ES432,2014,female,ages 1-79,-0.002225629461108238
ES432,2014,female,ages 80+,0.04923714420755032
ES432,2014,male,age 0,1.9680995536669314e-5
ES432,2014,male,ages 1-79,-0.00786364836582615
ES432,2014,male,ages 80+,0.03705303934614387
ES432,2014,total,age 0,-1.9584060065970594e-4
ES432,2014,total,ages 1-79,-0.00450006181582905
ES432,2014,total,ages 80+,0.042195210743279817
ES432,2015,female,age 0,9.08622449269593e-5
ES432,2015,female,ages 1-79,-0.003934614808656031
ES432,2015,female,ages 80+,-0.01521691984021844
ES432,2015,male,age 0,2.4923899086509537e-4
ES432,2015,male,ages 1-79,-0.010609966652024159
ES432,2015,male,ages 80+,-0.007904828475746221
ES432,2015,total,age 0,1.7550259337053341e-4
ES432,2015,total,ages 1-79,-0.007073280754407836
ES432,2015,total,ages 80+,-0.01316599746479893
ES432,2016,female,age 0,5.581231583901463e-5
ES432,2016,female,ages 1-79,-0.004727946029713244
ES432,2016,female,ages 80+,0.05188735594658773
ES432,2016,male,age 0,1.9496114298045132e-4
ES432,2016,male,ages 1-79,-0.018465362777108835
ES432,2016,male,ages 80+,0.06383026161547754
ES432,2016,total,age 0,1.2121150632735824e-4
ES432,2016,total,ages 1-79,-0.011429882675347777
ES432,2016,total,ages 80+,0.05405204375518648
ES432,2017,female,age 0,4.108289276070687e-5
ES432,2017,female,ages 1-79,-0.004872105474315787
ES432,2017,female,ages 80+,0.05785482219962818
ES432,2017,male,age 0,-2.9538001273349837e-4
ES432,2017,male,ages 1-79,-0.008894047453840901
ES432,2017,male,ages 80+,0.04193110060664062
ES432,2017,total,age 0,-1.1861893199867135e-4
ES432,2017,total,ages 1-79,-0.006598801338309581
ES432,2017,total,ages 80+,0.04999671015313401
ES432,2018,female,age 0,-2.847596198803868e-4
ES432,2018,female,ages 1-79,-0.005599721201310867
ES432,2018,female,ages 80+,0.064325766088648
ES432,2018,male,age 0,-6.935830269808024e-4
ES432,2018,male,ages 1-79,-0.005474890624177358
ES432,2018,male,ages 80+,0.052509506031040994
ES432,2018,total,age 0,-2.222932486591504e-4
ES432,2018,total,ages 1-79,-0.005002792385147448
ES432,2018,total,ages 80+,0.056118791317157274
ES432,2019,female,age 0,-2.790553088660956e-4
ES432,2019,female,ages 1-79,-0.00542407127069994
ES432,2019,female,ages 80+,0.06890514465263473
ES432,2019,male,age 0,-2.3721742056776192e-4
ES432,2019,male,ages 1-79,-0.010844061683289552
ES432,2019,male,ages 80+,0.055996318721118356
ES432,2019,total,age 0,-2.1356550154128857e-4
ES432,2019,total,ages 1-79,-0.007536243633015082
ES432,2019,total,ages 80+,0.06086523984241804
ES432,2020,female,age 0,9.470634391487763e-5
ES432,2020,female,ages 1-79,-0.0059008469187677645
ES432,2020,female,ages 80+,4.701370235381952e-4
ES432,2020,male,age 0,1.0152751924830689e-4
ES432,2020,male,ages 1-79,-0.006624921962216352
ES432,2020,male,ages 80+,0.003334906974532677
ES432,2020,total,age 0,1.0084994882078862e-4
ES432,2020,total,ages 1-79,-0.005561694252506894
ES432,2020,total,ages 80+,0.0017012543265524259
ES432,2021,female,age 0,-5.573186662661846e-4
ES432,2021,female,ages 1-79,-0.0048571105389411725
ES432,2021,female,ages 80+,0.07813611062120857
ES432,2021,male,age 0,-8.94310353990585e-4
ES432,2021,male,ages 1-79,-0.007343183288221956
ES432,2021,male,ages 80+,0.02363880183795192
ES432,2021,total,age 0,-7.517754309552183e-4
ES432,2021,total,ages 1-79,-0.005703453275055363
ES432,2021,total,ages 80+,0.052138861148663465
ES432,2022,female,age 0,-2.9549016392353434e-4
ES432,2022,female,ages 1-79,-0.005833465741291087
ES432,2022,female,ages 80+,0.03997345892408824
ES432,2022,male,age 0,2.872506385940266e-4
ES432,2022,male,ages 1-79,-0.011240589198322166
ES432,2022,male,ages 80+,-0.018768302970396243
ES432,2022,total,age 0,-7.850653681586618e-5
ES432,2022,total,ages 1-79,-0.008595337765920297
ES432,2022,total,ages 80+,0.012352765639390091
ES432,2023,female,age 0,2.2359675700666428e-4
ES432,2023,female,ages 1-79,-5.607888040549414e-4
ES432,2023,female,ages 80+,0.09193070944633057
ES432,2023,male,age 0,1.657470612118586e-4
ES432,2023,male,ages 1-79,-0.010927851291577643
ES432,2023,male,ages 80+,0.048380700476856775
ES432,2023,total,age 0,2.219956784472823e-4
ES432,2023,total,ages 1-79,-0.005589087455128851
ES432,2023,total,ages 80+,0.07136004483001387
ES432,2024,female,age 0,-2.773704676103213e-4
ES432,2024,female,ages 1-79,-0.0039132702357419155
ES432,2024,female,ages 80+,0.06279727873029765
ES432,2024,male,age 0,2.5069798622293473e-4
ES432,2024,male,ages 1-79,-0.007668816323287223
ES432,2024,male,ages 80+,0.06278059789872699
ES432,2024,total,age 0,-9.651315591658609e-6
ES432,2024,total,ages 1-79,-0.005138353408345132
ES432,2024,total,ages 80+,0.06418919585687105
ES511,2002,female,age 0,-4.3149967715229445e-5
ES511,2002,female,ages 1-79,-0.004471507211355837
ES511,2002,female,ages 80+,-0.01278100291476434
ES511,2002,male,age 0,1.0271751625667453e-4
ES511,2002,male,ages 1-79,-0.013239553904364288
ES511,2002,male,ages 80+,-0.01343476981898304
ES511,2002,total,age 0,3.673333488527378e-5
ES511,2002,total,ages 1-79,-0.008175709764399174
ES511,2002,total,ages 80+,-0.012808473797190358
ES511,2003,female,age 0,4.908170054343759e-5
ES511,2003,female,ages 1-79,-0.0060623233913743475
ES511,2003,female,ages 80+,-0.04172154241378694
ES511,2003,male,age 0,6.520794991966279e-5
ES511,2003,male,ages 1-79,-0.015720155572707072
ES511,2003,male,ages 80+,-0.028324198541542604
ES511,2003,total,age 0,5.7441262018840884e-5
ES511,2003,total,ages 1-79,-0.010218064905296349
ES511,2003,total,ages 80+,-0.034837012123726925
ES511,2004,female,age 0,6.99526052797144e-5
ES511,2004,female,ages 1-79,-0.004119177655405648
ES511,2004,female,ages 80+,0.0013710744021353596
ES511,2004,male,age 0,-2.5636070212261342e-5
ES511,2004,male,ages 1-79,-0.013701495179073134
ES511,2004,male,ages 80+,-0.013126484927278768
ES511,2004,total,age 0,2.090496763732551e-5
ES511,2004,total,ages 1-79,-0.008414063956927979
ES511,2004,total,ages 80+,-0.004403000803326455
ES511,2005,female,age 0,-5.5902657333567224e-5
ES511,2005,female,ages 1-79,-0.004609687290376893
ES511,2005,female,ages 80+,-0.003491313760493022
ES511,2005,male,age 0,2.1709528429741057e-5
ES511,2005,male,ages 1-79,-0.011738496112368699
ES511,2005,male,ages 80+,-0.00563314476390505
ES511,2005,total,age 0,-1.5670663573204147e-5
ES511,2005,total,ages 1-79,-0.007719501478631698
ES511,2005,total,ages 80+,-0.0036222593308761885
ES511,2006,female,age 0,-1.6699183681098396e-4
ES511,2006,female,ages 1-79,-0.00422174353552138
ES511,2006,female,ages 80+,0.007441273416975626
ES511,2006,male,age 0,-8.423953987160815e-6
ES511,2006,male,ages 1-79,-0.013266213065347018
ES511,2006,male,ages 80+,-0.011858038192859147
ES511,2006,total,age 0,-8.90320088832244e-5
ES511,2006,total,ages 1-79,-0.008125454375925233
ES511,2006,total,ages 80+,2.1692409886784822e-4
ES511,2007,female,age 0,-3.846481150086872e-6
ES511,2007,female,ages 1-79,-0.004830161260044593
ES511,2007,female,ages 80+,-0.004241721935962551
ES511,2007,male,age 0,-1.4908954233826852e-5
ES511,2007,male,ages 1-79,-0.012608195919574523
ES511,2007,male,ages 80+,-0.011230000890628285
ES511,2007,total,age 0,-1.2257646820967987e-5
ES511,2007,total,ages 1-79,-0.008204506787604808
ES511,2007,total,ages 80+,-0.00671785462538093
ES511,2008,female,age 0,-2.6044905110358533e-5
ES511,2008,female,ages 1-79,-0.00505078225768559
ES511,2008,female,ages 80+,0.004379622236356857
ES511,2008,male,age 0,-1.8073994363170278e-6
ES511,2008,male,ages 1-79,-0.010792363023791912
ES511,2008,male,ages 80+,-0.021429702422874817
ES511,2008,total,age 0,-1.4647029575504332e-5
ES511,2008,total,ages 1-79,-0.007450759059650395
ES511,2008,total,ages 80+,-0.005897163602576465
ES511,2009,female,age 0,1.2755761741344636e-5
ES511,2009,female,ages 1-79,-0.004838993461714961
ES511,2009,female,ages 80+,0.017732481235830676
ES511,2009,male,age 0,5.458595855627843e-5
ES511,2009,male,ages 1-79,-0.011055704742053134
ES511,2009,male,ages 80+,1.3666076383483938e-4
ES511,2009,total,age 0,3.5456743999387835e-5
ES511,2009,total,ages 1-79,-0.007411566050190015
ES511,2009,total,ages 80+,0.009960649019565351
ES511,2010,female,age 0,1.2182642117869753e-5
ES511,2010,female,ages 1-79,-0.00458126161053656
ES511,2010,female,ages 80+,0.04576201240868302
ES511,2010,male,age 0,4.54981013773084e-5
ES511,2010,male,ages 1-79,-0.009386955036401825
ES511,2010,male,ages 80+,2.5262932406920624e-5
ES511,2010,total,age 0,2.9392514417477927e-5
ES511,2010,total,ages 1-79,-0.006362580221145387
ES511,2010,total,ages 80+,0.025718633056050558
ES511,2011,female,age 0,3.513318730554954e-5
ES511,2011,female,ages 1-79,-0.004457106361213379
ES511,2011,female,ages 80+,0.011539942212896039
ES511,2011,male,age 0,5.137114350602836e-5
ES511,2011,male,ages 1-79,-0.010567349695640466
ES511,2011,male,ages 80+,-0.009511902022424919
ES511,2011,total,age 0,4.345759202363926e-5
ES511,2011,total,ages 1-79,-0.007005767712032097
ES511,2011,total,ages 80+,0.002926911383794698
ES511,2012,female,age 0,2.5200425460751166e-5
ES511,2012,female,ages 1-79,-0.0040142992738581565
ES511,2012,female,ages 80+,0.013569432685314759
ES511,2012,male,age 0,3.147113900423529e-5
ES511,2012,male,ages 1-79,-0.008121975090009947
ES511,2012,male,ages 80+,-0.016408578238819402
ES511,2012,total,age 0,2.8169315781428344e-5
ES511,2012,total,ages 1-79,-0.005742151754544142
ES511,2012,total,ages 80+,6.764254483033819e-4
ES511,2013,female,age 0,7.959488528546102e-6
ES511,2013,female,ages 1-79,-0.004345599909234511
ES511,2013,female,ages 80+,0.029896576597805487
ES511,2013,male,age 0,9.678640979713884e-6
ES511,2013,male,ages 1-79,-0.01130651921506934
ES511,2013,male,ages 80+,0.013337084826942673
ES511,2013,total,age 0,1.0638390394090036e-5
ES511,2013,total,ages 1-79,-0.007390385760674945
ES511,2013,total,ages 80+,0.021709059344299474
ES511,2014,female,age 0,7.696693390413292e-6
ES511,2014,female,ages 1-79,-0.004072141191692649
ES511,2014,female,ages 80+,0.0477808116597261
ES511,2014,male,age 0,-2.2851895348114756e-5
ES511,2014,male,ages 1-79,-0.011144272194643135
ES511,2014,male,ages 80+,-0.005852554644355561
ES511,2014,total,age 0,-7.425290127374213e-6
ES511,2014,total,ages 1-79,-0.007086029224174394
ES511,2014,total,ages 80+,0.024782258944918235
ES511,2015,female,age 0,3.7933773328630947e-6
ES511,2015,female,ages 1-79,-0.003827263894664998
ES511,2015,female,ages 80+,0.014276814684302974
ES511,2015,male,age 0,1.0657275417969979e-4
ES511,2015,male,ages 1-79,-0.009331507642123055
ES511,2015,male,ages 80+,3.743338182012057e-5
ES511,2015,total,age 0,5.873899851212928e-5
ES511,2015,total,ages 1-79,-0.006092866841338066
ES511,2015,total,ages 80+,0.008378664772493515
ES511,2016,female,age 0,1.5250947857843e-7
ES511,2016,female,ages 1-79,-0.0035610491946127137
ES511,2016,female,ages 80+,0.04260073241478518
ES511,2016,male,age 0,-1.5534795622765733e-5
ES511,2016,male,ages 1-79,-0.009143975262418683
ES511,2016,male,ages 80+,0.004459668283265626
ES511,2016,total,age 0,-7.850091358389476e-6
ES511,2016,total,ages 1-79,-0.005977873462506264
ES511,2016,total,ages 80+,0.025661285495148786
ES511,2017,female,age 0,-2.2464870189563643e-5
ES511,2017,female,ages 1-79,-0.003099480156531784
ES511,2017,female,ages 80+,0.03508871667564159
ES511,2017,male,age 0,8.744393629488107e-5
ES511,2017,male,ages 1-79,-0.0093582095962178
ES511,2017,male,ages 80+,0.012935062867675234
ES511,2017,total,age 0,3.433259023183423e-5
ES511,2017,total,ages 1-79,-0.005894410281721399
ES511,2017,total,ages 80+,0.02562716830508751
ES511,2018,female,age 0,2.5782144464228738e-5
ES511,2018,female,ages 1-79,-0.0031009038975589693
ES511,2018,female,ages 80+,0.04226385785571362
ES511,2018,male,age 0,-1.655368368468613e-5
ES511,2018,male,ages 1-79,-0.008858537769798492
ES511,2018,male,ages 80+,0.01955720903296973
ES511,2018,total,age 0,3.6539703014745085e-6
ES511,2018,total,ages 1-79,-0.005620233209187093
ES511,2018,total,ages 80+,0.03141463159669823
ES511,2019,female,age 0,7.341438047511933e-5
ES511,2019,female,ages 1-79,-0.0032078709687545395
ES511,2019,female,ages 80+,0.07525651552100579
ES511,2019,male,age 0,1.210617439136774e-4
ES511,2019,male,ages 1-79,-0.007912521734980504
ES511,2019,male,ages 80+,0.02704608073694574
ES511,2019,total,age 0,9.840246456943802e-5
ES511,2019,total,ages 1-79,-0.0051954704824719224
ES511,2019,total,ages 80+,0.053418352014143855
ES511,2020,female,age 0,-7.610988687021168e-5
ES511,2020,female,ages 1-79,-0.0026977784773129566
ES511,2020,female,ages 80+,-0.014747139291945186
ES511,2020,male,age 0,5.955401010730655e-5
ES511,2020,male,ages 1-79,-0.00836711401997078
ES511,2020,male,ages 80+,-0.009813198956082538
ES511,2020,total,age 0,-7.652167031587194e-6
ES511,2020,total,ages 1-79,-0.005255679504239429
ES511,2020,total,ages 80+,-0.012132593712830419
ES511,2021,female,age 0,-3.1697474527357504e-5
ES511,2021,female,ages 1-79,-0.003940461033231079
ES511,2021,female,ages 80+,0.0773433594153064
ES511,2021,male,age 0,-2.6255409173925182e-6
ES511,2021,male,ages 1-79,-0.00888500147520461
ES511,2021,male,ages 80+,0.012090986423819339
ES511,2021,total,age 0,-1.5794717152857625e-5
ES511,2021,total,ages 1-79,-0.00608739614845653
ES511,2021,total,ages 80+,0.04673247986914657
ES511,2022,female,age 0,8.41064427016481e-5
ES511,2022,female,ages 1-79,-0.002611211411023799
ES511,2022,female,ages 80+,0.016567165559481345
ES511,2022,male,age 0,1.1082229678174076e-4
ES511,2022,male,ages 1-79,-0.009544973443753456
ES511,2022,male,ages 80+,-0.008914288244388353
ES511,2022,total,age 0,9.778810336414753e-5
ES511,2022,total,ages 1-79,-0.005791086140837819
ES511,2022,total,ages 80+,0.005215752172249306
ES511,2023,female,age 0,-3.0209931388721053e-5
ES511,2023,female,ages 1-79,-0.0029701248324435223
ES511,2023,female,ages 80+,0.06361771557423324
ES511,2023,male,age 0,1.1756664007589124e-5
ES511,2023,male,ages 1-79,-0.008842754285008535
ES511,2023,male,ages 80+,0.012786109745493393
ES511,2023,total,age 0,-8.808045770641635e-6
ES511,2023,total,ages 1-79,-0.005489168457377274
ES511,2023,total,ages 80+,0.04146699767221136
ES511,2024,female,age 0,-1.0040945023945608e-4
ES511,2024,female,ages 1-79,-0.003060402328293673
ES511,2024,female,ages 80+,0.03980348609689899
ES511,2024,male,age 0,4.626715637301058e-5
ES511,2024,male,ages 1-79,-0.006903181680792319
ES511,2024,male,ages 80+,0.029990772421902314
ES511,2024,total,age 0,-2.0964429042762978e-5
ES511,2024,total,ages 1-79,-0.00478946077988402
ES511,2024,total,ages 80+,0.03509294693409377
ES512,2002,female,age 0,1.2580779799163251e-4
ES512,2002,female,ages 1-79,-0.006181028026205685
ES512,2002,female,ages 80+,-7.4752323632508e-4
ES512,2002,male,age 0,1.07343410507459e-4
ES512,2002,male,ages 1-79,-0.01414452210120634
ES512,2002,male,ages 80+,-0.002814234117648938
ES512,2002,total,age 0,1.3651673370440324e-4
ES512,2002,total,ages 1-79,-0.009925793295364065
ES512,2002,total,ages 80+,-0.0017424173592635438
ES512,2003,female,age 0,-3.5042824746816395e-5
ES512,2003,female,ages 1-79,-0.006056492977326464
ES512,2003,female,ages 80+,-0.014497213023007726
ES512,2003,male,age 0,2.752060150345427e-5
ES512,2003,male,ages 1-79,-0.009992138927271533
ES512,2003,male,ages 80+,-0.012590169045408396
ES512,2003,total,age 0,-3.09700388781329e-6
ES512,2003,total,ages 1-79,-0.007268828498884785
ES512,2003,total,ages 80+,-0.014414800583151775
ES512,2004,female,age 0,9.900083701550935e-5
ES512,2004,female,ages 1-79,-0.006088874284217468
ES512,2004,female,ages 80+,0.008922063777063168
ES512,2004,male,age 0,-2.538144903687702e-4
ES512,2004,male,ages 1-79,-0.012138890924524137
ES512,2004,male,ages 80+,-0.010952026778428164
ES512,2004,total,age 0,-5.909313015202693e-5
ES512,2004,total,ages 1-79,-0.00853541218993582
ES512,2004,total,ages 80+,-1.9171431415139842e-4
ES512,2005,female,age 0,-1.0958938480091915e-4
ES512,2005,female,ages 1-79,-0.002880914609937619
ES512,2005,female,ages 80+,-0.030994155084191653
ES512,2005,male,age 0,-3.9620690731465995e-4
ES512,2005,male,ages 1-79,-0.008733410068302097
ES512,2005,male,ages 80+,0.02139048458877912
ES512,2005,total,age 0,-2.2214000770654743e-4
ES512,2005,total,ages 1-79,-0.005597788611402074
ES512,2005,total,ages 80+,-0.008322994136147639
ES512,2006,female,age 0,1.565852056139902e-4
ES512,2006,female,ages 1-79,-0.0065404345618966155
ES512,2006,female,ages 80+,0.04087420574748644
ES512,2006,male,age 0,1.1497363103833469e-4
ES512,2006,male,ages 1-79,-0.014532850639138947
ES512,2006,male,ages 80+,0.003865523060752697
ES512,2006,total,age 0,1.384618461080469e-4
ES512,2006,total,ages 1-79,-0.01032606518226371
ES512,2006,total,ages 80+,0.023014340414785193
ES512,2007,female,age 0,-1.9648994116483465e-4
ES512,2007,female,ages 1-79,-0.001901218748258702
ES512,2007,female,ages 80+,-0.010515501274931872
ES512,2007,male,age 0,-3.993593777804862e-5
ES512,2007,male,ages 1-79,-0.013871775936992597
ES512,2007,male,ages 80+,-0.01999713846715377
ES512,2007,total,age 0,-1.1706329853855671e-4
ES512,2007,total,ages 1-79,-0.007834651273782457
ES512,2007,total,ages 80+,-0.014784884482210502
ES512,2008,female,age 0,-7.922307632558472e-5
ES512,2008,female,ages 1-79,-0.005769054115915065
ES512,2008,female,ages 80+,-0.006168460710410363
ES512,2008,male,age 0,1.3946083578226097e-4
ES512,2008,male,ages 1-79,-0.012693370408863158
ES512,2008,male,ages 80+,0.026405738821512637
ES512,2008,total,age 0,3.120805002410182e-5
ES512,2008,total,ages 1-79,-0.008714219328489693
ES512,2008,total,ages 80+,0.0067472536477341735
ES512,2009,female,age 0,-2.1482796880483018e-4
ES512,2009,female,ages 1-79,-0.007835932159403747
ES512,2009,female,ages 80+,0.023950264239151788
ES512,2009,male,age 0,-2.4616192590743466e-5
ES512,2009,male,ages 1-79,-0.015031324533716427
ES512,2009,male,ages 80+,0.02815972371700269
ES512,2009,total,age 0,-1.150136575810453e-4
ES512,2009,total,ages 1-79,-0.010991187606099916
ES512,2009,total,ages 80+,0.023838792885807692
ES512,2010,female,age 0,1.2721523111192584e-4
ES512,2010,female,ages 1-79,-0.0064495031108432535
ES512,2010,female,ages 80+,0.06445757094173904
ES512,2010,male,age 0,4.6435626122046596e-5
ES512,2010,male,ages 1-79,-0.009739052257804168
ES512,2010,male,ages 80+,-0.016845815287877788
ES512,2010,total,age 0,8.735428918134165e-5
ES512,2010,total,ages 1-79,-0.007351856040128372
ES512,2010,total,ages 80+,0.028253330561128442
ES512,2011,female,age 0,2.2874704004283828e-4
ES512,2011,female,ages 1-79,-0.00286465422040352
ES512,2011,female,ages 80+,0.041611404110990076
ES512,2011,male,age 0,-2.1912333628271272e-4
ES512,2011,male,ages 1-79,-0.013970380089403404
ES512,2011,male,ages 80+,0.016150749220468597
ES512,2011,total,age 0,-2.293794701045557e-6
ES512,2011,total,ages 1-79,-0.007976798084537677
ES512,2011,total,ages 80+,0.029340269513454413
ES512,2012,female,age 0,-3.6722553273637064e-4
ES512,2012,female,ages 1-79,-0.005060921619860698
ES512,2012,female,ages 80+,0.01446537925518378
ES512,2012,male,age 0,-1.4378278843365597e-4
ES512,2012,male,ages 1-79,-0.010034785147012924
ES512,2012,male,ages 80+,-0.02354587882202448
ES512,2012,total,age 0,-2.598334286635101e-4
ES512,2012,total,ages 1-79,-0.007100752916304695
ES512,2012,total,ages 80+,-4.426570807893205e-4
ES512,2013,female,age 0,-1.180512272524425e-5
ES512,2013,female,ages 1-79,-0.0057565084400499665
ES512,2013,female,ages 80+,0.0542740134835957
ES512,2013,male,age 0,1.853333827570075e-4
ES512,2013,male,ages 1-79,-0.009004233357894843
ES512,2013,male,ages 80+,0.0014634007895521616
ES512,2013,total,age 0,9.188867700200727e-5
ES512,2013,total,ages 1-79,-0.006912630144115035
ES512,2013,total,ages 80+,0.03265824989188314
ES512,2014,female,age 0,-3.7536992076593484e-5
ES512,2014,female,ages 1-79,-0.003927213745704214
ES512,2014,female,ages 80+,0.0776218929784092
ES512,2014,male,age 0,3.517500976262647e-4
ES512,2014,male,ages 1-79,-0.010571163077642463
ES512,2014,male,ages 80+,0.0076367944658856275
ES512,2014,total,age 0,1.6834459775016465e-4
ES512,2014,total,ages 1-79,-0.00719239422988055
ES512,2014,total,ages 80+,0.04671862702710046
ES512,2015,female,age 0,-1.462187320294632e-4
ES512,2015,female,ages 1-79,-0.006550437163753046
ES512,2015,female,ages 80+,0.013851281242426652
ES512,2015,male,age 0,5.010887490081583e-5
ES512,2015,male,ages 1-79,-0.006775191516430791
ES512,2015,male,ages 80+,0.016408722584751633
ES512,2015,total,age 0,-3.290452596583851e-5
ES512,2015,total,ages 1-79,-0.00614954189632821
ES512,2015,total,ages 80+,0.014646945798916289
ES512,2016,female,age 0,1.1594131642932009e-4
ES512,2016,female,ages 1-79,-0.0011068250760783683
ES512,2016,female,ages 80+,0.0647307323841351
ES512,2016,male,age 0,-1.2035237591349971e-4
ES512,2016,male,ages 1-79,-0.010356288997421931
ES512,2016,male,ages 80+,0.006531222362445348
ES512,2016,total,age 0,-4.2899589537699295e-5
ES512,2016,total,ages 1-79,-0.005193970257096061
ES512,2016,total,ages 80+,0.03778602311160935
ES512,2017,female,age 0,-1.609426667888951e-4
ES512,2017,female,ages 1-79,-0.003727415462201872
ES512,2017,female,ages 80+,0.0598436019000846
ES512,2017,male,age 0,-4.641183241304944e-5
ES512,2017,male,ages 1-79,-0.006665674357236669
ES512,2017,male,ages 80+,0.049112549500858374
ES512,2017,total,age 0,-1.0294557094551093e-4
ES512,2017,total,ages 1-79,-0.005222631912901474
ES512,2017,total,ages 80+,0.05345839113644267
ES512,2018,female,age 0,1.7372552266744812e-4
ES512,2018,female,ages 1-79,-0.00482247899691254
ES512,2018,female,ages 80+,0.06289010491272615
ES512,2018,male,age 0,2.16404996727544e-4
ES512,2018,male,ages 1-79,-0.0067626781159568624
ES512,2018,male,ages 80+,-0.004393933731629813
ES512,2018,total,age 0,1.9383202378568762e-4
ES512,2018,total,ages 1-79,-0.0056467586766643825
ES512,2018,total,ages 80+,0.03374918347983392
ES512,2019,female,age 0,9.377587873345483e-5
ES512,2019,female,ages 1-79,-0.006355017911791708
ES512,2019,female,ages 80+,0.06467929237630052
ES512,2019,male,age 0,5.307612889905082e-5
ES512,2019,male,ages 1-79,-0.00824245347537544
ES512,2019,male,ages 80+,0.032204900304164716
ES512,2019,total,age 0,5.237342269540374e-5
ES512,2019,total,ages 1-79,-0.00698902066924511
ES512,2019,total,ages 80+,0.05009742556031192
ES512,2020,female,age 0,8.464902978328495e-6
ES512,2020,female,ages 1-79,-0.001995979388081447
ES512,2020,female,ages 80+,-0.003023750868588665
ES512,2020,male,age 0,1.3574082117549682e-4
ES512,2020,male,ages 1-79,-0.01440343217540178
ES512,2020,male,ages 80+,6.323150824430641e-4
ES512,2020,total,age 0,8.989548736621918e-5
ES512,2020,total,ages 1-79,-0.007851302767223067
ES512,2020,total,ages 80+,-0.0010573878258541523
ES512,2021,female,age 0,2.412766739795864e-5
ES512,2021,female,ages 1-79,-0.001602890413332983
ES512,2021,female,ages 80+,0.04952276753194993
ES512,2021,male,age 0,-2.644650052369508e-6
ES512,2021,male,ages 1-79,-0.012996150989748777
ES512,2021,male,ages 80+,0.019422667162685738
ES512,2021,total,age 0,1.0122837071387939e-5
ES512,2021,total,ages 1-79,-0.007076778100146196
ES512,2021,total,ages 80+,0.03899992854960369
ES512,2022,female,age 0,-1.4573389532071334e-4
ES512,2022,female,ages 1-79,-0.00782911129174774
ES512,2022,female,ages 80+,-0.006436831816863237
ES512,2022,male,age 0,-8.801609710544787e-6
ES512,2022,male,ages 1-79,-0.005434032988476709
ES512,2022,male,ages 80+,0.006934998948711475
ES512,2022,total,age 0,-7.293703346224319e-5
ES512,2022,total,ages 1-79,-0.0061109390279471855
ES512,2022,total,ages 80+,-0.0030193000809372334
ES512,2023,female,age 0,2.06295429747983e-4
ES512,2023,female,ages 1-79,-0.003362720107582347
ES512,2023,female,ages 80+,0.03255405664607291
ES512,2023,male,age 0,2.2004448104216286e-4
ES512,2023,male,ages 1-79,-0.006131044560060665
ES512,2023,male,ages 80+,1.5541912964600613e-4
ES512,2023,total,age 0,2.1308622495700842e-4
ES512,2023,total,ages 1-79,-0.004214837682623563
ES512,2023,total,ages 80+,0.019098051746938377
ES512,2024,female,age 0,-6.189165345823022e-5
ES512,2024,female,ages 1-79,-0.00522371218376553
ES512,2024,female,ages 80+,-0.023864702974649765
ES512,2024,male,age 0,-1.109521539753091e-4
ES512,2024,male,ages 1-79,-0.006963472716394074
ES512,2024,male,ages 80+,0.0413054866243525
ES512,2024,total,age 0,-9.247924755858739e-5
ES512,2024,total,ages 1-79,-0.005516747311211207
ES512,2024,total,ages 80+,9.025864946941567e-4
ES513,2002,female,age 0,-1.3739990113700477e-4
ES513,2002,female,ages 1-79,-0.010018486885350708
ES513,2002,female,ages 80+,0.010281300411829359
ES513,2002,male,age 0,-7.574189131602928e-4
ES513,2002,male,ages 1-79,-0.010547182428529926
ES513,2002,male,ages 80+,-0.008602573332952713
ES513,2002,total,age 0,-4.133476931090525e-4
ES513,2002,total,ages 1-79,-0.010102292269360099
ES513,2002,total,ages 80+,-6.715030211401109e-4
ES513,2003,female,age 0,-2.978338853219452e-4
ES513,2003,female,ages 1-79,-0.006927490278276387
ES513,2003,female,ages 80+,-0.029694692209382208
ES513,2003,male,age 0,-6.70863011301338e-5
ES513,2003,male,ages 1-79,-0.017042535489763883
ES513,2003,male,ages 80+,-0.008457678353458054
ES513,2003,total,age 0,-1.6355141066999563e-4
ES513,2003,total,ages 1-79,-0.011136277893794278
ES513,2003,total,ages 80+,-0.024531909701734043
ES513,2004,female,age 0,1.6159950426263117e-4
ES513,2004,female,ages 1-79,-0.00924435249024866
ES513,2004,female,ages 80+,0.02735070264529117
ES513,2004,male,age 0,1.983021234734132e-4
ES513,2004,male,ages 1-79,-0.01090021074429124
ES513,2004,male,ages 80+,-0.014694170117064292
ES513,2004,total,age 0,1.5891631900959833e-4
ES513,2004,total,ages 1-79,-0.009671941407320342
ES513,2004,total,ages 80+,0.005841445387581641
ES513,2005,female,age 0,1.652722798306902e-4
ES513,2005,female,ages 1-79,-0.003243075133962793
ES513,2005,female,ages 80+,-0.002502504770821607
ES513,2005,male,age 0,-2.4957140299081116e-4
ES513,2005,male,ages 1-79,-0.00817188071100163
ES513,2005,male,ages 80+,-0.0028482601776554915
ES513,2005,total,age 0,-7.433911986138513e-5
ES513,2005,total,ages 1-79,-0.0046698822484614825
ES513,2005,total,ages 80+,-0.0035558713430605656
ES513,2006,female,age 0,8.110912377309924e-5
ES513,2006,female,ages 1-79,-0.010847927923591448
ES513,2006,female,ages 80+,-0.007413610436918825
ES513,2006,male,age 0,-1.0652890528632815e-4
ES513,2006,male,ages 1-79,-0.014284026917215215
ES513,2006,male,ages 80+,-0.01501428295847178
ES513,2006,total,age 0,-2.425880785583527e-5
ES513,2006,total,ages 1-79,-0.012293109680322057
ES513,2006,total,ages 80+,-0.00935076248855603
ES513,2007,female,age 0,-2.5051843103518137e-4
ES513,2007,female,ages 1-79,-0.00659261664818091
ES513,2007,female,ages 80+,-0.018234762718474105
ES513,2007,male,age 0,-5.906909703728697e-4
ES513,2007,male,ages 1-79,-0.011719488770807852
ES513,2007,male,ages 80+,-0.011835091247599495
ES513,2007,total,age 0,-4.84876568212657e-4
ES513,2007,total,ages 1-79,-0.00810345690141472
ES513,2007,total,ages 80+,-0.0167078248002217
ES513,2008,female,age 0,2.4670160656981293e-4
ES513,2008,female,ages 1-79,-0.007615235327467248
ES513,2008,female,ages 80+,-0.0382441326820284
ES513,2008,male,age 0,-1.5942922934492824e-4
ES513,2008,male,ages 1-79,-0.011253901021082513
ES513,2008,male,ages 80+,-0.00535412917604099
ES513,2008,total,age 0,4.052270600224721e-5
ES513,2008,total,ages 1-79,-0.008683524746600542
ES513,2008,total,ages 80+,-0.02128320223862357
ES513,2009,female,age 0,-1.7104079721194212e-4
ES513,2009,female,ages 1-79,-0.0021494728089277355
ES513,2009,female,ages 80+,0.0010081828393529411
ES513,2009,male,age 0,1.5007490237679033e-4
ES513,2009,male,ages 1-79,-0.012777613559274311
ES513,2009,male,ages 80+,-0.02552910539107746
ES513,2009,total,age 0,1.7529546834631102e-5
ES513,2009,total,ages 1-79,-0.006741304296026892
ES513,2009,total,ages 80+,-0.011824452244466207
ES513,2010,female,age 0,-4.37367506498691e-5
ES513,2010,female,ages 1-79,-0.0017118721634336383
ES513,2010,female,ages 80+,0.04043487281190178
ES513,2010,male,age 0,2.0386393063676067e-4
ES513,2010,male,ages 1-79,-0.007853739072171914
ES513,2010,male,ages 80+,-7.887597991565638e-4
ES513,2010,total,age 0,9.183526166747988e-5
ES513,2010,total,ages 1-79,-0.004559705277155522
ES513,2010,total,ages 80+,0.016598748682136608
ES513,2011,female,age 0,9.149521069405338e-5
ES513,2011,female,ages 1-79,-0.0074487623587323314
ES513,2011,female,ages 80+,0.019509899810449
ES513,2011,male,age 0,-1.6075367206623217e-4
ES513,2011,male,ages 1-79,-0.014367170264457592
ES513,2011,male,ages 80+,-0.012867919663380849
ES513,2011,total,age 0,-3.838524631139395e-5
ES513,2011,total,ages 1-79,-0.010734553417781591
ES513,2011,total,ages 80+,0.0029166375411456037
ES513,2012,female,age 0,-1.5566151557036648e-4
ES513,2012,female,ages 1-79,-0.004687767466997129
ES513,2012,female,ages 80+,0.003176240469216836
ES513,2012,male,age 0,-3.0330717955645613e-4
ES513,2012,male,ages 1-79,-0.006572067454978021
ES513,2012,male,ages 80+,-0.033454527024361615
ES513,2012,total,age 0,-2.3021784940546345e-4
ES513,2012,total,ages 1-79,-0.005073775108669006
ES513,2012,total,ages 80+,-0.011265324506130183
ES513,2013,female,age 0,7.68966934024685e-5
ES513,2013,female,ages 1-79,-0.0028545524276406887
ES513,2013,female,ages 80+,0.12322265234161486
ES513,2013,male,age 0,-1.1664080019995786e-4
ES513,2013,male,ages 1-79,-0.007950576722160754
ES513,2013,male,ages 80+,-0.011751899082529684
ES513,2013,total,age 0,-2.0616567968729245e-5
ES513,2013,total,ages 1-79,-0.005251131502405837
ES513,2013,total,ages 80+,0.05797250716175209
ES513,2014,female,age 0,6.119999469734304e-7
ES513,2014,female,ages 1-79,-0.0056074747203511644
ES513,2014,female,ages 80+,0.0676457052535804
ES513,2014,male,age 0,3.3992391753934382e-6
ES513,2014,male,ages 1-79,-0.00871788304426723
ES513,2014,male,ages 80+,-0.004262183900487982
ES513,2014,total,age 0,3.923158611415007e-6
ES513,2014,total,ages 1-79,-0.0067941158799953456
ES513,2014,total,ages 80+,0.034115330277879
ES513,2015,female,age 0,-2.3874121021794851e-4
ES513,2015,female,ages 1-79,-0.005209293083027058
ES513,2015,female,ages 80+,0.0017124356100206243
ES513,2015,male,age 0,-4.58166636511489e-4
ES513,2015,male,ages 1-79,-0.011390407170620783
ES513,2015,male,ages 80+,0.012931964847100366
ES513,2015,total,age 0,-3.674463753956436e-4
ES513,2015,total,ages 1-79,-0.008009328652865768
ES513,2015,total,ages 80+,0.003439982304242393
ES513,2016,female,age 0,1.1991087955219438e-4
ES513,2016,female,ages 1-79,-0.0028257498344327944
ES513,2016,female,ages 80+,0.0727280417705932
ES513,2016,male,age 0,2.4112808399709778e-4
ES513,2016,male,ages 1-79,-0.012195715681833337
ES513,2016,male,ages 80+,0.04542387218974369
ES513,2016,total,age 0,1.8717542964127946e-4
ES513,2016,total,ages 1-79,-0.006932444199982029
ES513,2016,total,ages 80+,0.05545872699879862
ES513,2017,female,age 0,2.2643847417643702e-4
ES513,2017,female,ages 1-79,-0.006252258199627797
ES513,2017,female,ages 80+,-0.006453977637905661
ES513,2017,male,age 0,1.4175771651203038e-5
ES513,2017,male,ages 1-79,-0.0049144359849824515
ES513,2017,male,ages 80+,0.0031217900539517803
ES513,2017,total,age 0,1.1255946073226644e-4
ES513,2017,total,ages 1-79,-0.004738312963071449
ES513,2017,total,ages 80+,-5.514210078805264e-4
ES513,2018,female,age 0,-1.984763477497737e-4
ES513,2018,female,ages 1-79,-0.0035689964745940495
ES513,2018,female,ages 80+,0.06523831920157845
ES513,2018,male,age 0,0
ES513,2018,male,ages 1-79,-0.006906022575270887
ES513,2018,male,ages 80+,0.01612855033516536
ES513,2018,total,age 0,-1.1522501086178792e-4
ES513,2018,total,ages 1-79,-0.0049856641185154265
ES513,2018,total,ages 80+,0.04111857961424508
ES513,2019,female,age 0,1.6580991604069658e-4
ES513,2019,female,ages 1-79,-0.0024031334450020122
ES513,2019,female,ages 80+,0.03342035277849686
ES513,2019,male,age 0,1.1786907938149518e-4
ES513,2019,male,ages 1-79,-0.015667975903241153
ES513,2019,male,ages 80+,0.021060770563564292
ES513,2019,total,age 0,1.4014350471854237e-4
ES513,2019,total,ages 1-79,-0.009013826357177589
ES513,2019,total,ages 80+,0.026612849112191264
ES513,2020,female,age 0,-3.987308981019793e-5
ES513,2020,female,ages 1-79,-0.004317325877464657
ES513,2020,female,ages 80+,-0.03403274552565627
ES513,2020,male,age 0,-4.889647796376721e-5
ES513,2020,male,ages 1-79,-0.009878824549800684
ES513,2020,male,ages 80+,-0.021145574899498917
ES513,2020,total,age 0,-8.791203277497506e-5
ES513,2020,total,ages 1-79,-0.00697136881496026
ES513,2020,total,ages 80+,-0.02792911672663358
ES513,2021,female,age 0,1.4630484330165145e-4
ES513,2021,female,ages 1-79,-0.0033355819620035265
ES513,2021,female,ages 80+,-0.005491139999297942
ES513,2021,male,age 0,2.6672131439615964e-5
ES513,2021,male,ages 1-79,-0.013827853588418544
ES513,2021,male,ages 80+,0.006425370127994205
ES513,2021,total,age 0,8.822977590420605e-5
ES513,2021,total,ages 1-79,-0.008006612167955156
ES513,2021,total,ages 80+,9.148524496336644e-4
ES513,2022,female,age 0,-3.106846388999271e-4
ES513,2022,female,ages 1-79,-0.0033530864280044326
ES513,2022,female,ages 80+,0.037326990509200776
ES513,2022,male,age 0,-2.0411218695719327e-4
ES513,2022,male,ages 1-79,-0.005004521991900569
ES513,2022,male,ages 80+,0.01661456586684747
ES513,2022,total,age 0,-2.612720067713016e-4
ES513,2022,total,ages 1-79,-0.0038119627098391123
ES513,2022,total,ages 80+,0.02867355647446221
ES513,2023,female,age 0,2.418926320251994e-5
ES513,2023,female,ages 1-79,-2.698510681259854e-4
ES513,2023,female,ages 80+,0.04126882122211774
ES513,2023,male,age 0,2.159802974310673e-4
ES513,2023,male,ages 1-79,-0.012492587574542784
ES513,2023,male,ages 80+,-0.016922654073176994
ES513,2023,total,age 0,1.1829536060324643e-4
ES513,2023,total,ages 1-79,-0.006459409645223796
ES513,2023,total,ages 80+,0.011727619901479767
ES513,2024,female,age 0,-9.395154264390038e-5
ES513,2024,female,ages 1-79,-0.004500844851556003
ES513,2024,female,ages 80+,0.04771866654153609
ES513,2024,male,age 0,-7.075002577203027e-5
ES513,2024,male,ages 1-79,-0.00672575944773293
ES513,2024,male,ages 80+,0.01738733576467483
ES513,2024,total,age 0,-8.191421437500407e-5
ES513,2024,total,ages 1-79,-0.005170784488106469
ES513,2024,total,ages 80+,0.03428951345945404
ES514,2002,female,age 0,-1.5952485412603452e-4
ES514,2002,female,ages 1-79,-0.0068328993074110115
ES514,2002,female,ages 80+,0.01000137716584685
ES514,2002,male,age 0,1.4708025129365286e-4
ES514,2002,male,ages 1-79,-0.011387159253899097
ES514,2002,male,ages 80+,-0.02507410797497186
ES514,2002,total,age 0,1.9711781189857744e-5
ES514,2002,total,ages 1-79,-0.008376194183851654
ES514,2002,total,ages 80+,-0.007035080966860435
ES514,2003,female,age 0,-1.5495491492234254e-5
ES514,2003,female,ages 1-79,-0.009912607215689987
ES514,2003,female,ages 80+,-0.05625408525940236
ES514,2003,male,age 0,-3.354553536288142e-4
ES514,2003,male,ages 1-79,-0.01650166850992998
ES514,2003,male,ages 80+,-0.03643736134842767
ES514,2003,total,age 0,-1.5378592585637597e-4
ES514,2003,total,ages 1-79,-0.012764412555552511
ES514,2003,total,ages 80+,-0.044857867974815786
ES514,2004,female,age 0,2.4580211900524727e-4
ES514,2004,female,ages 1-79,-0.009335539455126229
ES514,2004,female,ages 80+,-0.004176926881415799
ES514,2004,male,age 0,-1.3081587685301327e-4
ES514,2004,male,ages 1-79,-0.012457143157927794
ES514,2004,male,ages 80+,-0.008727194187622305
ES514,2004,total,age 0,7.718673152824666e-5
ES514,2004,total,ages 1-79,-0.010363836202466944
ES514,2004,total,ages 80+,-0.006726501007672409
ES514,2005,female,age 0,2.025579641912795e-4
ES514,2005,female,ages 1-79,-0.007107262308234449
ES514,2005,female,ages 80+,-0.017807267938147166
ES514,2005,male,age 0,1.563425992984189e-4
ES514,2005,male,ages 1-79,-0.010242124881460096
ES514,2005,male,ages 80+,-0.01151315891944346
ES514,2005,total,age 0,1.7120623180886748e-4
ES514,2005,total,ages 1-79,-0.008234269690440586
ES514,2005,total,ages 80+,-0.015546174537159053
ES514,2006,female,age 0,-2.4573384555802448e-5
ES514,2006,female,ages 1-79,-0.002903357212068031
ES514,2006,female,ages 80+,-0.008278731241463546
ES514,2006,male,age 0,1.7356478981480446e-5
ES514,2006,male,ages 1-79,-0.01340140682546815
ES514,2006,male,ages 80+,-0.027491768559032757
ES514,2006,total,age 0,-9.285590887590979e-7
ES514,2006,total,ages 1-79,-0.0076761351439732315
ES514,2006,total,ages 80+,-0.016444425583609458
ES514,2007,female,age 0,-3.166731869517436e-5
ES514,2007,female,ages 1-79,-0.006193985852178351
ES514,2007,female,ages 80+,-0.010083672232602953
ES514,2007,male,age 0,-1.2732503381374647e-4
ES514,2007,male,ages 1-79,-0.012984397506121105
ES514,2007,male,ages 80+,0.023934484263912363
ES514,2007,total,age 0,-9.166239672427472e-5
ES514,2007,total,ages 1-79,-0.008686373832882056
ES514,2007,total,ages 80+,0.00652942209514408
ES514,2008,female,age 0,9.888733881003838e-5
ES514,2008,female,ages 1-79,-0.00442608039654304
ES514,2008,female,ages 80+,0.011913179424993127
ES514,2008,male,age 0,2.8465880001186713e-5
ES514,2008,male,ages 1-79,-0.012320430000386125
ES514,2008,male,ages 80+,-0.02111404024885779
ES514,2008,total,age 0,5.8212098952701154e-5
ES514,2008,total,ages 1-79,-0.008222355177397432
ES514,2008,total,ages 80+,-0.0024905858505552304
ES514,2009,female,age 0,-1.5934271998781924e-4
ES514,2009,female,ages 1-79,-0.002481550943530013
ES514,2009,female,ages 80+,-0.01829101269235919
ES514,2009,male,age 0,1.4872807909005296e-5
ES514,2009,male,ages 1-79,-0.011288329639811377
ES514,2009,male,ages 80+,-0.00459948496985995
ES514,2009,total,age 0,-7.042377118810357e-5
ES514,2009,total,ages 1-79,-0.006742279724703067
ES514,2009,total,ages 80+,-0.014700992134224693
ES514,2010,female,age 0,1.7394727813828568e-4
ES514,2010,female,ages 1-79,-0.005853054535507917
ES514,2010,female,ages 80+,-0.01130419616747623
ES514,2010,male,age 0,-1.4224427496202638e-4
ES514,2010,male,ages 1-79,-0.00974490070776388
ES514,2010,male,ages 80+,-0.00736224951521028
ES514,2010,total,age 0,8.779051869023831e-6
ES514,2010,total,ages 1-79,-0.007366162436963121
ES514,2010,total,ages 80+,-0.007730828649759462
ES514,2011,female,age 0,5.614257615329531e-5
ES514,2011,female,ages 1-79,-0.004389654979145235
ES514,2011,female,ages 80+,0.05842739517023327
ES514,2011,male,age 0,1.838398351279289e-4
ES514,2011,male,ages 1-79,-0.008751226565907658
ES514,2011,male,ages 80+,-0.004423911065531208
ES514,2011,total,age 0,1.1633293761711537e-4
ES514,2011,total,ages 1-79,-0.00643273486451652
ES514,2011,total,ages 80+,0.027520134366968308
ES514,2012,female,age 0,-4.1148658277732745e-5
ES514,2012,female,ages 1-79,-0.004314338189332437
ES514,2012,female,ages 80+,0.008980016346072896
ES514,2012,male,age 0,9.000017137726228e-5
ES514,2012,male,ages 1-79,-0.010764517709195507
ES514,2012,male,ages 80+,0.03161127747032416
ES514,2012,total,age 0,1.0609884572144906e-5
ES514,2012,total,ages 1-79,-0.007309008990750931
ES514,2012,total,ages 80+,0.017403992519421256
ES514,2013,female,age 0,-1.809954513010635e-5
ES514,2013,female,ages 1-79,-0.004896721911006496
ES514,2013,female,ages 80+,0.04990361735413364
ES514,2013,male,age 0,2.7769290493428295e-4
ES514,2013,male,ages 1-79,-0.009801092111771765
ES514,2013,male,ages 80+,-0.006166342943103316
ES514,2013,total,age 0,1.4616079682963488e-4
ES514,2013,total,ages 1-79,-0.007118751695652703
ES514,2013,total,ages 80+,0.025355002592650194
ES514,2014,female,age 0,-1.1541323769857384e-4
ES514,2014,female,ages 1-79,-0.004361089929243205
ES514,2014,female,ages 80+,0.07831765809954436
ES514,2014,male,age 0,-4.585900994173914e-4
ES514,2014,male,ages 1-79,-0.01147270565407961
ES514,2014,male,ages 80+,0.007027495737840395
ES514,2014,total,age 0,-2.9847873378438105e-4
ES514,2014,total,ages 1-79,-0.007796741253127639
ES514,2014,total,ages 80+,0.04460997527437116
ES514,2015,female,age 0,-2.2356301199170486e-4
ES514,2015,female,ages 1-79,-0.0024415482197376707
ES514,2015,female,ages 80+,0.022985796041472183
ES514,2015,male,age 0,-2.532195709758522e-5
ES514,2015,male,ages 1-79,-0.01160936916682048
ES514,2015,male,ages 80+,0.013267388251856999
ES514,2015,total,age 0,-1.2157596314866533e-4
ES514,2015,total,ages 1-79,-0.006671546417556566
ES514,2015,total,ages 80+,0.018175851854182364
ES514,2016,female,age 0,1.007089635833748e-5
ES514,2016,female,ages 1-79,-0.00501611348245456
ES514,2016,female,ages 80+,0.043952025330178626
ES514,2016,male,age 0,-1.8688886666077563e-4
ES514,2016,male,ages 1-79,-0.011846062517392057
ES514,2016,male,ages 80+,0.03156380996593776
ES514,2016,total,age 0,-9.181414207820781e-5
ES514,2016,total,ages 1-79,-0.00836397711797032
ES514,2016,total,ages 80+,0.037804563527796195
ES514,2017,female,age 0,-1.1562155507379118e-4
ES514,2017,female,ages 1-79,-0.002826039067835016
ES514,2017,female,ages 80+,0.029223664095449124
ES514,2017,male,age 0,-9.025029769617324e-5
ES514,2017,male,ages 1-79,-0.010662854075464821
ES514,2017,male,ages 80+,0.02662731476497698
ES514,2017,total,age 0,-1.0254829304810886e-4
ES514,2017,total,ages 1-79,-0.006563273095251589
ES514,2017,total,ages 80+,0.027294450953955184
ES514,2018,female,age 0,-4.0388299498386515e-4
ES514,2018,female,ages 1-79,-0.001814737456868016
ES514,2018,female,ages 80+,0.048540523535811286
ES514,2018,male,age 0,-3.3864317610249415e-4
ES514,2018,male,ages 1-79,-0.0019757269772444795
ES514,2018,male,ages 80+,0.03323795449703717
ES514,2018,total,age 0,-3.6909273134472535e-4
ES514,2018,total,ages 1-79,-0.001737051630269654
ES514,2018,total,ages 80+,0.039292712139625485
ES514,2019,female,age 0,4.773827882269462e-5
ES514,2019,female,ages 1-79,-0.005787938416855526
ES514,2019,female,ages 80+,0.043787824739717554
ES514,2019,male,age 0,2.2470548176389252e-4
ES514,2019,male,ages 1-79,-0.0053903141408659675
ES514,2019,male,ages 80+,0.02311947302954372
ES514,2019,total,age 0,1.3719019659814077e-4
ES514,2019,total,ages 1-79,-0.0050293754473856684
ES514,2019,total,ages 80+,0.03646629554393348
ES514,2020,female,age 0,1.4040242103463717e-4
ES514,2020,female,ages 1-79,-0.002886343878985203
ES514,2020,female,ages 80+,0.017018293541630092
ES514,2020,male,age 0,-9.54934224171136e-5
ES514,2020,male,ages 1-79,-0.011070391833464904
ES514,2020,male,ages 80+,-0.004489720031501608
ES514,2020,total,age 0,2.2186466831130448e-5
ES514,2020,total,ages 1-79,-0.006413846466691662
ES514,2020,total,ages 80+,0.007014927264663736
ES514,2021,female,age 0,-5.264937779467426e-5
ES514,2021,female,ages 1-79,-0.0020681897234376906
ES514,2021,female,ages 80+,0.08006814588405908
ES514,2021,male,age 0,8.289789791723482e-5
ES514,2021,male,ages 1-79,-0.007890146159602329
ES514,2021,male,ages 80+,0.015387869122161064
ES514,2021,total,age 0,1.691346367632918e-5
ES514,2021,total,ages 1-79,-0.004717833812625447
ES514,2021,total,ages 80+,0.047512043568289176
ES514,2022,female,age 0,6.197960091553272e-6
ES514,2022,female,ages 1-79,-0.004753072317612843
ES514,2022,female,ages 80+,-0.03100063196856377
ES514,2022,male,age 0,1.9660360236357742e-4
ES514,2022,male,ages 1-79,-0.008425576248237383
ES514,2022,male,ages 80+,-0.01786984589245596
ES514,2022,total,age 0,1.2006166142913969e-4
ES514,2022,total,ages 1-79,-0.006262246151486163
ES514,2022,total,ages 80+,-0.023773139013583043
ES514,2023,female,age 0,1.0940713017350784e-4
ES514,2023,female,ages 1-79,-0.003425946057095758
ES514,2023,female,ages 80+,0.061308586196584136
ES514,2023,male,age 0,1.189506118886159e-4
ES514,2023,male,ages 1-79,-0.011760436950853175
ES514,2023,male,ages 80+,-0.017833475960893973
ES514,2023,total,age 0,1.1890782991300536e-4
ES514,2023,total,ages 1-79,-0.007383274716309101
ES514,2023,total,ages 80+,0.024111711970802117
ES514,2024,female,age 0,9.263749323582272e-5
ES514,2024,female,ages 1-79,-0.00403278626855318
ES514,2024,female,ages 80+,0.0549905962676528
ES514,2024,male,age 0,1.0854843757115648e-4
ES514,2024,male,ages 1-79,-0.011538024895743425
ES514,2024,male,ages 80+,-0.03228427648624814
ES514,2024,total,age 0,1.2607627895462077e-4
ES514,2024,total,ages 1-79,-0.0076690475546093845
ES514,2024,total,ages 80+,0.01196341162286095
ES521,2002,female,age 0,-0.00014340120438065149
ES521,2002,female,ages 1-79,-0.00422284258157874
ES521,2002,female,ages 80+,0.034399962184703786
ES521,2002,male,age 0,-8.442100383432057e-5
ES521,2002,male,ages 1-79,-0.015582849999740384
ES521,2002,male,ages 80+,-0.012607481007592463
ES521,2002,total,age 0,-9.687235475593314e-5
ES521,2002,total,ages 1-79,-0.00923659662105776
ES521,2002,total,ages 80+,0.011720658280743956
ES521,2003,female,age 0,-2.016348576048917e-4
ES521,2003,female,ages 1-79,-0.007242488210404052
ES521,2003,female,ages 80+,-0.04038647557702296
ES521,2003,male,age 0,-1.9183109605653027e-4
ES521,2003,male,ages 1-79,-0.014523649398169448
ES521,2003,male,ages 80+,-0.01228694051845306
ES521,2003,total,age 0,-1.9824638552489484e-4
ES521,2003,total,ages 1-79,-0.010148970673772281
ES521,2003,total,ages 80+,-0.0275549954621728
ES521,2004,female,age 0,-5.309594192853847e-5
ES521,2004,female,ages 1-79,-0.007740104772242691
ES521,2004,female,ages 80+,-0.026207112928526205
ES521,2004,male,age 0,-3.674889489341837e-4
ES521,2004,male,ages 1-79,-0.013694735788241541
ES521,2004,male,ages 80+,-0.017933791917873157
ES521,2004,total,age 0,-2.1643553023113567e-4
ES521,2004,total,ages 1-79,-0.010174030022759203
ES521,2004,total,ages 80+,-0.02129831283370489
ES521,2005,female,age 0,-1.035523322311065e-4
ES521,2005,female,ages 1-79,-0.004011355872371403
ES521,2005,female,ages 80+,-0.035790341668525
ES521,2005,male,age 0,7.55361852571188e-5
ES521,2005,male,ages 1-79,-0.008119155760585901
ES521,2005,male,ages 80+,0.021350719096993827
ES521,2005,total,age 0,-1.0140196659922973e-5
ES521,2005,total,ages 1-79,-0.005955064005850544
ES521,2005,total,ages 80+,-0.012659947407295202
ES521,2006,female,age 0,-7.008378458283899e-5
ES521,2006,female,ages 1-79,-0.004809539499379454
ES521,2006,female,ages 80+,0.024763817401010555
ES521,2006,male,age 0,-1.948773166000666e-6
ES521,2006,male,ages 1-79,-0.01597974203620288
ES521,2006,male,ages 80+,-0.008200694435967316
ES521,2006,total,age 0,-4.1678222417919175e-5
ES521,2006,total,ages 1-79,-0.01010275251746165
ES521,2006,total,ages 80+,0.008914908598873717
ES521,2007,female,age 0,-6.120708370666582e-5
ES521,2007,female,ages 1-79,-0.006511808117517696
ES521,2007,female,ages 80+,0.015538706753592472
ES521,2007,male,age 0,-3.535992662826625e-6
ES521,2007,male,ages 1-79,-0.010693652608531685
ES521,2007,male,ages 80+,-0.006849110027969694
ES521,2007,total,age 0,-4.2953608167652516e-5
ES521,2007,total,ages 1-79,-0.008405729418549081
ES521,2007,total,ages 80+,0.005272772275928806
ES521,2008,female,age 0,-1.406351664671741e-4
ES521,2008,female,ages 1-79,-0.005071650448569268
ES521,2008,female,ages 80+,-0.013847651822642141
ES521,2008,male,age 0,-6.028791323864982e-5
ES521,2008,male,ages 1-79,-0.013678022656612766
ES521,2008,male,ages 80+,0.0033587424585900146
ES521,2008,total,age 0,-9.177569579766403e-5
ES521,2008,total,ages 1-79,-0.009240691552217687
ES521,2008,total,ages 80+,-0.007085208574713581
ES521,2009,female,age 0,-1.1770316236209008e-4
ES521,2009,female,ages 1-79,-0.007172036848480662
ES521,2009,female,ages 80+,0.03894255843383056
ES521,2009,male,age 0,-9.441578879727498e-6
ES521,2009,male,ages 1-79,-0.010179586997044816
ES521,2009,male,ages 80+,0.052031213219896136
ES521,2009,total,age 0,-6.63920624061569e-5
ES521,2009,total,ages 1-79,-0.00851112228723867
ES521,2009,total,ages 80+,0.041309242901235874
ES521,2010,female,age 0,6.011487063001269e-5
ES521,2010,female,ages 1-79,-0.003154946663324624
ES521,2010,female,ages 80+,-0.003605181589906692
ES521,2010,male,age 0,-6.997333059975324e-5
ES521,2010,male,ages 1-79,-0.01136636621340172
ES521,2010,male,ages 80+,0.006684946326537544
ES521,2010,total,age 0,-3.1297673807950335e-6
ES521,2010,total,ages 1-79,-0.007137445527094801
ES521,2010,total,ages 80+,-2.7381060359425724e-5
ES521,2011,female,age 0,7.311474660166033e-5
ES521,2011,female,ages 1-79,-0.005000583166086747
ES521,2011,female,ages 80+,0.03161458947276338
ES521,2011,male,age 0,1.340225382340393e-4
ES521,2011,male,ages 1-79,-0.0070037926630921584
ES521,2011,male,ages 80+,0.01648912244730069
ES521,2011,total,age 0,1.0225230282087644e-4
ES521,2011,total,ages 1-79,-0.005496511614662547
ES521,2011,total,ages 80+,0.022601298257957703
ES521,2012,female,age 0,1.731046789650269e-4
ES521,2012,female,ages 1-79,-0.004942262652942719
ES521,2012,female,ages 80+,0.02284986794261331
ES521,2012,male,age 0,1.4599598433184192e-4
ES521,2012,male,ages 1-79,-0.010591585844221783
ES521,2012,male,ages 80+,-0.011107565632239753
ES521,2012,total,age 0,1.5931016513021087e-4
ES521,2012,total,ages 1-79,-0.00763459927250818
ES521,2012,total,ages 80+,0.0066637650930648044
ES521,2013,female,age 0,1.3249803892256842e-4
ES521,2013,female,ages 1-79,-0.005200843166792788
ES521,2013,female,ages 80+,0.11227537964509737
ES521,2013,male,age 0,-1.612347102977971e-4
ES521,2013,male,ages 1-79,-0.008524600221095012
ES521,2013,male,ages 80+,0.012721614303867548
ES521,2013,total,age 0,-2.0631193597918905e-5
ES521,2013,total,ages 1-79,-0.006406046456622646
ES521,2013,total,ages 80+,0.06671469922818894
ES521,2014,female,age 0,6.39394139721652e-5
ES521,2014,female,ages 1-79,-0.0029898766964336406
ES521,2014,female,ages 80+,0.03652869957485978
ES521,2014,male,age 0,2.2754557379179604e-4
ES521,2014,male,ages 1-79,-0.00965070005366013
ES521,2014,male,ages 80+,0.027174257870767677
ES521,2014,total,age 0,1.5467792705300328e-4
ES521,2014,total,ages 1-79,-0.0061275664652576875
ES521,2014,total,ages 80+,0.029089166981911774
ES521,2015,female,age 0,7.12336649147997e-5
ES521,2015,female,ages 1-79,-0.004990176190044687
ES521,2015,female,ages 80+,0.0034561872635083604
ES521,2015,male,age 0,4.3008578973852584e-5
ES521,2015,male,ages 1-79,-0.009685019829708912
ES521,2015,male,ages 80+,0.0054569368622560364
ES521,2015,total,age 0,5.147671645633914e-5
ES521,2015,total,ages 1-79,-0.007025894354549193
ES521,2015,total,ages 80+,0.0021970730788236463
ES521,2016,female,age 0,-1.2464440551078026e-4
ES521,2016,female,ages 1-79,-0.004904940434128452
ES521,2016,female,ages 80+,0.03559675836322554
ES521,2016,male,age 0,1.1482865092400421e-4
ES521,2016,male,ages 1-79,-0.010013960395961512
ES521,2016,male,ages 80+,0.04102090932375223
ES521,2016,total,age 0,-1.810644781562525e-5
ES521,2016,total,ages 1-79,-0.007126710063541007
ES521,2016,total,ages 80+,0.035311943978927306
ES521,2017,female,age 0,1.4416249829638048e-4
ES521,2017,female,ages 1-79,-0.0036712792841738584
ES521,2017,female,ages 80+,0.020384999832668317
ES521,2017,male,age 0,-9.104562908568798e-5
ES521,2017,male,ages 1-79,-0.009825853497702833
ES521,2017,male,ages 80+,0.0364847736896941
ES521,2017,total,age 0,2.4482968177087635e-5
ES521,2017,total,ages 1-79,-0.006427014527378176
ES521,2017,total,ages 80+,0.023210970950285816
ES521,2018,female,age 0,2.955602768400144e-5
ES521,2018,female,ages 1-79,-0.003259962228079911
ES521,2018,female,ages 80+,0.04660989467655528
ES521,2018,male,age 0,1.4218744063888188e-4
ES521,2018,male,ages 1-79,-0.007532252567132265
ES521,2018,male,ages 80+,0.027955518656543776
ES521,2018,total,age 0,8.748673492596173e-5
ES521,2018,total,ages 1-79,-0.005193592775003233
ES521,2018,total,ages 80+,0.03579316328383848
ES521,2019,female,age 0,1.1760254122993106e-4
ES521,2019,female,ages 1-79,-0.004736390911400763
ES521,2019,female,ages 80+,0.06324918251851201
ES521,2019,male,age 0,-5.624930165561371e-5
ES521,2019,male,ages 1-79,-0.007224357825491955
ES521,2019,male,ages 80+,0.0650977432456983
ES521,2019,total,age 0,2.7178341793721228e-5
ES521,2019,total,ages 1-79,-0.005585762636375138
ES521,2019,total,ages 80+,0.05900104239022314
ES521,2020,female,age 0,-7.023760534217286e-6
ES521,2020,female,ages 1-79,-0.0015430498677765857
ES521,2020,female,ages 80+,0.023123981855957043
ES521,2020,male,age 0,1.4204376460458111e-5
ES521,2020,male,ages 1-79,-0.010743536104160218
ES521,2020,male,ages 80+,-0.004170627353068581
ES521,2020,total,age 0,8.062396341113746e-6
ES521,2020,total,ages 1-79,-0.0060937315882372035
ES521,2020,total,ages 80+,0.008420864295592655
ES521,2021,female,age 0,-1.1813117869064923e-6
ES521,2021,female,ages 1-79,-0.0013512109157676748
ES521,2021,female,ages 80+,0.017107758435213876
ES521,2021,male,age 0,-1.1285081325477395e-4
ES521,2021,male,ages 1-79,-0.005153748338625614
ES521,2021,male,ages 80+,0.02815168501437434
ES521,2021,total,age 0,-6.137669475153704e-5
ES521,2021,total,ages 1-79,-0.0028182738609866826
ES521,2021,total,ages 80+,0.021042184386370375
ES521,2022,female,age 0,9.088029907020669e-6
ES521,2022,female,ages 1-79,-0.0028262625060313947
ES521,2022,female,ages 80+,-0.0071627134865207
ES521,2022,male,age 0,7.555143113138639e-5
ES521,2022,male,ages 1-79,-0.008252495062619792
ES521,2022,male,ages 80+,-0.007247050713674607
ES521,2022,total,age 0,4.0859173836124975e-5
ES521,2022,total,ages 1-79,-0.005382623684967324
ES521,2022,total,ages 80+,-0.007936915239309682
ES521,2023,female,age 0,-6.952871966157148e-5
ES521,2023,female,ages 1-79,-0.005504515334274266
ES521,2023,female,ages 80+,0.07853808939167532
ES521,2023,male,age 0,1.07020657451307e-4
ES521,2023,male,ages 1-79,-0.008216914265062257
ES521,2023,male,ages 80+,0.01785769807559684
ES521,2023,total,age 0,1.7539853359869933e-5
ES521,2023,total,ages 1-79,-0.0065442728067245486
ES521,2023,total,ages 80+,0.04968899496982189
ES521,2024,female,age 0,-1.2024867049719389e-4
ES521,2024,female,ages 1-79,-0.003684225867084454
ES521,2024,female,ages 80+,0.09645656453758945
ES521,2024,male,age 0,1.097917683491913e-4
ES521,2024,male,ages 1-79,-0.009982292999804588
ES521,2024,male,ages 80+,0.03362154839793643
ES521,2024,total,age 0,5.794806566829282e-7
ES521,2024,total,ages 1-79,-0.006605863884377219
ES521,2024,total,ages 80+,0.06647170871329594
ES522,2002,female,age 0,-4.2749199646247216e-4
ES522,2002,female,ages 1-79,-0.005917308798028242
ES522,2002,female,ages 80+,-0.055865625472846674
ES522,2002,male,age 0,2.9278087506289744e-4
ES522,2002,male,ages 1-79,-0.010732585019044715
ES522,2002,male,ages 80+,-0.012802084012941178
ES522,2002,total,age 0,-8.897622038550422e-5
ES522,2002,total,ages 1-79,-0.008202675278080093
ES522,2002,total,ages 80+,-0.035400763733780344
ES522,2003,female,age 0,-2.966293339329962e-4
ES522,2003,female,ages 1-79,-0.006689923843263713
ES522,2003,female,ages 80+,-0.03488154781829006
ES522,2003,male,age 0,-9.478053345376738e-5
ES522,2003,male,ages 1-79,-0.01634343705414306
ES522,2003,male,ages 80+,-0.05139989958747806
ES522,2003,total,age 0,-1.9266154472822455e-4
ES522,2003,total,ages 1-79,-0.010809718149427178
ES522,2003,total,ages 80+,-0.04422179578057585
ES522,2004,female,age 0,-2.284711773230421e-4
ES522,2004,female,ages 1-79,-0.008761501725088352
ES522,2004,female,ages 80+,-0.03179799462205408
ES522,2004,male,age 0,-8.25904872769252e-5
ES522,2004,male,ages 1-79,-0.018940414219488385
ES522,2004,male,ages 80+,-0.025943338918720915
ES522,2004,total,age 0,-1.54976813200325e-4
ES522,2004,total,ages 1-79,-0.013424016208644028
ES522,2004,total,ages 80+,-0.024335989386291078
ES522,2005,female,age 0,-2.748051523321125e-4
ES522,2005,female,ages 1-79,-0.0033200810842790723
ES522,2005,female,ages 80+,-0.025508088362179868
ES522,2005,male,age 0,1.5193815955031782e-4
ES522,2005,male,ages 1-79,-0.007903009776103306
ES522,2005,male,ages 80+,-0.006325665832606196
ES522,2005,total,age 0,-7.709452279991041e-5
ES522,2005,total,ages 1-79,-0.005056646827374382
ES522,2005,total,ages 80+,-0.014105699801213154
ES522,2006,female,age 0,1.4625869522114348e-4
ES522,2006,female,ages 1-79,-0.007975140309919268
ES522,2006,female,ages 80+,-0.03410292829691733
ES522,2006,male,age 0,1.616009397408129e-4
ES522,2006,male,ages 1-79,-0.01126457657881495
ES522,2006,male,ages 80+,-0.027827184471657683
ES522,2006,total,age 0,1.6871630161370045e-4
ES522,2006,total,ages 1-79,-0.009012887938395116
ES522,2006,total,ages 80+,-0.03126205825903947
ES522,2007,female,age 0,-1.2059731337468242e-4
ES522,2007,female,ages 1-79,-0.004876532048055717
ES522,2007,female,ages 80+,-0.001057242173109086
ES522,2007,male,age 0,-1.082543632756908e-6
ES522,2007,male,ages 1-79,-0.013823712486601305
ES522,2007,male,ages 80+,-0.030507276396089925
ES522,2007,total,age 0,-4.59313900033136e-5
ES522,2007,total,ages 1-79,-0.008996302050433079
ES522,2007,total,ages 80+,-0.011158044580495345
ES522,2008,female,age 0,-1.4164450300620544e-5
ES522,2008,female,ages 1-79,-0.012360623111023417
ES522,2008,female,ages 80+,-0.035439099600482346
ES522,2008,male,age 0,-1.1698099148300984e-4
ES522,2008,male,ages 1-79,-0.010468592323932971
ES522,2008,male,ages 80+,-0.032369898433387063
ES522,2008,total,age 0,-1.0386814701758246e-4
ES522,2008,total,ages 1-79,-0.010538098367215656
ES522,2008,total,ages 80+,-0.031088563270447216
ES522,2009,female,age 0,-2.1536309543869454e-4
ES522,2009,female,ages 1-79,-0.002837446081790174
ES522,2009,female,ages 80+,-0.02898773714845587
ES522,2009,male,age 0,-4.396201921369762e-5
ES522,2009,male,ages 1-79,-0.011236176964698894
ES522,2009,male,ages 80+,-0.017210167853938592
ES522,2009,total,age 0,-1.3068976800191504e-4
ES522,2009,total,ages 1-79,-0.006706986909265146
ES522,2009,total,ages 80+,-0.02247886085822349
ES522,2010,female,age 0,8.531346719035932e-7
ES522,2010,female,ages 1-79,-0.00895470654396883
ES522,2010,female,ages 80+,0.028835086480160952
ES522,2010,male,age 0,7.297851278651238e-5
ES522,2010,male,ages 1-79,-0.007269094107046967
ES522,2010,male,ages 80+,0.002005881406474402
ES522,2010,total,age 0,1.7587755961686302e-5
ES522,2010,total,ages 1-79,-0.007882096453862541
ES522,2010,total,ages 80+,0.015013783565102606
ES522,2011,female,age 0,-1.8231597887375197e-4
ES522,2011,female,ages 1-79,-0.00849425570050313
ES522,2011,female,ages 80+,0.02594111224673754
ES522,2011,male,age 0,3.2514697978953166e-5
ES522,2011,male,ages 1-79,-0.00967678731580885
ES522,2011,male,ages 80+,0.01721780429523373
ES522,2011,total,age 0,-8.66902132110188e-5
ES522,2011,total,ages 1-79,-0.008728697451214835
ES522,2011,total,ages 80+,0.022124570815338352
ES522,2012,female,age 0,8.180304362373166e-5
ES522,2012,female,ages 1-79,-0.002458689996783038
ES522,2012,female,ages 80+,0.02811931613466804
ES522,2012,male,age 0,1.43052033569899e-4
ES522,2012,male,ages 1-79,-0.010439142812632567
ES522,2012,male,ages 80+,-0.030303057081057443
ES522,2012,total,age 0,9.637115468511024e-5
ES522,2012,total,ages 1-79,-0.006035446506418037
ES522,2012,total,ages 80+,1.1212504397236332e-4
ES522,2013,female,age 0,-2.3062131244088284e-4
ES522,2013,female,ages 1-79,-0.0015017898682493417
ES522,2013,female,ages 80+,0.024363652164333578
ES522,2013,male,age 0,1.5964788022160877e-4
ES522,2013,male,ages 1-79,-0.00911788116584357
ES522,2013,male,ages 80+,-0.014770366221122537
ES522,2013,total,age 0,-3.7704419439002794e-5
ES522,2013,total,ages 1-79,-0.005094611783933322
ES522,2013,total,ages 80+,0.008431909811938417
ES522,2014,female,age 0,2.460018421804975e-4
ES522,2014,female,ages 1-79,-0.00473073620604564
ES522,2014,female,ages 80+,0.02766298696546947
ES522,2014,male,age 0,-1.3315626628067302e-4
ES522,2014,male,ages 1-79,-0.00974334077541061
ES522,2014,male,ages 80+,0.013879900474573027
ES522,2014,total,age 0,6.757026990839416e-5
ES522,2014,total,ages 1-79,-0.007006506023691912
ES522,2014,total,ages 80+,0.02110921483869123
ES522,2015,female,age 0,9.860764159991687e-5
ES522,2015,female,ages 1-79,-8.780640105255393e-4
ES522,2015,female,ages 80+,-0.0381396998427269
ES522,2015,male,age 0,2.8034023441721905e-4
ES522,2015,male,ages 1-79,-0.005656857479690557
ES522,2015,male,ages 80+,-0.019109604280884936
ES522,2015,total,age 0,1.908243461244931e-4
ES522,2015,total,ages 1-79,-0.002977695403432251
ES522,2015,total,ages 80+,-0.025645872778447303
ES522,2016,female,age 0,1.0009494074748693e-4
ES522,2016,female,ages 1-79,-8.617813031163405e-4
ES522,2016,female,ages 80+,0.0016930338181614518
ES522,2016,male,age 0,-1.523148987234815e-4
ES522,2016,male,ages 1-79,-0.009005712175854576
ES522,2016,male,ages 80+,0.029096529116292603
ES522,2016,total,age 0,-1.0833157701569271e-5
ES522,2016,total,ages 1-79,-0.004673081261051116
ES522,2016,total,ages 80+,0.015200010568501999
ES522,2017,female,age 0,9.74133482721648e-5
ES522,2017,female,ages 1-79,-0.005643884925518799
ES522,2017,female,ages 80+,0.0029295880164165976
ES522,2017,male,age 0,2.328469539719857e-4
ES522,2017,male,ages 1-79,-0.008878104052984571
ES522,2017,male,ages 80+,0.028917810494102074
ES522,2017,total,age 0,1.6776364539955728e-4
ES522,2017,total,ages 1-79,-0.0067085250288665705
ES522,2017,total,ages 80+,0.013685468040410032
ES522,2018,female,age 0,1.1861446971779785e-4
ES522,2018,female,ages 1-79,-9.924872716074165e-4
ES522,2018,female,ages 80+,0.001293857804210305
ES522,2018,male,age 0,9.896938113066642e-5
ES522,2018,male,ages 1-79,-0.00991911676885621
ES522,2018,male,ages 80+,-8.319997915099756e-4
ES522,2018,total,age 0,1.322981563605581e-4
ES522,2018,total,ages 1-79,-0.004965385026270625
ES522,2018,total,ages 80+,0.0013577092590258376
ES522,2019,female,age 0,2.546859155481815e-4
ES522,2019,female,ages 1-79,-0.0022284673560698624
ES522,2019,female,ages 80+,0.06932088630590966
ES522,2019,male,age 0,9.292440834973073e-5
ES522,2019,male,ages 1-79,-0.008501884640517581
ES522,2019,male,ages 80+,0.03335755342240744
ES522,2019,total,age 0,1.7580486665402735e-4
ES522,2019,total,ages 1-79,-0.005328416853028775
ES522,2019,total,ages 80+,0.05254845974409764
ES522,2020,female,age 0,5.6873548951776027e-5
ES522,2020,female,ages 1-79,-0.00677127571453605
ES522,2020,female,ages 80+,-0.0021810919656189125
ES522,2020,male,age 0,-4.5008519801047826e-5
ES522,2020,male,ages 1-79,-0.007587289771646397
ES522,2020,male,ages 80+,0.04028805747825069
ES522,2020,total,age 0,-6.8061354359000325e-6
ES522,2020,total,ages 1-79,-0.006755930557334578
ES522,2020,total,ages 80+,0.01753345155215757
ES522,2021,female,age 0,1.0849144163910731e-4
ES522,2021,female,ages 1-79,-0.005198968161629534
ES522,2021,female,ages 80+,-0.005813495743410875
ES522,2021,male,age 0,3.377397194596162e-4
ES522,2021,male,ages 1-79,-0.005976476903514774
ES522,2021,male,ages 80+,0.008722960535814176
ES522,2021,total,age 0,2.381947499100001e-4
ES522,2021,total,ages 1-79,-0.005204213740394567
ES522,2021,total,ages 80+,0.002783922935000238
ES522,2022,female,age 0,2.9406142690111e-4
ES522,2022,female,ages 1-79,-0.005905195965880924
ES522,2022,female,ages 80+,-0.027752877286867865
ES522,2022,male,age 0,3.438228908684157e-5
ES522,2022,male,ages 1-79,-0.009412794199307167
ES522,2022,male,ages 80+,-0.021468731590710985
ES522,2022,total,age 0,1.8023539726616048e-4
ES522,2022,total,ages 1-79,-0.007115619157053357
ES522,2022,total,ages 80+,-0.023931453680762306
ES522,2023,female,age 0,4.510738650796168e-5
ES522,2023,female,ages 1-79,-0.004839712247231342
ES522,2023,female,ages 80+,0.009051898812311204
ES522,2023,male,age 0,1.6199325973378594e-4
ES522,2023,male,ages 1-79,-0.008353901335058905
ES522,2023,male,ages 80+,0.019559963766039818
ES522,2023,total,age 0,1.2127557731113602e-4
ES522,2023,total,ages 1-79,-0.006267801874700907
ES522,2023,total,ages 80+,0.014643247470635709
ES522,2024,female,age 0,-1.729727354506449e-4
ES522,2024,female,ages 1-79,-0.005088163568826738
ES522,2024,female,ages 80+,0.07757046274506359
ES522,2024,male,age 0,4.2519999660232784e-5
ES522,2024,male,ages 1-79,-0.009620998432189217
ES522,2024,male,ages 80+,0.03495020237751858
ES522,2024,total,age 0,-5.3798590477795134e-5
ES522,2024,total,ages 1-79,-0.007057010544861533
ES522,2024,total,ages 80+,0.05733137202185125
ES523,2002,female,age 0,-4.329551362967465e-5
ES523,2002,female,ages 1-79,-0.005069137925394222
ES523,2002,female,ages 80+,-0.005803302728148645
ES523,2002,male,age 0,-1.3130875374072566e-4
ES523,2002,male,ages 1-79,-0.014581145998626446
ES523,2002,male,ages 80+,-0.012948892427057499
ES523,2002,total,age 0,-9.210436891563605e-5
ES523,2002,total,ages 1-79,-0.009455730164418995
ES523,2002,total,ages 80+,-0.008974264964051057
ES523,2003,female,age 0,-1.289282870870447e-4
ES523,2003,female,ages 1-79,-0.008812945209786323
ES523,2003,female,ages 80+,-0.0344839705322915
ES523,2003,male,age 0,-4.5548756631435753e-5
ES523,2003,male,ages 1-79,-0.01619963153387074
ES523,2003,male,ages 80+,-0.025719289800279932
ES523,2003,total,age 0,-7.677743824875016e-5
ES523,2003,total,ages 1-79,-0.011920068230599956
ES523,2003,total,ages 80+,-0.02989059196915856
ES523,2004,female,age 0,5.134194728847342e-5
ES523,2004,female,ages 1-79,-0.0067466813818009485
ES523,2004,female,ages 80+,-0.023139589568348152
ES523,2004,male,age 0,1.0142110547339228e-4
ES523,2004,male,ages 1-79,-0.014955172171588331
ES523,2004,male,ages 80+,-0.02346667557915316
ES523,2004,total,age 0,8.345105357582228e-5
ES523,2004,total,ages 1-79,-0.010416459234167692
ES523,2004,total,ages 80+,-0.023468360364506703
ES523,2005,female,age 0,-8.21417131169544e-5
ES523,2005,female,ages 1-79,-0.005573509078584388
ES523,2005,female,ages 80+,-0.0190477258434266
ES523,2005,male,age 0,7.471817360787533e-5
ES523,2005,male,ages 1-79,-0.010824914199623458
ES523,2005,male,ages 80+,-0.010263140655194462
ES523,2005,total,age 0,-7.639726535134625e-7
ES523,2005,total,ages 1-79,-0.007690863132846358
ES523,2005,total,ages 80+,-0.014626952192703461
ES523,2006,female,age 0,3.610076531218622e-5
ES523,2006,female,ages 1-79,-0.005607705559766487
ES523,2006,female,ages 80+,-0.025302027997268228
ES523,2006,male,age 0,9.95030905034811e-6
ES523,2006,male,ages 1-79,-0.014924489814381695
ES523,2006,male,ages 80+,-0.015490175359021465
ES523,2006,total,age 0,2.480042784796846e-5
ES523,2006,total,ages 1-79,-0.009568499240012136
ES523,2006,total,ages 80+,-0.01966346983797157
ES523,2007,female,age 0,-1.376589896484181e-4
ES523,2007,female,ages 1-79,-0.0027459415003439295
ES523,2007,female,ages 80+,-0.015742324566817373
ES523,2007,male,age 0,-8.530038449640971e-5
ES523,2007,male,ages 1-79,-0.009135413264976125
ES523,2007,male,ages 80+,-0.016077154632186084
ES523,2007,total,age 0,-9.484598122162444e-5
ES523,2007,total,ages 1-79,-0.005197099629865887
ES523,2007,total,ages 80+,-0.015297556099130511
ES523,2008,female,age 0,1.3743647097610182e-4
ES523,2008,female,ages 1-79,-0.005865821333288447
ES523,2008,female,ages 80+,-0.015500424710381225
ES523,2008,male,age 0,2.082393072229281e-5
ES523,2008,male,ages 1-79,-0.012267938885218863
ES523,2008,male,ages 80+,-0.011559358533594952
ES523,2008,total,age 0,7.892956024372418e-5
ES523,2008,total,ages 1-79,-0.008493179675655459
ES523,2008,total,ages 80+,-0.013380572743235324
ES523,2009,female,age 0,7.641767139457707e-5
ES523,2009,female,ages 1-79,-0.006911441698023237
ES523,2009,female,ages 80+,0.0045739059078282775
ES523,2009,male,age 0,-3.3320767787795486e-5
ES523,2009,male,ages 1-79,-0.010494737998490095
ES523,2009,male,ages 80+,-0.0073730682395092735
ES523,2009,total,age 0,1.8998023076612663e-5
ES523,2009,total,ages 1-79,-0.008105979310529523
ES523,2009,total,ages 80+,-5.904915272791945e-4
ES523,2010,female,age 0,-6.203878672941899e-5
ES523,2010,female,ages 1-79,-0.006221434736630402
ES523,2010,female,ages 80+,0.011989210268919168
ES523,2010,male,age 0,1.3138566945737958e-5
ES523,2010,male,ages 1-79,-0.012576388781425772
ES523,2010,male,ages 80+,-0.026117998149895447
ES523,2010,total,age 0,-2.2990665279198777e-5
ES523,2010,total,ages 1-79,-0.008684024365126861
ES523,2010,total,ages 80+,-0.004962873153054704
ES523,2011,female,age 0,1.0897675670941786e-4
ES523,2011,female,ages 1-79,-0.004476902043978256
ES523,2011,female,ages 80+,-0.0030823952250701447
ES523,2011,male,age 0,4.756131283044063e-5
ES523,2011,male,ages 1-79,-0.009392278811644101
ES523,2011,male,ages 80+,-0.020230934345881323
ES523,2011,total,age 0,7.33171125240741e-5
ES523,2011,total,ages 1-79,-0.006635948599563698
ES523,2011,total,ages 80+,-0.010146477265396532
ES523,2012,female,age 0,2.5342498379282422e-5
ES523,2012,female,ages 1-79,-0.0032432134365348066
ES523,2012,female,ages 80+,-0.015343746801606637
ES523,2012,male,age 0,7.72911120766972e-5
ES523,2012,male,ages 1-79,-0.011650691904188352
ES523,2012,male,ages 80+,-0.02550116575922358
ES523,2012,total,age 0,4.6631096031456585e-5
ES523,2012,total,ages 1-79,-0.006994024124691925
ES523,2012,total,ages 80+,-0.019631392604832057
ES523,2013,female,age 0,-7.42887522754086e-5
ES523,2013,female,ages 1-79,-0.003549024151481078
ES523,2013,female,ages 80+,0.029270302668756562
ES523,2013,male,age 0,-7.311116072720314e-5
ES523,2013,male,ages 1-79,-0.01135816413161343
ES523,2013,male,ages 80+,0.0036930763963087254
ES523,2013,total,age 0,-6.193526642131139e-5
ES523,2013,total,ages 1-79,-0.006872234772445857
ES523,2013,total,ages 80+,0.017426530693422482
ES523,2014,female,age 0,-7.587557861134228e-5
ES523,2014,female,ages 1-79,-0.0035993334558528374
ES523,2014,female,ages 80+,0.007985882197736223
ES523,2014,male,age 0,1.4463792554827526e-4
ES523,2014,male,ages 1-79,-0.010139369718418952
ES523,2014,male,ages 80+,0.007665114175392902
ES523,2014,total,age 0,4.2427667824353434e-5
ES523,2014,total,ages 1-79,-0.006546814647849457
ES523,2014,total,ages 80+,0.006637307564423739
ES523,2015,female,age 0,1.6243647750980607e-4
ES523,2015,female,ages 1-79,-0.005532118500107423
ES523,2015,female,ages 80+,0.0010933189893925083
ES523,2015,male,age 0,-2.7547768487202823e-6
ES523,2015,male,ages 1-79,-0.011766442805020764
ES523,2015,male,ages 80+,-0.009883645192095492
ES523,2015,total,age 0,7.758606947621228e-5
ES523,2015,total,ages 1-79,-0.008364681774548624
ES523,2015,total,ages 80+,-0.0036949522610759244
ES523,2016,female,age 0,8.328547881432729e-6
ES523,2016,female,ages 1-79,-0.004849071800477408
ES523,2016,female,ages 80+,0.009122760943304047
ES523,2016,male,age 0,-7.391779278781423e-5
ES523,2016,male,ages 1-79,-0.01131304979228982
ES523,2016,male,ages 80+,6.183675742161311e-4
ES523,2016,total,age 0,-2.9632505184617443e-5
ES523,2016,total,ages 1-79,-0.0076240246108172415
ES523,2016,total,ages 80+,0.004440099378980638
ES523,2017,female,age 0,8.268660568060638e-5
ES523,2017,female,ages 1-79,-0.0045069262096520185
ES523,2017,female,ages 80+,0.018559253974933142
ES523,2017,male,age 0,1.5549995871652134e-4
ES523,2017,male,ages 1-79,-0.011402940388623384
ES523,2017,male,ages 80+,-0.004677476056561748
ES523,2017,total,age 0,1.250894112856162e-4
ES523,2017,total,ages 1-79,-0.007318736899524613
ES523,2017,total,ages 80+,0.008247521279532283
ES523,2018,female,age 0,4.028148053893177e-6
ES523,2018,female,ages 1-79,-0.0033643668204680786
ES523,2018,female,ages 80+,0.003289257285143149
ES523,2018,male,age 0,-5.521500705715384e-5
ES523,2018,male,ages 1-79,-0.009574882770560296
ES523,2018,male,ages 80+,0.024486321032968265
ES523,2018,total,age 0,-2.695873557185331e-5
ES523,2018,total,ages 1-79,-0.005970509008437317
ES523,2018,total,ages 80+,0.011707712312931967
ES523,2019,female,age 0,-1.2764337177383116e-5
ES523,2019,female,ages 1-79,-0.004941291564923055
ES523,2019,female,ages 80+,0.08059444791486234
ES523,2019,male,age 0,-4.4666731292917914e-5
ES523,2019,male,ages 1-79,-0.007117785218476407
ES523,2019,male,ages 80+,0.010408487796296197
ES523,2019,total,age 0,-2.952165867718847e-5
ES523,2019,total,ages 1-79,-0.005617453130066648
ES523,2019,total,ages 80+,0.04829500683217187
ES523,2020,female,age 0,3.736611880240275e-5
ES523,2020,female,ages 1-79,-0.00365019682980641
ES523,2020,female,ages 80+,0.010257679559587882
ES523,2020,male,age 0,9.979442948504071e-5
ES523,2020,male,ages 1-79,-0.011189020540387016
ES523,2020,male,ages 80+,-3.989891046564005e-4
ES523,2020,total,age 0,6.491128112568113e-5
ES523,2020,total,ages 1-79,-0.007275506677485996
ES523,2020,total,ages 80+,0.005728517435448242
ES523,2021,female,age 0,-3.347354481560245e-5
ES523,2021,female,ages 1-79,-0.0032903765599610556
ES523,2021,female,ages 80+,0.0534182944845468
ES523,2021,male,age 0,-4.700333993366447e-6
ES523,2021,male,ages 1-79,-0.007578512736535047
ES523,2021,male,ages 80+,0.006163864100324799
ES523,2021,total,age 0,-1.7682076344020116e-5
ES523,2021,total,ages 1-79,-0.00526023824547173
ES523,2021,total,ages 80+,0.03074597333501563
ES523,2022,female,age 0,2.515679134076898e-5
ES523,2022,female,ages 1-79,-0.003396820228269962
ES523,2022,female,ages 80+,-0.00542798027414506
ES523,2022,male,age 0,1.1570071334997362e-4
ES523,2022,male,ages 1-79,-0.009681915160417828
ES523,2022,male,ages 80+,-0.005463656548616962
ES523,2022,total,age 0,7.187757280022554e-5
ES523,2022,total,ages 1-79,-0.0063218659172146734
ES523,2022,total,ages 80+,-0.005882878353910201
ES523,2023,female,age 0,-1.350526934685991e-4
ES523,2023,female,ages 1-79,-0.0036342598740339007
ES523,2023,female,ages 80+,0.05646073703584853
ES523,2023,male,age 0,1.8775397738349033e-5
ES523,2023,male,ages 1-79,-0.0085646640422624
ES523,2023,male,ages 80+,0.014596862009808538
ES523,2023,total,age 0,-5.515479693589135e-5
ES523,2023,total,ages 1-79,-0.005749120820801186
ES523,2023,total,ages 80+,0.03754340458883044
ES523,2024,female,age 0,1.530702005577718e-4
ES523,2024,female,ages 1-79,-0.003809330839722464
ES523,2024,female,ages 80+,0.050032440662435555
ES523,2024,male,age 0,3.5689794389730276e-5
ES523,2024,male,ages 1-79,-0.008095638637017842
ES523,2024,male,ages 80+,0.021232040284265882
ES523,2024,total,age 0,9.583921609609936e-5
ES523,2024,total,ages 1-79,-0.005456006660532082
ES523,2024,total,ages 80+,0.03721555190824358
ES532,2002,female,age 0,-3.222194246507713e-5
ES532,2002,female,ages 1-79,-0.008000166995454333
ES532,2002,female,ages 80+,0.006046540124138543
ES532,2002,male,age 0,-1.295173025326395e-4
ES532,2002,male,ages 1-79,-0.014352923792023771
ES532,2002,male,ages 80+,-0.027898465481176023
ES532,2002,total,age 0,-8.146730511389125e-5
ES532,2002,total,ages 1-79,-0.010834633507833783
ES532,2002,total,ages 80+,-0.014216252639991933
ES532,2003,female,age 0,2.510299527443145e-4
ES532,2003,female,ages 1-79,-0.002490960337279889
ES532,2003,female,ages 80+,-0.007376213470519595
ES532,2003,male,age 0,1.0539535345588025e-4
ES532,2003,male,ages 1-79,-0.014783205689189838
ES532,2003,male,ages 80+,-0.01621119653239342
ES532,2003,total,age 0,1.8087413518095373e-4
ES532,2003,total,ages 1-79,-0.008140216668156085
ES532,2003,total,ages 80+,-0.010704063172565122
ES532,2004,female,age 0,4.0391370504541855e-5
ES532,2004,female,ages 1-79,-0.006339219402178841
ES532,2004,female,ages 80+,0.015786897464981575
ES532,2004,male,age 0,3.05346461998951e-4
ES532,2004,male,ages 1-79,-0.016118978054423833
ES532,2004,male,ages 80+,-0.027114216267534755
ES532,2004,total,age 0,1.8959702284226392e-4
ES532,2004,total,ages 1-79,-0.010893393065024867
ES532,2004,total,ages 80+,-0.007283141384041101
ES532,2005,female,age 0,-1.8309723674634308e-4
ES532,2005,female,ages 1-79,-0.003865247389898619
ES532,2005,female,ages 80+,0.032779928216645896
ES532,2005,male,age 0,6.976705339261575e-5
ES532,2005,male,ages 1-79,-0.012472066853490378
ES532,2005,male,ages 80+,-0.04519745330314091
ES532,2005,total,age 0,-2.484548535473448e-5
ES532,2005,total,ages 1-79,-0.0076700393803197115
ES532,2005,total,ages 80+,-0.006237963703435663
ES532,2006,female,age 0,-1.2065352241370104e-4
ES532,2006,female,ages 1-79,-0.005333726773521341
ES532,2006,female,ages 80+,0.003008752541248657
ES532,2006,male,age 0,2.022253792913485e-4
ES532,2006,male,ages 1-79,-0.013561357097924642
ES532,2006,male,ages 80+,-0.007613153555708902
ES532,2006,total,age 0,6.779826255410697e-5
ES532,2006,total,ages 1-79,-0.00882215265820237
ES532,2006,total,ages 80+,-8.795498806454232e-4
ES532,2007,female,age 0,1.5492361509413205e-4
ES532,2007,female,ages 1-79,-0.005906609963092768
ES532,2007,female,ages 80+,-0.012787691546031172
ES532,2007,male,age 0,1.7227071420648364e-4
ES532,2007,male,ages 1-79,-0.013035029714422853
ES532,2007,male,ages 80+,0.0012255732425919333
ES532,2007,total,age 0,1.6986547432508198e-4
ES532,2007,total,ages 1-79,-0.009049837720744067
ES532,2007,total,ages 80+,-0.010690096228754605
ES532,2008,female,age 0,1.8484827340833237e-4
ES532,2008,female,ages 1-79,-0.0028464311173285895
ES532,2008,female,ages 80+,-0.0341966515914192
ES532,2008,male,age 0,3.050673988800751e-6
ES532,2008,male,ages 1-79,-0.014045852033253715
ES532,2008,male,ages 80+,-0.007183239195573399
ES532,2008,total,age 0,7.909261694840498e-5
ES532,2008,total,ages 1-79,-0.007492155783871234
ES532,2008,total,ages 80+,-0.0227093459588136
ES532,2009,female,age 0,-9.761810863537759e-5
ES532,2009,female,ages 1-79,-0.0029690216716961346
ES532,2009,female,ages 80+,0.013590168969201323
ES532,2009,male,age 0,4.0800814321752935e-5
ES532,2009,male,ages 1-79,-0.009512144086431022
ES532,2009,male,ages 80+,-0.005053305938445099
ES532,2009,total,age 0,-1.4273388737374066e-5
ES532,2009,total,ages 1-79,-0.005651486557373651
ES532,2009,total,ages 80+,0.003262521841353043
ES532,2010,female,age 0,-3.284699875686888e-5
ES532,2010,female,ages 1-79,-0.0036538935056436832
ES532,2010,female,ages 80+,0.04203726365498345
ES532,2010,male,age 0,1.5598136737037432e-5
ES532,2010,male,ages 1-79,-0.012173173786202226
ES532,2010,male,ages 80+,0.054933098073823426
ES532,2010,total,age 0,1.2788395287991867e-5
ES532,2010,total,ages 1-79,-0.00778103820375408
ES532,2010,total,ages 80+,0.04567268784525759
ES532,2011,female,age 0,-8.994492486228702e-5
ES532,2011,female,ages 1-79,-0.0037109685175940625
ES532,2011,female,ages 80+,0.04894722119825792
ES532,2011,male,age 0,1.31477554415749e-4
ES532,2011,male,ages 1-79,-0.008840658366734509
ES532,2011,male,ages 80+,-0.005109384930743935
ES532,2011,total,age 0,3.6854813185736775e-5
ES532,2011,total,ages 1-79,-0.006161394858084488
ES532,2011,total,ages 80+,0.023884977640689132
ES532,2012,female,age 0,-8.145632043409808e-6
ES532,2012,female,ages 1-79,-0.0022445244125777384
ES532,2012,female,ages 80+,0.023589212673625463
ES532,2012,male,age 0,1.9270302299934695e-5
ES532,2012,male,ages 1-79,-0.012062608758984038
ES532,2012,male,ages 80+,0.014267275402211834
ES532,2012,total,age 0,3.899193999066558e-6
ES532,2012,total,ages 1-79,-0.007273056869093313
ES532,2012,total,ages 80+,0.017356016997396785
ES532,2013,female,age 0,-1.1469884951349077e-4
ES532,2013,female,ages 1-79,-0.004980081174755317
ES532,2013,female,ages 80+,0.02729615004999321
ES532,2013,male,age 0,1.8833600758322362e-4
ES532,2013,male,ages 1-79,-0.008119913081497983
ES532,2013,male,ages 80+,0.014320182607594184
ES532,2013,total,age 0,4.3416591076116856e-5
ES532,2013,total,ages 1-79,-0.0065129522504138795
ES532,2013,total,ages 80+,0.02018073720397541
ES532,2014,female,age 0,-3.7864343258918145e-5
ES532,2014,female,ages 1-79,-0.001864247836062303
ES532,2014,female,ages 80+,0.04591507688948926
ES532,2014,male,age 0,2.1305912268290803e-4
ES532,2014,male,ages 1-79,-0.005362975383987884
ES532,2014,male,ages 80+,0.003621801624347047
ES532,2014,total,age 0,9.344530078199837e-5
ES532,2014,total,ages 1-79,-0.0032922683751938527
ES532,2014,total,ages 80+,0.02684140051534437
ES532,2015,female,age 0,-2.0462569166501034e-5
ES532,2015,female,ages 1-79,-9.864962071211608e-4
ES532,2015,female,ages 80+,0.03520865440795633
ES532,2015,male,age 0,-8.941114788380229e-5
ES532,2015,male,ages 1-79,-0.008482670069699204
ES532,2015,male,ages 80+,0.009699791408929856
ES532,2015,total,age 0,-5.550461293507557e-5
ES532,2015,total,ages 1-79,-0.004208434425972707
ES532,2015,total,ages 80+,0.023465893391538196
ES532,2016,female,age 0,9.894192644199354e-5
ES532,2016,female,ages 1-79,-0.004007436321584803
ES532,2016,female,ages 80+,0.02929552588547946
ES532,2016,male,age 0,2.0922194304610252e-4
ES532,2016,male,ages 1-79,-0.00885659074212462
ES532,2016,male,ages 80+,0.05267865883535044
ES532,2016,total,age 0,1.5482941276582265e-4
ES532,2016,total,ages 1-79,-0.006212768012549543
ES532,2016,total,ages 80+,0.03502602854876774
ES532,2017,female,age 0,1.493319871052444e-4
ES532,2017,female,ages 1-79,-0.002617391870332989
ES532,2017,female,ages 80+,-0.007610989930910904
ES532,2017,male,age 0,9.233756745651524e-5
ES532,2017,male,ages 1-79,-0.008806523550900985
ES532,2017,male,ages 80+,0.02097890419011309
ES532,2017,total,age 0,1.1998067262777677e-4
ES532,2017,total,ages 1-79,-0.005444692682441091
ES532,2017,total,ages 80+,0.004238341127033928
ES532,2018,female,age 0,1.1062322968614014e-5
ES532,2018,female,ages 1-79,-0.0028303490103698545
ES532,2018,female,ages 80+,0.060222817114451974
ES532,2018,male,age 0,8.225471702025062e-6
ES532,2018,male,ages 1-79,-0.007693673032424011
ES532,2018,male,ages 80+,0.03666719502494256
ES532,2018,total,age 0,6.9464285809036326e-6
ES532,2018,total,ages 1-79,-0.0048976905464478285
ES532,2018,total,ages 80+,0.04711431103751672
ES532,2019,female,age 0,1.2401046650346354e-4
ES532,2019,female,ages 1-79,-0.0047581361495290676
ES532,2019,female,ages 80+,0.06379744453951297
ES532,2019,male,age 0,5.721624393258979e-5
ES532,2019,male,ages 1-79,-0.009239562172460223
ES532,2019,male,ages 80+,0.03227326685023936
ES532,2019,total,age 0,9.158135760409308e-5
ES532,2019,total,ages 1-79,-0.006888924062820259
ES532,2019,total,ages 80+,0.048399078111148595
ES532,2020,female,age 0,1.2768193986950068e-4
ES532,2020,female,ages 1-79,-0.002082672719983817
ES532,2020,female,ages 80+,0.06330445269899698
ES532,2020,male,age 0,-1.8388508974375041e-4
ES532,2020,male,ages 1-79,-0.0093835539747553
ES532,2020,male,ages 80+,0.03527569813818358
ES532,2020,total,age 0,-2.642261627580632e-5
ES532,2020,total,ages 1-79,-0.005692723762590174
ES532,2020,total,ages 80+,0.048872034372785075
ES532,2021,female,age 0,4.3378920445643604e-5
ES532,2021,female,ages 1-79,-0.0010214780788547558
ES532,2021,female,ages 80+,0.017811863229320365
ES532,2021,male,age 0,3.2476931465570195e-5
ES532,2021,male,ages 1-79,-0.005393137099655573
ES532,2021,male,ages 80+,-0.02862242416613177
ES532,2021,total,age 0,3.785434082106574e-5
ES532,2021,total,ages 1-79,-0.002975980331209634
ES532,2021,total,ages 80+,-0.003938281645150414
ES532,2022,female,age 0,1.1931992909364359e-4
ES532,2022,female,ages 1-79,-0.0053948590017374315
ES532,2022,female,ages 80+,-0.0042386429185749044
ES532,2022,male,age 0,-3.0361709392610358e-5
ES532,2022,male,ages 1-79,-0.00939663907773328
ES532,2022,male,ages 80+,-0.014670388138659868
ES532,2022,total,age 0,3.8051930251006385e-5
ES532,2022,total,ages 1-79,-0.007102233090128435
ES532,2022,total,ages 80+,-0.010173789881818513
ES532,2023,female,age 0,1.4627922624668548e-4
ES532,2023,female,ages 1-79,-0.00234651071003768
ES532,2023,female,ages 80+,0.05546565303385938
ES532,2023,male,age 0,8.702796968458877e-5
ES532,2023,male,ages 1-79,-0.006240550630240911
ES532,2023,male,ages 80+,-0.019411938143430285
ES532,2023,total,age 0,1.1496250482319646e-4
ES532,2023,total,ages 1-79,-0.004083707285519628
ES532,2023,total,ages 80+,0.021827197493124187
ES532,2024,female,age 0,2.397116955431465e-4
ES532,2024,female,ages 1-79,-0.004561393531490164
ES532,2024,female,ages 80+,-3.2274847740488763e-4
ES532,2024,male,age 0,2.29305739870226e-4
ES532,2024,male,ages 1-79,-0.008408842102869959
ES532,2024,male,ages 80+,5.00335918187933e-4
ES532,2024,total,age 0,2.3434499291437655e-4
ES532,2024,total,ages 1-79,-0.006303106367407999
ES532,2024,total,ages 80+,-0.004047511332287496
ES611,2002,female,age 0,-5.507352504051025e-5
ES611,2002,female,ages 1-79,-0.004338976608117082
ES611,2002,female,ages 80+,-0.016954956422275833
ES611,2002,male,age 0,5.866469785169548e-5
ES611,2002,male,ages 1-79,-0.018200248844827155
ES611,2002,male,ages 80+,-0.0031745718963254108
ES611,2002,total,age 0,-1.1818235393250439e-5
ES611,2002,total,ages 1-79,-0.011441721227469108
ES611,2002,total,ages 80+,-0.01156284599110595
ES611,2003,female,age 0,6.8307795543618e-5
ES611,2003,female,ages 1-79,-0.0061739534988871116
ES611,2003,female,ages 80+,-0.029592114025714378
ES611,2003,male,age 0,2.4568481194204466e-4
ES611,2003,male,ages 1-79,-0.01557586563926353
ES611,2003,male,ages 80+,-0.034133708104579656
ES611,2003,total,age 0,1.2955467101121297e-4
ES611,2003,total,ages 1-79,-0.010845600549817688
ES611,2003,total,ages 80+,-0.02907372097064178
ES611,2004,female,age 0,-3.5245980993994905e-5
ES611,2004,female,ages 1-79,-0.005868487501163445
ES611,2004,female,ages 80+,0.011722870510648041
ES611,2004,male,age 0,8.591766828113174e-5
ES611,2004,male,ages 1-79,-0.012956974376146735
ES611,2004,male,ages 80+,-0.04508165411245121
ES611,2004,total,age 0,3.187569787185052e-5
ES611,2004,total,ages 1-79,-0.008556141563261474
ES611,2004,total,ages 80+,-0.015011934132006997
ES611,2005,female,age 0,1.698891210794253e-4
ES611,2005,female,ages 1-79,-0.003610757476241645
ES611,2005,female,ages 80+,-0.013969724068317955
ES611,2005,male,age 0,-3.237990269161791e-4
ES611,2005,male,ages 1-79,-0.007785760050855916
ES611,2005,male,ages 80+,-0.022822063412316962
ES611,2005,total,age 0,-8.803522124794193e-5
ES611,2005,total,ages 1-79,-0.005627989493914531
ES611,2005,total,ages 80+,-0.019331785070449373
ES611,2006,female,age 0,-1.5138678487875435e-4
ES611,2006,female,ages 1-79,-0.004534878064765078
ES611,2006,female,ages 80+,-0.05169805714033105
ES611,2006,male,age 0,3.666619252946903e-5
ES611,2006,male,ages 1-79,-0.01614013505872266
ES611,2006,male,ages 80+,0.02762290809615859
ES611,2006,total,age 0,-3.7783774814288284e-5
ES611,2006,total,ages 1-79,-0.009682239724493513
ES611,2006,total,ages 80+,-0.02230233804308998
ES611,2007,female,age 0,2.4860401793743065e-4
ES611,2007,female,ages 1-79,-0.008515265665641477
ES611,2007,female,ages 80+,-0.041030242241263656
ES611,2007,male,age 0,6.488468958513818e-5
ES611,2007,male,ages 1-79,-0.019150530703642248
ES611,2007,male,ages 80+,0.0045875994830802055
ES611,2007,total,age 0,1.5637979651208836e-4
ES611,2007,total,ages 1-79,-0.013623326773919277
ES611,2007,total,ages 80+,-0.021287112194856454
ES611,2008,female,age 0,1.4649804545536092e-4
ES611,2008,female,ages 1-79,-0.0032274451113860716
ES611,2008,female,ages 80+,-0.06628841687458344
ES611,2008,male,age 0,-9.200677823553642e-5
ES611,2008,male,ages 1-79,-0.014305656210183036
ES611,2008,male,ages 80+,0.007130227753318681
ES611,2008,total,age 0,4.1384072058917314e-5
ES611,2008,total,ages 1-79,-0.008582741356213166
ES611,2008,total,ages 80+,-0.03241289989153706
ES611,2009,female,age 0,-3.1321805454233195e-4
ES611,2009,female,ages 1-79,-0.0017228993993111692
ES611,2009,female,ages 80+,-0.02026529531098772
ES611,2009,male,age 0,1.9926129771392144e-5
ES611,2009,male,ages 1-79,-0.017102626220103577
ES611,2009,male,ages 80+,0.038382576161444325
ES611,2009,total,age 0,-9.912653677673328e-5
ES611,2009,total,ages 1-79,-0.009081615550824831
ES611,2009,total,ages 80+,4.636831057050553e-4
ES611,2010,female,age 0,1.6283466761949896e-4
ES611,2010,female,ages 1-79,-0.003275756831228151
ES611,2010,female,ages 80+,-0.010112980740614202
ES611,2010,male,age 0,-3.018504402967343e-4
ES611,2010,male,ages 1-79,-0.013937982152818672
ES611,2010,male,ages 80+,-0.03624702541843466
ES611,2010,total,age 0,-6.437766435682846e-5
ES611,2010,total,ages 1-79,-0.008017294552023895
ES611,2010,total,ages 80+,-0.02079417259212797
ES611,2011,female,age 0,1.6930358043893678e-4
ES611,2011,female,ages 1-79,-0.00699050336353709
ES611,2011,female,ages 80+,0.05815540979889156
ES611,2011,male,age 0,1.0877335352262241e-4
ES611,2011,male,ages 1-79,-0.010937716699950858
ES611,2011,male,ages 80+,-0.02058721420279144
ES611,2011,total,age 0,1.435186588282451e-4
ES611,2011,total,ages 1-79,-0.008470628208878679
ES611,2011,total,ages 80+,0.024881364665858205
ES611,2012,female,age 0,1.5760075337632366e-4
ES611,2012,female,ages 1-79,-0.00654392835983277
ES611,2012,female,ages 80+,-0.030836739266657358
ES611,2012,male,age 0,5.757060714105001e-5
ES611,2012,male,ages 1-79,-0.008755274119846687
ES611,2012,male,ages 80+,-0.00429260569934237
ES611,2012,total,age 0,1.0296412472804475e-4
ES611,2012,total,ages 1-79,-0.00693529098451586
ES611,2012,total,ages 80+,-0.01946017178629301
ES611,2013,female,age 0,-2.829313993940677e-4
ES611,2013,female,ages 1-79,2.90796544412995e-4
ES611,2013,female,ages 80+,0.07404652860853986
ES611,2013,male,age 0,-2.6976674932155155e-5
ES611,2013,male,ages 1-79,-0.01302999899205826
ES611,2013,male,ages 80+,-6.541631775228499e-5
ES611,2013,total,age 0,-1.5051594371222237e-4
ES611,2013,total,ages 1-79,-0.0061644548356255165
ES611,2013,total,ages 80+,0.04047732185489036
ES611,2014,female,age 0,1.8365012736591425e-4
ES611,2014,female,ages 1-79,-0.0024958382795731175
ES611,2014,female,ages 80+,-0.022059069098252594
ES611,2014,male,age 0,1.9101033807296727e-4
ES611,2014,male,ages 1-79,-0.008789762771460471
ES611,2014,male,ages 80+,0.037086534494868595
ES611,2014,total,age 0,1.8407082797880313e-4
ES611,2014,total,ages 1-79,-0.005091820203615185
ES611,2014,total,ages 80+,-0.0017302309359040781
ES611,2015,female,age 0,1.6687597031688026e-4
ES611,2015,female,ages 1-79,-0.003584269822038894
ES611,2015,female,ages 80+,-0.027685769822781
ES611,2015,male,age 0,2.2831019389936685e-4
ES611,2015,male,ages 1-79,-0.005653461431500362
ES611,2015,male,ages 80+,0.01376587985371058
ES611,2015,total,age 0,1.9729713340309129e-4
ES611,2015,total,ages 1-79,-0.004933377116978109
ES611,2015,total,ages 80+,-0.011285065393443008
ES611,2016,female,age 0,1.5826868056497326e-4
ES611,2016,female,ages 1-79,-3.282073640494366e-4
ES611,2016,female,ages 80+,0.020385201910130928
ES611,2016,male,age 0,1.4176182559607044e-4
ES611,2016,male,ages 1-79,-0.011619948443538482
ES611,2016,male,ages 80+,0.054083170934672686
ES611,2016,total,age 0,1.5611367239830453e-4
ES611,2016,total,ages 1-79,-0.005409674957583028
ES611,2016,total,ages 80+,0.032739053871204384
ES611,2017,female,age 0,-2.8440024075679506e-4
ES611,2017,female,ages 1-79,-0.0026143001486967797
ES611,2017,female,ages 80+,0.018995845228229447
ES611,2017,male,age 0,-1.709041878165126e-4
ES611,2017,male,ages 1-79,-0.013366930861537498
ES611,2017,male,ages 80+,0.01798330450422508
ES611,2017,total,age 0,-2.2672077177620056e-4
ES611,2017,total,ages 1-79,-0.00748271946315489
ES611,2017,total,ages 80+,0.018285958669392526
ES611,2018,female,age 0,2.2797919450749736e-4
ES611,2018,female,ages 1-79,-0.004045688185264788
ES611,2018,female,ages 80+,0.05606854229302635
ES611,2018,male,age 0,1.8149685950276064e-4
ES611,2018,male,ages 1-79,-0.015515730371281317
ES611,2018,male,ages 80+,0.04793714163611097
ES611,2018,total,age 0,2.0343455676257686e-4
ES611,2018,total,ages 1-79,-0.009391307254219394
ES611,2018,total,ages 80+,0.05093965382043175
ES611,2019,female,age 0,4.7319255195809084e-5
ES611,2019,female,ages 1-79,-0.003387124054020499
ES611,2019,female,ages 80+,0.0842110640861765
ES611,2019,male,age 0,4.1915468649783503e-7
ES611,2019,male,ages 1-79,-0.009366368420024543
ES611,2019,male,ages 80+,0.031226323115468465
ES611,2019,total,age 0,2.6049498511109617e-05
ES611,2019,total,ages 1-79,-0.0056415554978102335
ES611,2019,total,ages 80+,0.056480928048735654
ES611,2020,female,age 0,3.997330766449428e-4
ES611,2020,female,ages 1-79,-2.427187761647779e-4
ES611,2020,female,ages 80+,-0.001240309282922035
ES611,2020,male,age 0,2.5054585772373776e-4
ES611,2020,male,ages 1-79,-0.013354526002231231
ES611,2020,male,ages 80+,0.025048798384538357
ES611,2020,total,age 0,3.222896318930584e-4
ES611,2020,total,ages 1-79,-0.006425178010999335
ES611,2020,total,ages 80+,0.01114834686518379
ES611,2021,female,age 0,-6.974348319417031e-6
ES611,2021,female,ages 1-79,0.0019242164265157458
ES611,2021,female,ages 80+,0.008414694841186218
ES611,2021,male,age 0,-4.3830665936681333e-5
ES611,2021,male,ages 1-79,-0.009357313831739076
ES611,2021,male,ages 80+,0.015178946542219067
ES611,2021,total,age 0,-2.2484615163469342e-05
ES611,2021,total,ages 1-79,-0.0037458642547265205
ES611,2021,total,ages 80+,0.010404967309538438
ES611,2022,female,age 0,-3.0212527908568846e-4
ES611,2022,female,ages 1-79,-0.0017903155213274309
ES611,2022,female,ages 80+,-0.014187442441444455
ES611,2022,male,age 0,2.6106612684699814e-4
ES611,2022,male,ages 1-79,-0.008437277485407717
ES611,2022,male,ages 80+,0.002552149264134232
ES611,2022,total,age 0,-4.261900409056612e-6
ES611,2022,total,ages 1-79,-0.005100072676148992
ES611,2022,total,ages 80+,-0.00639622300341686
ES611,2023,female,age 0,5.220375715907561e-5
ES611,2023,female,ages 1-79,-0.0028718601047659138
ES611,2023,female,ages 80+,0.05593403008838408
ES611,2023,male,age 0,-1.1160905923363149e-4
ES611,2023,male,ages 1-79,-0.006690464011480844
ES611,2023,male,ages 80+,0.007998025387377664
ES611,2023,total,age 0,-1.9635792634292102e-5
ES611,2023,total,ages 1-79,-0.004246106598111034
ES611,2023,total,ages 80+,0.0321416649757618
ES611,2024,female,age 0,5.4168207117099594e-5
ES611,2024,female,ages 1-79,-0.0030290631904171654
ES611,2024,female,ages 80+,0.06214840503463222
ES611,2024,male,age 0,1.1474259595411644e-4
ES611,2024,male,ages 1-79,-0.008536402788305643
ES611,2024,male,ages 80+,0.03414223549951282
ES611,2024,total,age 0,1.0576213397385007e-4
ES611,2024,total,ages 1-79,-0.005599029172333224
ES611,2024,total,ages 80+,0.046862017610622336
ES612,2002,female,age 0,4.7577661738457727e-5
ES612,2002,female,ages 1-79,-0.007579625865336171
ES612,2002,female,ages 80+,-0.005188521706521494
ES612,2002,male,age 0,1.171725796799569e-4
ES612,2002,male,ages 1-79,-0.018456412972345175
ES612,2002,male,ages 80+,-0.022270381785821913
ES612,2002,total,age 0,8.320931246854093e-5
ES612,2002,total,ages 1-79,-0.012494020264662682
ES612,2002,total,ages 80+,-0.01399014061099508
ES612,2003,female,age 0,1.7096937039023097e-4
ES612,2003,female,ages 1-79,-0.0075452563250736114
ES612,2003,female,ages 80+,-0.05664532925181722
ES612,2003,male,age 0,1.3995030627986791e-5
ES612,2003,male,ages 1-79,-0.019861061120008468
ES612,2003,male,ages 80+,-0.0345749731306439
ES612,2003,total,age 0,1.0157741720314017e-4
ES612,2003,total,ages 1-79,-0.012942008197499352
ES612,2003,total,ages 80+,-0.04597943467951152
ES612,2004,female,age 0,1.8249653354191354e-4
ES612,2004,female,ages 1-79,-0.010252675913830507
ES612,2004,female,ages 80+,0.01729185479305559
ES612,2004,male,age 0,-2.991076543587395e-5
ES612,2004,male,ages 1-79,-0.021476132627517838
ES612,2004,male,ages 80+,-0.04236259020988457
ES612,2004,total,age 0,8.333311931367652e-5
ES612,2004,total,ages 1-79,-0.01496417186507928
ES612,2004,total,ages 80+,-0.013490152142942857
ES612,2005,female,age 0,-1.328228782202809e-4
ES612,2005,female,ages 1-79,-0.0059572516232325665
ES612,2005,female,ages 80+,0.01495840772734504
ES612,2005,male,age 0,-2.1336380732264455e-5
ES612,2005,male,ages 1-79,-0.013079812815689897
ES612,2005,male,ages 80+,0.0017326159769472903
ES612,2005,total,age 0,-7.647754082302831e-5
ES612,2005,total,ages 1-79,-0.008919149158466158
ES612,2005,total,ages 80+,0.007062986819043976
ES612,2006,female,age 0,5.311298797974135e-5
ES612,2006,female,ages 1-79,-0.0053268073052318635
ES612,2006,female,ages 80+,0.01746654769482212
ES612,2006,male,age 0,-1.0894370609879328e-5
ES612,2006,male,ages 1-79,-0.012890146329294753
ES612,2006,male,ages 80+,-0.02298653042561316
ES612,2006,total,age 0,2.1327124457687734e-5
ES612,2006,total,ages 1-79,-0.008732466950617211
ES612,2006,total,ages 80+,-0.0025711814594925747
ES612,2007,female,age 0,-1.103604425659406e-4
ES612,2007,female,ages 1-79,-0.004549349431719954
ES612,2007,female,ages 80+,-0.005760005342619548
ES612,2007,male,age 0,-1.848251695422801e-4
ES612,2007,male,ages 1-79,-0.016399201255259857
ES612,2007,male,ages 80+,5.805354133888996e-4
ES612,2007,total,age 0,-1.4526820800348053e-4
ES612,2007,total,ages 1-79,-0.009758255468377327
ES612,2007,total,ages 80+,-0.009653221045177646
ES612,2008,female,age 0,-2.6940782339099085e-6
ES612,2008,female,ages 1-79,-0.002571626904247496
ES612,2008,female,ages 80+,-0.01870400680078907
ES612,2008,male,age 0,-1.415164870855562e-4
ES612,2008,male,ages 1-79,-0.01178479491951028
ES612,2008,male,ages 80+,-0.024809744075637415
ES612,2008,total,age 0,-8.112548716405636e-5
ES612,2008,total,ages 1-79,-0.006867126199592852
ES612,2008,total,ages 80+,-0.02284451256068424
ES612,2009,female,age 0,3.828343803398012e-5
ES612,2009,female,ages 1-79,-0.007991332784430311
ES612,2009,female,ages 80+,0.053786500645327466
ES612,2009,male,age 0,-2.342096661578923e-5
ES612,2009,male,ages 1-79,-0.010201947984595445
ES612,2009,male,ages 80+,-0.03630930785253165
ES612,2009,total,age 0,-1.5929784396643412e-5
ES612,2009,total,ages 1-79,-0.008667799395073962
ES612,2009,total,ages 80+,0.011702549614772767
ES612,2010,female,age 0,1.4956614046383585e-5
ES612,2010,female,ages 1-79,-0.0062330891218804335
ES612,2010,female,ages 80+,0.050326088464592245
ES612,2010,male,age 0,5.6734470902381734e-5
ES612,2010,male,ages 1-79,-0.015802204219899883
ES612,2010,male,ages 80+,-0.0249073818777487
ES612,2010,total,age 0,4.5186079532448184e-5
ES612,2010,total,ages 1-79,-0.010587894474392859
ES612,2010,total,ages 80+,0.0167662071112708
ES612,2011,female,age 0,3.652870888368649e-5
ES612,2011,female,ages 1-79,-0.009922669921828199
ES612,2011,female,ages 80+,0.07375785760272224
ES612,2011,male,age 0,1.351242707706663e-4
ES612,2011,male,ages 1-79,-0.017084299596559237
ES612,2011,male,ages 80+,-0.0167819715022118
ES612,2011,total,age 0,8.664252696585423e-5
ES612,2011,total,ages 1-79,-0.012944246685387477
ES612,2011,total,ages 80+,0.03161666240134648
ES612,2012,female,age 0,-1.4675225720182103e-4
ES612,2012,female,ages 1-79,-0.003019707330713684
ES612,2012,female,ages 80+,-0.02413199092078037
ES612,2012,male,age 0,-2.527084545995229e-4
ES612,2012,male,ages 1-79,-0.013859265482190653
ES612,2012,male,ages 80+,-0.015158122669670758
ES612,2012,total,age 0,-1.7282910051292873e-4
ES612,2012,total,ages 1-79,-0.007798809766926807
ES612,2012,total,ages 80+,-0.019518430313186938
ES612,2013,female,age 0,1.4081414439511933e-4
ES612,2013,female,ages 1-79,-0.005674324631490672
ES612,2013,female,ages 80+,-0.06251911587509686
ES612,2013,male,age 0,-3.8376061697909206e-5
ES612,2013,male,ages 1-79,-0.01389886022207669
ES612,2013,male,ages 80+,-0.033178369443743846
ES612,2013,total,age 0,4.8878885960384485e-5
ES612,2013,total,ages 1-79,-0.009145236111347432
ES612,2013,total,ages 80+,-0.0512837880507844
ES612,2014,female,age 0,1.3359587992181005e-4
ES612,2014,female,ages 1-79,-0.0070426672512811485
ES612,2014,female,ages 80+,0.025115065867499668
ES612,2014,male,age 0,1.534538211983957e-4
ES612,2014,male,ages 1-79,-0.015784669663486895
ES612,2014,male,ages 80+,-0.03205798310566124
ES612,2014,total,age 0,1.429081116778561e-4
ES612,2014,total,ages 1-79,-0.011149534409974798
ES612,2014,total,ages 80+,-3.4089010715300516e-4
ES612,2015,female,age 0,6.457208094177793e-5
ES612,2015,female,ages 1-79,-0.00421925834152505
ES612,2015,female,ages 80+,0.007404407393276918
ES612,2015,male,age 0,-1.8302151466539223e-4
ES612,2015,male,ages 1-79,-0.01204211798129837
ES612,2015,male,ages 80+,0.008736054114941952
ES612,2015,total,age 0,-6.172673935826008e-5
ES612,2015,total,ages 1-79,-0.007925987622394288
ES612,2015,total,ages 80+,0.0073873354201473476
ES612,2016,female,age 0,7.006252158486192e-5
ES612,2016,female,ages 1-79,-0.008103035061002553
ES612,2016,female,ages 80+,0.041709139876644236
ES612,2016,male,age 0,2.0730740768707727e-5
ES612,2016,male,ages 1-79,-0.01928107170219839
ES612,2016,male,ages 80+,0.030899918618488044
ES612,2016,total,age 0,3.178936424244728e-5
ES612,2016,total,ages 1-79,-0.01339843863525842
ES612,2016,total,ages 80+,0.03411637256394966
ES612,2017,female,age 0,7.241504347274026e-5
ES612,2017,female,ages 1-79,-0.006408429222929127
ES612,2017,female,ages 80+,-0.011021415826549192
ES612,2017,male,age 0,9.35903508405042e-5
ES612,2017,male,ages 1-79,-0.011247677681758921
ES612,2017,male,ages 80+,-0.010553536524003024
ES612,2017,total,age 0,8.295665793910338e-5
ES612,2017,total,ages 1-79,-0.008510068269772107
ES612,2017,total,ages 80+,-0.012536009048511378
ES612,2018,female,age 0,2.8118828856351535e-4
ES612,2018,female,ages 1-79,-0.0058336309335514005
ES612,2018,female,ages 80+,0.046355681894702065
ES612,2018,male,age 0,1.6410624616519995e-4
ES612,2018,male,ages 1-79,-0.010189213953622444
ES612,2018,male,ages 80+,-0.002194333830726817
ES612,2018,total,age 0,2.1852286447543895e-4
ES612,2018,total,ages 1-79,-0.0072471069608612305
ES612,2018,total,ages 80+,0.02241464018597134
ES612,2019,female,age 0,1.7837521453067824e-5
ES612,2019,female,ages 1-79,-0.004381871519589513
ES612,2019,female,ages 80+,0.039077810166771226
ES612,2019,male,age 0,-1.619819891544503e-4
ES612,2019,male,ages 1-79,-0.009025395322383976
ES612,2019,male,ages 80+,0.005272539317745092
ES612,2019,total,age 0,-8.082052102375213e-5
ES612,2019,total,ages 1-79,-0.006239798582140704
ES612,2019,total,ages 80+,0.02427511564537299
ES612,2020,female,age 0,-1.126049808803691e-4
ES612,2020,female,ages 1-79,-0.007912222194436205
ES612,2020,female,ages 80+,0.02596495441552962
ES612,2020,male,age 0,8.968341893932528e-5
ES612,2020,male,ages 1-79,-0.015205033267978153
ES612,2020,male,ages 80+,0.009214051704428534
ES612,2020,total,age 0,-4.583811755281705e-6
ES612,2020,total,ages 1-79,-0.011193929103134399
ES612,2020,total,ages 80+,0.015296098553837036
ES612,2021,female,age 0,5.037970681973978e-5
ES612,2021,female,ages 1-79,-7.132075150148063e-4
ES612,2021,female,ages 80+,0.005284501041835889
ES612,2021,male,age 0,-7.98615081534172e-5
ES612,2021,male,ages 1-79,-0.005817957256919302
ES612,2021,male,ages 80+,0.007670414984377793
ES612,2021,total,age 0,-1.7262387583652264e-5
ES612,2021,total,ages 1-79,-0.0032058546106324367
ES612,2021,total,ages 80+,0.005500048327642847
ES612,2022,female,age 0,-1.699818038578666e-4
ES612,2022,female,ages 1-79,-0.005768158581902178
ES612,2022,female,ages 80+,-0.038757807130821345
ES612,2022,male,age 0,-2.255226893109982e-4
ES612,2022,male,ages 1-79,-0.010121867474902905
ES612,2022,male,ages 80+,-0.007497101496249818
ES612,2022,total,age 0,-1.9783196745288924e-4
ES612,2022,total,ages 1-79,-0.007473510039957107
ES612,2022,total,ages 80+,-0.02554556368829436
ES612,2023,female,age 0,1.4535556823772768e-4
ES612,2023,female,ages 1-79,-0.0020492515455729967
ES612,2023,female,ages 80+,0.026251704191387358
ES612,2023,male,age 0,1.4467723349581278e-5
ES612,2023,male,ages 1-79,-0.009498407465994032
ES612,2023,male,ages 80+,0.0192671928839393
ES612,2023,total,age 0,7.81074468661196e-5
ES612,2023,total,ages 1-79,-0.005666481244558284
ES612,2023,total,ages 80+,0.022389128621358993
ES612,2024,female,age 0,-4.48676894292346e-5
ES612,2024,female,ages 1-79,-0.0027184780344032284
ES612,2024,female,ages 80+,0.02003408379112496
ES612,2024,male,age 0,2.3880742398697385e-4
ES612,2024,male,ages 1-79,-0.008614153510606813
ES612,2024,male,ages 80+,0.028590005466041915
ES612,2024,total,age 0,1.0343773783358791e-4
ES612,2024,total,ages 1-79,-0.005265828171808274
ES612,2024,total,ages 80+,0.022549167490451306
ES613,2002,female,age 0,-1.2275326480668778e-4
ES613,2002,female,ages 1-79,-0.008765049123750743
ES613,2002,female,ages 80+,-0.02801151996946832
ES613,2002,male,age 0,1.2254878223960945e-4
ES613,2002,male,ages 1-79,-0.012853298290464502
ES613,2002,male,ages 80+,-0.020708009279204614
ES613,2002,total,age 0,2.2232733361692696e-5
ES613,2002,total,ages 1-79,-0.009875735804377242
ES613,2002,total,ages 80+,-0.025356237456816148
ES613,2003,female,age 0,-2.0593836591181346e-4
ES613,2003,female,ages 1-79,-0.008337568154139392
ES613,2003,female,ages 80+,-0.01962096370955708
ES613,2003,male,age 0,1.0918795566883504e-4
ES613,2003,male,ages 1-79,-0.01829522046864699
ES613,2003,male,ages 80+,-0.05628960563351626
ES613,2003,total,age 0,-4.3919092254874595e-5
ES613,2003,total,ages 1-79,-0.012807437436831349
ES613,2003,total,ages 80+,-0.036486424635707206
ES613,2004,female,age 0,-1.7407679867586205e-4
ES613,2004,female,ages 1-79,-0.005295191899301307
ES613,2004,female,ages 80+,-0.020563083509793034
ES613,2004,male,age 0,1.021926782215169e-4
ES613,2004,male,ages 1-79,-0.008368731825949674
ES613,2004,male,ages 80+,-0.05749747168635222
ES613,2004,total,age 0,-2.5866751373912348e-5
ES613,2004,total,ages 1-79,-0.006318011093254191
ES613,2004,total,ages 80+,-0.0402975601579744
ES613,2005,female,age 0,3.094266676456029e-4
ES613,2005,female,ages 1-79,-0.0031447302726416025
ES613,2005,female,ages 80+,0.015653374480514577
ES613,2005,male,age 0,1.1827737852937086e-4
ES613,2005,male,ages 1-79,-0.007436353655758265
ES613,2005,male,ages 80+,-0.018758617233537018
ES613,2005,total,age 0,1.8784398674867884e-4
ES613,2005,total,ages 1-79,-0.004936610268385118
ES613,2005,total,ages 80+,-0.0052254073234141996
ES613,2006,female,age 0,-9.079678076778518e-5
ES613,2006,female,ages 1-79,-0.004195681719996905
ES613,2006,female,ages 80+,0.01960480129103206
ES613,2006,male,age 0,7.615255099394207e-5
ES613,2006,male,ages 1-79,-0.018509505525863196
ES613,2006,male,ages 80+,0.01201474956866308
ES613,2006,total,age 0,4.796642377932925e-6
ES613,2006,total,ages 1-79,-0.010469082911212107
ES613,2006,total,ages 80+,0.013706253538304694
ES613,2007,female,age 0,2.448436908530248e-4
ES613,2007,female,ages 1-79,-0.005018908245868549
ES613,2007,female,ages 80+,0.017908913777158718
ES613,2007,male,age 0,2.283515904793813e-4
ES613,2007,male,ages 1-79,-0.01837777548604881
ES613,2007,male,ages 80+,-0.004266036301510647
ES613,2007,total,age 0,2.305816456943521e-4
ES613,2007,total,ages 1-79,-0.01055489032972202
ES613,2007,total,ages 80+,0.0030863748886118406
ES613,2008,female,age 0,9.79735577693823e-5
ES613,2008,female,ages 1-79,-0.004859734705833127
ES613,2008,female,ages 80+,-0.027609728302924075
ES613,2008,male,age 0,1.0240242340302447e-4
ES613,2008,male,ages 1-79,-0.012285175166946032
ES613,2008,male,ages 80+,-0.05070592511316975
ES613,2008,total,age 0,1.0031628937480205e-4
ES613,2008,total,ages 1-79,-0.00821571362816648
ES613,2008,total,ages 80+,-0.040985925421084465
ES613,2009,female,age 0,3.992735433633787e-5
ES613,2009,female,ages 1-79,-0.008474505135448073
ES613,2009,female,ages 80+,0.08803963059518422
ES613,2009,male,age 0,-1.987137930707663e-4
ES613,2009,male,ages 1-79,-0.014948377367393044
ES613,2009,male,ages 80+,0.00107787481925712
ES613,2009,total,age 0,-9.27248399048153e-5
ES613,2009,total,ages 1-79,-0.011009265438898365
ES613,2009,total,ages 80+,0.045918937367862914
ES613,2010,female,age 0,9.538317071997538e-5
ES613,2010,female,ages 1-79,-0.004624254591578945
ES613,2010,female,ages 80+,0.028103536935869325
ES613,2010,male,age 0,5.472049836475107e-5
ES613,2010,male,ages 1-79,-0.011030971083606213
ES613,2010,male,ages 80+,-0.026949349138382848
ES613,2010,total,age 0,5.5623423384645776e-5
ES613,2010,total,ages 1-79,-0.007158627072201324
ES613,2010,total,ages 80+,0.0034169232240295845
ES613,2011,female,age 0,2.4476901850591705e-4
ES613,2011,female,ages 1-79,-0.0010627889236143203
ES613,2011,female,ages 80+,-0.024901604396888835
ES613,2011,male,age 0,-7.550299410035493e-5
ES613,2011,male,ages 1-79,-0.00987836483219485
ES613,2011,male,ages 80+,-0.08337080567622687
ES613,2011,total,age 0,9.266783945878681e-5
ES613,2011,total,ages 1-79,-0.0049016155202362965
ES613,2011,total,ages 80+,-0.052543742168864
ES613,2012,female,age 0,-3.136926811037689e-5
ES613,2012,female,ages 1-79,-0.005712299368465587
ES613,2012,female,ages 80+,-8.927650817994323e-6
ES613,2012,male,age 0,2.1845761679327e-4
ES613,2012,male,ages 1-79,-0.011219551727011598
ES613,2012,male,ages 80+,-0.04451013624450113
ES613,2012,total,age 0,1.2057246289915813e-4
ES613,2012,total,ages 1-79,-0.008228555151823464
ES613,2012,total,ages 80+,-0.02151982937609216
ES613,2013,female,age 0,2.5849661105963647e-4
ES613,2013,female,ages 1-79,-0.0044169355061453785
ES613,2013,female,ages 80+,0.05821964892286581
ES613,2013,male,age 0,2.0207145842959294e-4
ES613,2013,male,ages 1-79,-0.013873087014937025
ES613,2013,male,ages 80+,0.0035843374541096873
ES613,2013,total,age 0,2.326225844978512e-4
ES613,2013,total,ages 1-79,-0.008125951524426899
ES613,2013,total,ages 80+,0.03098140225260503
ES613,2014,female,age 0,-5.555156085799407e-5
ES613,2014,female,ages 1-79,-0.0022616312384076387
ES613,2014,female,ages 80+,-0.018983338830242814
ES613,2014,male,age 0,2.0041966142779233e-4
ES613,2014,male,ages 1-79,-0.012566850666980909
ES613,2014,male,ages 80+,0.004163388821347039
ES613,2014,total,age 0,1.0281448236827227e-4
ES613,2014,total,ages 1-79,-0.006821087662333613
ES613,2014,total,ages 80+,-0.0074210181036236285
ES613,2015,female,age 0,8.659510726300903e-5
ES613,2015,female,ages 1-79,-0.005741620672690451
ES613,2015,female,ages 80+,0.014867696346219171
ES613,2015,male,age 0,1.5462766273324156e-4
ES613,2015,male,ages 1-79,-0.01256915342061009
ES613,2015,male,ages 80+,0.01740076540417619
ES613,2015,total,age 0,1.2336568646854966e-4
ES613,2015,total,ages 1-79,-0.008423587736664111
ES613,2015,total,ages 80+,0.01623063440740475
ES613,2016,female,age 0,-1.1843676913979848e-4
ES613,2016,female,ages 1-79,-0.0031494944062543232
ES613,2016,female,ages 80+,0.016155430996097
ES613,2016,male,age 0,-6.946714874349219e-5
ES613,2016,male,ages 1-79,-0.014379480245142674
ES613,2016,male,ages 80+,0.044668693901581596
ES613,2016,total,age 0,-1.0459844759719912e-4
ES613,2016,total,ages 1-79,-0.008438788792991278
ES613,2016,total,ages 80+,0.02910277195166537
ES613,2017,female,age 0,1.1153313321016227e-4
ES613,2017,female,ages 1-79,-0.00325510559514737
ES613,2017,female,ages 80+,0.020104842034410018
ES613,2017,male,age 0,-2.586694229231339e-4
ES613,2017,male,ages 1-79,-0.013127905686521175
ES613,2017,male,ages 80+,0.0011137454673382473
ES613,2017,total,age 0,-8.004422481465004e-5
ES613,2017,total,ages 1-79,-0.007768458092345203
ES613,2017,total,ages 80+,0.010339680921907617
ES613,2018,female,age 0,1.2868248823299995e-4
ES613,2018,female,ages 1-79,-0.0035756329005009243
ES613,2018,female,ages 80+,0.020479766678890992
ES613,2018,male,age 0,-8.934158474706691e-6
ES613,2018,male,ages 1-79,-0.011801047564213981
ES613,2018,male,ages 80+,0.030904842370000893
ES613,2018,total,age 0,5.901075500164914e-5
ES613,2018,total,ages 1-79,-0.007520583418960105
ES613,2018,total,ages 80+,0.02235272248947782
ES613,2019,female,age 0,6.991947511365628e-5
ES613,2019,female,ages 1-79,-0.004149665077259687
ES613,2019,female,ages 80+,0.026407104062942006
ES613,2019,male,age 0,-1.3499070811942197e-4
ES613,2019,male,ages 1-79,-0.0071799182406560805
ES613,2019,male,ages 80+,6.546677117174465e-6
ES613,2019,total,age 0,-3.458830071474841e-5
ES613,2019,total,ages 1-79,-0.005451163431910345
ES613,2019,total,ages 80+,0.015227992921235143
ES613,2020,female,age 0,2.6824497524138684e-4
ES613,2020,female,ages 1-79,-0.004844472692568819
ES613,2020,female,ages 80+,9.7100370387097e-4
ES613,2020,male,age 0,3.4840633027593014e-4
ES613,2020,male,ages 1-79,-0.015275457062532178
ES613,2020,male,ages 80+,-0.0032917986047287795
ES613,2020,total,age 0,3.147179747993027e-4
ES613,2020,total,ages 1-79,-0.009555983163658702
ES613,2020,total,ages 80+,0.00044792747223418306
ES613,2021,female,age 0,5.0991230446746504e-5
ES613,2021,female,ages 1-79,-0.003354118966576284
ES613,2021,female,ages 80+,0.026465883314720183
ES613,2021,male,age 0,-4.142803556258396e-4
ES613,2021,male,ages 1-79,-0.010407319924735751
ES613,2021,male,ages 80+,0.00740155391599432
ES613,2021,total,age 0,-1.7805153620482664e-4
ES613,2021,total,ages 1-79,-0.006441573741820171
ES613,2021,total,ages 80+,0.017524633555871312
ES613,2022,female,age 0,1.4557964229969464e-4
ES613,2022,female,ages 1-79,-0.00422263309781908
ES613,2022,female,ages 80+,-0.005279793045547279
ES613,2022,male,age 0,8.661355655513066e-5
ES613,2022,male,ages 1-79,-0.012686091840440238
ES613,2022,male,ages 80+,0.009367857119588898
ES613,2022,total,age 0,1.2434361616859408e-4
ES613,2022,total,ages 1-79,-0.007994443953510141
ES613,2022,total,ages 80+,5.582511908366027e-4
ES613,2023,female,age 0,-1.6702806230326232e-4
ES613,2023,female,ages 1-79,-0.0036310575321529897
ES613,2023,female,ages 80+,0.03589438675535828
ES613,2023,male,age 0,-2.533216101304457e-4
ES613,2023,male,ages 1-79,-0.015753894481619662
ES613,2023,male,ages 80+,0.027420975868774795
ES613,2023,total,age 0,-1.913887428086385e-4
ES613,2023,total,ages 1-79,-0.00930744819695439
ES613,2023,total,ages 80+,0.030290840581419197
ES613,2024,female,age 0,-1.0906386761434274e-5
ES613,2024,female,ages 1-79,-0.0019952367584032127
ES613,2024,female,ages 80+,0.02368847059565824
ES613,2024,male,age 0,8.888313393071455e-5
ES613,2024,male,ages 1-79,-0.007284523191162758
ES613,2024,male,ages 80+,0.018672622804275785
ES613,2024,total,age 0,5.5630381591028186e-5
ES613,2024,total,ages 1-79,-0.0043049028120463115
ES613,2024,total,ages 80+,0.02160004332026287
ES614,2002,female,age 0,1.1577100082826045e-4
ES614,2002,female,ages 1-79,-0.011438303170349627
ES614,2002,female,ages 80+,-0.0015995070872148447
ES614,2002,male,age 0,-2.5348823455564916e-4
ES614,2002,male,ages 1-79,-0.014955681586485949
ES614,2002,male,ages 80+,-0.019734266325067695
ES614,2002,total,age 0,-8.811407365948496e-5
ES614,2002,total,ages 1-79,-0.012904664473087742
ES614,2002,total,ages 80+,-0.009073731254502445
ES614,2003,female,age 0,1.1661852036134746e-4
ES614,2003,female,ages 1-79,-0.013089372203080624
ES614,2003,female,ages 80+,0.029721145021650856
ES614,2003,male,age 0,-1.2498690041188985e-4
ES614,2003,male,ages 1-79,-0.010608291791891556
ES614,2003,male,ages 80+,0.0045187152330431034
ES614,2003,total,age 0,-3.9431319092451635e-5
ES614,2003,total,ages 1-79,-0.011296858788024191
ES614,2003,total,ages 80+,0.01738385624061998
ES614,2004,female,age 0,-5.811830780754608e-5
ES614,2004,female,ages 1-79,-0.007350367788563899
ES614,2004,female,ages 80+,3.786709241046897e-4
ES614,2004,male,age 0,3.923805128872185e-4
ES614,2004,male,ages 1-79,-0.0147645518958309
ES614,2004,male,ages 80+,-0.024003306088112113
ES614,2004,total,age 0,1.3894332779435857e-4
ES614,2004,total,ages 1-79,-0.01078627952829373
ES614,2004,total,ages 80+,-0.012521916211315074
ES614,2005,female,age 0,-1.4826082047984188e-4
ES614,2005,female,ages 1-79,-0.0026397580838334123
ES614,2005,female,ages 80+,0.031267413206744636
ES614,2005,male,age 0,2.1473997693983632e-4
ES614,2005,male,ages 1-79,-0.010857079144378227
ES614,2005,male,ages 80+,-0.013111394467677607
ES614,2005,total,age 0,5.803374871432259e-5
ES614,2005,total,ages 1-79,-0.006382910294920635
ES614,2005,total,ages 80+,0.009097003649613196
ES614,2006,female,age 0,2.701256487434052e-4
ES614,2006,female,ages 1-79,-0.00895375168438252
ES614,2006,female,ages 80+,0.06394931533967203
ES614,2006,male,age 0,-1.9733659473162131e-4
ES614,2006,male,ages 1-79,-0.006902072270915012
ES614,2006,male,ages 80+,0.01004270173220019
ES614,2006,total,age 0,3.4258815697630165e-5
ES614,2006,total,ages 1-79,-0.007273394703985395
ES614,2006,total,ages 80+,0.03709496340900679
ES614,2007,female,age 0,1.3867211157163757e-5
ES614,2007,female,ages 1-79,-0.00788993089796473
ES614,2007,female,ages 80+,-0.016788812571089898
ES614,2007,male,age 0,-1.5639436673842608e-4
ES614,2007,male,ages 1-79,-0.013586888986357338
ES614,2007,male,ages 80+,-6.494272831522943e-4
ES614,2007,total,age 0,-9.523010096788382e-5
ES614,2007,total,ages 1-79,-0.010285901166134937
ES614,2007,total,ages 80+,-0.010011253146554702
ES614,2008,female,age 0,1.0721638044144889e-4
ES614,2008,female,ages 1-79,-0.007989469300075111
ES614,2008,female,ages 80+,-0.03510952295295504
ES614,2008,male,age 0,2.369225365451816e-5
ES614,2008,male,ages 1-79,-0.01710227622976942
ES614,2008,male,ages 80+,-0.02044438881825563
ES614,2008,total,age 0,6.367728344059545e-5
ES614,2008,total,ages 1-79,-0.01174538931631195
ES614,2008,total,ages 80+,-0.028509965062674156
ES614,2009,female,age 0,-1.792311609631506e-4
ES614,2009,female,ages 1-79,-0.004661724118800906
ES614,2009,female,ages 80+,0.07070820162234447
ES614,2009,male,age 0,2.296531280250951e-4
ES614,2009,male,ages 1-79,-0.01197985739905032
ES614,2009,male,ages 80+,0.01977193607667436
ES614,2009,total,age 0,3.193388474248307e-5
ES614,2009,total,ages 1-79,-0.007519411930097805
ES614,2009,total,ages 80+,0.04593688953486111
ES614,2010,female,age 0,-1.3527738233329819e-4
ES614,2010,female,ages 1-79,-0.009426877201414503
ES614,2010,female,ages 80+,-0.021850562149170222
ES614,2010,male,age 0,-1.0593398571148767e-4
ES614,2010,male,ages 1-79,-0.009778572784722016
ES614,2010,male,ages 80+,0.05015090651186726
ES614,2010,total,age 0,-1.2051670644511972e-4
ES614,2010,total,ages 1-79,-0.008754205162219577
ES614,2010,total,ages 80+,0.0032901583187313066
ES614,2011,female,age 0,-1.3970227582120004e-4
ES614,2011,female,ages 1-79,-0.005913976145839224
ES614,2011,female,ages 80+,0.031132171178646695
ES614,2011,male,age 0,-6.774909101543329e-5
ES614,2011,male,ages 1-79,-0.009862756460023325
ES614,2011,male,ages 80+,0.0516375558732852
ES614,2011,total,age 0,-1.1416748235421739e-4
ES614,2011,total,ages 1-79,-0.007262522575295239
ES614,2011,total,ages 80+,0.039543268738863456
ES614,2012,female,age 0,1.5375696752507016e-4
ES614,2012,female,ages 1-79,-0.003522089708931321
ES614,2012,female,ages 80+,0.042574610048211656
ES614,2012,male,age 0,2.0037735091148437e-4
ES614,2012,male,ages 1-79,-0.014921289442721822
ES614,2012,male,ages 80+,0.018326142875073215
ES614,2012,total,age 0,1.7987731258030729e-4
ES614,2012,total,ages 1-79,-0.009047291780806908
ES614,2012,total,ages 80+,0.028224757847437137
ES614,2013,female,age 0,1.7895764777241813e-4
ES614,2013,female,ages 1-79,-0.005677600364855719
ES614,2013,female,ages 80+,0.07304608902117676
ES614,2013,male,age 0,1.1200573215280821e-4
ES614,2013,male,ages 1-79,-0.010938574153789484
ES614,2013,male,ages 80+,0.03267682646632242
ES614,2013,total,age 0,1.4420307788150385e-4
ES614,2013,total,ages 1-79,-0.00793845820634818
ES614,2013,total,ages 80+,0.04985577687062397
ES614,2014,female,age 0,2.481873227660432e-4
ES614,2014,female,ages 1-79,-0.0012830780052122213
ES614,2014,female,ages 80+,0.05174042591345626
ES614,2014,male,age 0,-2.820179170975351e-5
ES614,2014,male,ages 1-79,-0.013470456617074807
ES614,2014,male,ages 80+,-0.018215868147403544
ES614,2014,total,age 0,1.0175394724947317e-4
ES614,2014,total,ages 1-79,-0.007169800842967644
ES614,2014,total,ages 80+,0.01847632175137943
ES614,2015,female,age 0,2.941626513132122e-4
ES614,2015,female,ages 1-79,-0.0031683430881270717
ES614,2015,female,ages 80+,0.008876058595934187
ES614,2015,male,age 0,1.079873236928582e-4
ES614,2015,male,ages 1-79,-0.010393843216879256
ES614,2015,male,ages 80+,0.0021076466734337336
ES614,2015,total,age 0,1.9978159025449343e-4
ES614,2015,total,ages 1-79,-0.006224321126271643
ES614,2015,total,ages 80+,0.0035475063215117952
ES614,2016,female,age 0,7.805444453379296e-5
ES614,2016,female,ages 1-79,-0.003856560885429518
ES614,2016,female,ages 80+,0.028767555007079584
ES614,2016,male,age 0,9.43605561523617e-5
ES614,2016,male,ages 1-79,-0.012272262392420857
ES614,2016,male,ages 80+,0.008759674863934561
ES614,2016,total,age 0,8.7926305630167e-5
ES614,2016,total,ages 1-79,-0.0075594929130720565
ES614,2016,total,ages 80+,0.019310767768756804
ES614,2017,female,age 0,4.398553080983351e-5
ES614,2017,female,ages 1-79,-0.0031068984155981543
ES614,2017,female,ages 80+,-0.01185720852218184
ES614,2017,male,age 0,-8.86721547234691e-6
ES614,2017,male,ages 1-79,-0.01245411488238288
ES614,2017,male,ages 80+,0.029855383626827374
ES614,2017,total,age 0,1.1566723104403318e-5
ES614,2017,total,ages 1-79,-0.007490425230437285
ES614,2017,total,ages 80+,0.004343274160783377
ES614,2018,female,age 0,3.991116476431415e-5
ES614,2018,female,ages 1-79,-0.005375119578482362
ES614,2018,female,ages 80+,0.03421917200014776
ES614,2018,male,age 0,-1.1268112204964092e-4
ES614,2018,male,ages 1-79,-0.008330468651571358
ES614,2018,male,ages 80+,0.06637035139118508
ES614,2018,total,age 0,-3.46750206388728e-5
ES614,2018,total,ages 1-79,-0.00610683702449078
ES614,2018,total,ages 80+,0.04615390049457179
ES614,2019,female,age 0,-4.31729141861268e-4
ES614,2019,female,ages 1-79,-0.004803483958955157
ES614,2019,female,ages 80+,0.055676543905232134
ES614,2019,male,age 0,1.0557568061975656e-4
ES614,2019,male,ages 1-79,-0.007140364423735722
ES614,2019,male,ages 80+,0.031023543250902015
ES614,2019,total,age 0,-1.5285743928937094e-4
ES614,2019,total,ages 1-79,-0.005536360281576795
ES614,2019,total,ages 80+,0.04411860285578774
ES614,2020,female,age 0,-1.5430751145686583e-4
ES614,2020,female,ages 1-79,-0.008400243171632408
ES614,2020,female,ages 80+,-6.535060463466746e-4
ES614,2020,male,age 0,2.0608463140220031e-4
ES614,2020,male,ages 1-79,-0.010724859907217879
ES614,2020,male,ages 80+,-0.026422454900404443
ES614,2020,total,age 0,3.190994492580068e-5
ES614,2020,total,ages 1-79,-0.009054463727216614
ES614,2020,total,ages 80+,-0.01390037190742351
ES614,2021,female,age 0,1.8822598097046307e-4
ES614,2021,female,ages 1-79,-0.004245921871961462
ES614,2021,female,ages 80+,0.023031514968823538
ES614,2021,male,age 0,-7.916888664997879e-5
ES614,2021,male,ages 1-79,-0.006173645620877562
ES614,2021,male,ages 80+,0.03754470649187872
ES614,2021,total,age 0,5.3978647704056124e-5
ES614,2021,total,ages 1-79,-0.005297046596064727
ES614,2021,total,ages 80+,0.03298566513997185
ES614,2022,female,age 0,-1.881641475506771e-4
ES614,2022,female,ages 1-79,-0.003929339546339191
ES614,2022,female,ages 80+,-0.007044597216263274
ES614,2022,male,age 0,2.997154786471406e-5
ES614,2022,male,ages 1-79,-0.00929770909192204
ES614,2022,male,ages 80+,0.033762690859886285
ES614,2022,total,age 0,-5.4600002705114235e-5
ES614,2022,total,ages 1-79,-0.006045559637777899
ES614,2022,total,ages 80+,0.008179165379892654
ES614,2023,female,age 0,-5.64041551227307e-5
ES614,2023,female,ages 1-79,-0.002682463840995397
ES614,2023,female,ages 80+,0.03967118933656188
ES614,2023,male,age 0,2.956065040250217e-4
ES614,2023,male,ages 1-79,-0.00910171750932726
ES614,2023,male,ages 80+,0.04503288300163106
ES614,2023,total,age 0,1.559856549783601e-4
ES614,2023,total,ages 1-79,-0.00548886361578678
ES614,2023,total,ages 80+,0.04144261983780989
ES614,2024,female,age 0,1.9102790450628625e-4
ES614,2024,female,ages 1-79,-0.0029186792569214646
ES614,2024,female,ages 80+,0.05466646157568231
ES614,2024,male,age 0,-2.1337251128397162e-4
ES614,2024,male,ages 1-79,-0.008561311294160524
ES614,2024,male,ages 80+,0.03279303314674637
ES614,2024,total,age 0,-2.0028355527327046e-5
ES614,2024,total,ages 1-79,-0.005343218827629908
ES614,2024,total,ages 80+,0.042943959293157134
ES615,2002,female,age 0,-1.468740049344908e-4
ES615,2002,female,ages 1-79,-0.008087529802258396
ES615,2002,female,ages 80+,-0.00980197114898031
ES615,2002,male,age 0,-1.0565946655800629e-4
ES615,2002,male,ages 1-79,-0.011327013197669877
ES615,2002,male,ages 80+,-0.0034934829401365164
ES615,2002,total,age 0,-1.1317460145309958e-4
ES615,2002,total,ages 1-79,-0.00923499818708582
ES615,2002,total,ages 80+,-0.00673398827886528
ES615,2003,female,age 0,1.863283978791135e-4
ES615,2003,female,ages 1-79,-0.008233403180497267
ES615,2003,female,ages 80+,-0.028709332721165708
ES615,2003,male,age 0,-2.763185102294512e-4
ES615,2003,male,ages 1-79,-0.020923551294561075
ES615,2003,male,ages 80+,-0.019226436995688965
ES615,2003,total,age 0,-6.651301179862002e-5
ES615,2003,total,ages 1-79,-0.014055229928606099
ES615,2003,total,ages 80+,-0.022607420161265768
ES615,2004,female,age 0,7.518833193951358e-5
ES615,2004,female,ages 1-79,-0.0065999831245318556
ES615,2004,female,ages 80+,-0.00880801815322734
ES615,2004,male,age 0,-1.71415510332345e-4
ES615,2004,male,ages 1-79,-0.021069582211198926
ES615,2004,male,ages 80+,-0.011710724215837593
ES615,2004,total,age 0,-3.2073433596578383e-5
ES615,2004,total,ages 1-79,-0.013266578835053156
ES615,2004,total,ages 80+,-0.010741528852912007
ES615,2005,female,age 0,-3.871648088724401e-4
ES615,2005,female,ages 1-79,-0.004243582359685295
ES615,2005,female,ages 80+,0.01225012935449241
ES615,2005,male,age 0,-2.4422752174334326e-4
ES615,2005,male,ages 1-79,-0.010339889039128868
ES615,2005,male,ages 80+,-0.011488004422066586
ES615,2005,total,age 0,-2.9623318917955995e-4
ES615,2005,total,ages 1-79,-0.006742918170281062
ES615,2005,total,ages 80+,0.004375533726968235
ES615,2006,female,age 0,-2.2371094582550636e-4
ES615,2006,female,ages 1-79,-0.005949761734584506
ES615,2006,female,ages 80+,-0.0027854920860205176
ES615,2006,male,age 0,-1.5982287770644854e-4
ES615,2006,male,ages 1-79,-0.02288232607745911
ES615,2006,male,ages 80+,-0.03311089181811734
ES615,2006,total,age 0,-1.898998930268719e-4
ES615,2006,total,ages 1-79,-0.01348482533228278
ES615,2006,total,ages 80+,-0.016755147860020452
ES615,2007,female,age 0,1.7989396389863206e-4
ES615,2007,female,ages 1-79,-0.006745408428318145
ES615,2007,female,ages 80+,-0.023924391418514435
ES615,2007,male,age 0,-8.76956799739709e-5
ES615,2007,male,ages 1-79,-0.01112315683860398
ES615,2007,male,ages 80+,-0.009347411374056876
ES615,2007,total,age 0,2.7661120600156663e-5
ES615,2007,total,ages 1-79,-0.007997472332870459
ES615,2007,total,ages 80+,-0.019762209272727344
ES615,2008,female,age 0,-7.324493809283462e-6
ES615,2008,female,ages 1-79,-0.007669444479634743
ES615,2008,female,ages 80+,-0.005013314945347368
ES615,2008,male,age 0,2.0934423042793457e-5
ES615,2008,male,ages 1-79,-0.013298006104089734
ES615,2008,male,ages 80+,-0.02396609082203717
ES615,2008,total,age 0,2.0449480777773713e-5
ES615,2008,total,ages 1-79,-0.009791754933289891
ES615,2008,total,ages 80+,-0.013127663170731281
ES615,2009,female,age 0,-6.472475252670863e-5
ES615,2009,female,ages 1-79,-0.009000524550613714
ES615,2009,female,ages 80+,-0.023831873889824655
ES615,2009,male,age 0,-2.5238924564447953e-4
ES615,2009,male,ages 1-79,-0.012840267693603979
ES615,2009,male,ages 80+,-0.01911577434699612
ES615,2009,total,age 0,-1.3794498976581028e-4
ES615,2009,total,ages 1-79,-0.009958686935248418
ES615,2009,total,ages 80+,-0.021299261974675177
ES615,2010,female,age 0,-8.346732854224321e-5
ES615,2010,female,ages 1-79,-0.009302928492199616
ES615,2010,female,ages 80+,0.028676314521671843
ES615,2010,male,age 0,-3.040331506410692e-5
ES615,2010,male,ages 1-79,-0.013503595338669499
ES615,2010,male,ages 80+,-0.022171537095846537
ES615,2010,total,age 0,-3.758177162583389e-5
ES615,2010,total,ages 1-79,-0.011252360867386626
ES615,2010,total,ages 80+,0.007335255339617378
ES615,2011,female,age 0,-1.4381426627397864e-4
ES615,2011,female,ages 1-79,-0.008408530149582486
ES615,2011,female,ages 80+,0.016386199397014967
ES615,2011,male,age 0,-1.5629658422398356e-4
ES615,2011,male,ages 1-79,-0.009283964778767754
ES615,2011,male,ages 80+,-0.012204993707570336
ES615,2011,total,age 0,-1.5550899905933277e-4
ES615,2011,total,ages 1-79,-0.008199212932184084
ES615,2011,total,ages 80+,0.0037968879840120894
ES615,2012,female,age 0,-1.9723431287339856e-4
ES615,2012,female,ages 1-79,-0.0064371884475500595
ES615,2012,female,ages 80+,0.004693691605419596
ES615,2012,male,age 0,8.818352139046384e-5
ES615,2012,male,ages 1-79,-0.00937545124714272
ES615,2012,male,ages 80+,-0.006779915742254856
ES615,2012,total,age 0,-7.991555127084098e-5
ES615,2012,total,ages 1-79,-0.007590095333748821
ES615,2012,total,ages 80+,2.846592410076648e-4
ES615,2013,female,age 0,3.319551796781939e-5
ES615,2013,female,ages 1-79,-0.007156133353180076
ES615,2013,female,ages 80+,-0.013122887165462543
ES615,2013,male,age 0,-2.5762537342725194e-4
ES615,2013,male,ages 1-79,-0.010717432759813572
ES615,2013,male,ages 80+,3.7253513383201514e-5
ES615,2013,total,age 0,-1.3944976200015442e-4
ES615,2013,total,ages 1-79,-0.008223974168591433
ES615,2013,total,ages 80+,-0.008080679896027114
ES615,2014,female,age 0,1.0717021039111504e-4
ES615,2014,female,ages 1-79,-0.005793289975552894
ES615,2014,female,ages 80+,0.004123028906237586
ES615,2014,male,age 0,9.344371298312994e-5
ES615,2014,male,ages 1-79,-0.014547611622290128
ES615,2014,male,ages 80+,-0.009948285390649146
ES615,2014,total,age 0,1.0371322635786186e-4
ES615,2014,total,ages 1-79,-0.009953335639198929
ES615,2014,total,ages 80+,-0.0018529251380604117
ES615,2015,female,age 0,-2.4634502328988513e-4
ES615,2015,female,ages 1-79,-0.004526928179446727
ES615,2015,female,ages 80+,0.04544344736901785
ES615,2015,male,age 0,3.033622899966407e-4
ES615,2015,male,ages 1-79,-0.014636967732091877
ES615,2015,male,ages 80+,-0.020669184758001335
ES615,2015,total,age 0,4.191397996716983e-5
ES615,2015,total,ages 1-79,-0.008703244066096998
ES615,2015,total,ages 80+,0.01551268275154388
ES615,2016,female,age 0,-2.8244644543566397e-6
ES615,2016,female,ages 1-79,-0.007587053252753252
ES615,2016,female,ages 80+,-0.04679622563796919
ES615,2016,male,age 0,-2.711868927680962e-4
ES615,2016,male,ages 1-79,-0.01271680206949479
ES615,2016,male,ages 80+,-0.03433364352082552
ES615,2016,total,age 0,-1.3950317019871628e-4
ES615,2016,total,ages 1-79,-0.009522759637296594
ES615,2016,total,ages 80+,-0.03912811549853851
ES615,2017,female,age 0,-1.0821868306710459e-5
ES615,2017,female,ages 1-79,-0.0011637697057877362
ES615,2017,female,ages 80+,-0.007019606805514719
ES615,2017,male,age 0,2.3759205978345118e-4
ES615,2017,male,ages 1-79,-0.013141221618020543
ES615,2017,male,ages 80+,0.03912995342532916
ES615,2017,total,age 0,1.1586919027847986e-4
ES615,2017,total,ages 1-79,-0.006687031810320193
ES615,2017,total,ages 80+,0.008520865109416154
ES615,2018,female,age 0,-1.1836505604254587e-4
ES615,2018,female,ages 1-79,-0.0026066523872786485
ES615,2018,female,ages 80+,-0.032394265456942045
ES615,2018,male,age 0,-1.5654157356599473e-4
ES615,2018,male,ages 1-79,-0.008696433839453791
ES615,2018,male,ages 80+,0.02883265526679745
ES615,2018,total,age 0,-1.2308840050580055e-4
ES615,2018,total,ages 1-79,-0.005428885793597953
ES615,2018,total,ages 80+,-0.0031757476332439343
ES615,2019,female,age 0,-3.249137485074042e-4
ES615,2019,female,ages 1-79,7.095353635098518e-4
ES615,2019,female,ages 80+,0.07681232663195588
ES615,2019,male,age 0,2.7284303490110386e-4
ES615,2019,male,ages 1-79,-0.010418286695012269
ES615,2019,male,ages 80+,0.0032876124770207515
ES615,2019,total,age 0,-1.9969757682257997e-5
ES615,2019,total,ages 1-79,-0.0043684687851939605
ES615,2019,total,ages 80+,0.039639771831377096
ES615,2020,female,age 0,1.673424120162703e-4
ES615,2020,female,ages 1-79,-0.0044285625852149985
ES615,2020,female,ages 80+,-0.05340044483464804
ES615,2020,male,age 0,8.755669934586347e-5
ES615,2020,male,ages 1-79,-0.010768785181772718
ES615,2020,male,ages 80+,0.01572529456514947
ES615,2020,total,age 0,1.1765634921543933e-4
ES615,2020,total,ages 1-79,-0.006853273464653064
ES615,2020,total,ages 80+,-0.02410065529102016
ES615,2021,female,age 0,-2.057887877398772e-4
ES615,2021,female,ages 1-79,-0.005602227343454583
ES615,2021,female,ages 80+,-0.011755748548685486
ES615,2021,male,age 0,3.3330396606225836e-4
ES615,2021,male,ages 1-79,-0.007509884330489431
ES615,2021,male,ages 80+,-0.0200425300618133
ES615,2021,total,age 0,7.535054586465414e-5
ES615,2021,total,ages 1-79,-0.005489285606612483
ES615,2021,total,ages 80+,-0.015014737943425064
ES615,2022,female,age 0,4.010755375821482e-5
ES615,2022,female,ages 1-79,-0.0036915203703056353
ES615,2022,female,ages 80+,0.023252963255209095
ES615,2022,male,age 0,-2.565793238947209e-4
ES615,2022,male,ages 1-79,-0.012519858491119924
ES615,2022,male,ages 80+,-0.00788464748534776
ES615,2022,total,age 0,-1.0788678968196687e-4
ES615,2022,total,ages 1-79,-0.007952897374056526
ES615,2022,total,ages 80+,0.0061253523673400374
ES615,2023,female,age 0,-8.165108771646667e-4
ES615,2023,female,ages 1-79,-1.6755018489851396e-4
ES615,2023,female,ages 80+,0.001387055890491963
ES615,2023,male,age 0,-9.338858316923791e-5
ES615,2023,male,ages 1-79,-0.009874853432697462
ES615,2023,male,ages 80+,-0.018259230440044745
ES615,2023,total,age 0,-4.938442291290927e-4
ES615,2023,total,ages 1-79,-0.004896067939748292
ES615,2023,total,ages 80+,-0.00854819196527664
ES615,2024,female,age 0,-1.4065830515065235e-4
ES615,2024,female,ages 1-79,-0.0017924789536362903
ES615,2024,female,ages 80+,0.05681422869165647
ES615,2024,male,age 0,1.0147009753215552e-4
ES615,2024,male,ages 1-79,-0.011211878716440903
ES615,2024,male,ages 80+,0.04067816924034627
ES615,2024,total,age 0,5.406096730234501e-5
ES615,2024,total,ages 1-79,-0.006273962983513752
ES615,2024,total,ages 80+,0.04728537835200901
ES616,2002,female,age 0,-2.3552679319897472e-4
ES616,2002,female,ages 1-79,-0.007720397937189791
ES616,2002,female,ages 80+,-0.03184923568772463
ES616,2002,male,age 0,1.479703608123709e-4
ES616,2002,male,ages 1-79,-0.0172251873217816
ES616,2002,male,ages 80+,-0.0670751732041742
ES616,2002,total,age 0,-5.7309318296416916e-5
ES616,2002,total,ages 1-79,-0.011978113409026703
ES616,2002,total,ages 80+,-0.04996859208952827
ES616,2003,female,age 0,-1.906597817695885e-4
ES616,2003,female,ages 1-79,-0.006495614879064916
ES616,2003,female,ages 80+,-0.01957375979397654
ES616,2003,male,age 0,-5.523462110371251e-4
ES616,2003,male,ages 1-79,-0.01563981528311911
ES616,2003,male,ages 80+,-0.006429202577638245
ES616,2003,total,age 0,-3.714566514649107e-4
ES616,2003,total,ages 1-79,-0.010715463999485836
ES616,2003,total,ages 80+,-0.014595324784179227
ES616,2004,female,age 0,-2.5217369595508383e-4
ES616,2004,female,ages 1-79,-0.007683918478788847
ES616,2004,female,ages 80+,-0.03545134494299752
ES616,2004,male,age 0,2.1724119802015555e-4
ES616,2004,male,ages 1-79,-0.01731101715528198
ES616,2004,male,ages 80+,-0.008883880631560565
ES616,2004,total,age 0,-1.4143808191105975e-5
ES616,2004,total,ages 1-79,-0.011805278877227633
ES616,2004,total,ages 80+,-0.021688884912748597
ES616,2005,female,age 0,-1.0380742094869462e-4
ES616,2005,female,ages 1-79,-0.0030044857921454546
ES616,2005,female,ages 80+,-0.025525732499049093
ES616,2005,male,age 0,-5.268561397118247e-4
ES616,2005,male,ages 1-79,-0.010143550468826645
ES616,2005,male,ages 80+,-0.013776843546738662
ES616,2005,total,age 0,-3.0550767484105636e-4
ES616,2005,total,ages 1-79,-0.006565314167239605
ES616,2005,total,ages 80+,-0.023414522734836758
ES616,2006,female,age 0,4.599816818940051e-5
ES616,2006,female,ages 1-79,-0.0037299578503413025
ES616,2006,female,ages 80+,-0.07648415022033546
ES616,2006,male,age 0,-1.3906993875418382e-5
ES616,2006,male,ages 1-79,-0.01721007136080308
ES616,2006,male,ages 80+,-0.03451059954429668
ES616,2006,total,age 0,1.633263552167988e-5
ES616,2006,total,ages 1-79,-0.010263990642768617
ES616,2006,total,ages 80+,-0.05846587901244696
ES616,2007,female,age 0,-3.582303199412366e-5
ES616,2007,female,ages 1-79,-0.00896843068565394
ES616,2007,female,ages 80+,-0.07968417019297035
ES616,2007,male,age 0,-6.680757706987833e-5
ES616,2007,male,ages 1-79,-0.013232280201258618
ES616,2007,male,ages 80+,-0.04485835873825382
ES616,2007,total,age 0,-5.174144618035916e-5
ES616,2007,total,ages 1-79,-0.01056021930193122
ES616,2007,total,ages 80+,-0.0640461839162703
ES616,2008,female,age 0,1.220657674453864e-4
ES616,2008,female,ages 1-79,-0.0076800544981808485
ES616,2008,female,ages 80+,0.04427193765521119
ES616,2008,male,age 0,1.6760151263272573e-5
ES616,2008,male,ages 1-79,-0.013621676404054286
ES616,2008,male,ages 80+,-0.014568685341843347
ES616,2008,total,age 0,7.199018174928823e-5
ES616,2008,total,ages 1-79,-0.010243016294120784
ES616,2008,total,ages 80+,0.014850196854310365
ES616,2009,female,age 0,-2.573511551078865e-4
ES616,2009,female,ages 1-79,-0.005321379525929854
ES616,2009,female,ages 80+,0.0022539292593214896
ES616,2009,male,age 0,1.4570888011394522e-4
ES616,2009,male,ages 1-79,-0.01739761096500317
ES616,2009,male,ages 80+,-0.007223205640099411
ES616,2009,total,age 0,-1.9349708969188716e-5
ES616,2009,total,ages 1-79,-0.011094587394200172
ES616,2009,total,ages 80+,-0.004579704647754866
ES616,2010,female,age 0,9.367961870418269e-5
ES616,2010,female,ages 1-79,-0.005381538312805146
ES616,2010,female,ages 80+,0.01021212071318164
ES616,2010,male,age 0,-1.5485211432755605e-4
ES616,2010,male,ages 1-79,-0.011528194415818533
ES616,2010,male,ages 80+,-0.03184476447161814
ES616,2010,total,age 0,-3.492515854821289e-5
ES616,2010,total,ages 1-79,-0.00790578137032541
ES616,2010,total,ages 80+,-0.014946856139861207
ES616,2011,female,age 0,3.012615699601405e-4
ES616,2011,female,ages 1-79,-0.008838889550093711
ES616,2011,female,ages 80+,0.023596530939861853
ES616,2011,male,age 0,-4.199799719706312e-5
ES616,2011,male,ages 1-79,-0.010557439573593862
ES616,2011,male,ages 80+,-0.017424387830427775
ES616,2011,total,age 0,1.2607879437714935e-4
ES616,2011,total,ages 1-79,-0.009691960892824158
ES616,2011,total,ages 80+,0.002418711454256567
ES616,2012,female,age 0,-6.954512223799543e-5
ES616,2012,female,ages 1-79,-0.00528096032099936
ES616,2012,female,ages 80+,-0.017699983076712115
ES616,2012,male,age 0,-1.8836044136230553e-4
ES616,2012,male,ages 1-79,-0.015417230909449532
ES616,2012,male,ages 80+,0.009300554325646377
ES616,2012,total,age 0,-1.0204526595873918e-4
ES616,2012,total,ages 1-79,-0.009862089630764459
ES616,2012,total,ages 80+,-0.006327760425099659
ES616,2013,female,age 0,-1.8831626988456435e-4
ES616,2013,female,ages 1-79,-0.0043406515782290515
ES616,2013,female,ages 80+,-0.01247276060911872
ES616,2013,male,age 0,-1.105755873071993e-4
ES616,2013,male,ages 1-79,-0.00696045160826924
ES616,2013,male,ages 80+,0.024242044519032786
ES616,2013,total,age 0,-1.8043530853664822e-4
ES616,2013,total,ages 1-79,-0.005316363646178216
ES616,2013,total,ages 80+,0.0034877421542965532
ES616,2014,female,age 0,1.6789129999157047e-4
ES616,2014,female,ages 1-79,-0.0013984001922343404
ES616,2014,female,ages 80+,0.010451411488133444
ES616,2014,male,age 0,-1.0617274564159056e-4
ES616,2014,male,ages 1-79,-0.010877246159890698
ES616,2014,male,ages 80+,0.02695866140435661
ES616,2014,total,age 0,6.758461964037142e-6
ES616,2014,total,ages 1-79,-0.005570846033335294
ES616,2014,total,ages 80+,0.01565289584555763
ES616,2015,female,age 0,1.3857760892269742e-4
ES616,2015,female,ages 1-79,-0.0034460794611629827
ES616,2015,female,ages 80+,-0.03713804307249591
ES616,2015,male,age 0,-9.158718090743963e-5
ES616,2015,male,ages 1-79,-0.010496720958541234
ES616,2015,male,ages 80+,0.017158768354091684
ES616,2015,total,age 0,2.9573991885954403e-5
ES616,2015,total,ages 1-79,-0.0065296319139902335
ES616,2015,total,ages 80+,-0.010023182979805504
ES616,2016,female,age 0,3.9482338859150665e-5
ES616,2016,female,ages 1-79,-0.004134028845094458
ES616,2016,female,ages 80+,0.04809411496989442
ES616,2016,male,age 0,-2.805742732862971e-5
ES616,2016,male,ages 1-79,-0.012776022694023573
ES616,2016,male,ages 80+,0.04988060189185012
ES616,2016,total,age 0,8.397099018437182e-6
ES616,2016,total,ages 1-79,-0.007265469306890209
ES616,2016,total,ages 80+,0.04789059903370146
ES616,2017,female,age 0,1.2291478091600226e-4
ES616,2017,female,ages 1-79,-0.0034002058725342557
ES616,2017,female,ages 80+,-0.005987445100031123
ES616,2017,male,age 0,1.1531127967566668e-4
ES616,2017,male,ages 1-79,-0.012210424826743744
ES616,2017,male,ages 80+,-0.02070442346984829
ES616,2017,total,age 0,1.181663031561827e-4
ES616,2017,total,ages 1-79,-0.0071646595828674
ES616,2017,total,ages 80+,-0.013404808528075162
ES616,2018,female,age 0,1.7507739633978268e-4
ES616,2018,female,ages 1-79,-0.001857629431783592
ES616,2018,female,ages 80+,-0.011707139447899384
ES616,2018,male,age 0,1.7441302542714113e-4
ES616,2018,male,ages 1-79,-0.006421517310460163
ES616,2018,male,ages 80+,-0.008394563559474894
ES616,2018,total,age 0,1.756387144490358e-4
ES616,2018,total,ages 1-79,-0.0036544554214897208
ES616,2018,total,ages 80+,-0.010629406591794312
ES616,2019,female,age 0,2.921031362479494e-4
ES616,2019,female,ages 1-79,-0.004925349194678609
ES616,2019,female,ages 80+,0.02653341386050148
ES616,2019,male,age 0,8.375048730856427e-6
ES616,2019,male,ages 1-79,-0.008343283933308276
ES616,2019,male,ages 80+,0.04695549900692761
ES616,2019,total,age 0,1.427605066655426e-4
ES616,2019,total,ages 1-79,-0.006208961013677074
ES616,2019,total,ages 80+,0.03492632942877429
ES616,2020,female,age 0,1.4650455797996274e-4
ES616,2020,female,ages 1-79,-0.007708453105396391
ES616,2020,female,ages 80+,-0.021550510560981968
ES616,2020,male,age 0,1.5001723920049045e-4
ES616,2020,male,ages 1-79,-0.01799473378436514
ES616,2020,male,ages 80+,0.01378176227086187
ES616,2020,total,age 0,1.517932869769051e-4
ES616,2020,total,ages 1-79,-0.012139074992788441
ES616,2020,total,ages 80+,-0.005589226062867426
ES616,2021,female,age 0,2.4121321755086832e-4
ES616,2021,female,ages 1-79,-0.004312107743465534
ES616,2021,female,ages 80+,-0.01181040899965315
ES616,2021,male,age 0,2.5517576110383833e-4
ES616,2021,male,ages 1-79,-0.016129223972529562
ES616,2021,male,ages 80+,0.005183276348756025
ES616,2021,total,age 0,2.505309001763121e-4
ES616,2021,total,ages 1-79,-0.009678390512931165
ES616,2021,total,ages 80+,-0.005669233010538958
ES616,2022,female,age 0,-5.642105772269496e-4
ES616,2022,female,ages 1-79,-0.002604305293283722
ES616,2022,female,ages 80+,-0.04054091812931456
ES616,2022,male,age 0,1.0586315953887931e-4
ES616,2022,male,ages 1-79,-0.013107625462786869
ES616,2022,male,ages 80+,-0.011317239757522688
ES616,2022,total,age 0,-2.188075761086145e-4
ES616,2022,total,ages 1-79,-0.007476739249246538
ES616,2022,total,ages 80+,-0.026964660618014263
ES616,2023,female,age 0,-5.461521464910906e-5
ES616,2023,female,ages 1-79,-0.0053432410397920155
ES616,2023,female,ages 80+,-0.011258134322694315
ES616,2023,male,age 0,1.893256291657348e-4
ES616,2023,male,ages 1-79,-0.00905722789027811
ES616,2023,male,ages 80+,0.003405084002072404
ES616,2023,total,age 0,7.419818957408558e-5
ES616,2023,total,ages 1-79,-0.006500705978157944
ES616,2023,total,ages 80+,-0.0056540118869357996
ES616,2024,female,age 0,-1.3847971169315322e-4
ES616,2024,female,ages 1-79,-0.0025271035112077868
ES616,2024,female,ages 80+,0.005129225910604964
ES616,2024,male,age 0,7.56847279657026e-5
ES616,2024,male,ages 1-79,-0.010545363390046553
ES616,2024,male,ages 80+,0.027764978275518562
ES616,2024,total,age 0,-4.3896560811064906e-5
ES616,2024,total,ages 1-79,-0.006043406688640392
ES616,2024,total,ages 80+,0.016145142087235873
ES617,2002,female,age 0,1.25206693182135e-4
ES617,2002,female,ages 1-79,-0.002932247977238728
ES617,2002,female,ages 80+,0.004978487187839043
ES617,2002,male,age 0,1.1192808231934783e-4
ES617,2002,male,ages 1-79,-0.019163793894072245
ES617,2002,male,ages 80+,-0.02132729005146877
ES617,2002,total,age 0,1.3361586606021114e-4
ES617,2002,total,ages 1-79,-0.010576675269828629
ES617,2002,total,ages 80+,-0.009732655442811364
ES617,2003,female,age 0,-9.031211588507241e-5
ES617,2003,female,ages 1-79,-0.008141251202553112
ES617,2003,female,ages 80+,-0.0292997818356268
ES617,2003,male,age 0,2.724512859027247e-5
ES617,2003,male,ages 1-79,-0.017509834640088984
ES617,2003,male,ages 80+,-0.015327421798742285
ES617,2003,total,age 0,-1.767789315789113e-5
ES617,2003,total,ages 1-79,-0.011861636533727704
ES617,2003,total,ages 80+,-0.023156498533773124
ES617,2004,female,age 0,-6.810347430907307e-6
ES617,2004,female,ages 1-79,-0.006297601833125423
ES617,2004,female,ages 80+,0.03156869856069956
ES617,2004,male,age 0,-5.677343896897123e-5
ES617,2004,male,ages 1-79,-0.014034222304669185
ES617,2004,male,ages 80+,-0.0014863514017228949
ES617,2004,total,age 0,-1.1992254899089537e-5
ES617,2004,total,ages 1-79,-0.009725548660911462
ES617,2004,total,ages 80+,0.016197420259227616
ES617,2005,female,age 0,-4.475609974108089e-6
ES617,2005,female,ages 1-79,-0.005500652874932113
ES617,2005,female,ages 80+,-0.017592774958240555
ES617,2005,male,age 0,4.469839902188606e-5
ES617,2005,male,ages 1-79,-0.012986363988080084
ES617,2005,male,ages 80+,0.017335319667627712
ES617,2005,total,age 0,2.443463338977287e-5
ES617,2005,total,ages 1-79,-0.008404903341629681
ES617,2005,total,ages 80+,-0.0029420744915884985
ES617,2006,female,age 0,1.160057012048781e-4
ES617,2006,female,ages 1-79,-0.006861757179437043
ES617,2006,female,ages 80+,0.031565630121648945
ES617,2006,male,age 0,-2.3221071065801335e-5
ES617,2006,male,ages 1-79,-0.015607349223130763
ES617,2006,male,ages 80+,0.012053469953967187
ES617,2006,total,age 0,3.493319031714841e-5
ES617,2006,total,ages 1-79,-0.010756771031716093
ES617,2006,total,ages 80+,0.02209972744207473
ES617,2007,female,age 0,1.8762576411183679e-4
ES617,2007,female,ages 1-79,-0.006747123853804151
ES617,2007,female,ages 80+,0.01992896013559606
ES617,2007,male,age 0,3.903870138255479e-5
ES617,2007,male,ages 1-79,-0.014919628398484434
ES617,2007,male,ages 80+,-0.005324985756246774
ES617,2007,total,age 0,1.120211156681538e-4
ES617,2007,total,ages 1-79,-0.010469858457818554
ES617,2007,total,ages 80+,0.006489611019378429
ES617,2008,female,age 0,3.704191462012017e-5
ES617,2008,female,ages 1-79,-0.00911054115791209
ES617,2008,female,ages 80+,0.02808741132676916
ES617,2008,male,age 0,-6.949178428523255e-5
ES617,2008,male,ages 1-79,-0.015111916856546437
ES617,2008,male,ages 80+,0.011263524958627896
ES617,2008,total,age 0,-5.702116422168666e-6
ES617,2008,total,ages 1-79,-0.011526878453850885
ES617,2008,total,ages 80+,0.01634258276292896
ES617,2009,female,age 0,3.2507914714245638e-6
ES617,2009,female,ages 1-79,-0.006541171727985372
ES617,2009,female,ages 80+,-0.0036274605267219845
ES617,2009,male,age 0,-7.494052295869491e-5
ES617,2009,male,ages 1-79,-0.013810147469086143
ES617,2009,male,ages 80+,0.03355888895729505
ES617,2009,total,age 0,-3.785179902426091e-5
ES617,2009,total,ages 1-79,-0.009844696795108535
ES617,2009,total,ages 80+,0.010919680761520452
ES617,2010,female,age 0,2.6441154856341275e-5
ES617,2010,female,ages 1-79,-0.008217623975402898
ES617,2010,female,ages 80+,0.041404065817204114
ES617,2010,male,age 0,1.8859780996782657e-4
ES617,2010,male,ages 1-79,-0.014576894620935785
ES617,2010,male,ages 80+,0.049096702643100634
ES617,2010,total,age 0,1.1058585525011374e-4
ES617,2010,total,ages 1-79,-0.011103050123130535
ES617,2010,total,ages 80+,0.04207916819910984
ES617,2011,female,age 0,3.0977150204845664e-5
ES617,2011,female,ages 1-79,-0.007542544790893428
ES617,2011,female,ages 80+,0.029648552418026546
ES617,2011,male,age 0,-5.09101443176116e-5
ES617,2011,male,ages 1-79,-0.010411100021668456
ES617,2011,male,ages 80+,0.016991485455673534
ES617,2011,total,age 0,-1.6652769529058642e-5
ES617,2011,total,ages 1-79,-0.008808972832250487
ES617,2011,total,ages 80+,0.023777768585593825
ES617,2012,female,age 0,7.397867482383797e-5
ES617,2012,female,ages 1-79,-0.0021903778252861136
ES617,2012,female,ages 80+,0.007635837071248278
ES617,2012,male,age 0,8.723810435221972e-5
ES617,2012,male,ages 1-79,-0.010383438867036923
ES617,2012,male,ages 80+,0.029953178221297325
ES617,2012,total,age 0,7.27136319535889e-5
ES617,2012,total,ages 1-79,-0.0060442064158509334
ES617,2012,total,ages 80+,0.016205347746118773
ES617,2013,female,age 0,2.63998031576176e-4
ES617,2013,female,ages 1-79,-0.005190379094707255
ES617,2013,female,ages 80+,0.11419004414335278
ES617,2013,male,age 0,-1.4159583008190518e-4
ES617,2013,male,ages 1-79,-0.015138447398317456
ES617,2013,male,ages 80+,0.06835436940648408
ES617,2013,total,age 0,5.876252030532464e-5
ES617,2013,total,ages 1-79,-0.009727784110923843
ES617,2013,total,ages 80+,0.09099365751561495
ES617,2014,female,age 0,1.577073976335033e-4
ES617,2014,female,ages 1-79,-0.006033581785174221
ES617,2014,female,ages 80+,0.06085215553983574
ES617,2014,male,age 0,3.080166699841265e-4
ES617,2014,male,ages 1-79,-0.012753938169737345
ES617,2014,male,ages 80+,0.043484494946623015
ES617,2014,total,age 0,2.3328235063690855e-4
ES617,2014,total,ages 1-79,-0.008806292431938818
ES617,2014,total,ages 80+,0.04863898632059695
ES617,2015,female,age 0,1.6273564715856002e-05
ES617,2015,female,ages 1-79,-0.00463793838560546
ES617,2015,female,ages 80+,0.022774642864689165
ES617,2015,male,age 0,-5.609761918006126e-5
ES617,2015,male,ages 1-79,-0.011480730734648652
ES617,2015,male,ages 80+,0.02083978793833648
ES617,2015,total,age 0,-2.161670377284032e-5
ES617,2015,total,ages 1-79,-0.007898896218855232
ES617,2015,total,ages 80+,0.02007311415946947
ES617,2016,female,age 0,2.6462158858347665e-5
ES617,2016,female,ages 1-79,-0.005689819707055421
ES617,2016,female,ages 80+,0.03867972488550883
ES617,2016,male,age 0,-1.1209303490877616e-4
ES617,2016,male,ages 1-79,-0.010464980783286818
ES617,2016,male,ages 80+,0.038576146944093816
ES617,2016,total,age 0,-3.649162909399753e-5
ES617,2016,total,ages 1-79,-0.007478817955036036
ES617,2016,total,ages 80+,0.034543731857560586
ES617,2017,female,age 0,8.585459389851825e-5
ES617,2017,female,ages 1-79,-0.0034200811434254757
ES617,2017,female,ages 80+,0.0366892109038855
ES617,2017,male,age 0,2.8729413015678016e-6
ES617,2017,male,ages 1-79,-0.009989203999438001
ES617,2017,male,ages 80+,0.07933487251762916
ES617,2017,total,age 0,4.1668553944915764e-5
ES617,2017,total,ages 1-79,-0.006249783015468669
ES617,2017,total,ages 80+,0.04519927151118933
ES617,2018,female,age 0,1.026157897291375e-5
ES617,2018,female,ages 1-79,-0.0032334963516743084
ES617,2018,female,ages 80+,0.08811170307308436
ES617,2018,male,age 0,1.1026574727891349e-4
ES617,2018,male,ages 1-79,-0.00865868395935666
ES617,2018,male,ages 80+,0.053946667205412885
ES617,2018,total,age 0,6.086510275180279e-5
ES617,2018,total,ages 1-79,-0.005635389158236405
ES617,2018,total,ages 80+,0.06786810689419287
ES617,2019,female,age 0,5.526874836330271e-5
ES617,2019,female,ages 1-79,-0.002415630049582544
ES617,2019,female,ages 80+,0.06860307821477343
ES617,2019,male,age 0,9.627574014197334e-5
ES617,2019,male,ages 1-79,-0.009317818022175238
ES617,2019,male,ages 80+,0.06752257161053453
ES617,2019,total,age 0,7.226705358776319e-5
ES617,2019,total,ages 1-79,-0.005578032962167691
ES617,2019,total,ages 80+,0.06444487986161715
ES617,2020,female,age 0,1.1481831753394572e-5
ES617,2020,female,ages 1-79,-0.005447297722511462
ES617,2020,female,ages 80+,-6.189375165180158e-4
ES617,2020,male,age 0,-2.0194202136216812e-5
ES617,2020,male,ages 1-79,-0.01351414935270628
ES617,2020,male,ages 80+,0.0240363897879776
ES617,2020,total,age 0,-3.5812217405376527e-6
ES617,2020,total,ages 1-79,-0.009219470120031527
ES617,2020,total,ages 80+,0.006930478740380636
ES617,2021,female,age 0,-1.896219742752173e-5
ES617,2021,female,ages 1-79,-0.004065614706881573
ES617,2021,female,ages 80+,0.01898825052121715
ES617,2021,male,age 0,1.861432404940492e-4
ES617,2021,male,ages 1-79,-0.010531562113176613
ES617,2021,male,ages 80+,0.006795266526067802
ES617,2021,total,age 0,8.700015969196386e-5
ES617,2021,total,ages 1-79,-0.007014302673551288
ES617,2021,total,ages 80+,0.01218364628576864
ES617,2022,female,age 0,1.9893880327843922e-4
ES617,2022,female,ages 1-79,-0.00649631603347226
ES617,2022,female,ages 80+,-0.012852186689109158
ES617,2022,male,age 0,2.3539997731778222e-4
ES617,2022,male,ages 1-79,-0.008817188432743558
ES617,2022,male,ages 80+,0.004228252569195963
ES617,2022,total,age 0,2.1714209713125232e-4
ES617,2022,total,ages 1-79,-0.007231743385089447
ES617,2022,total,ages 80+,-0.008404106182844845
ES617,2023,female,age 0,4.557084579948572e-5
ES617,2023,female,ages 1-79,-0.003000986909729349
ES617,2023,female,ages 80+,0.051349940445500154
ES617,2023,male,age 0,-5.79101443704628e-5
ES617,2023,male,ages 1-79,-0.009367442815517012
ES617,2023,male,ages 80+,0.08354287765666188
ES617,2023,total,age 0,-8.505547201671049e-6
ES617,2023,total,ages 1-79,-0.005899442155939959
ES617,2023,total,ages 80+,0.05872053804429176
ES617,2024,female,age 0,1.6438137217694825e-5
ES617,2024,female,ages 1-79,-0.004675360717175144
ES617,2024,female,ages 80+,0.08149711314979305
ES617,2024,male,age 0,7.617623061886455e-5
ES617,2024,male,ages 1-79,-0.006456077896094102
ES617,2024,male,ages 80+,0.09480464237638792
ES617,2024,total,age 0,5.749248227085676e-5
ES617,2024,total,ages 1-79,-0.005233127432501664
ES617,2024,total,ages 80+,0.08221219598395721
ES618,2002,female,age 0,5.418363630190187e-5
ES618,2002,female,ages 1-79,-0.009419889191016243
ES618,2002,female,ages 80+,-0.004270064086059818
ES618,2002,male,age 0,1.1512557349461865e-5
ES618,2002,male,ages 1-79,-0.018877552479311895
ES618,2002,male,ages 80+,-0.03064551617603225
ES618,2002,total,age 0,3.1473972355371664e-5
ES618,2002,total,ages 1-79,-0.013770193442701308
ES618,2002,total,ages 80+,-0.01650025661370493
ES618,2003,female,age 0,-5.536741020749041e-5
ES618,2003,female,ages 1-79,-0.009446477215254535
ES618,2003,female,ages 80+,-0.05013827794902064
ES618,2003,male,age 0,2.325903956279884e-4
ES618,2003,male,ages 1-79,-0.02258330876748208
ES618,2003,male,ages 80+,-0.02057598843659884
ES618,2003,total,age 0,1.0556238148288112e-4
ES618,2003,total,ages 1-79,-0.015308222172415748
ES618,2003,total,ages 80+,-0.036593063897187875
ES618,2004,female,age 0,-1.647689803206545e-4
ES618,2004,female,ages 1-79,-0.007147938981523005
ES618,2004,female,ages 80+,-0.009645982590226835
ES618,2004,male,age 0,-9.902560111771608e-6
ES618,2004,male,ages 1-79,-0.018590768768805634
ES618,2004,male,ages 80+,-0.02376262196463083
ES618,2004,total,age 0,-8.467135348613113e-5
ES618,2004,total,ages 1-79,-0.011996393287121515
ES618,2004,total,ages 80+,-0.01550694095129322
ES618,2005,female,age 0,-5.438492160329468e-5
ES618,2005,female,ages 1-79,-0.0036765323616259407
ES618,2005,female,ages 80+,-0.009722097589104577
ES618,2005,male,age 0,5.652607420145811e-5
ES618,2005,male,ages 1-79,-0.01305306871706068
ES618,2005,male,ages 80+,-0.0019728830617137447
ES618,2005,total,age 0,2.812372583246732e-6
ES618,2005,total,ages 1-79,-0.00812439189731174
ES618,2005,total,ages 80+,-0.007278859600559507
ES618,2006,female,age 0,4.2536456655365947e-7
ES618,2006,female,ages 1-79,-0.008437157657932955
ES618,2006,female,ages 80+,-0.03457421988292536
ES618,2006,male,age 0,-1.2616087640447482e-4
ES618,2006,male,ages 1-79,-0.018931811716429763
ES618,2006,male,ages 80+,-0.020922078854143225
ES618,2006,total,age 0,-7.688051781332046e-5
ES618,2006,total,ages 1-79,-0.01291715238710005
ES618,2006,total,ages 80+,-0.027924128812032954
ES618,2007,female,age 0,9.530834127474447e-5
ES618,2007,female,ages 1-79,-0.007227262507182013
ES618,2007,female,ages 80+,-0.02022808763999013
ES618,2007,male,age 0,-2.471445868658039e-4
ES618,2007,male,ages 1-79,-0.01703129504168587
ES618,2007,male,ages 80+,-0.015588450490145341
ES618,2007,total,age 0,-6.373883352777822e-5
ES618,2007,total,ages 1-79,-0.011237430294821469
ES618,2007,total,ages 80+,-0.017240939195982886
ES618,2008,female,age 0,-3.1764126359109593e-5
ES618,2008,female,ages 1-79,-0.008528214048365812
ES618,2008,female,ages 80+,-0.04562666432630254
ES618,2008,male,age 0,-1.3829010475058e-4
ES618,2008,male,ages 1-79,-0.012870933046284613
ES618,2008,male,ages 80+,-0.02623502201048898
ES618,2008,total,age 0,-8.338890962385689e-5
ES618,2008,total,ages 1-79,-0.01010267778945937
ES618,2008,total,ages 80+,-0.03624044660610687
ES618,2009,female,age 0,-9.7791172845783665e-06
ES618,2009,female,ages 1-79,-0.00554619537878922
ES618,2009,female,ages 80+,0.04190913604765327
ES618,2009,male,age 0,3.8244885462278466e-5
ES618,2009,male,ages 1-79,-0.014927968934648804
ES618,2009,male,ages 80+,-0.01023800767844778
ES618,2009,total,age 0,1.5504283178067637e-5
ES618,2009,total,ages 1-79,-0.009313541592432781
ES618,2009,total,ages 80+,0.017997219760501667
ES618,2010,female,age 0,-9.964525310455474e-5
ES618,2010,female,ages 1-79,-0.008990071413837205
ES618,2010,female,ages 80+,-0.009667284211638802
ES618,2010,male,age 0,1.1134922334167746e-5
ES618,2010,male,ages 1-79,-0.015293317413976116
ES618,2010,male,ages 80+,-0.018528732267085738
ES618,2010,total,age 0,-5.1101399886448686e-5
ES618,2010,total,ages 1-79,-0.01109578055985034
ES618,2010,total,ages 80+,-0.014248028058651122
ES618,2011,female,age 0,-4.1695475897272815e-5
ES618,2011,female,ages 1-79,-0.008712389287691984
ES618,2011,female,ages 80+,-0.01761376848890377
ES618,2011,male,age 0,7.837204994513128e-5
ES618,2011,male,ages 1-79,-0.015358270486410391
ES618,2011,male,ages 80+,-0.03735267709565722
ES618,2011,total,age 0,1.635818681698098e-5
ES618,2011,total,ages 1-79,-0.011236338966796728
ES618,2011,total,ages 80+,-0.027482016612302495
ES618,2012,female,age 0,1.1418796321373236e-4
ES618,2012,female,ages 1-79,-0.002221713994161675
ES618,2012,female,ages 80+,0.007556265823634174
ES618,2012,male,age 0,-6.042705038899183e-5
ES618,2012,male,ages 1-79,-0.012592819618956162
ES618,2012,male,ages 80+,0.003585699884516104
ES618,2012,total,age 0,2.528952857025182e-5
ES618,2012,total,ages 1-79,-0.006777515042217434
ES618,2012,total,ages 80+,0.0058484006967252505
ES618,2013,female,age 0,1.5417197733802072e-4
ES618,2013,female,ages 1-79,-0.006821721398749488
ES618,2013,female,ages 80+,-0.017497676362175186
ES618,2013,male,age 0,1.4405854951809555e-4
ES618,2013,male,ages 1-79,-0.01194669725661153
ES618,2013,male,ages 80+,-0.006765464997930824
ES618,2013,total,age 0,1.4873356483205457e-4
ES618,2013,total,ages 1-79,-0.008445987477679995
ES618,2013,total,ages 80+,-0.013769307844525982
ES618,2014,female,age 0,1.6850211488547365e-4
ES618,2014,female,ages 1-79,-0.005555705964006813
ES618,2014,female,ages 80+,-0.0021800922363118883
ES618,2014,male,age 0,9.014211811627008e-5
ES618,2014,male,ages 1-79,-0.016439442364593312
ES618,2014,male,ages 80+,0.01675058471045275
ES618,2014,total,age 0,1.280613160822883e-4
ES618,2014,total,ages 1-79,-0.010354893976622164
ES618,2014,total,ages 80+,0.005458924901690844
ES618,2015,female,age 0,-2.0146420847687584e-5
ES618,2015,female,ages 1-79,-0.0032381132465941318
ES618,2015,female,ages 80+,-0.043785188075871694
ES618,2015,male,age 0,1.4319552935170127e-4
ES618,2015,male,ages 1-79,-0.008921486915357595
ES618,2015,male,ages 80+,-0.005739198002958166
ES618,2015,total,age 0,6.091181138204689e-5
ES618,2015,total,ages 1-79,-0.005676033346818358
ES618,2015,total,ages 80+,-0.027080852070592073
ES618,2016,female,age 0,3.6346542696620784e-5
ES618,2016,female,ages 1-79,-0.005402335814476463
ES618,2016,female,ages 80+,-0.003405762435230303
ES618,2016,male,age 0,1.3229889633488437e-4
ES618,2016,male,ages 1-79,-0.012872518163548988
ES618,2016,male,ages 80+,-0.004225124604126277
ES618,2016,total,age 0,8.636927592337636e-5
ES618,2016,total,ages 1-79,-0.008687466232024623
ES618,2016,total,ages 80+,-0.0037560265352184485
ES618,2017,female,age 0,-6.41105537279937e-5
ES618,2017,female,ages 1-79,-0.006216443258014392
ES618,2017,female,ages 80+,-0.007101899706453089
ES618,2017,male,age 0,-5.7215883067246714e-5
ES618,2017,male,ages 1-79,-0.013386869135914059
ES618,2017,male,ages 80+,-0.015173075547161886
ES618,2017,total,age 0,-6.031485221356425e-5
ES618,2017,total,ages 1-79,-0.009094428725729648
ES618,2017,total,ages 80+,-0.010661027007069356
ES618,2018,female,age 0,-6.304393426394095e-5
ES618,2018,female,ages 1-79,-0.003112886503169132
ES618,2018,female,ages 80+,0.016470975477530132
ES618,2018,male,age 0,1.0060573314973648e-4
ES618,2018,male,ages 1-79,-0.00920148318135058
ES618,2018,male,ages 80+,2.6772795695852517e-4
ES618,2018,total,age 0,2.1275110699299566e-5
ES618,2018,total,ages 1-79,-0.005828313572797666
ES618,2018,total,ages 80+,0.007895722992909238
ES618,2019,female,age 0,2.019106282381716e-4
ES618,2019,female,ages 1-79,-0.002705384101306138
ES618,2019,female,ages 80+,0.03779238329770575
ES618,2019,male,age 0,5.067506932063341e-6
ES618,2019,male,ages 1-79,-0.00801302178689831
ES618,2019,male,ages 80+,0.004592574162891341
ES618,2019,total,age 0,1.0072898982200863e-4
ES618,2019,total,ages 1-79,-0.00478391806156424
ES618,2019,total,ages 80+,0.021408159599312908
ES618,2020,female,age 0,-1.3315304023003236e-4
ES618,2020,female,ages 1-79,-0.005026171237687432
ES618,2020,female,ages 80+,-0.005890098464191355
ES618,2020,male,age 0,1.5861922050474175e-4
ES618,2020,male,ages 1-79,-0.014466567982937356
ES618,2020,male,ages 80+,-0.011266899493614233
ES618,2020,total,age 0,2.5677525846467503e-5
ES618,2020,total,ages 1-79,-0.009117378634917885
ES618,2020,total,ages 80+,-0.008210057890784054
ES618,2021,female,age 0,2.655762163467729e-5
ES618,2021,female,ages 1-79,-0.003890419089842157
ES618,2021,female,ages 80+,-0.01589795873275292
ES618,2021,male,age 0,3.2975786994064347e-6
ES618,2021,male,ages 1-79,-0.012119327835195677
ES618,2021,male,ages 80+,-0.01984801144897916
ES618,2021,total,age 0,1.5553007570755815e-5
ES618,2021,total,ages 1-79,-0.007527157314694203
ES618,2021,total,ages 80+,-0.01718628661646924
ES618,2022,female,age 0,-1.6072724368333726e-4
ES618,2022,female,ages 1-79,-0.003419803913788999
ES618,2022,female,ages 80+,-0.02258748063672871
ES618,2022,male,age 0,1.1576772195126832e-4
ES618,2022,male,ages 1-79,-0.013244071829850188
ES618,2022,male,ages 80+,-0.0018222702693470212
ES618,2022,total,age 0,-1.8542436410239082e-5
ES618,2022,total,ages 1-79,-0.007858024553347092
ES618,2022,total,ages 80+,-0.014285128634963043
ES618,2023,female,age 0,1.2743264980040863e-4
ES618,2023,female,ages 1-79,-0.003808483072672157
ES618,2023,female,ages 80+,0.01571174846415605
ES618,2023,male,age 0,2.643000981080087e-6
ES618,2023,male,ages 1-79,-0.0093995222434137
ES618,2023,male,ages 80+,-0.0021270158323195426
ES618,2023,total,age 0,6.408124044217343e-5
ES618,2023,total,ages 1-79,-0.0060992020289459044
ES618,2023,total,ages 80+,0.0076285610654364365
ES618,2024,female,age 0,-2.7309792189929e-5
ES618,2024,female,ages 1-79,-0.002816491215486266
ES618,2024,female,ages 80+,0.033449864701491965
ES618,2024,male,age 0,1.2395931913959684e-4
ES618,2024,male,ages 1-79,-0.011409090270004925
ES618,2024,male,ages 80+,0.018642184695435597
ES618,2024,total,age 0,4.956356785583405e-5
ES618,2024,total,ages 1-79,-0.006767125344880158
ES618,2024,total,ages 80+,0.02566919306153865
ES620,2002,female,age 0,1.0956588250221356e-4
ES620,2002,female,ages 1-79,-0.006844030848169229
ES620,2002,female,ages 80+,-0.01772521141825202
ES620,2002,male,age 0,-1.675516462003528e-5
ES620,2002,male,ages 1-79,-0.013327700468866291
ES620,2002,male,ages 80+,-0.0039739015904493545
ES620,2002,total,age 0,5.565223508980645e-5
ES620,2002,total,ages 1-79,-0.00972794565295445
ES620,2002,total,ages 80+,-0.010994729127707336
ES620,2003,female,age 0,-1.6553561421022393e-4
ES620,2003,female,ages 1-79,-0.008155085428481607
ES620,2003,female,ages 80+,-0.04364497690150368
ES620,2003,male,age 0,-3.0995563971322076e-4
ES620,2003,male,ages 1-79,-0.014664380111516896
ES620,2003,male,ages 80+,-0.038341889795313173
ES620,2003,total,age 0,-2.4479012514830653e-4
ES620,2003,total,ages 1-79,-0.010828735662702479
ES620,2003,total,ages 80+,-0.04067207564711124
ES620,2004,female,age 0,3.823231791754473e-5
ES620,2004,female,ages 1-79,-0.00811428178537765
ES620,2004,female,ages 80+,-0.06683220293312578
ES620,2004,male,age 0,-1.5459875773587127e-4
ES620,2004,male,ages 1-79,-0.017003367496437022
ES620,2004,male,ages 80+,-0.03443832554103742
ES620,2004,total,age 0,-5.757119504456055e-5
ES620,2004,total,ages 1-79,-0.012181023092530576
ES620,2004,total,ages 80+,-0.051888299705053625
ES620,2005,female,age 0,-2.4043619929701014e-4
ES620,2005,female,ages 1-79,-0.0048931137418092695
ES620,2005,female,ages 80+,-0.03313958725012177
ES620,2005,male,age 0,-1.653271935449139e-5
ES620,2005,male,ages 1-79,-0.008295733297257425
ES620,2005,male,ages 80+,-0.01889062697582563
ES620,2005,total,age 0,-1.1578464312133645e-4
ES620,2005,total,ages 1-79,-0.005926122110786154
ES620,2005,total,ages 80+,-0.026185540729315972
ES620,2006,female,age 0,1.6956949991887778e-4
ES620,2006,female,ages 1-79,-0.007743232190014505
ES620,2006,female,ages 80+,-0.03391865375560518
ES620,2006,male,age 0,9.147577365154009e-5
ES620,2006,male,ages 1-79,-0.010965113633993431
ES620,2006,male,ages 80+,-9.440638162776845e-4
ES620,2006,total,age 0,1.3129746033174934e-4
ES620,2006,total,ages 1-79,-0.008990360619658088
ES620,2006,total,ages 80+,-0.018668902676739468
ES620,2007,female,age 0,1.114644671868242e-4
ES620,2007,female,ages 1-79,-0.00384319764183869
ES620,2007,female,ages 80+,-0.01917833885177602
ES620,2007,male,age 0,-6.2287535162222326e-6
ES620,2007,male,ages 1-79,-0.009325929940974125
ES620,2007,male,ages 80+,-0.015023056894243058
ES620,2007,total,age 0,5.1937980433212705e-5
ES620,2007,total,ages 1-79,-0.006311506363523768
ES620,2007,total,ages 80+,-0.017802542283421628
ES620,2008,female,age 0,5.074509624207617e-5
ES620,2008,female,ages 1-79,-0.005168437527238445
ES620,2008,female,ages 80+,-0.053992452013492634
ES620,2008,male,age 0,4.426172126807192e-5
ES620,2008,male,ages 1-79,-0.014206053331350561
ES620,2008,male,ages 80+,-0.048006818138558005
ES620,2008,total,age 0,4.726136042200776e-5
ES620,2008,total,ages 1-79,-0.009047100072001333
ES620,2008,total,ages 80+,-0.05201330851889677
ES620,2009,female,age 0,1.0663676701898516e-4
ES620,2009,female,ages 1-79,-0.006983523217279641
ES620,2009,female,ages 80+,0.019339489872805753
ES620,2009,male,age 0,-2.3382625347552724e-4
ES620,2009,male,ages 1-79,-0.013888215587002137
ES620,2009,male,ages 80+,-0.010999340514049973
ES620,2009,total,age 0,-6.772767696701174e-5
ES620,2009,total,ages 1-79,-0.010143453863279441
ES620,2009,total,ages 80+,0.005544624803009684
ES620,2010,female,age 0,-1.0371781493589395e-4
ES620,2010,female,ages 1-79,-0.0017081249134962393
ES620,2010,female,ages 80+,-0.06142083251475494
ES620,2010,male,age 0,6.3950047028375e-5
ES620,2010,male,ages 1-79,-0.009161213368067373
ES620,2010,male,ages 80+,-0.020585181541616232
ES620,2010,total,age 0,-1.5520521860049132e-5
ES620,2010,total,ages 1-79,-0.005109623813094172
ES620,2010,total,ages 80+,-0.04578988686002269
ES620,2011,female,age 0,1.3211962472016022e-4
ES620,2011,female,ages 1-79,-0.0068944190582496765
ES620,2011,female,ages 80+,-0.035222053819066027
ES620,2011,male,age 0,6.095391461748968e-5
ES620,2011,male,ages 1-79,-0.009854632776160917
ES620,2011,male,ages 80+,-0.01029380343075683
ES620,2011,total,age 0,9.229863329132898e-5
ES620,2011,total,ages 1-79,-0.007971599529943401
ES620,2011,total,ages 80+,-0.02223095771409981
ES620,2012,female,age 0,1.0265189891470787e-5
ES620,2012,female,ages 1-79,-0.004517578718348784
ES620,2012,female,ages 80+,-0.002531740580289689
ES620,2012,male,age 0,-3.8522962311437656e-5
ES620,2012,male,ages 1-79,-0.010387523281877958
ES620,2012,male,ages 80+,-0.014055316340452697
ES620,2012,total,age 0,-1.5650281731849507e-5
ES620,2012,total,ages 1-79,-0.006911541005022644
ES620,2012,total,ages 80+,-0.008452383124048661
ES620,2013,female,age 0,1.92225589895365e-4
ES620,2013,female,ages 1-79,-0.004616936188855723
ES620,2013,female,ages 80+,-0.002474811708829773
ES620,2013,male,age 0,6.628690489715778e-5
ES620,2013,male,ages 1-79,-0.00945376769146757
ES620,2013,male,ages 80+,-0.0031016542393560304
ES620,2013,total,age 0,1.279372859650248e-4
ES620,2013,total,ages 1-79,-0.006496766048889054
ES620,2013,total,ages 80+,-0.003438173345016636
ES620,2014,female,age 0,-8.204435605008178e-6
ES620,2014,female,ages 1-79,-0.004491002966495438
ES620,2014,female,ages 80+,-0.007231815798054129
ES620,2014,male,age 0,1.708003129420724e-4
ES620,2014,male,ages 1-79,-0.007414676275735513
ES620,2014,male,ages 80+,0.0072451759849868555
ES620,2014,total,age 0,8.514751057680542e-5
ES620,2014,total,ages 1-79,-0.005615747724805811
ES620,2014,total,ages 80+,-0.003932494537084191
ES620,2015,female,age 0,5.5531113675813785e-6
ES620,2015,female,ages 1-79,-0.002763549990436885
ES620,2015,female,ages 80+,-0.02119656506894397
ES620,2015,male,age 0,9.105567962925976e-5
ES620,2015,male,ages 1-79,-0.009284696431146038
ES620,2015,male,ages 80+,0.009735216042227284
ES620,2015,total,age 0,4.997528511819505e-5
ES620,2015,total,ages 1-79,-0.005634086215625259
ES620,2015,total,ages 80+,-0.007607390163210811
ES620,2016,female,age 0,9.783535797088898e-6
ES620,2016,female,ages 1-79,-0.005153002394867261
ES620,2016,female,ages 80+,-0.030982629954802374
ES620,2016,male,age 0,1.6214500415875875e-4
ES620,2016,male,ages 1-79,-0.007208630076911084
ES620,2016,male,ages 80+,0.02141332863595643
ES620,2016,total,age 0,8.737202989604421e-5
ES620,2016,total,ages 1-79,-0.005636900525563118
ES620,2016,total,ages 80+,-0.00980311088014586
ES620,2017,female,age 0,-1.6205574279178443e-5
ES620,2017,female,ages 1-79,-0.0038291112452363803
ES620,2017,female,ages 80+,-0.033131458693773624
ES620,2017,male,age 0,7.025490804773262e-5
ES620,2017,male,ages 1-79,-0.011125935042399027
ES620,2017,male,ages 80+,-0.023987282027541242
ES620,2017,total,age 0,3.4837051218133134e-5
ES620,2017,total,ages 1-79,-0.006959794895787158
ES620,2017,total,ages 80+,-0.029160115505093835
ES620,2018,female,age 0,9.084478892506693e-5
ES620,2018,female,ages 1-79,-0.003778248361218358
ES620,2018,female,ages 80+,0.02421381565961849
ES620,2018,male,age 0,6.118963174780316e-5
ES620,2018,male,ages 1-79,-0.006789887881440875
ES620,2018,male,ages 80+,0.012456910380423524
ES620,2018,total,age 0,7.528829127623503e-5
ES620,2018,total,ages 1-79,-0.005051648969048423
ES620,2018,total,ages 80+,0.017908653627490903
ES620,2019,female,age 0,1.892189678385725e-4
ES620,2019,female,ages 1-79,-0.0020247930272387486
ES620,2019,female,ages 80+,-0.028978192674232663
ES620,2019,male,age 0,-1.1041508268161983e-4
ES620,2019,male,ages 1-79,-0.00934997006585402
ES620,2019,male,ages 80+,0.024493739823463735
ES620,2019,total,age 0,3.997452408263083e-5
ES620,2019,total,ages 1-79,-0.005038152074582447
ES620,2019,total,ages 80+,-0.005322379186656127
ES620,2020,female,age 0,-2.0742648204714458e-5
ES620,2020,female,ages 1-79,-0.0034932468478015427
ES620,2020,female,ages 80+,0.014888778058270942
ES620,2020,male,age 0,-4.529971222371771e-5
ES620,2020,male,ages 1-79,-0.012298922394699482
ES620,2020,male,ages 80+,-0.006663423849803618
ES620,2020,total,age 0,-3.2575840949910584e-5
ES620,2020,total,ages 1-79,-0.007370323989839016
ES620,2020,total,ages 80+,0.004576824035512579
ES620,2021,female,age 0,1.2257636085040552e-4
ES620,2021,female,ages 1-79,-0.0054260583345290166
ES620,2021,female,ages 80+,0.002984694228139788
ES620,2021,male,age 0,-1.5273790559030355e-4
ES620,2021,male,ages 1-79,-0.006792994440372175
ES620,2021,male,ages 80+,-3.7548045302145464e-4
ES620,2021,total,age 0,-2.0967630540935495e-5
ES620,2021,total,ages 1-79,-0.005626066567180624
ES620,2021,total,ages 80+,0.001831410369705834
ES620,2022,female,age 0,-8.03103989223593e-5
ES620,2022,female,ages 1-79,-0.0014963637769353816
ES620,2022,female,ages 80+,-0.03088998670788677
ES620,2022,male,age 0,-3.7876417187410704e-5
ES620,2022,male,ages 1-79,-0.008946189357569544
ES620,2022,male,ages 80+,-0.01085180240921165
ES620,2022,total,age 0,-5.586057177296038e-5
ES620,2022,total,ages 1-79,-0.004837188518263324
ES620,2022,total,ages 80+,-0.021737824379097673
ES620,2023,female,age 0,1.365396153795657e-4
ES620,2023,female,ages 1-79,-0.0015812876283383096
ES620,2023,female,ages 80+,-0.006688671755778714
ES620,2023,male,age 0,4.4990192784464554e-5
ES620,2023,male,ages 1-79,-0.010027734628992955
ES620,2023,male,ages 80+,0.01678319892489079
ES620,2023,total,age 0,8.874070637914609e-5
ES620,2023,total,ages 1-79,-0.005222334490719821
ES620,2023,total,ages 80+,0.003749018709503435
ES620,2024,female,age 0,8.019622827429597e-6
ES620,2024,female,ages 1-79,-0.0015998160258759082
ES620,2024,female,ages 80+,0.0504341576391175
ES620,2024,male,age 0,2.9665643105911916e-5
ES620,2024,male,ages 1-79,-0.008898276618788468
ES620,2024,male,ages 80+,0.017778212405468286
ES620,2024,total,age 0,1.965573073202214e-5
ES620,2024,total,ages 1-79,-0.004929852975643294
ES620,2024,total,ages 80+,0.035509202328122186
ES630,2002,female,age 0,3.0409485318680894e-4
ES630,2002,female,ages 1-79,-0.006933767409549644
ES630,2002,female,ages 80+,0.010804478273024998
ES630,2002,male,age 0,-2.728911586047807e-4
ES630,2002,male,ages 1-79,-0.031131566954280196
ES630,2002,male,ages 80+,0.08713871433599989
ES630,2002,total,age 0,1.207335471125517e-4
ES630,2002,total,ages 1-79,-0.01547706554119263
ES630,2002,total,ages 80+,0.034858586837597155
ES630,2003,female,age 0,7.865033659895312e-8
ES630,2003,female,ages 1-79,-0.006517842607927869
ES630,2003,female,ages 80+,-0.17403034073363283
ES630,2003,male,age 0,4.222406792004068e-5
ES630,2003,male,ages 1-79,-0.05590248917470167
ES630,2003,male,ages 80+,0.19453009576520836
ES630,2003,total,age 0,-9.029916912595137e-6
ES630,2003,total,ages 1-79,-0.028101116631425827
ES630,2003,total,ages 80+,-0.04273133497005467
ES630,2004,female,age 0,1.882063938878813e-4
ES630,2004,female,ages 1-79,-0.0022232077607985817
ES630,2004,female,ages 80+,-0.0767333835172007
ES630,2004,male,age 0,-1.9049337791651895e-5
ES630,2004,male,ages 1-79,-0.02238497063714298
ES630,2004,male,ages 80+,-0.011925695003199777
ES630,2004,total,age 0,3.376554766107919e-4
ES630,2004,total,ages 1-79,-0.009651459942568635
ES630,2004,total,ages 80+,-0.05331867469078112
ES630,2005,female,age 0,-5.544400085016161e-4
ES630,2005,female,ages 1-79,-0.007668925108936033
ES630,2005,female,ages 80+,0.09561894129129364
ES630,2005,male,age 0,5.067912825037641e-4
ES630,2005,male,ages 1-79,-0.019089142347705396
ES630,2005,male,ages 80+,0.17267754885608294
ES630,2005,total,age 0,-5.0281910578378163e-5
ES630,2005,total,ages 1-79,-0.012137640384694524
ES630,2005,total,ages 80+,0.11067541841483723
ES630,2006,female,age 0,-1.9309012335222834e-4
ES630,2006,female,ages 1-79,-0.009589892950050668
ES630,2006,female,ages 80+,-0.13184488827029975
ES630,2006,male,age 0,7.724556686650682e-4
ES630,2006,male,ages 1-79,-0.024055046566549644
ES630,2006,male,ages 80+,0.34066888529821615
ES630,2006,total,age 0,-6.305586730923217e-4
ES630,2006,total,ages 1-79,-0.012787315456241205
ES630,2006,total,ages 80+,0.0435513005265157
ES630,2007,female,age 0,4.295927501776149e-4
ES630,2007,female,ages 1-79,-0.026838942851875238
ES630,2007,female,ages 80+,-0.05649037344506993
ES630,2007,male,age 0,1.696468345636147e-4
ES630,2007,male,ages 1-79,-0.024102997014424407
ES630,2007,male,ages 80+,0.15921021752198494
ES630,2007,total,age 0,1.5247157363025587e-4
ES630,2007,total,ages 1-79,-0.02332949031604556
ES630,2007,total,ages 80+,0.03074333619483337
ES630,2008,female,age 0,3.3003340977013403e-4
ES630,2008,female,ages 1-79,-0.0183776533602476
ES630,2008,female,ages 80+,0.08876827292965214
ES630,2008,male,age 0,4.275497102383356e-4
ES630,2008,male,ages 1-79,-0.019096900046872284
ES630,2008,male,ages 80+,0.1888304827157795
ES630,2008,total,age 0,2.4111564441930202e-4
ES630,2008,total,ages 1-79,-0.0175210411912027
ES630,2008,total,ages 80+,0.12449678011796106
ES630,2009,female,age 0,-2.770872994982702e-4
ES630,2009,female,ages 1-79,-0.003971769947520476
ES630,2009,female,ages 80+,0.0691696970641484
ES630,2009,male,age 0,3.249620737203453e-4
ES630,2009,male,ages 1-79,-0.025088391866670886
ES630,2009,male,ages 80+,0.01422083307577293
ES630,2009,total,age 0,-1.1624051769056114e-4
ES630,2009,total,ages 1-79,-0.01343985298367499
ES630,2009,total,ages 80+,0.040672139831145794
ES630,2010,female,age 0,-4.561303654645331e-4
ES630,2010,female,ages 1-79,-0.0058006309161491255
ES630,2010,female,ages 80+,-0.009364689615218441
ES630,2010,male,age 0,-2.6987008520885838e-5
ES630,2010,male,ages 1-79,-0.024687447174753317
ES630,2010,male,ages 80+,-0.06030054908667957
ES630,2010,total,age 0,-1.386134024794882e-4
ES630,2010,total,ages 1-79,-0.01525821379507966
ES630,2010,total,ages 80+,-0.03354704022962519
ES630,2011,female,age 0,1.4485984203337977e-4
ES630,2011,female,ages 1-79,-0.013763829524237155
ES630,2011,female,ages 80+,-0.08618743369260834
ES630,2011,male,age 0,4.676640551361994e-4
ES630,2011,male,ages 1-79,-0.0033607850131952798
ES630,2011,male,ages 80+,0.16488295200712635
ES630,2011,total,age 0,3.4982426021144136e-4
ES630,2011,total,ages 1-79,-0.012828700076248915
ES630,2011,total,ages 80+,0.003732778517669205
ES630,2012,female,age 0,-8.02642999966571e-4
ES630,2012,female,ages 1-79,-0.011477429099153676
ES630,2012,female,ages 80+,0.46749978096926537
ES630,2012,male,age 0,-0.001346066421511971
ES630,2012,male,ages 1-79,-0.02418429430493391
ES630,2012,male,ages 80+,0.027379117345245244
ES630,2012,total,age 0,-0.0010858755951743129
ES630,2012,total,ages 1-79,-0.01801363428115804
ES630,2012,total,ages 80+,0.286768960719869
ES630,2013,female,age 0,-1.8059793006681372e-4
ES630,2013,female,ages 1-79,-0.018800984187171126
ES630,2013,female,ages 80+,0.348707674809701
ES630,2013,male,age 0,1.515771512730199e-4
ES630,2013,male,ages 1-79,-0.019893367632685108
ES630,2013,male,ages 80+,-0.06579625374780268
ES630,2013,total,age 0,-1.3110693065182706e-5
ES630,2013,total,ages 1-79,-0.017788644752454917
ES630,2013,total,ages 80+,0.13015828121192569
ES630,2014,female,age 0,2.119446502795435e-4
ES630,2014,female,ages 1-79,0.0016127424100920546
ES630,2014,female,ages 80+,0.20295504795907188
ES630,2014,male,age 0,-4.2562102895740434e-4
ES630,2014,male,ages 1-79,-0.027804193910235708
ES630,2014,male,ages 80+,0.4681094818905485
ES630,2014,total,age 0,-8.254342628557707e-6
ES630,2014,total,ages 1-79,-0.009276945841780853
ES630,2014,total,ages 80+,0.26427214311561315
ES630,2015,female,age 0,1.1182932564793822e-4
ES630,2015,female,ages 1-79,-5.955383458731813e-4
ES630,2015,female,ages 80+,0.42599629038757236
ES630,2015,male,age 0,1.1810061615757949e-4
ES630,2015,male,ages 1-79,-0.025032303403625857
ES630,2015,male,ages 80+,0.3236011035756406
ES630,2015,total,age 0,1.4991472686874847e-4
ES630,2015,total,ages 1-79,-0.010813939902705455
ES630,2015,total,ages 80+,0.36525103236151246
ES630,2016,female,age 0,0
ES630,2016,female,ages 1-79,-0.007952362953770742
ES630,2016,female,ages 80+,0.09535242654093876
ES630,2016,male,age 0,3.1540689402494306e-4
ES630,2016,male,ages 1-79,-0.013832095260957722
ES630,2016,male,ages 80+,0.3644544160777434
ES630,2016,total,age 0,2.00879234241762e-4
ES630,2016,total,ages 1-79,-0.010908519208412534
ES630,2016,total,ages 80+,0.20540540822452985
ES630,2017,female,age 0,-2.475024262104341e-4
ES630,2017,female,ages 1-79,-0.007604195615921398
ES630,2017,female,ages 80+,0.5149421329256841
ES630,2017,male,age 0,-3.3137062067303564e-4
ES630,2017,male,ages 1-79,-0.021344530215615953
ES630,2017,male,ages 80+,0.2501783042159095
ES630,2017,total,age 0,-2.59553016084826e-4
ES630,2017,total,ages 1-79,-0.012112420379374315
ES630,2017,total,ages 80+,0.38852143119485016
ES630,2018,female,age 0,1.2033891718799588e-4
ES630,2018,female,ages 1-79,-0.010811296215031572
ES630,2018,female,ages 80+,0.4149699816743184
ES630,2018,male,age 0,2.131714066900574e-5
ES630,2018,male,ages 1-79,-0.024626358783058043
ES630,2018,male,ages 80+,0.23526418662621995
ES630,2018,total,age 0,8.00849893373003e-5
ES630,2018,total,ages 1-79,-0.01593944368416412
ES630,2018,total,ages 80+,0.34805393438650434
ES630,2019,female,age 0,2.4957460377175435e-4
ES630,2019,female,ages 1-79,-0.00781260050306791
ES630,2019,female,ages 80+,0.4170197778687158
ES630,2019,male,age 0,-7.971422341976408e-4
ES630,2019,male,ages 1-79,-0.026275859051289673
ES630,2019,male,ages 80+,-0.05795578227450786
ES630,2019,total,age 0,-1.9995834052491369e-4
ES630,2019,total,ages 1-79,-0.01685242753496845
ES630,2019,total,ages 80+,0.23154058629962082
ES630,2020,female,age 0,-1.270055596073438e-4
ES630,2020,female,ages 1-79,-0.0021141624980336657
ES630,2020,female,ages 80+,0.2532580426804969
ES630,2020,male,age 0,3.500128386961244e-5
ES630,2020,male,ages 1-79,-0.018079612800952813
ES630,2020,male,ages 80+,-0.04465199714118823
ES630,2020,total,age 0,-3.66700747105614e-5
ES630,2020,total,ages 1-79,-0.011070291913750734
ES630,2020,total,ages 80+,0.1411836327319867
ES630,2021,female,age 0,0
ES630,2021,female,ages 1-79,-0.006970478829372178
ES630,2021,female,ages 80+,0.1835403777410174
ES630,2021,male,age 0,1.6835934081248517e-4
ES630,2021,male,ages 1-79,-0.021237567880294808
ES630,2021,male,ages 80+,0.15173047366830433
ES630,2021,total,age 0,5.021830134070924e-5
ES630,2021,total,ages 1-79,-0.013822864287566211
ES630,2021,total,ages 80+,0.15355115531147975
ES630,2022,female,age 0,0
ES630,2022,female,ages 1-79,-0.01976427319654736
ES630,2022,female,ages 80+,0.3540631987489122
ES630,2022,male,age 0,-4.91870824272304e-4
ES630,2022,male,ages 1-79,-0.019646868912017373
ES630,2022,male,ages 80+,0.18318325503872418
ES630,2022,total,age 0,-3.0918844050999557e-4
ES630,2022,total,ages 1-79,-0.015247727811685341
ES630,2022,total,ages 80+,0.2779339650268362
ES630,2023,female,age 0,0
ES630,2023,female,ages 1-79,-0.0108331280803033
ES630,2023,female,ages 80+,0.09658976270428343
ES630,2023,male,age 0,-0.0011645083348853988
ES630,2023,male,ages 1-79,-0.007171188412925384
ES630,2023,male,ages 80+,0.08239740715378119
ES630,2023,total,age 0,-7.450933408274156e-4
ES630,2023,total,ages 1-79,-0.008565072378121527
ES630,2023,total,ages 80+,0.08805071144455585
ES630,2024,female,age 0,1.5217076069480367e-4
ES630,2024,female,ages 1-79,0.004041960841089197
ES630,2024,female,ages 80+,0.20938677247383078
ES630,2024,male,age 0,-0.0013020957791969642
ES630,2024,male,ages 1-79,-0.0031394563121756223
ES630,2024,male,ages 80+,0.4305035009503081
ES630,2024,total,age 0,-5.831212716824896e-4
ES630,2024,total,ages 1-79,5.878896699055246e-4
ES630,2024,total,ages 80+,0.2591501501567057
ES640,2002,female,age 0,-2.7650663120193754e-4
ES640,2002,female,ages 1-79,0.0031258687693692835
ES640,2002,female,ages 80+,-0.014622339136316092
ES640,2002,male,age 0,-3.95672447642912e-4
ES640,2002,male,ages 1-79,-0.03484667244271645
ES640,2002,male,ages 80+,0.08222313402972481
ES640,2002,total,age 0,2.6420520740443287e-5
ES640,2002,total,ages 1-79,-0.014392409170235702
ES640,2002,total,ages 80+,0.010931228846751408
ES640,2003,female,age 0,-0.0013316043016243372
ES640,2003,female,ages 1-79,-0.012744149805399615
ES640,2003,female,ages 80+,0.033608988205522314
ES640,2003,male,age 0,-4.806633379697818e-4
ES640,2003,male,ages 1-79,-0.049868800924029635
ES640,2003,male,ages 80+,-0.04834144263748681
ES640,2003,total,age 0,-6.042238528223382e-4
ES640,2003,total,ages 1-79,-0.024507181052264994
ES640,2003,total,ages 80+,-9.87301247117548e-4
ES640,2004,female,age 0,-9.823592860945226e-5
ES640,2004,female,ages 1-79,-0.022266844992230823
ES640,2004,female,ages 80+,-0.07656352718385899
ES640,2004,male,age 0,-9.111563056537313e-4
ES640,2004,male,ages 1-79,-0.027477164028210696
ES640,2004,male,ages 80+,0.03636326254802755
ES640,2004,total,age 0,-3.6643791208603967e-4
ES640,2004,total,ages 1-79,-0.018727948175643862
ES640,2004,total,ages 80+,-0.058588406481781784
ES640,2005,female,age 0,-1.7713474852143647e-5
ES640,2005,female,ages 1-79,-0.01704332436982042
ES640,2005,female,ages 80+,0.12755383776102527
ES640,2005,male,age 0,-7.243532135831741e-4
ES640,2005,male,ages 1-79,-0.032028728259467204
ES640,2005,male,ages 80+,0.09374801249175845
ES640,2005,total,age 0,-3.7617519423309854e-4
ES640,2005,total,ages 1-79,-0.017867725479853325
ES640,2005,total,ages 80+,0.08390965621457352
ES640,2006,female,age 0,-8.234456675542069e-4
ES640,2006,female,ages 1-79,-0.002533964532730035
ES640,2006,female,ages 80+,0.0026291755282782797
ES640,2006,male,age 0,-2.1546235274276236e-4
ES640,2006,male,ages 1-79,-0.0352265113271042
ES640,2006,male,ages 80+,0.061022446718068335
ES640,2006,total,age 0,-6.794536876616148e-4
ES640,2006,total,ages 1-79,-0.017292396198755826
ES640,2006,total,ages 80+,0.030417889966794606
ES640,2007,female,age 0,-5.305510597615778e-4
ES640,2007,female,ages 1-79,-0.019296132178178865
ES640,2007,female,ages 80+,0.32291876243414874
ES640,2007,male,age 0,3.8744835033472416e-4
ES640,2007,male,ages 1-79,-0.020198349566202735
ES640,2007,male,ages 80+,0.3449889500217955
ES640,2007,total,age 0,-7.644974137631865e-5
ES640,2007,total,ages 1-79,-0.01671251284915001
ES640,2007,total,ages 80+,0.3231547255034115
ES640,2008,female,age 0,-7.548146227484879e-4
ES640,2008,female,ages 1-79,0.006961966376938079
ES640,2008,female,ages 80+,0.5668754816951431
ES640,2008,male,age 0,4.063382745038023e-4
ES640,2008,male,ages 1-79,-0.008331337100742194
ES640,2008,male,ages 80+,-0.02356562516115171
ES640,2008,total,age 0,-1.6184586333400688e-4
ES640,2008,total,ages 1-79,-0.002385962032692567
ES640,2008,total,ages 80+,0.24917739916918008
ES640,2009,female,age 0,-0.0011875705190392992
ES640,2009,female,ages 1-79,-0.01398489893554264
ES640,2009,female,ages 80+,0.6578232617417701
ES640,2009,male,age 0,4.973594693333191e-4
ES640,2009,male,ages 1-79,-0.012978814525090308
ES640,2009,male,ages 80+,-0.03832520932862167
ES640,2009,total,age 0,-2.9181493701166416e-4
ES640,2009,total,ages 1-79,-0.01196817610419561
ES640,2009,total,ages 80+,0.3033833085322821
ES640,2010,female,age 0,0
ES640,2010,female,ages 1-79,-0.014483608607694109
ES640,2010,female,ages 80+,0.289456201136246
ES640,2010,male,age 0,0
ES640,2010,male,ages 1-79,-0.016788111072208595
ES640,2010,male,ages 80+,0.2489398595981202
ES640,2010,total,age 0,0
ES640,2010,total,ages 1-79,-0.0107121730968373
ES640,2010,total,ages 80+,0.2647345242756231
ES640,2011,female,age 0,-0.0012850686858110589
ES640,2011,female,ages 1-79,-0.0163498862752539
ES640,2011,female,ages 80+,-0.053821421656970375
ES640,2011,male,age 0,0
ES640,2011,male,ages 1-79,-0.029693677656868298
ES640,2011,male,ages 80+,0.15586933643062784
ES640,2011,total,age 0,-7.203319155584255e-4
ES640,2011,total,ages 1-79,-0.020936405267046296
ES640,2011,total,ages 80+,0.03502493014813375
ES640,2012,female,age 0,2.86352067148286e-4
ES640,2012,female,ages 1-79,-0.012371086285855128
ES640,2012,female,ages 80+,0.039980107680961996
ES640,2012,male,age 0,-5.711897760628172e-4
ES640,2012,male,ages 1-79,-0.010848320253659085
ES640,2012,male,ages 80+,-0.02332688724355861
ES640,2012,total,age 0,-1.256938406228836e-4
ES640,2012,total,ages 1-79,-0.010925473619402706
ES640,2012,total,ages 80+,0.05998125184273986
ES640,2013,female,age 0,-4.101274283119053e-5
ES640,2013,female,ages 1-79,-0.004604698279333239
ES640,2013,female,ages 80+,0.3485740469694927
ES640,2013,male,age 0,-0.0014850599934191817
ES640,2013,male,ages 1-79,-0.03693464158806757
ES640,2013,male,ages 80+,0.7121020483955417
ES640,2013,total,age 0,-7.608495875425591e-4
ES640,2013,total,ages 1-79,-0.017929625265076923
ES640,2013,total,ages 80+,0.36373636390087966
ES640,2014,female,age 0,-3.1247805208991055e-4
ES640,2014,female,ages 1-79,-0.004557129404145226
ES640,2014,female,ages 80+,0.4230666292597757
ES640,2014,male,age 0,-8.823505556658907e-5
ES640,2014,male,ages 1-79,-0.03577516212034989
ES640,2014,male,ages 80+,0.07663259900462366
ES640,2014,total,age 0,-2.8149946547114584e-4
ES640,2014,total,ages 1-79,-0.0180014641312681
ES640,2014,total,ages 80+,0.2762587197158173
ES640,2015,female,age 0,0.0015877605713549427
ES640,2015,female,ages 1-79,0.0038147584634459063
ES640,2015,female,ages 80+,-0.0917779164096887
ES640,2015,male,age 0,-2.9929903173483833e-4
ES640,2015,male,ages 1-79,-0.026679211641621087
ES640,2015,male,ages 80+,0.06038395776450847
ES640,2015,total,age 0,5.917944379310433e-4
ES640,2015,total,ages 1-79,-0.008490093100794639
ES640,2015,total,ages 80+,-0.050434355642830365
ES640,2016,female,age 0,3.8791953249249305e-4
ES640,2016,female,ages 1-79,-0.006042659374399955
ES640,2016,female,ages 80+,0.32060939966786006
ES640,2016,male,age 0,4.756034152869942e-5
ES640,2016,male,ages 1-79,-0.0237258942029277
ES640,2016,male,ages 80+,0.07573060254897684
ES640,2016,total,age 0,2.6195227374849683e-4
ES640,2016,total,ages 1-79,-0.011819297662657043
ES640,2016,total,ages 80+,0.2282398826181469
ES640,2017,female,age 0,6.32309354675017e-5
ES640,2017,female,ages 1-79,-0.019311294679785027
ES640,2017,female,ages 80+,0.23788645600596697
ES640,2017,male,age 0,2.176198670423699e-4
ES640,2017,male,ages 1-79,-0.018291408635559364
ES640,2017,male,ages 80+,0.5417128979937813
ES640,2017,total,age 0,1.6347499923227596e-4
ES640,2017,total,ages 1-79,-0.019300929499771535
ES640,2017,total,ages 80+,0.31806034109919923
ES640,2018,female,age 0,-4.5432288845937026e-4
ES640,2018,female,ages 1-79,-0.009294936116026931
ES640,2018,female,ages 80+,0.25233941322289843
ES640,2018,male,age 0,2.803767578799376e-4
ES640,2018,male,ages 1-79,-0.02589880235453947
ES640,2018,male,ages 80+,0.20790346808076365
ES640,2018,total,age 0,-5.563349224428659e-5
ES640,2018,total,ages 1-79,-0.016660627089576628
ES640,2018,total,ages 80+,0.22461340324200194
ES640,2019,female,age 0,9.77529967446777e-5
ES640,2019,female,ages 1-79,-0.008117446128522466
ES640,2019,female,ages 80+,0.36204908988723505
ES640,2019,male,age 0,2.3595647534577408e-4
ES640,2019,male,ages 1-79,-0.017401726630543225
ES640,2019,male,ages 80+,0.19069605944546353
ES640,2019,total,age 0,-7.696424952085629e-5
ES640,2019,total,ages 1-79,-0.010492104358794505
ES640,2019,total,ages 80+,0.28576210126788726
ES640,2020,female,age 0,3.8789878404575564e-4
ES640,2020,female,ages 1-79,-0.015760528064425294
ES640,2020,female,ages 80+,0.21802793638075563
ES640,2020,male,age 0,1.0683700018008721e-4
ES640,2020,male,ages 1-79,-0.04349037775144032
ES640,2020,male,ages 80+,0.1261605314115959
ES640,2020,total,age 0,2.1160326983122444e-4
ES640,2020,total,ages 1-79,-0.02792794734510049
ES640,2020,total,ages 80+,0.17466349446987803
ES640,2021,female,age 0,-3.368511144438991e-4
ES640,2021,female,ages 1-79,-0.0024844933214860573
ES640,2021,female,ages 80+,-0.02361177010284793
ES640,2021,male,age 0,2.53246781510074e-4
ES640,2021,male,ages 1-79,-0.02282734063667021
ES640,2021,male,ages 80+,0.29109693525761926
ES640,2021,total,age 0,-1.5217705267467617e-4
ES640,2021,total,ages 1-79,-0.00999788524296219
ES640,2021,total,ages 80+,0.07546258229132911
ES640,2022,female,age 0,-8.473444192337635e-4
ES640,2022,female,ages 1-79,-0.013751730110281172
ES640,2022,female,ages 80+,-0.20003019772008573
ES640,2022,male,age 0,2.1093656398940216e-4
ES640,2022,male,ages 1-79,-0.005081545815768369
ES640,2022,male,ages 80+,0.14271802905628933
ES640,2022,total,age 0,-1.7182759069411677e-4
ES640,2022,total,ages 1-79,-0.006731211081850192
ES640,2022,total,ages 80+,-0.0668737628998466
ES640,2023,female,age 0,0
ES640,2023,female,ages 1-79,-0.010141464755450066
ES640,2023,female,ages 80+,-0.14128863182373314
ES640,2023,male,age 0,-0.001526654736454357
ES640,2023,male,ages 1-79,-0.003679177747964786
ES640,2023,male,ages 80+,0.14729617063358272
ES640,2023,total,age 0,-7.328769676311701e-4
ES640,2023,total,ages 1-79,-0.006631347809795521
ES640,2023,total,ages 80+,-0.04364541224913583
ES640,2024,female,age 0,0
ES640,2024,female,ages 1-79,-0.01973250339603369
ES640,2024,female,ages 80+,0.638447258511914
ES640,2024,male,age 0,8.536598967593719e-4
ES640,2024,male,ages 1-79,-0.01529634614597335
ES640,2024,male,ages 80+,0.5291470041662274
ES640,2024,total,age 0,3.931135949534804e-4
ES640,2024,total,ages 1-79,-0.01529251604266639
ES640,2024,total,ages 80+,0.5665930183511739
ES705,2002,female,age 0,-2.0783483478504686e-4
ES705,2002,female,ages 1-79,-0.00784054072724814
ES705,2002,female,ages 80+,0.03479406479417676
ES705,2002,male,age 0,-3.3549581612835126e-4
ES705,2002,male,ages 1-79,-0.012782491330454539
ES705,2002,male,ages 80+,-0.01146704751133866
ES705,2002,total,age 0,-2.7234114010409006e-4
ES705,2002,total,ages 1-79,-0.009761533974153023
ES705,2002,total,ages 80+,0.011378540224542466
ES705,2003,female,age 0,-1.9778594484303147e-4
ES705,2003,female,ages 1-79,-0.004800692186793567
ES705,2003,female,ages 80+,-0.023489158883480125
ES705,2003,male,age 0,1.4755486428650948e-4
ES705,2003,male,ages 1-79,-0.020463622400118803
ES705,2003,male,ages 80+,-0.008441035565163978
ES705,2003,total,age 0,-3.6527718859186395e-5
ES705,2003,total,ages 1-79,-0.012664980419739949
ES705,2003,total,ages 80+,-0.015619449979850528
ES705,2004,female,age 0,-3.2369865483577055e-4
ES705,2004,female,ages 1-79,-0.0036927346542719518
ES705,2004,female,ages 80+,0.03535308709286587
ES705,2004,male,age 0,-1.215027197539427e-4
ES705,2004,male,ages 1-79,-0.013179162606757626
ES705,2004,male,ages 80+,-0.03511641309475268
ES705,2004,total,age 0,-2.1262154347054496e-4
ES705,2004,total,ages 1-79,-0.008067802046644156
ES705,2004,total,ages 80+,-8.60390889932245e-4
ES705,2005,female,age 0,-4.6532288435188263e-4
ES705,2005,female,ages 1-79,-0.009575107020298611
ES705,2005,female,ages 80+,0.044993503610205494
ES705,2005,male,age 0,-8.052872354693451e-5
ES705,2005,male,ages 1-79,-0.012082211395113947
ES705,2005,male,ages 80+,-0.03882168645947545
ES705,2005,total,age 0,-2.5277314220114325e-4
ES705,2005,total,ages 1-79,-0.010362902033567364
ES705,2005,total,ages 80+,0.0037532587662730712
ES705,2006,female,age 0,-1.6170908258091423e-4
ES705,2006,female,ages 1-79,-0.006299282981923764
ES705,2006,female,ages 80+,-0.021188014834291367
ES705,2006,male,age 0,-4.853253761576398e-5
ES705,2006,male,ages 1-79,-0.01114084074062391
ES705,2006,male,ages 80+,0.014345221020424643
ES705,2006,total,age 0,-1.0589231360750751e-4
ES705,2006,total,ages 1-79,-0.008343605501447197
ES705,2006,total,ages 80+,-0.005767504875368132
ES705,2007,female,age 0,-1.2356710843703674e-4
ES705,2007,female,ages 1-79,-0.005550045185422436
ES705,2007,female,ages 80+,0.01316535834400515
ES705,2007,male,age 0,-1.667385547828209e-4
ES705,2007,male,ages 1-79,-0.01162670372478498
ES705,2007,male,ages 80+,0.03509806422092096
ES705,2007,total,age 0,-1.498073268825014e-4
ES705,2007,total,ages 1-79,-0.008324296633012863
ES705,2007,total,ages 80+,0.021590085827805146
ES705,2008,female,age 0,-2.5487362076631994e-4
ES705,2008,female,ages 1-79,-0.006464541119372946
ES705,2008,female,ages 80+,0.013422318588537971
ES705,2008,male,age 0,-1.2151759664322141e-4
ES705,2008,male,ages 1-79,-0.016371652754273706
ES705,2008,male,ages 80+,0.0033544880280957715
ES705,2008,total,age 0,-2.031236964930125e-4
ES705,2008,total,ages 1-79,-0.010959829388767888
ES705,2008,total,ages 80+,0.01024536411790506
ES705,2009,female,age 0,-4.9217059517425134e-5
ES705,2009,female,ages 1-79,-0.0051842154358546725
ES705,2009,female,ages 80+,0.041250754325840674
ES705,2009,male,age 0,2.46925439398447e-6
ES705,2009,male,ages 1-79,-0.010846429131812666
ES705,2009,male,ages 80+,0.019949807887712678
ES705,2009,total,age 0,-2.2885073189747566e-5
ES705,2009,total,ages 1-79,-0.007608843480514559
ES705,2009,total,ages 80+,0.02974096538590415
ES705,2010,female,age 0,-7.482822897666109e-5
ES705,2010,female,ages 1-79,-0.006861108455196016
ES705,2010,female,ages 80+,0.057136639888743804
ES705,2010,male,age 0,1.0300770893531345e-4
ES705,2010,male,ages 1-79,-0.01729467757676438
ES705,2010,male,ages 80+,0.06406754026167859
ES705,2010,total,age 0,3.456731131563173e-5
ES705,2010,total,ages 1-79,-0.011841234495423056
ES705,2010,total,ages 80+,0.05783819043679715
ES705,2011,female,age 0,1.794132582466405e-4
ES705,2011,female,ages 1-79,-0.0031930094817221844
ES705,2011,female,ages 80+,0.05504113056502448
ES705,2011,male,age 0,-7.623771406514117e-5
ES705,2011,male,ages 1-79,-0.014548710319307398
ES705,2011,male,ages 80+,0.08516130937215559
ES705,2011,total,age 0,3.138715327223884e-5
ES705,2011,total,ages 1-79,-0.008817997531869666
ES705,2011,total,ages 80+,0.06358860600563782
ES705,2012,female,age 0,-1.9040447966284707e-7
ES705,2012,female,ages 1-79,-0.004906622152406769
ES705,2012,female,ages 80+,0.10778208655019905
ES705,2012,male,age 0,-2.0874695256435428e-5
ES705,2012,male,ages 1-79,-0.010037172550467098
ES705,2012,male,ages 80+,0.029217156757079508
ES705,2012,total,age 0,-2.2329543462961532e-5
ES705,2012,total,ages 1-79,-0.007402041521166438
ES705,2012,total,ages 80+,0.07006446481414888
ES705,2013,female,age 0,-1.0823584058413959e-4
ES705,2013,female,ages 1-79,-0.004886287577685601
ES705,2013,female,ages 80+,0.10723155734517134
ES705,2013,male,age 0,-9.200807225132296e-5
ES705,2013,male,ages 1-79,-0.008335971494395071
ES705,2013,male,ages 80+,0.030091262100464866
ES705,2013,total,age 0,-1.0477605931005966e-4
ES705,2013,total,ages 1-79,-0.006378244645643563
ES705,2013,total,ages 80+,0.07200195472866885
ES705,2014,female,age 0,-5.613691064520136e-5
ES705,2014,female,ages 1-79,-0.005845663262902807
ES705,2014,female,ages 80+,0.1398902469953994
ES705,2014,male,age 0,2.198750536668994e-5
ES705,2014,male,ages 1-79,-0.007413718670178574
ES705,2014,male,ages 80+,0.039383597924638525
ES705,2014,total,age 0,-1.7167812144877804e-5
ES705,2014,total,ages 1-79,-0.006306547249225844
ES705,2014,total,ages 80+,0.09262721601179971
ES705,2015,female,age 0,-1.550196828318474e-4
ES705,2015,female,ages 1-79,-0.004877038374177932
ES705,2015,female,ages 80+,0.03268144937515683
ES705,2015,male,age 0,-2.812197659345563e-5
ES705,2015,male,ages 1-79,-0.004314410996557242
ES705,2015,male,ages 80+,0.0671617149642777
ES705,2015,total,age 0,-8.837417829816397e-5
ES705,2015,total,ages 1-79,-0.004014267249983738
ES705,2015,total,ages 80+,0.04468741924705428
ES705,2016,female,age 0,1.2869749424716077e-4
ES705,2016,female,ages 1-79,-0.006339178035656656
ES705,2016,female,ages 80+,0.08727039125521152
ES705,2016,male,age 0,-3.775611987812958e-5
ES705,2016,male,ages 1-79,-0.008827292664812074
ES705,2016,male,ages 80+,0.043491233174088
ES705,2016,total,age 0,4.349379911373395e-5
ES705,2016,total,ages 1-79,-0.007228041130045233
ES705,2016,total,ages 80+,0.06084391466071712
ES705,2017,female,age 0,1.2851409245054463e-4
ES705,2017,female,ages 1-79,-0.0063023714660402595
ES705,2017,female,ages 80+,0.1376672634622373
ES705,2017,male,age 0,-5.005568970343046e-5
ES705,2017,male,ages 1-79,-0.00621937257577771
ES705,2017,male,ages 80+,0.05191025592797763
ES705,2017,total,age 0,3.119897232420431e-5
ES705,2017,total,ages 1-79,-0.005880314477532367
ES705,2017,total,ages 80+,0.09634626376213488
ES705,2018,female,age 0,3.0975751898221335e-4
ES705,2018,female,ages 1-79,-0.007017581158315911
ES705,2018,female,ages 80+,0.029935857604265835
ES705,2018,male,age 0,1.9193364231954622e-4
ES705,2018,male,ages 1-79,-0.007899553361868056
ES705,2018,male,ages 80+,0.04294323636779744
ES705,2018,total,age 0,2.437931553247709e-4
ES705,2018,total,ages 1-79,-0.007077690155998594
ES705,2018,total,ages 80+,0.035154094601788866
ES705,2019,female,age 0,-1.009062233340849e-4
ES705,2019,female,ages 1-79,-0.004629376218317836
ES705,2019,female,ages 80+,0.055574638652497524
ES705,2019,male,age 0,1.9466297450243704e-4
ES705,2019,male,ages 1-79,-0.010353589407713151
ES705,2019,male,ages 80+,0.05442950177891684
ES705,2019,total,age 0,5.2365067048760205e-5
ES705,2019,total,ages 1-79,-0.00707981623182162
ES705,2019,total,ages 80+,0.05486746166286795
ES705,2020,female,age 0,-3.497293032325151e-5
ES705,2020,female,ages 1-79,-0.005949093485043433
ES705,2020,female,ages 80+,0.08607354566351808
ES705,2020,male,age 0,-9.416412778469938e-5
ES705,2020,male,ages 1-79,-0.010814675767292906
ES705,2020,male,ages 80+,0.06420552696099886
ES705,2020,total,age 0,-6.268690408898297e-5
ES705,2020,total,ages 1-79,-0.008193147974073525
ES705,2020,total,ages 80+,0.07880191761983002
ES705,2021,female,age 0,9.857615176603061e-5
ES705,2021,female,ages 1-79,-0.0019988506595952998
ES705,2021,female,ages 80+,-0.00714255989119713
ES705,2021,male,age 0,7.703048197414193e-5
ES705,2021,male,ages 1-79,-0.010006222017013856
ES705,2021,male,ages 80+,0.038033001430302686
ES705,2021,total,age 0,1.0255918335489484e-4
ES705,2021,total,ages 1-79,-0.005982466373229379
ES705,2021,total,ages 80+,0.011844752388745418
ES705,2022,female,age 0,1.7868947965763005e-5
ES705,2022,female,ages 1-79,-0.004362481428735417
ES705,2022,female,ages 80+,-0.02400448940374324
ES705,2022,male,age 0,2.5287906158526886e-4
ES705,2022,male,ages 1-79,-0.013192139925951755
ES705,2022,male,ages 80+,-0.013983626814167652
ES705,2022,total,age 0,1.3436239073361111e-4
ES705,2022,total,ages 1-79,-0.008505102136667012
ES705,2022,total,ages 80+,-0.020614415116022067
ES705,2023,female,age 0,-2.995633182935014e-4
ES705,2023,female,ages 1-79,-0.007506189403046383
ES705,2023,female,ages 80+,0.030418609602920088
ES705,2023,male,age 0,-4.432818918587372e-4
ES705,2023,male,ages 1-79,-0.013984305736411335
ES705,2023,male,ages 80+,0.038925971639173114
ES705,2023,total,age 0,-3.8807237995037297e-4
ES705,2023,total,ages 1-79,-0.010629979031127706
ES705,2023,total,ages 80+,0.03190383024650127
ES705,2024,female,age 0,7.368076802145608e-5
ES705,2024,female,ages 1-79,-0.004701593078281642
ES705,2024,female,ages 80+,0.11841662587617488
ES705,2024,male,age 0,8.044670878150866e-5
ES705,2024,male,ages 1-79,-0.00757846102414963
ES705,2024,male,ages 80+,0.03412613253157576
ES705,2024,total,age 0,7.431364524697332e-5
ES705,2024,total,ages 1-79,-0.005818472487034621
ES705,2024,total,ages 80+,0.07849198057416489
ES709,2002,female,age 0,-4.306476782719924e-4
ES709,2002,female,ages 1-79,-0.0055954887187876
ES709,2002,female,ages 80+,0.02064374580330546
ES709,2002,male,age 0,-1.7257104320974847e-4
ES709,2002,male,ages 1-79,-0.010749700356468724
ES709,2002,male,ages 80+,0.005352470318770508
ES709,2002,total,age 0,-2.9491707279103525e-4
ES709,2002,total,ages 1-79,-0.007844142885610896
ES709,2002,total,ages 80+,0.013476153151933318
ES709,2003,female,age 0,3.659255261618028e-5
ES709,2003,female,ages 1-79,-0.008057062951907645
ES709,2003,female,ages 80+,-0.025028739631128928
ES709,2003,male,age 0,9.885606542329652e-5
ES709,2003,male,ages 1-79,-0.013569713481760223
ES709,2003,male,ages 80+,-0.014458870505765333
ES709,2003,total,age 0,5.049677542831085e-5
ES709,2003,total,ages 1-79,-0.010370570297173486
ES709,2003,total,ages 80+,-0.02078713260129806
ES709,2004,female,age 0,4.5216072645176545e-5
ES709,2004,female,ages 1-79,-0.0081790072590482
ES709,2004,female,ages 80+,-0.00511987730559673
ES709,2004,male,age 0,-4.0648495080817653e-4
ES709,2004,male,ages 1-79,-0.018109795176748288
ES709,2004,male,ages 80+,0.001174980027736472
ES709,2004,total,age 0,-2.206268961778557e-4
ES709,2004,total,ages 1-79,-0.012340213715884018
ES709,2004,total,ages 80+,-0.002579931665820087
ES709,2005,female,age 0,-4.0656825721836255e-5
ES709,2005,female,ages 1-79,-0.006175634225083754
ES709,2005,female,ages 80+,0.0649817778169696
ES709,2005,male,age 0,-7.918588818589398e-5
ES709,2005,male,ages 1-79,-0.012332093905353855
ES709,2005,male,ages 80+,0.021334266936647566
ES709,2005,total,age 0,-4.631832609905453e-5
ES709,2005,total,ages 1-79,-0.008899687197017048
ES709,2005,total,ages 80+,0.04461910427464497
ES709,2006,female,age 0,-1.1391457406780356e-4
ES709,2006,female,ages 1-79,-0.0037493993649226325
ES709,2006,female,ages 80+,0.04424556055270426
ES709,2006,male,age 0,-2.0742188198172453e-4
ES709,2006,male,ages 1-79,-0.013491806008431424
ES709,2006,male,ages 80+,0.0214120614758927
ES709,2006,total,age 0,-1.3342463036744356e-4
ES709,2006,total,ages 1-79,-0.008217864254063258
ES709,2006,total,ages 80+,0.032325251850098255
ES709,2007,female,age 0,1.335865409959394e-4
ES709,2007,female,ages 1-79,-0.003733716692383678
ES709,2007,female,ages 80+,0.03478667483790553
ES709,2007,male,age 0,-8.888267168951473e-5
ES709,2007,male,ages 1-79,-0.011467390701318941
ES709,2007,male,ages 80+,0.018520358316689103
ES709,2007,total,age 0,1.580854693240626e-5
ES709,2007,total,ages 1-79,-0.007446053686085534
ES709,2007,total,ages 80+,0.02685219615490382
ES709,2008,female,age 0,-2.689484444742333e-4
ES709,2008,female,ages 1-79,-0.0043429319201798685
ES709,2008,female,ages 80+,0.021184772030996654
ES709,2008,male,age 0,1.8742716081099017e-4
ES709,2008,male,ages 1-79,-0.01583627490395124
ES709,2008,male,ages 80+,0.02471058493399559
ES709,2008,total,age 0,-4.4040267480050335e-5
ES709,2008,total,ages 1-79,-0.009911343354996167
ES709,2008,total,ages 80+,0.021968606076180053
ES709,2009,female,age 0,-6.614316144195001e-5
ES709,2009,female,ages 1-79,-0.00689645171427293
ES709,2009,female,ages 80+,0.07766721854611627
ES709,2009,male,age 0,4.92884524137283e-5
ES709,2009,male,ages 1-79,-0.00994784933753986
ES709,2009,male,ages 80+,0.04381322397605661
ES709,2009,total,age 0,9.141905329610527e-6
ES709,2009,total,ages 1-79,-0.007850881962776828
ES709,2009,total,ages 80+,0.06101892413195308
ES709,2010,female,age 0,9.130925691417837e-5
ES709,2010,female,ages 1-79,-0.0021420654898103467
ES709,2010,female,ages 80+,0.1295501464095221
ES709,2010,male,age 0,1.3579177678179662e-4
ES709,2010,male,ages 1-79,-0.012393190666252114
ES709,2010,male,ages 80+,0.09540671283622756
ES709,2010,total,age 0,1.1499895171238902e-4
ES709,2010,total,ages 1-79,-0.006856562109524038
ES709,2010,total,ages 80+,0.10869394751137189
ES709,2011,female,age 0,1.0557357479175548e-4
ES709,2011,female,ages 1-79,-0.004490440195825266
ES709,2011,female,ages 80+,0.06052558347028235
ES709,2011,male,age 0,-1.7053864440175006e-4
ES709,2011,male,ages 1-79,-0.010626315505200445
ES709,2011,male,ages 80+,0.09475513234545058
ES709,2011,total,age 0,-5.187676039756353e-5
ES709,2011,total,ages 1-79,-0.00708532646271757
ES709,2011,total,ages 80+,0.07842212079499558
ES709,2012,female,age 0,1.9151263123177875e-4
ES709,2012,female,ages 1-79,-0.0027284305816713665
ES709,2012,female,ages 80+,0.14686496709702496
ES709,2012,male,age 0,2.740032453126342e-4
ES709,2012,male,ages 1-79,-0.012623894505361175
ES709,2012,male,ages 80+,0.12231370890342341
ES709,2012,total,age 0,2.2287044780646401e-4
ES709,2012,total,ages 1-79,-0.007466355542806855
ES709,2012,total,ages 80+,0.13174578308960827
ES709,2013,female,age 0,-9.888947613472627e-5
ES709,2013,female,ages 1-79,-0.0036901406901308697
ES709,2013,female,ages 80+,0.1403840523859632
ES709,2013,male,age 0,1.5139713901083084e-4
ES709,2013,male,ages 1-79,-0.009515868635030001
ES709,2013,male,ages 80+,0.16891960536395106
ES709,2013,total,age 0,2.9899357814728306e-5
ES709,2013,total,ages 1-79,-0.006228478211327517
ES709,2013,total,ages 80+,0.14859424869572807
ES709,2014,female,age 0,1.9604500051637145e-4
ES709,2014,female,ages 1-79,-0.004172433409723626
ES709,2014,female,ages 80+,0.08580850871672195
ES709,2014,male,age 0,6.615281833616406e-5
ES709,2014,male,ages 1-79,-0.005786056758330467
ES709,2014,male,ages 80+,0.03017801855850554
ES709,2014,total,age 0,1.3201357540544166e-4
ES709,2014,total,ages 1-79,-0.004769449815200666
ES709,2014,total,ages 80+,0.055445647212195026
ES709,2015,female,age 0,-7.93426109587636e-5
ES709,2015,female,ages 1-79,-0.0035601477003369096
ES709,2015,female,ages 80+,0.0490474898350627
ES709,2015,male,age 0,-3.543662876713172e-5
ES709,2015,male,ages 1-79,-0.011102348945601453
ES709,2015,male,ages 80+,0.08117133471521877
ES709,2015,total,age 0,-5.0034135012527134e-5
ES709,2015,total,ages 1-79,-0.007078991091866976
ES709,2015,total,ages 80+,0.0545476768749298
ES709,2016,female,age 0,1.1843611398159425e-4
ES709,2016,female,ages 1-79,-0.004503219293853458
ES709,2016,female,ages 80+,0.07108527111671772
ES709,2016,male,age 0,1.7833042245124476e-4
ES709,2016,male,ages 1-79,-0.011233680753868295
ES709,2016,male,ages 80+,0.0759687911347712
ES709,2016,total,age 0,1.5004415651855238e-4
ES709,2016,total,ages 1-79,-0.0074664872723026535
ES709,2016,total,ages 80+,0.07090129809821452
ES709,2017,female,age 0,1.9430842135509022e-4
ES709,2017,female,ages 1-79,-0.0030710119789328664
ES709,2017,female,ages 80+,0.07414032699838291
ES709,2017,male,age 0,2.7474076188053196e-4
ES709,2017,male,ages 1-79,-0.00793511333597027
ES709,2017,male,ages 80+,0.1517059622802866
ES709,2017,total,age 0,2.4221764712996894e-4
ES709,2017,total,ages 1-79,-0.0052022892976628776
ES709,2017,total,ages 80+,0.09482088820314355
ES709,2018,female,age 0,-1.3902492056752237e-4
ES709,2018,female,ages 1-79,-0.003673297970206226
ES709,2018,female,ages 80+,0.08141796194715253
ES709,2018,male,age 0,2.3428143156828532e-4
ES709,2018,male,ages 1-79,-0.008256488453764317
ES709,2018,male,ages 80+,0.0846919967878509
ES709,2018,total,age 0,4.0071406242141546e-5
ES709,2018,total,ages 1-79,-0.005489720687650208
ES709,2018,total,ages 80+,0.07656853151540044
ES709,2019,female,age 0,2.7721241516729067e-4
ES709,2019,female,ages 1-79,-0.004298501190855924
ES709,2019,female,ages 80+,0.07932470592573328
ES709,2019,male,age 0,7.42082313421798e-5
ES709,2019,male,ages 1-79,-0.007828361793908273
ES709,2019,male,ages 80+,0.09712421817137717
ES709,2019,total,age 0,1.906129637553327e-4
ES709,2019,total,ages 1-79,-0.005590104814467239
ES709,2019,total,ages 80+,0.08225892756396459
ES709,2020,female,age 0,1.5774906346227916e-4
ES709,2020,female,ages 1-79,-0.003933957070884242
ES709,2020,female,ages 80+,0.0709776824803192
ES709,2020,male,age 0,-2.6710646866954485e-6
ES709,2020,male,ages 1-79,-0.009963511434228984
ES709,2020,male,ages 80+,0.07271786704547258
ES709,2020,total,age 0,7.846865871078177e-5
ES709,2020,total,ages 1-79,-0.00674668618240729
ES709,2020,total,ages 80+,0.06791057425732192
ES709,2021,female,age 0,3.0385639727021168e-5
ES709,2021,female,ages 1-79,-0.005227507112599075
ES709,2021,female,ages 80+,0.09493122114309421
ES709,2021,male,age 0,2.867527154066545e-4
ES709,2021,male,ages 1-79,-0.008010287595119306
ES709,2021,male,ages 80+,0.0732127672989861
ES709,2021,total,age 0,1.6374772805118003e-4
ES709,2021,total,ages 1-79,-0.0061000238658073715
ES709,2021,total,ages 80+,0.08147721651923207
ES709,2022,female,age 0,5.828810145642462e-5
ES709,2022,female,ages 1-79,-0.0048463586942443775
ES709,2022,female,ages 80+,0.04563209776340028
ES709,2022,male,age 0,-2.648755413191782e-5
ES709,2022,male,ages 1-79,-0.011339721067339409
ES709,2022,male,ages 80+,0.031143231481028037
ES709,2022,total,age 0,-5.572363642938481e-7
ES709,2022,total,ages 1-79,-0.00774296860103932
ES709,2022,total,ages 80+,0.03694534357896486
ES709,2023,female,age 0,-1.0535246587579466e-4
ES709,2023,female,ages 1-79,-0.005421839909849086
ES709,2023,female,ages 80+,0.12097674540665901
ES709,2023,male,age 0,1.0661404330939434e-4
ES709,2023,male,ages 1-79,-0.00999959068870769
ES709,2023,male,ages 80+,0.07805188554659644
ES709,2023,total,age 0,2.665496046647696e-5
ES709,2023,total,ages 1-79,-0.00720908149918923
ES709,2023,total,ages 80+,0.09854410674448542
ES709,2024,female,age 0,1.3325905513437885e-4
ES709,2024,female,ages 1-79,-0.006612431137175115
ES709,2024,female,ages 80+,0.14287847590336605
ES709,2024,male,age 0,-1.2283111328996082e-5
ES709,2024,male,ages 1-79,-0.007913495022332006
ES709,2024,male,ages 80+,0.09658968235884742
ES709,2024,total,age 0,6.0543831504795566e-5
ES709,2024,total,ages 1-79,-0.006987458843690326
ES709,2024,total,ages 80+,0.1174937677829302
